/* Generated by tools/ds_gen.py from the Prose 2000 v3.4.1 ROM dumps, and maintained by hand from then on: the
 * tables may be edited (names, types, splits), and ds_image_check checks that they still build the ROM's
 * DS:0000-AEA9 byte for byte. Design: docs/superpowers/specs/2026-09-28-ds-structured-tables-design.md */
#include "prose_ds_tables.h"

/* DS:212E-52F7 not yet split into tables [opaque] */
const uint8_t prose_ds_raw_212e[12746] = {
	0x1F, 0x00, 0x00, 0x00, 0x01, 0x00, 0x00, 0x00, 0x00, 0x00, 0x1F, 0x00, 0x1C, 0x00, 0x03, 0x00, /* DS:212E */
	0x02, 0x00, 0x03, 0x00, 0x02, 0x00, 0x03, 0x00, 0x1F, 0x00, 0x00, 0x00, 0x00, 0x00, 0x02, 0x00, /* DS:213E */
	0x03, 0x00, 0x7F, 0x00, 0x3F, 0x00, 0x00, 0x00, 0x01, 0x00, 0x00, 0x00, 0xC0, 0x00, 0x0F, 0x00, /* DS:214E */
	0x02, 0x00, 0x02, 0x00, 0xF0, 0x00, 0x03, 0x00, 0x03, 0x00, 0x02, 0x00, 0xFC, 0x00, 0x00, 0x00, /* DS:215E */
	0x00, 0x00, 0x02, 0x00, 0x00, 0x03, 0x04, 0x04, 0x05, 0x06, 0x07, 0x07, 0x08, 0x09, 0x0A, 0x0A, /* DS:216E */
	0x0B, 0x0C, 0x0D, 0x0D, 0x0E, 0x00, 0x02, 0x03, 0x04, 0x05, 0x05, 0x06, 0x07, 0x08, 0x08, 0x09, /* DS:217E */
	0x0A, 0x0B, 0x0B, 0x0C, 0x0D, 0x0E, 0x00, 0x03, 0x04, 0x05, 0x05, 0x06, 0x07, 0x08, 0x08, 0x09, /* DS:218E */
	0x0A, 0x0B, 0x0B, 0x0C, 0x0D, 0x0E, 0x0E, 0xFF, 0x00, 0x00, 0x00, 0x00, 0x00, 0x00, 0x00, 0x00, /* DS:219E */
	0x01, 0x00, 0x00, 0x02, 0x00, 0x00, 0x41, 0x00, 0xFF, 0x6C, 0x42, 0x41, 0x00, 0x02, 0x44, 0x41, /* DS:21AE */
	0x00, 0xFF, 0x4C, 0x41, 0x00, 0x4E, 0x41, 0x00, 0x4A, 0x4E, 0x41, 0x00, 0x53, 0x41, 0x00, 0x54, /* DS:21BE */
	0x53, 0x41, 0x00, 0x10, 0xFF, 0x54, 0x41, 0x00, 0x10, 0x54, 0x41, 0x00, 0xFF, 0x56, 0x69, 0x54, /* DS:21CE */
	0x41, 0x00, 0x61, 0x00, 0x33, 0x54, 0x46, 0x61, 0x00, 0x4B, 0x61, 0x00, 0x4C, 0x61, 0x00, 0x01, /* DS:21DE */
	0x40, 0x4E, 0x61, 0x00, 0x01, 0x40, 0x00, 0x4C, 0x40, 0x00, 0x10, 0x4C, 0x40, 0x00, 0xFF, 0x45, /* DS:21EE */
	0x53, 0x40, 0x00, 0x4E, 0x61, 0x00, 0x02, 0x4E, 0x61, 0x00, 0x4C, 0x61, 0x4E, 0x40, 0x73, 0x61, /* DS:21FE */
	0x00, 0x10, 0xFF, 0x54, 0x61, 0x00, 0x42, 0x00, 0x6A, 0x65, 0x42, 0x00, 0x6A, 0x69, 0x42, 0x00, /* DS:220E */
	0xFF, 0x4B, 0x61, 0x42, 0x00, 0xFF, 0x4B, 0x65, 0x42, 0x00, 0xFF, 0x4E, 0x67, 0x42, 0x00, 0xFE, /* DS:221E */
	0x45, 0x6B, 0x42, 0x00, 0xFF, 0x45, 0x44, 0x6F, 0x42, 0x00, 0xFF, 0x4B, 0x6F, 0x42, 0x00, 0xFF, /* DS:222E */
	0x4B, 0x75, 0x42, 0x00, 0xFF, 0x73, 0x75, 0x42, 0x00, 0x4B, 0x76, 0x42, 0x00, 0xFF, 0x47, 0x52, /* DS:223E */
	0x76, 0x42, 0x00, 0x10, 0xFF, 0x54, 0x33, 0x42, 0x00, 0xFE, 0x4F, 0x33, 0x42, 0x00, 0xFF, 0x77, /* DS:224E */
	0x42, 0x00, 0xFF, 0x4C, 0x77, 0x42, 0x00, 0xFF, 0x4D, 0x77, 0x42, 0x00, 0x62, 0x4C, 0x42, 0x00, /* DS:225E */
	0xFF, 0x4B, 0x41, 0x52, 0x42, 0x00, 0xFF, 0x44, 0x4E, 0x61, 0x52, 0x42, 0x00, 0xFF, 0x4A, 0x69, /* DS:226E */
	0x52, 0x42, 0x00, 0xFF, 0x4B, 0x75, 0x52, 0x42, 0x00, 0xFF, 0x44, 0x77, 0x52, 0x42, 0x00, 0x02, /* DS:227E */
	0x4E, 0x62, 0x00, 0x62, 0x00, 0x44, 0x62, 0x00, 0x10, 0x44, 0x62, 0x00, 0x57, 0x62, 0x00, 0x5B, /* DS:228E */
	0x00, 0x45, 0x42, 0x5B, 0x00, 0x4D, 0x40, 0x48, 0x5B, 0x00, 0x45, 0x4C, 0x5B, 0x00, 0xFF, 0x54, /* DS:229E */
	0x49, 0x52, 0x5B, 0x00, 0xFF, 0x4D, 0x62, 0x52, 0x5B, 0x00, 0x45, 0x53, 0x5B, 0x00, 0xFF, 0x4E, /* DS:22AE */
	0x4F, 0x54, 0x53, 0x5B, 0x00, 0xFF, 0x4E, 0x66, 0x54, 0x5B, 0x00, 0xFF, 0x41, 0x57, 0x5B, 0x00, /* DS:22BE */
	0x6B, 0x57, 0x5B, 0x00, 0xFF, 0x4C, 0x65, 0x57, 0x5B, 0x00, 0x44, 0x67, 0x57, 0x5B, 0x00, 0x4E, /* DS:22CE */
	0x67, 0x57, 0x5B, 0x00, 0xFF, 0x44, 0x49, 0x57, 0x5B, 0x00, 0xFF, 0x54, 0x49, 0x57, 0x5B, 0x00, /* DS:22DE */
	0xFF, 0x5A, 0x49, 0x57, 0x5B, 0x00, 0xFF, 0x44, 0x75, 0x57, 0x5B, 0x00, 0xFF, 0x4B, 0x33, 0x57, /* DS:22EE */
	0x5B, 0x00, 0x33, 0x54, 0x77, 0x57, 0x5B, 0x00, 0xFF, 0x44, 0x52, 0x6F, 0x59, 0x5B, 0x00, 0x43, /* DS:22FE */
	0x00, 0x44, 0x00, 0xFF, 0x41, 0x44, 0x00, 0xFF, 0x6A, 0x41, 0x44, 0x00, 0xFE, 0x40, 0x54, 0x41, /* DS:230E */
	0x44, 0x00, 0x5B, 0x45, 0x44, 0x00, 0x5B, 0x65, 0x44, 0x00, 0x5B, 0x4C, 0x65, 0x44, 0x00, 0x67, /* DS:231E */
	0x44, 0x00, 0x5B, 0x49, 0x44, 0x00, 0x4E, 0x49, 0x44, 0x00, 0x5B, 0x53, 0x69, 0x44, 0x00, 0x6C, /* DS:232E */
	0x44, 0x00, 0xFF, 0x46, 0x52, 0x4F, 0x44, 0x00, 0xFF, 0x4E, 0x76, 0x44, 0x00, 0xFF, 0x4C, 0x77, /* DS:233E */
	0x44, 0x00, 0x45, 0x00, 0x10, 0xFF, 0x4E, 0x45, 0x00, 0x10, 0x02, 0x4E, 0x45, 0x00, 0x4F, 0x45, /* DS:234E */
	0x00, 0x01, 0x45, 0x00, 0x10, 0x01, 0x45, 0x00, 0x02, 0x45, 0x00, 0x4B, 0x61, 0x45, 0x00, 0x4C, /* DS:235E */
	0x61, 0x45, 0x00, 0x4E, 0x61, 0x45, 0x00, 0x52, 0x65, 0x45, 0x00, 0x4D, 0x76, 0x45, 0x00, 0x40, /* DS:236E */
	0x45, 0x00, 0x52, 0x45, 0x00, 0x02, 0x52, 0x45, 0x00, 0x65, 0x00, 0x10, 0x46, 0x65, 0x00, 0x5B, /* DS:237E */
	0x5A, 0x47, 0x65, 0x00, 0x4B, 0x65, 0x00, 0x10, 0xFF, 0x54, 0x4B, 0x65, 0x00, 0x10, 0x4C, 0x65, /* DS:238E */
	0x00, 0x02, 0x4C, 0x65, 0x00, 0x4E, 0x65, 0x00, 0x45, 0x4E, 0x65, 0x00, 0xFF, 0x58, 0x6A, 0x65, /* DS:239E */
	0x00, 0x10, 0x54, 0x4E, 0x65, 0x4D, 0x65, 0x00, 0x10, 0x54, 0x4E, 0x65, 0x00, 0x10, 0x53, 0x4E, /* DS:23AE */
	0x65, 0x00, 0x52, 0x65, 0x00, 0x02, 0x52, 0x65, 0x00, 0xFF, 0x45, 0x52, 0x65, 0x00, 0xFE, 0x45, /* DS:23BE */
	0x52, 0x65, 0x00, 0xFF, 0x54, 0x53, 0x65, 0x00, 0x02, 0x54, 0x65, 0x00, 0x33, 0x56, 0x65, 0x00, /* DS:23CE */
	0xFE, 0x45, 0x52, 0x56, 0x65, 0x00, 0x01, 0x5A, 0x65, 0x00, 0x33, 0x7A, 0x65, 0x00, 0x46, 0x00, /* DS:23DE */
	0x01, 0x46, 0x00, 0x45, 0x4A, 0x62, 0x46, 0x00, 0xFF, 0x44, 0x4C, 0x45, 0x46, 0x00, 0xFF, 0x44, /* DS:23EE */
	0x4C, 0x65, 0x46, 0x00, 0x5B, 0x67, 0x46, 0x00, 0xFE, 0x33, 0x49, 0x46, 0x00, 0x54, 0x4F, 0x46, /* DS:23FE */
	0x00, 0xFF, 0x45, 0x52, 0x46, 0x00, 0x54, 0x4E, 0x76, 0x52, 0x46, 0x00, 0x4C, 0x75, 0x46, 0x00, /* DS:240E */
	0x54, 0x75, 0x46, 0x00, 0xFF, 0x44, 0x33, 0x46, 0x00, 0xFF, 0x4C, 0x77, 0x46, 0x00, 0xFF, 0x53, /* DS:241E */
	0x52, 0x77, 0x46, 0x00, 0x66, 0x00, 0x47, 0x00, 0xFF, 0x4E, 0x65, 0x4C, 0x47, 0x00, 0x52, 0x76, /* DS:242E */
	0x4C, 0x47, 0x00, 0x46, 0x61, 0x52, 0x47, 0x00, 0xFF, 0x4D, 0x61, 0x52, 0x47, 0x00, 0xFF, 0x4E, /* DS:243E */
	0x65, 0x52, 0x47, 0x00, 0xFF, 0x56, 0x4F, 0x52, 0x47, 0x00, 0xFF, 0x44, 0x72, 0x47, 0x00, 0x69, /* DS:244E */
	0x47, 0x00, 0x4A, 0x47, 0x00, 0x57, 0x47, 0x00, 0xFE, 0x45, 0x67, 0x00, 0x48, 0x00, 0xFE, 0x4E, /* DS:245E */
	0x7C, 0x47, 0x41, 0x48, 0x00, 0xFE, 0x4E, 0x40, 0x56, 0x41, 0x48, 0x00, 0x46, 0x61, 0x48, 0x00, /* DS:246E */
	0xFF, 0x44, 0x4E, 0x61, 0x48, 0x00, 0x40, 0x48, 0x00, 0xFF, 0x44, 0x65, 0x48, 0x00, 0xFF, 0x52, /* DS:247E */
	0x65, 0x48, 0x00, 0xFF, 0x53, 0x66, 0x48, 0x00, 0x10, 0xFF, 0x5A, 0x66, 0x48, 0x00, 0xFF, 0x4E, /* DS:248E */
	0x67, 0x48, 0x00, 0xFF, 0x49, 0x48, 0x00, 0x52, 0x44, 0x49, 0x48, 0x00, 0xFF, 0x4D, 0x49, 0x48, /* DS:249E */
	0x00, 0x33, 0x50, 0x49, 0x48, 0x00, 0xFF, 0x6A, 0x69, 0x48, 0x00, 0x01, 0x4F, 0x48, 0x00, 0xFF, /* DS:24AE */
	0x44, 0x4C, 0x4F, 0x48, 0x00, 0xFF, 0x4D, 0x4F, 0x48, 0x00, 0x10, 0xFF, 0x54, 0x53, 0x52, 0x4F, /* DS:24BE */
	0x48, 0x00, 0x01, 0x6F, 0x48, 0x00, 0xFF, 0x46, 0x6F, 0x48, 0x00, 0x01, 0x40, 0x52, 0x6F, 0x48, /* DS:24CE */
	0x00, 0x10, 0xFF, 0x44, 0x52, 0x6F, 0x48, 0x00, 0x54, 0x52, 0x6F, 0x48, 0x00, 0x10, 0xFF, 0x54, /* DS:24DE */
	0x52, 0x6F, 0x48, 0x00, 0xFF, 0x44, 0x75, 0x48, 0x00, 0x45, 0x4E, 0x76, 0x48, 0x00, 0xFF, 0x54, /* DS:24EE */
	0x53, 0x33, 0x48, 0x00, 0x49, 0x00, 0xFF, 0x6C, 0x42, 0x49, 0x00, 0x6C, 0x42, 0x40, 0x49, 0x00, /* DS:24FE */
	0x44, 0x49, 0x00, 0x44, 0x4C, 0x49, 0x00, 0x44, 0x4E, 0x49, 0x00, 0xFF, 0x5A, 0x49, 0x00, 0x54, /* DS:250E */
	0x49, 0x00, 0x56, 0x49, 0x00, 0x7C, 0x49, 0x00, 0x69, 0x00, 0x43, 0x69, 0x00, 0xFF, 0x46, 0x69, /* DS:251E */
	0x00, 0x47, 0x69, 0x00, 0x01, 0x4B, 0x69, 0x00, 0x01, 0x53, 0x4B, 0x69, 0x00, 0x45, 0x54, 0x69, /* DS:252E */
	0x00, 0x56, 0x69, 0x00, 0x01, 0x53, 0x69, 0x00, 0xFF, 0x54, 0x53, 0x69, 0x00, 0xFF, 0x6D, 0x5A, /* DS:253E */
	0x69, 0x00, 0xFE, 0x6D, 0x5A, 0x69, 0x00, 0x44, 0x7C, 0x00, 0x49, 0x46, 0x7C, 0x00, 0x45, 0x4C, /* DS:254E */
	0x7C, 0x00, 0x5A, 0x7C, 0x00, 0x4A, 0x00, 0x4A, 0x4A, 0x00, 0x6F, 0x45, 0x4A, 0x00, 0x4B, 0x00, /* DS:255E */
	0x40, 0x4B, 0x00, 0x45, 0x4B, 0x00, 0x01, 0x45, 0x4B, 0x00, 0x40, 0x52, 0x65, 0x4B, 0x00, 0x4D, /* DS:256E */
	0x65, 0x4B, 0x00, 0x67, 0x4B, 0x00, 0xFF, 0x46, 0x69, 0x4C, 0x4B, 0x00, 0x4F, 0x4B, 0x00, 0x5B, /* DS:257E */
	0x4F, 0x4B, 0x00, 0x01, 0x6F, 0x4B, 0x00, 0x10, 0xFF, 0x46, 0x6F, 0x4B, 0x00, 0x4C, 0x6F, 0x4B, /* DS:258E */
	0x00, 0x10, 0x4D, 0x6F, 0x4B, 0x00, 0x10, 0xFF, 0x54, 0x6F, 0x4B, 0x00, 0xFF, 0x54, 0x53, 0x65, /* DS:259E */
	0x52, 0x4B, 0x00, 0x54, 0x46, 0x6F, 0x52, 0x4B, 0x00, 0x73, 0x4B, 0x00, 0x53, 0x4B, 0x00, 0x10, /* DS:25AE */
	0xFF, 0x54, 0x4B, 0x00, 0xFF, 0x4D, 0x76, 0x4B, 0x00, 0xFF, 0x45, 0x52, 0x54, 0x4E, 0x76, 0x4B, /* DS:25BE */
	0x00, 0xFE, 0x33, 0x4C, 0x76, 0x4B, 0x00, 0x57, 0x4B, 0x00, 0x6F, 0x57, 0x4B, 0x00, 0x52, 0x77, /* DS:25CE */
	0x4B, 0x00, 0x6B, 0x00, 0x4C, 0x00, 0xFF, 0x4B, 0x41, 0x4C, 0x00, 0x44, 0x4E, 0x40, 0x4C, 0x00, /* DS:25DE */
	0x40, 0x4C, 0x00, 0x45, 0x4C, 0x00, 0xFF, 0x46, 0x49, 0x4C, 0x00, 0xFF, 0x4B, 0x49, 0x4C, 0x00, /* DS:25EE */
	0x10, 0xFF, 0x4B, 0x69, 0x4C, 0x00, 0xFF, 0x4E, 0x49, 0x4C, 0x00, 0x4B, 0x4C, 0x00, 0x10, 0x44, /* DS:25FE */
	0x4E, 0x76, 0x4C, 0x00, 0xFF, 0x56, 0x76, 0x4C, 0x00, 0xFF, 0x4E, 0x77, 0x4C, 0x00, 0x6C, 0x00, /* DS:260E */
	0x4D, 0x00, 0xFF, 0x4B, 0x41, 0x4D, 0x00, 0x61, 0x4D, 0x00, 0x4B, 0x61, 0x4D, 0x00, 0x40, 0x4D, /* DS:261E */
	0x00, 0x4B, 0x40, 0x4D, 0x00, 0x10, 0xFF, 0x4E, 0x61, 0x4D, 0x00, 0xFF, 0x58, 0x40, 0x4D, 0x00, /* DS:262E */
	0x5B, 0x4C, 0x61, 0x4D, 0x00, 0x02, 0x4E, 0x45, 0x73, 0x61, 0x4D, 0x00, 0xFF, 0x56, 0x62, 0x4D, /* DS:263E */
	0x00, 0xFF, 0x63, 0x4D, 0x00, 0x4E, 0x61, 0x4B, 0x65, 0x4D, 0x00, 0xFF, 0x54, 0x4E, 0x65, 0x4D, /* DS:264E */
	0x00, 0x45, 0x52, 0x65, 0x54, 0x4E, 0x65, 0x4D, 0x00, 0x01, 0x54, 0x65, 0x4D, 0x00, 0xFF, 0x67, /* DS:265E */
	0x4D, 0x00, 0x52, 0x47, 0x49, 0x4D, 0x00, 0x5B, 0x4F, 0x52, 0x4B, 0x49, 0x4D, 0x00, 0x33, 0x49, /* DS:266E */
	0x4D, 0x00, 0x5B, 0x53, 0x69, 0x4D, 0x00, 0x45, 0x52, 0x54, 0x69, 0x4D, 0x00, 0x4D, 0x4D, 0x00, /* DS:267E */
	0x01, 0x6D, 0x00, 0xFF, 0x45, 0x4E, 0x4F, 0x4D, 0x00, 0xFF, 0x4B, 0x6F, 0x4D, 0x00, 0xFF, 0x54, /* DS:268E */
	0x4E, 0x6F, 0x4D, 0x00, 0xFF, 0x4B, 0x52, 0x6F, 0x4D, 0x00, 0xFF, 0x34, 0x4D, 0x00, 0x4E, 0x00, /* DS:269E */
	0x4E, 0x6F, 0x4E, 0x00, 0x59, 0x4E, 0x00, 0x54, 0x6E, 0x00, 0x7E, 0x7E, 0x00, 0x5B, 0x4F, 0x00, /* DS:26AE */
	0x4F, 0x00, 0x01, 0x4F, 0x00, 0x10, 0x02, 0x4F, 0x00, 0x4B, 0x4F, 0x00, 0x4C, 0x4F, 0x00, 0x33, /* DS:26BE */
	0x56, 0x4F, 0x00, 0x52, 0x4F, 0x00, 0x53, 0x4F, 0x00, 0x01, 0x53, 0x4F, 0x00, 0x54, 0x53, 0x4F, /* DS:26CE */
	0x00, 0x6F, 0x00, 0x01, 0x6F, 0x00, 0x10, 0x01, 0x6F, 0x00, 0x10, 0x46, 0x6F, 0x00, 0x4B, 0x6F, /* DS:26DE */
	0x00, 0x4E, 0x6F, 0x00, 0x52, 0x6F, 0x00, 0x10, 0x52, 0x6F, 0x00, 0x01, 0x40, 0x57, 0x6F, 0x00, /* DS:26EE */
	0x02, 0x56, 0x33, 0x5A, 0x42, 0x6F, 0x00, 0x50, 0x00, 0x53, 0x40, 0x4C, 0x62, 0x50, 0x00, 0xFF, /* DS:26FE */
	0x53, 0x45, 0x50, 0x00, 0xFF, 0x53, 0x41, 0x4C, 0x50, 0x00, 0x54, 0x53, 0x4F, 0x50, 0x00, 0xFF, /* DS:270E */
	0x54, 0x67, 0x50, 0x00, 0x5B, 0x45, 0x6A, 0x6F, 0x50, 0x00, 0x5B, 0x4F, 0x52, 0x50, 0x00, 0x5B, /* DS:271E */
	0x6F, 0x52, 0x50, 0x00, 0x52, 0x00, 0x45, 0x52, 0x00, 0x5B, 0x45, 0x52, 0x00, 0x5B, 0x65, 0x52, /* DS:272E */
	0x00, 0x65, 0x52, 0x00, 0x10, 0xFF, 0x4B, 0x69, 0x52, 0x00, 0xFF, 0x4A, 0x69, 0x52, 0x00, 0xFF, /* DS:273E */
	0x58, 0x6F, 0x52, 0x00, 0xFF, 0x4B, 0x72, 0x00, 0x53, 0x00, 0x5B, 0x54, 0x4E, 0x41, 0x53, 0x00, /* DS:274E */
	0x4C, 0x40, 0x53, 0x53, 0x00, 0x43, 0x53, 0x00, 0x33, 0x44, 0x45, 0x53, 0x00, 0xFF, 0x34, 0x46, /* DS:275E */
	0x53, 0x00, 0xFF, 0x44, 0x49, 0x53, 0x00, 0x4B, 0x49, 0x53, 0x00, 0x53, 0x69, 0x53, 0x00, 0x45, /* DS:276E */
	0x4B, 0x53, 0x00, 0x4D, 0x45, 0x4B, 0x53, 0x00, 0x62, 0x4B, 0x53, 0x00, 0x01, 0x40, 0x56, 0x6F, /* DS:277E */
	0x4C, 0x53, 0x00, 0xFF, 0x77, 0x4C, 0x53, 0x00, 0xFF, 0x58, 0x69, 0x4D, 0x53, 0x00, 0x01, 0x45, /* DS:278E */
	0x4B, 0x6F, 0x53, 0x00, 0x4E, 0x76, 0x53, 0x00, 0xFF, 0x54, 0x41, 0x54, 0x53, 0x00, 0xFF, 0x44, /* DS:279E */
	0x61, 0x54, 0x53, 0x00, 0x44, 0x4E, 0x61, 0x54, 0x53, 0x00, 0xFF, 0x44, 0x65, 0x54, 0x53, 0x00, /* DS:27AE */
	0xFF, 0x4E, 0x49, 0x54, 0x53, 0x00, 0xFF, 0x4E, 0x6F, 0x54, 0x53, 0x00, 0x5B, 0x42, 0x76, 0x53, /* DS:27BE */
	0x00, 0xFF, 0x4D, 0x76, 0x53, 0x00, 0x41, 0x57, 0x53, 0x00, 0x02, 0x46, 0x6A, 0x65, 0x53, 0x00, /* DS:27CE */
	0x4E, 0x65, 0x53, 0x00, 0xFF, 0x4E, 0x65, 0x53, 0x00, 0x02, 0x56, 0x6A, 0x65, 0x53, 0x00, 0x73, /* DS:27DE */
	0x00, 0x73, 0x73, 0x00, 0xFF, 0x50, 0x69, 0x73, 0x00, 0x33, 0x73, 0x00, 0x54, 0x00, 0xFF, 0x4B, /* DS:27EE */
	0x41, 0x54, 0x00, 0x10, 0x54, 0x62, 0x54, 0x00, 0xFF, 0x45, 0x54, 0x00, 0xFF, 0x4E, 0x45, 0x54, /* DS:27FE */
	0x00, 0x4B, 0x65, 0x54, 0x00, 0x40, 0x4C, 0x65, 0x54, 0x00, 0xFF, 0x4D, 0x49, 0x54, 0x00, 0xFF, /* DS:280E */
	0x50, 0x49, 0x54, 0x00, 0xFF, 0x4E, 0x6F, 0x54, 0x00, 0xFF, 0x45, 0x52, 0x54, 0x00, 0x5A, 0x4E, /* DS:281E */
	0x61, 0x52, 0x54, 0x00, 0x10, 0xFF, 0x4E, 0x6F, 0x52, 0x54, 0x00, 0x53, 0x54, 0x00, 0x10, 0x53, /* DS:282E */
	0x54, 0x00, 0x55, 0x00, 0xFF, 0x52, 0x55, 0x00, 0x54, 0x55, 0x00, 0x10, 0x54, 0x55, 0x00, 0x44, /* DS:283E */
	0x75, 0x00, 0x4B, 0x75, 0x00, 0x4C, 0x75, 0x00, 0x73, 0x75, 0x00, 0x76, 0x00, 0x44, 0x76, 0x00, /* DS:284E */
	0x46, 0x76, 0x00, 0xFF, 0x4C, 0x76, 0x00, 0x5B, 0x4E, 0x76, 0x00, 0x53, 0x76, 0x00, 0x78, 0x76, /* DS:285E */
	0x00, 0x52, 0x76, 0x00, 0xFF, 0x52, 0x76, 0x00, 0x56, 0x76, 0x00, 0x7A, 0x33, 0x00, 0x56, 0x00, /* DS:286E */
	0xFF, 0x6A, 0x41, 0x56, 0x00, 0xFE, 0x62, 0x59, 0x4C, 0x61, 0x56, 0x00, 0x4E, 0x61, 0x56, 0x00, /* DS:287E */
	0xFD, 0x33, 0x44, 0x4E, 0x61, 0x56, 0x00, 0x62, 0x59, 0x56, 0x00, 0x6A, 0x69, 0x56, 0x00, 0x10, /* DS:288E */
	0x4B, 0x69, 0x56, 0x00, 0x10, 0x53, 0x54, 0x69, 0x56, 0x00, 0xFE, 0x4D, 0x62, 0x59, 0x4C, 0x6F, /* DS:289E */
	0x56, 0x00, 0x4E, 0x6F, 0x56, 0x00, 0x57, 0x00, 0x41, 0x57, 0x00, 0xFF, 0x43, 0x69, 0x57, 0x00, /* DS:28AE */
	0xFF, 0x4B, 0x69, 0x57, 0x00, 0x4E, 0x7C, 0x4D, 0x69, 0x57, 0x00, 0x10, 0x53, 0x54, 0x69, 0x57, /* DS:28BE */
	0x00, 0x6F, 0x57, 0x00, 0x4C, 0x77, 0x57, 0x00, 0xFF, 0x44, 0x4C, 0x77, 0x57, 0x00, 0x4E, 0x40, /* DS:28CE */
	0x4D, 0x75, 0x57, 0x00, 0x33, 0x57, 0x00, 0x77, 0x00, 0x4C, 0x77, 0x00, 0x52, 0x77, 0x00, 0x10, /* DS:28DE */
	0x52, 0x77, 0x00, 0x5B, 0x4F, 0x54, 0x77, 0x00, 0x58, 0x00, 0xFF, 0x4C, 0x77, 0x58, 0x00, 0x78, /* DS:28EE */
	0x00, 0x59, 0x00, 0x01, 0x59, 0x00, 0x01, 0x65, 0x59, 0x00, 0x10, 0xFF, 0x53, 0x54, 0x65, 0x59, /* DS:28FE */
	0x00, 0x01, 0x40, 0x4D, 0x6F, 0x59, 0x00, 0xFF, 0x7E, 0x76, 0x59, 0x00, 0x79, 0x00, 0x5A, 0x00, /* DS:290E */
	0x7A, 0x00, 0x41, 0x00, 0x41, 0x44, 0x00, 0x41, 0x44, 0x45, 0x43, 0x00, 0x41, 0x45, 0x48, 0x00, /* DS:291E */
	0x41, 0x45, 0x52, 0x42, 0x00, 0x41, 0x48, 0x00, 0x41, 0x48, 0x5B, 0x00, 0x41, 0x48, 0x47, 0x00, /* DS:292E */
	0x41, 0x48, 0x43, 0x45, 0x4D, 0x00, 0x41, 0x48, 0x54, 0x00, 0x41, 0x49, 0x00, 0x41, 0x4C, 0x53, /* DS:293E */
	0x00, 0x41, 0x4D, 0x00, 0x41, 0x4D, 0x4F, 0x57, 0x00, 0x41, 0x45, 0x00, 0x41, 0x4E, 0x4F, 0x49, /* DS:294E */
	0x54, 0x41, 0x00, 0x41, 0x4F, 0x52, 0x42, 0x00, 0x41, 0x57, 0x00, 0x41, 0x52, 0x47, 0x00, 0x41, /* DS:295E */
	0x54, 0x53, 0x00, 0x40, 0x00, 0x40, 0x4E, 0x00, 0x40, 0x4F, 0x00, 0x40, 0x5B, 0x00, 0x42, 0x00, /* DS:296E */
	0x42, 0x5B, 0x00, 0x42, 0x55, 0x53, 0x00, 0x5B, 0x00, 0x43, 0x00, 0x43, 0x5B, 0x00, 0x43, 0x41, /* DS:297E */
	0x00, 0x43, 0x41, 0x42, 0x00, 0x43, 0x41, 0x4C, 0x50, 0x00, 0x43, 0x41, 0x4D, 0x00, 0x43, 0x43, /* DS:298E */
	0x00, 0x43, 0x45, 0x42, 0x00, 0x43, 0x45, 0x49, 0x50, 0x00, 0x43, 0x45, 0x54, 0x00, 0x43, 0x49, /* DS:299E */
	0x00, 0x43, 0x49, 0x4C, 0x00, 0x43, 0x49, 0x52, 0x00, 0x43, 0x49, 0x57, 0x00, 0x43, 0x4D, 0x00, /* DS:29AE */
	0x43, 0x52, 0x41, 0x00, 0x43, 0x52, 0x4F, 0x46, 0x00, 0x43, 0x53, 0x00, 0x43, 0x55, 0x42, 0x00, /* DS:29BE */
	0x43, 0x53, 0x55, 0x42, 0x00, 0x43, 0x59, 0x53, 0x50, 0x00, 0x43, 0x59, 0x57, 0x00, 0x44, 0x00, /* DS:29CE */
	0x44, 0x41, 0x00, 0x44, 0x49, 0x00, 0x44, 0x49, 0x53, 0x00, 0x44, 0x49, 0x57, 0x00, 0x44, 0x4F, /* DS:29DE */
	0x42, 0x00, 0x44, 0x59, 0x48, 0x00, 0x44, 0x55, 0x00, 0x45, 0x00, 0x45, 0x5B, 0x00, 0x45, 0x42, /* DS:29EE */
	0x00, 0x45, 0x44, 0x00, 0x45, 0x44, 0x4E, 0x41, 0x56, 0x00, 0x45, 0x45, 0x00, 0x45, 0x45, 0x54, /* DS:29FE */
	0x00, 0x45, 0x47, 0x00, 0x45, 0x47, 0x41, 0x48, 0x00, 0x45, 0x48, 0x43, 0x00, 0x45, 0x48, 0x43, /* DS:2A0E */
	0x53, 0x00, 0x45, 0x49, 0x00, 0x45, 0x49, 0x45, 0x4D, 0x00, 0x45, 0x49, 0x56, 0x00, 0x45, 0x4B, /* DS:2A1E */
	0x00, 0x45, 0x4C, 0x5B, 0x00, 0x45, 0x4C, 0x47, 0x00, 0x45, 0x4D, 0x00, 0x45, 0x4D, 0x4F, 0x57, /* DS:2A2E */
	0x00, 0x45, 0x4E, 0x4F, 0x48, 0x00, 0x45, 0x50, 0x59, 0x48, 0x00, 0x45, 0x52, 0x00, 0x45, 0x52, /* DS:2A3E */
	0x46, 0x00, 0x45, 0x52, 0x47, 0x00, 0x45, 0x52, 0x54, 0x00, 0x45, 0x52, 0x4F, 0x46, 0x00, 0x45, /* DS:2A4E */
	0x53, 0x00, 0x45, 0x54, 0x41, 0x57, 0x00, 0x45, 0x54, 0x46, 0x41, 0x00, 0x45, 0x54, 0x53, 0x00, /* DS:2A5E */
	0x45, 0x56, 0x45, 0x00, 0x45, 0x56, 0x41, 0x48, 0x00, 0x45, 0x56, 0x4F, 0x00, 0x45, 0x59, 0x45, /* DS:2A6E */
	0x4D, 0x00, 0x46, 0x49, 0x00, 0x46, 0x49, 0x4C, 0x00, 0x46, 0x49, 0x4C, 0x43, 0x00, 0x46, 0x4F, /* DS:2A7E */
	0x00, 0x46, 0x4F, 0x48, 0x00, 0x46, 0x4F, 0x52, 0x43, 0x00, 0x47, 0x00, 0x47, 0x44, 0x49, 0x52, /* DS:2A8E */
	0x00, 0x47, 0x44, 0x49, 0x52, 0x42, 0x00, 0x47, 0x49, 0x00, 0x47, 0x49, 0x45, 0x00, 0x47, 0x49, /* DS:2A9E */
	0x45, 0x4C, 0x00, 0x47, 0x49, 0x48, 0x00, 0x47, 0x49, 0x4D, 0x00, 0x47, 0x55, 0x41, 0x42, 0x00, /* DS:2AAE */
	0x47, 0x55, 0x4F, 0x00, 0x47, 0x55, 0x4F, 0x52, 0x4F, 0x42, 0x00, 0x48, 0x43, 0x00, 0x48, 0x41, /* DS:2ABE */
	0x44, 0x00, 0x48, 0x43, 0x45, 0x00, 0x48, 0x50, 0x00, 0x48, 0x54, 0x4F, 0x00, 0x48, 0x54, 0x00, /* DS:2ACE */
	0x49, 0x00, 0x49, 0x41, 0x00, 0x49, 0x44, 0x00, 0x49, 0x45, 0x48, 0x00, 0x49, 0x45, 0x4C, 0x00, /* DS:2ADE */
	0x49, 0x45, 0x54, 0x53, 0x00, 0x49, 0x48, 0x43, 0x41, 0x4D, 0x00, 0x49, 0x48, 0x53, 0x00, 0x49, /* DS:2AEE */
	0x53, 0x00, 0x49, 0x55, 0x42, 0x00, 0x49, 0x56, 0x00, 0x4A, 0x00, 0x4A, 0x55, 0x46, 0x00, 0x4B, /* DS:2AFE */
	0x00, 0x4B, 0x41, 0x4D, 0x00, 0x4B, 0x41, 0x53, 0x00, 0x4B, 0x41, 0x54, 0x00, 0x4B, 0x49, 0x4C, /* DS:2B0E */
	0x00, 0x4B, 0x41, 0x4C, 0x00, 0x4B, 0x53, 0x00, 0x4C, 0x00, 0x4C, 0x41, 0x00, 0x4C, 0x41, 0x42, /* DS:2B1E */
	0x00, 0x4C, 0x41, 0x44, 0x00, 0x4C, 0x41, 0x46, 0x00, 0x4C, 0x41, 0x48, 0x00, 0x4C, 0x41, 0x4D, /* DS:2B2E */
	0x00, 0x4C, 0x41, 0x56, 0x00, 0x4C, 0x41, 0x57, 0x00, 0x4C, 0x42, 0x41, 0x00, 0x4C, 0x42, 0x41, /* DS:2B3E */
	0x49, 0x00, 0x4C, 0x42, 0x49, 0x00, 0x4C, 0x44, 0x00, 0x4C, 0x45, 0x00, 0x4C, 0x45, 0x44, 0x00, /* DS:2B4E */
	0x4C, 0x45, 0x46, 0x00, 0x4C, 0x45, 0x49, 0x46, 0x00, 0x4C, 0x45, 0x53, 0x00, 0x4C, 0x45, 0x54, /* DS:2B5E */
	0x00, 0x4C, 0x45, 0x57, 0x00, 0x4C, 0x49, 0x00, 0x4C, 0x49, 0x48, 0x00, 0x4C, 0x49, 0x5B, 0x00, /* DS:2B6E */
	0x4C, 0x4C, 0x41, 0x5B, 0x00, 0x4C, 0x4C, 0x45, 0x00, 0x4C, 0x4C, 0x49, 0x56, 0x5B, 0x00, 0x4C, /* DS:2B7E */
	0x4F, 0x00, 0x4C, 0x4F, 0x48, 0x00, 0x4C, 0x4F, 0x50, 0x00, 0x4C, 0x54, 0x53, 0x00, 0x4C, 0x55, /* DS:2B8E */
	0x00, 0x4C, 0x55, 0x41, 0x00, 0x4C, 0x40, 0x00, 0x4C, 0x5B, 0x00, 0x4C, 0x5B, 0x4F, 0x43, 0x00, /* DS:2B9E */
	0x4D, 0x00, 0x4D, 0x41, 0x59, 0x00, 0x4D, 0x49, 0x54, 0x00, 0x4D, 0x4F, 0x43, 0x00, 0x4D, 0x4F, /* DS:2BAE */
	0x48, 0x00, 0x4D, 0x4F, 0x53, 0x00, 0x4E, 0x00, 0x4E, 0x41, 0x00, 0x4E, 0x41, 0x48, 0x00, 0x4E, /* DS:2BBE */
	0x41, 0x4C, 0x5B, 0x00, 0x4E, 0x41, 0x4D, 0x00, 0x4E, 0x41, 0x52, 0x42, 0x00, 0x4E, 0x41, 0x52, /* DS:2BCE */
	0x54, 0x00, 0x4E, 0x41, 0x54, 0x53, 0x00, 0x4E, 0x41, 0x56, 0x00, 0x4E, 0x45, 0x00, 0x4E, 0x45, /* DS:2BDE */
	0x4D, 0x00, 0x4E, 0x45, 0x4D, 0x45, 0x00, 0x4E, 0x49, 0x00, 0x4E, 0x49, 0x4C, 0x00, 0x4E, 0x4E, /* DS:2BEE */
	0x41, 0x00, 0x4E, 0x4F, 0x4D, 0x00, 0x4E, 0x4F, 0x4E, 0x00, 0x4E, 0x4F, 0x52, 0x46, 0x00, 0x4E, /* DS:2BFE */
	0x4F, 0x54, 0x53, 0x00, 0x4E, 0x4F, 0x56, 0x00, 0x4E, 0x52, 0x55, 0x4F, 0x42, 0x00, 0x4E, 0x55, /* DS:2C0E */
	0x00, 0x4E, 0x55, 0x4C, 0x00, 0x4E, 0x55, 0x4F, 0x59, 0x00, 0x4F, 0x00, 0x4F, 0x43, 0x00, 0x4F, /* DS:2C1E */
	0x44, 0x00, 0x4F, 0x48, 0x43, 0x00, 0x4F, 0x48, 0x43, 0x53, 0x00, 0x4F, 0x48, 0x50, 0x00, 0x4F, /* DS:2C2E */
	0x4C, 0x4F, 0x43, 0x00, 0x4F, 0x4C, 0x55, 0x4F, 0x50, 0x00, 0x4F, 0x52, 0x43, 0x49, 0x4D, 0x00, /* DS:2C3E */
	0x4F, 0x52, 0x54, 0x00, 0x4F, 0x4F, 0x00, 0x4F, 0x4F, 0x42, 0x00, 0x4F, 0x4F, 0x44, 0x00, 0x4F, /* DS:2C4E */
	0x4F, 0x46, 0x00, 0x4F, 0x4F, 0x48, 0x00, 0x4F, 0x4F, 0x4D, 0x00, 0x4F, 0x4F, 0x52, 0x00, 0x4F, /* DS:2C5E */
	0x4F, 0x52, 0x42, 0x00, 0x4F, 0x4F, 0x57, 0x00, 0x4F, 0x52, 0x50, 0x00, 0x4F, 0x53, 0x00, 0x4F, /* DS:2C6E */
	0x54, 0x00, 0x4F, 0x54, 0x53, 0x00, 0x4F, 0x54, 0x55, 0x41, 0x00, 0x4F, 0x57, 0x00, 0x50, 0x00, /* DS:2C7E */
	0x50, 0x41, 0x52, 0x47, 0x00, 0x50, 0x4F, 0x4B, 0x00, 0x50, 0x59, 0x54, 0x00, 0x51, 0x00, 0x52, /* DS:2C8E */
	0x00, 0x52, 0x5B, 0x00, 0x52, 0x41, 0x00, 0x52, 0x41, 0x41, 0x47, 0x00, 0x52, 0x41, 0x45, 0x48, /* DS:2C9E */
	0x00, 0x52, 0x41, 0x47, 0x00, 0x52, 0x41, 0x48, 0x00, 0x52, 0x41, 0x48, 0x43, 0x00, 0x52, 0x41, /* DS:2CAE */
	0x4D, 0x00, 0x52, 0x41, 0x54, 0x4E, 0x45, 0x4D, 0x00, 0x52, 0x41, 0x55, 0x47, 0x00, 0x52, 0x41, /* DS:2CBE */
	0x57, 0x00, 0x52, 0x41, 0x59, 0x00, 0x52, 0x45, 0x00, 0x52, 0x45, 0x42, 0x00, 0x52, 0x45, 0x48, /* DS:2CCE */
	0x00, 0x52, 0x45, 0x48, 0x50, 0x53, 0x00, 0x52, 0x45, 0x48, 0x57, 0x00, 0x52, 0x45, 0x4D, 0x00, /* DS:2CDE */
	0x52, 0x45, 0x56, 0x45, 0x00, 0x52, 0x45, 0x53, 0x42, 0x4F, 0x00, 0x52, 0x49, 0x00, 0x52, 0x49, /* DS:2CEE */
	0x46, 0x00, 0x52, 0x49, 0x48, 0x53, 0x00, 0x52, 0x4F, 0x00, 0x52, 0x4F, 0x42, 0x00, 0x52, 0x4F, /* DS:2CFE */
	0x43, 0x00, 0x52, 0x4F, 0x44, 0x00, 0x52, 0x4F, 0x46, 0x5B, 0x00, 0x52, 0x4F, 0x48, 0x00, 0x52, /* DS:2D0E */
	0x4F, 0x4D, 0x00, 0x52, 0x4F, 0x50, 0x00, 0x52, 0x4F, 0x57, 0x00, 0x52, 0x52, 0x45, 0x42, 0x00, /* DS:2D1E */
	0x52, 0x55, 0x42, 0x00, 0x52, 0x54, 0x45, 0x4D, 0x00, 0x52, 0x54, 0x4E, 0x55, 0x4F, 0x43, 0x00, /* DS:2D2E */
	0x52, 0x40, 0x5B, 0x00, 0x53, 0x00, 0x53, 0x41, 0x00, 0x53, 0x45, 0x00, 0x53, 0x45, 0x52, 0x43, /* DS:2D3E */
	0x00, 0x53, 0x52, 0x4F, 0x48, 0x00, 0x53, 0x52, 0x55, 0x48, 0x00, 0x53, 0x49, 0x00, 0x53, 0x49, /* DS:2D4E */
	0x44, 0x00, 0x53, 0x49, 0x4D, 0x00, 0x53, 0x49, 0x57, 0x00, 0x53, 0x4F, 0x00, 0x53, 0x4F, 0x50, /* DS:2D5E */
	0x00, 0x53, 0x55, 0x00, 0x53, 0x55, 0x4F, 0x48, 0x00, 0x54, 0x00, 0x54, 0x41, 0x00, 0x54, 0x41, /* DS:2D6E */
	0x44, 0x00, 0x54, 0x41, 0x54, 0x53, 0x00, 0x54, 0x49, 0x00, 0x54, 0x49, 0x48, 0x57, 0x00, 0x54, /* DS:2D7E */
	0x49, 0x52, 0x57, 0x00, 0x54, 0x49, 0x4D, 0x53, 0x00, 0x54, 0x49, 0x57, 0x00, 0x54, 0x4C, 0x41, /* DS:2D8E */
	0x45, 0x00, 0x54, 0x4F, 0x43, 0x00, 0x54, 0x4F, 0x52, 0x00, 0x54, 0x53, 0x00, 0x54, 0x53, 0x41, /* DS:2D9E */
	0x00, 0x54, 0x54, 0x45, 0x00, 0x54, 0x55, 0x00, 0x54, 0x55, 0x4F, 0x4D, 0x00, 0x54, 0x55, 0x54, /* DS:2DAE */
	0x00, 0x55, 0x00, 0x55, 0x41, 0x00, 0x55, 0x41, 0x42, 0x00, 0x55, 0x41, 0x48, 0x00, 0x55, 0x46, /* DS:2DBE */
	0x00, 0x55, 0x49, 0x00, 0x55, 0x4A, 0x00, 0x55, 0x4C, 0x42, 0x00, 0x55, 0x4C, 0x4F, 0x56, 0x00, /* DS:2DCE */
	0x55, 0x4F, 0x00, 0x55, 0x4F, 0x43, 0x00, 0x55, 0x51, 0x00, 0x55, 0x53, 0x00, 0x55, 0x53, 0x41, /* DS:2DDE */
	0x45, 0x00, 0x56, 0x49, 0x00, 0x56, 0x49, 0x54, 0x41, 0x00, 0x56, 0x4C, 0x45, 0x53, 0x00, 0x56, /* DS:2DEE */
	0x4F, 0x4D, 0x00, 0x56, 0x4F, 0x4C, 0x00, 0x56, 0x4F, 0x52, 0x47, 0x00, 0x56, 0x40, 0x00, 0x57, /* DS:2DFE */
	0x00, 0x57, 0x41, 0x00, 0x57, 0x41, 0x4C, 0x00, 0x57, 0x41, 0x4C, 0x53, 0x00, 0x57, 0x4F, 0x54, /* DS:2E0E */
	0x00, 0x58, 0x00, 0x58, 0x45, 0x00, 0x59, 0x00, 0x59, 0x44, 0x00, 0x59, 0x45, 0x00, 0x5A, 0x00, /* DS:2E1E */
	0x5A, 0x49, 0x00, 0x01, 0x26, 0x00, 0x00, 0x01, 0x8D, 0x00, 0x00, 0x10, 0x8D, 0x8D, 0x00, 0x00, /* DS:2E2E */
	0x40, 0x00, 0x00, 0x05, 0x42, 0x57, 0x00, 0x00, 0x00, 0x05, 0x83, 0x44, 0x4E, 0x52, 0x4B, 0x53, /* DS:2E3E */
	0x00, 0x00, 0x00, 0x05, 0x8D, 0x45, 0x00, 0x00, 0x00, 0x05, 0x8D, 0x59, 0x00, 0x00, 0x00, 0x05, /* DS:2E4E */
	0x43, 0x47, 0x00, 0x00, 0x00, 0x05, 0x43, 0x47, 0x48, 0x00, 0x00, 0x00, 0x05, 0x43, 0x53, 0x00, /* DS:2E5E */
	0x00, 0x00, 0x05, 0x44, 0x91, 0x00, 0x00, 0x00, 0x05, 0x46, 0x50, 0x42, 0x00, 0x00, 0x00, 0x05, /* DS:2E6E */
	0x42, 0x50, 0x4D, 0x48, 0x43, 0x00, 0x00, 0x00, 0x05, 0x44, 0x52, 0x48, 0x00, 0x00, 0x00, 0x05, /* DS:2E7E */
	0x54, 0x53, 0x43, 0x47, 0x58, 0x48, 0x00, 0x00, 0x00, 0x05, 0x4A, 0x43, 0x42, 0x00, 0x00, 0x00, /* DS:2E8E */
	0x05, 0x4B, 0x5A, 0x4E, 0x00, 0x00, 0x00, 0x01, 0x98, 0x4B, 0x00, 0x00, 0x00, 0x05, 0x4D, 0x83, /* DS:2E9E */
	0x00, 0x00, 0x00, 0x05, 0x83, 0x91, 0x00, 0x00, 0x00, 0x05, 0x4D, 0x48, 0x59, 0x00, 0x00, 0x00, /* DS:2EAE */
	0x05, 0x4E, 0x54, 0x00, 0x00, 0x00, 0x05, 0x50, 0x42, 0x43, 0x00, 0x00, 0x00, 0x05, 0x52, 0x4C, /* DS:2EBE */
	0x00, 0x00, 0x00, 0x05, 0x53, 0x54, 0x00, 0x00, 0x00, 0x05, 0x54, 0x44, 0x00, 0x00, 0x00, 0x05, /* DS:2ECE */
	0x54, 0x47, 0x00, 0x00, 0x00, 0x05, 0x54, 0x57, 0x48, 0x50, 0x42, 0x00, 0x00, 0x00, 0x05, 0x56, /* DS:2EDE */
	0x43, 0x00, 0x00, 0x00, 0x05, 0x91, 0x52, 0x00, 0x00, 0x00, 0x01, 0x91, 0x00, 0x01, 0x59, 0x00, /* DS:2EEE */
	0x00, 0x10, 0x52, 0x91, 0x00, 0x05, 0x44, 0x4C, 0x57, 0x00, 0x00, 0x00, 0x10, 0x48, 0x54, 0x00, /* DS:2EFE */
	0x05, 0x47, 0x4C, 0x54, 0x00, 0x00, 0x00, 0x01, 0x47, 0x00, 0x10, 0x48, 0x43, 0x00, 0x00, 0x10, /* DS:2F0E */
	0x4C, 0x94, 0x00, 0x10, 0x52, 0x47, 0x00, 0x10, 0x52, 0x48, 0x00, 0x05, 0x4E, 0x48, 0x83, 0x00, /* DS:2F1E */
	0x00, 0x00, 0x1C, 0x8D, 0x83, 0x00, 0x00, 0x00, 0x1D, 0x45, 0x4A, 0x00, 0x00, 0x00, 0x1D, 0x45, /* DS:2F2E */
	0x54, 0x53, 0x00, 0x00, 0x00, 0x1C, 0x46, 0x5B, 0x00, 0x00, 0x00, 0x1C, 0x4C, 0x41, 0x00, 0x00, /* DS:2F3E */
	0x00, 0x1C, 0x4C, 0x91, 0x00, 0x1C, 0x4C, 0x4C, 0x00, 0x01, 0x8D, 0x00, 0x00, 0x60, 0x00, 0x08, /* DS:2F4E */
	0x57, 0x00, 0x00, 0x1C, 0x4D, 0x45, 0x00, 0x00, 0x00, 0x1C, 0x4E, 0x45, 0x00, 0x00, 0x00, 0x60, /* DS:2F5E */
	0x00, 0x1C, 0x52, 0x43, 0x00, 0x00, 0x00, 0x1D, 0x91, 0x8D, 0x91, 0x00, 0x00, 0x00, 0x1C, 0x91, /* DS:2F6E */
	0x91, 0x00, 0x00, 0x00, 0x1C, 0x91, 0x91, 0x00, 0x1C, 0x41, 0x54, 0x00, 0x1C, 0x55, 0x4D, 0x00, /* DS:2F7E */
	0x08, 0x49, 0x00, 0x00, 0x01, 0x91, 0x00, 0x00, 0x1C, 0x55, 0x51, 0x00, 0x00, 0x00, 0x01, 0x46, /* DS:2F8E */
	0x00, 0x00, 0x01, 0x47, 0x00, 0x10, 0x54, 0x53, 0x00, 0x00, 0x01, 0x49, 0x00, 0x00, 0x80, 0x00, /* DS:2F9E */
	0x10, 0x48, 0x43, 0x00, 0x10, 0x48, 0x47, 0x00, 0x10, 0x4E, 0x41, 0x00, 0x10, 0x52, 0x41, 0x00, /* DS:2FAE */
	0x11, 0x52, 0x45, 0x49, 0x00, 0x11, 0x52, 0x45, 0x4E, 0x00, 0x10, 0x4E, 0x4F, 0x00, 0x10, 0x4C, /* DS:2FBE */
	0x4F, 0x00, 0x10, 0x54, 0x53, 0x00, 0x10, 0x54, 0x4E, 0x00, 0x10, 0x44, 0x4E, 0x00, 0x10, 0x44, /* DS:2FCE */
	0x98, 0x00, 0x10, 0x4E, 0x49, 0x00, 0x00, 0x1D, 0x4C, 0x4C, 0x49, 0x00, 0x1C, 0x53, 0x53, 0x00, /* DS:2FDE */
	0x80, 0x00, 0x10, 0x4C, 0x4F, 0x00, 0x10, 0x52, 0x4F, 0x00, 0x10, 0x52, 0x41, 0x00, 0x11, 0x49, /* DS:2FEE */
	0x43, 0x43, 0x00, 0x10, 0x49, 0x47, 0x00, 0x10, 0x43, 0x4E, 0x00, 0x11, 0x4E, 0x49, 0x52, 0x00, /* DS:2FFE */
	0x11, 0x4E, 0x49, 0x47, 0x00, 0x11, 0x4E, 0x49, 0x4E, 0x00, 0x10, 0x44, 0x98, 0x00, 0x10, 0x5A, /* DS:300E */
	0x4E, 0x00, 0x00, 0x01, 0x4C, 0x00, 0x00, 0x01, 0x4E, 0x00, 0x00, 0x01, 0x7E, 0x00, 0x00, 0x01, /* DS:301E */
	0x4E, 0x00, 0x10, 0x48, 0x54, 0x00, 0x10, 0x48, 0x50, 0x00, 0x00, 0x01, 0x83, 0x00, 0x00, 0x09, /* DS:302E */
	0x83, 0x00, 0x00, 0x40, 0x00, 0x00, 0x09, 0x42, 0x00, 0x00, 0x00, 0x60, 0x00, 0x00, 0x09, 0x43, /* DS:303E */
	0x00, 0x00, 0x00, 0x09, 0x43, 0x53, 0x00, 0x00, 0x00, 0x60, 0x00, 0x09, 0x43, 0x00, 0x00, 0x00, /* DS:304E */
	0x09, 0x83, 0x44, 0x00, 0x00, 0x40, 0x00, 0x00, 0x09, 0x44, 0x83, 0x00, 0x00, 0x00, 0x09, 0x45, /* DS:305E */
	0x8D, 0x00, 0x00, 0x00, 0x09, 0x45, 0x4F, 0x41, 0x57, 0x00, 0x00, 0x00, 0x09, 0x47, 0x00, 0x00, /* DS:306E */
	0x00, 0x09, 0x47, 0x91, 0x00, 0x00, 0x00, 0x60, 0x00, 0xC0, 0x00, 0x00, 0x09, 0x49, 0x55, 0x00, /* DS:307E */
	0x00, 0x00, 0x10, 0x43, 0x53, 0x00, 0x10, 0x50, 0x53, 0x00, 0x1C, 0xAE, 0xAE, 0x00, 0x09, 0x98, /* DS:308E */
	0x91, 0x83, 0x51, 0x47, 0x00, 0x00, 0x00, 0x09, 0x83, 0x00, 0x00, 0x00, 0x09, 0x4E, 0x00, 0x00, /* DS:309E */
	0x00, 0x1C, 0x4D, 0x41, 0x00, 0x09, 0x4E, 0x52, 0x56, 0x91, 0x00, 0x00, 0x00, 0x09, 0x4F, 0x00, /* DS:30AE */
	0x00, 0x00, 0x09, 0x51, 0x54, 0x47, 0x4F, 0x00, 0x00, 0x00, 0x09, 0x52, 0x00, 0x00, 0x00, 0x1D, /* DS:30BE */
	0x43, 0x41, 0x8D, 0x00, 0x1D, 0x43, 0x49, 0x8D, 0x00, 0x09, 0x52, 0x91, 0x59, 0x57, 0x00, 0x00, /* DS:30CE */
	0x00, 0x09, 0x53, 0x00, 0x00, 0x00, 0x09, 0x53, 0x91, 0x00, 0x00, 0x00, 0x09, 0x53, 0x4E, 0x4C, /* DS:30DE */
	0x83, 0x00, 0x00, 0x00, 0x09, 0x54, 0x00, 0x00, 0x00, 0x60, 0x00, 0x09, 0x54, 0x00, 0x00, 0x00, /* DS:30EE */
	0x09, 0x54, 0x53, 0x43, 0x47, 0x00, 0x00, 0x00, 0x09, 0x55, 0x00, 0x00, 0x00, 0x09, 0x51, 0x97, /* DS:30FE */
	0x91, 0x00, 0x00, 0x00, 0x09, 0x82, 0x00, 0x00, 0x00, 0x09, 0x91, 0x00, 0x00, 0x60, 0x00, 0x00, /* DS:310E */
	0x09, 0x91, 0x00, 0x00, 0x00, 0x09, 0x57, 0x00, 0x00, 0x00, 0x09, 0x57, 0x00, 0x00, 0x01, 0x8D, /* DS:311E */
	0x00, 0x00, 0x09, 0x91, 0x57, 0x00, 0x00, 0x00, 0x09, 0x59, 0x52, 0x91, 0x83, 0x00, 0x00, 0x00, /* DS:312E */
	0x20, 0x01, 0x92, 0x86, 0x00, 0x01, 0x8B, 0x00, 0x12, 0x45, 0x5A, 0x49, 0x5B, 0x00, 0x05, 0x73, /* DS:313E */
	0x7A, 0x00, 0x00, 0x00, 0x09, 0x83, 0x00, 0x00, 0x40, 0x00, 0x00, 0x10, 0x44, 0x83, 0x00, 0x10, /* DS:314E */
	0x54, 0x83, 0x00, 0x09, 0x83, 0x00, 0x00, 0x1C, 0x85, 0x83, 0x00, 0x1C, 0x86, 0x83, 0x00, 0x1D, /* DS:315E */
	0x46, 0x50, 0x83, 0x00, 0x1D, 0x48, 0x43, 0x53, 0x00, 0x1C, 0x4C, 0x83, 0x00, 0x40, 0x00, 0x00, /* DS:316E */
	0x10, 0x92, 0x83, 0x00, 0x10, 0x97, 0x83, 0x00, 0x11, 0x54, 0x54, 0x83, 0x00, 0x11, 0x50, 0x50, /* DS:317E */
	0x83, 0x00, 0x00, 0x11, 0x5B, 0x55, 0x53, 0x00, 0x10, 0x55, 0x53, 0x00, 0x12, 0x41, 0x5B, 0x58, /* DS:318E */
	0x45, 0x00, 0x00, 0x12, 0x5B, 0x45, 0x52, 0x50, 0x00, 0x11, 0x5B, 0x45, 0x44, 0x00, 0x12, 0x5B, /* DS:319E */
	0x45, 0x52, 0x5B, 0x00, 0x12, 0x5B, 0x45, 0x52, 0x83, 0x00, 0x00, 0x10, 0x5B, 0x58, 0x00, 0x00, /* DS:31AE */
	0x11, 0x8D, 0x45, 0x8D, 0x00, 0x00, 0x11, 0x8D, 0x91, 0x91, 0x00, 0x00, 0x10, 0x43, 0x49, 0x00, /* DS:31BE */
	0x10, 0x4C, 0x55, 0x00, 0x00, 0x09, 0x57, 0x00, 0x00, 0x1C, 0x55, 0x51, 0x00, 0x10, 0x8D, 0x87, /* DS:31CE */
	0x00, 0x10, 0x49, 0x87, 0x00, 0x10, 0x55, 0x87, 0x00, 0x00, 0x10, 0x8D, 0x87, 0x00, 0x10, 0x49, /* DS:31DE */
	0x87, 0x00, 0x10, 0x55, 0x87, 0x00, 0x00, 0x11, 0x51, 0x8D, 0x91, 0x00, 0x10, 0x51, 0x91, 0x00, /* DS:31EE */
	0x00, 0x10, 0x45, 0x47, 0x00, 0x09, 0x91, 0x00, 0x00, 0x00, 0x10, 0x8D, 0x4F, 0x00, 0x10, 0x48, /* DS:31FE */
	0x54, 0x00, 0x00, 0x10, 0x8D, 0x53, 0x00, 0x10, 0x4C, 0x42, 0x00, 0x00, 0x10, 0x8D, 0x52, 0x00, /* DS:320E */
	0x10, 0x8D, 0x44, 0x00, 0x10, 0x52, 0x8D, 0x00, 0x00, 0x10, 0x8D, 0x91, 0x00, 0x00, 0x11, 0x8D, /* DS:321E */
	0x91, 0x91, 0x00, 0x00, 0x11, 0x45, 0x43, 0x5B, 0x00, 0x00, 0x10, 0x45, 0x8D, 0x00, 0x01, 0x83, /* DS:322E */
	0x00, 0x01, 0x8D, 0x00, 0x00, 0x10, 0x47, 0x91, 0x00, 0x00, 0x11, 0x48, 0x43, 0x91, 0x00, 0x11, /* DS:323E */
	0x48, 0x53, 0x91, 0x00, 0x11, 0x4D, 0x41, 0x4B, 0x00, 0x11, 0x4D, 0x41, 0x4E, 0x00, 0x10, 0x4D, /* DS:324E */
	0x55, 0x00, 0x11, 0x4D, 0x4F, 0x54, 0x00, 0x00, 0x10, 0x48, 0x50, 0x00, 0x10, 0x54, 0x87, 0x00, /* DS:325E */
	0x10, 0x44, 0x87, 0x00, 0x00, 0x10, 0x48, 0x91, 0x00, 0x10, 0x48, 0x59, 0x00, 0x00, 0x10, 0x48, /* DS:326E */
	0x54, 0x00, 0x01, 0x53, 0x00, 0x00, 0x10, 0x4D, 0x91, 0x00, 0x10, 0x4E, 0x91, 0x00, 0x10, 0x4C, /* DS:327E */
	0x91, 0x00, 0x00, 0x11, 0x4E, 0x4F, 0x49, 0x00, 0x10, 0x56, 0x49, 0x00, 0x10, 0x52, 0x41, 0x00, /* DS:328E */
	0x10, 0x4E, 0x41, 0x00, 0x10, 0x4C, 0x41, 0x00, 0x00, 0x10, 0x85, 0x91, 0x00, 0x00, 0x11, 0x43, /* DS:329E */
	0x49, 0x92, 0x00, 0x11, 0x43, 0x49, 0x94, 0x00, 0x11, 0x43, 0x49, 0x58, 0x00, 0x11, 0x43, 0x49, /* DS:32AE */
	0x4C, 0x00, 0x00, 0x10, 0x43, 0x83, 0x00, 0x10, 0x54, 0x83, 0x00, 0x10, 0x48, 0x83, 0x00, 0x00, /* DS:32BE */
	0x10, 0x4E, 0x8D, 0x00, 0x10, 0x4E, 0x83, 0x00, 0x10, 0x52, 0x8D, 0x00, 0x10, 0x52, 0x83, 0x00, /* DS:32CE */
	0x00, 0x10, 0x4E, 0x91, 0x00, 0x10, 0x4E, 0x8D, 0x91, 0x00, 0x11, 0x4E, 0x8D, 0x8D, 0x91, 0x00, /* DS:32DE */
	0x00, 0x10, 0x52, 0x44, 0x00, 0x10, 0x52, 0x42, 0x00, 0x09, 0x52, 0x4C, 0x42, 0x00, 0x00, 0x00, /* DS:32EE */
	0x11, 0x4E, 0x4F, 0x49, 0x00, 0x11, 0x52, 0x4F, 0x49, 0x00, 0x11, 0x4E, 0x4F, 0x45, 0x00, 0x11, /* DS:32FE */
	0x4C, 0x41, 0x49, 0x00, 0x11, 0x54, 0x4E, 0x91, 0x00, 0x12, 0x52, 0x4F, 0x54, 0x87, 0x00, 0x11, /* DS:330E */
	0x53, 0x45, 0x98, 0x00, 0x11, 0x53, 0x45, 0x49, 0x00, 0x11, 0x53, 0x45, 0x48, 0x00, 0x11, 0x4C, /* DS:331E */
	0x41, 0x55, 0x00, 0x00, 0x10, 0x53, 0x54, 0x00, 0x10, 0x4B, 0x55, 0x00, 0x10, 0x52, 0x55, 0x00, /* DS:332E */
	0x10, 0x5A, 0x55, 0x00, 0x00, 0x10, 0x90, 0x87, 0x00, 0x10, 0x86, 0x87, 0x00, 0x00, 0x10, 0x53, /* DS:333E */
	0x4F, 0x00, 0x10, 0x54, 0x49, 0x00, 0x10, 0x54, 0x4F, 0x00, 0x00, 0x10, 0x55, 0x41, 0x00, 0x00, /* DS:334E */
	0x11, 0x55, 0x41, 0x45, 0x00, 0x00, 0x11, 0x54, 0x48, 0x43, 0x00, 0x01, 0x48, 0x00, 0x00, 0x11, /* DS:335E */
	0x55, 0x4F, 0x44, 0x00, 0x10, 0x45, 0x44, 0x00, 0x00, 0x01, 0x56, 0x00, 0x10, 0x54, 0x4F, 0x00, /* DS:336E */
	0x10, 0x53, 0x49, 0x00, 0x00, 0x10, 0x97, 0x91, 0x00, 0x10, 0x54, 0x91, 0x00, 0x11, 0x8D, 0x49, /* DS:337E */
	0x8D, 0x00, 0x10, 0x44, 0x41, 0x00, 0x10, 0x44, 0x55, 0x00, 0x10, 0x44, 0x45, 0x00, 0x10, 0x52, /* DS:338E */
	0x55, 0x00, 0x11, 0x4D, 0x41, 0x48, 0x00, 0x00, 0x10, 0x91, 0x91, 0x00, 0x00, 0x01, 0x54, 0x00, /* DS:339E */
	0x10, 0x43, 0x45, 0x00, 0x10, 0x43, 0x49, 0x00, 0x10, 0x43, 0x55, 0x00, 0x00, 0x09, 0x91, 0x00, /* DS:33AE */
	0x00, 0x11, 0x82, 0x87, 0x83, 0x00, 0x00, 0x01, 0x82, 0x00, 0x00, 0x01, 0x91, 0x00, 0x00, 0x01, /* DS:33BE */
	0x57, 0x00, 0x10, 0x55, 0x51, 0x00, 0x00, 0x01, 0x57, 0x00, 0x10, 0x55, 0x51, 0x00, 0x10, 0x55, /* DS:33CE */
	0x47, 0x00, 0x00, 0x00, 0x80, 0x00, 0x00, 0x00, 0x80, 0x00, 0x02, 0x00, 0x80, 0x10, 0x00, 0x00, /* DS:33DE */
	0x80, 0x10, 0x00, 0x80, 0x80, 0x10, 0x90, 0x80, 0x01, 0x00, 0x00, 0x00, 0x21, 0x10, 0x02, 0x80, /* DS:33EE */
	0x25, 0x10, 0x22, 0x80, 0x01, 0x01, 0x00, 0x02, 0x25, 0x10, 0x22, 0x80, 0x01, 0x08, 0x00, 0x00, /* DS:33FE */
	0x01, 0x08, 0x00, 0x80, 0x03, 0x00, 0x00, 0x80, 0x43, 0x00, 0x00, 0x97, 0x40, 0x00, 0x00, 0x00, /* DS:340E */
	0xC0, 0x00, 0x00, 0x00, 0x40, 0x00, 0x40, 0x00, 0x40, 0x00, 0x00, 0x81, 0x40, 0x00, 0x00, 0x84, /* DS:341E */
	0x40, 0x00, 0x00, 0x88, 0x40, 0x00, 0x00, 0x98, 0x40, 0x00, 0x00, 0x9F, 0x20, 0x00, 0x40, 0x00, /* DS:342E */
	0xA0, 0x04, 0x00, 0x00, 0x20, 0x04, 0x40, 0x00, 0x08, 0x00, 0x00, 0x00, 0xA0, 0x80, 0x00, 0x00, /* DS:343E */
	0x01, 0x80, 0x00, 0x00, 0x23, 0x84, 0x43, 0x00, 0x03, 0x80, 0x41, 0x00, 0x00, 0x80, 0x40, 0x00, /* DS:344E */
	0x04, 0x80, 0x00, 0x00, 0x04, 0x90, 0x00, 0x00, 0x00, 0x88, 0x00, 0x00, 0x00, 0xA0, 0x00, 0x00, /* DS:345E */
	0x00, 0xA0, 0x40, 0x00, 0x40, 0xA0, 0x40, 0x00, 0x02, 0x80, 0x00, 0x00, 0x02, 0x80, 0x13, 0x00, /* DS:346E */
	0x42, 0xA0, 0x00, 0x00, 0x40, 0xA0, 0x00, 0x04, 0x00, 0x80, 0x00, 0x04, 0x02, 0x40, 0x00, 0x00, /* DS:347E */
	0x02, 0x40, 0x04, 0x80, 0x02, 0x40, 0x04, 0x84, 0x00, 0x01, 0x00, 0x02, 0x04, 0x00, 0x00, 0x00, /* DS:348E */
	0x04, 0x10, 0x20, 0x80, 0x00, 0x09, 0x00, 0x00, 0x02, 0x08, 0x00, 0x01, 0x02, 0x08, 0x00, 0x04, /* DS:349E */
	0x00, 0x08, 0x00, 0x00, 0x00, 0x08, 0x00, 0x04, 0x00, 0x20, 0x00, 0x00, 0x02, 0x20, 0x00, 0x82, /* DS:34AE */
	0x00, 0x20, 0x00, 0x04, 0x10, 0x00, 0x00, 0x00, 0xB0, 0x00, 0x00, 0x00, 0x10, 0x00, 0x03, 0x02, /* DS:34BE */
	0x10, 0x00, 0x10, 0x00, 0x30, 0x00, 0x10, 0x00, 0x10, 0x00, 0x10, 0x02, 0x02, 0x00, 0x00, 0x00, /* DS:34CE */
	0x42, 0x00, 0x00, 0x00, 0x02, 0x01, 0x00, 0x00, 0x02, 0x00, 0x80, 0x80, 0x02, 0x00, 0x00, 0x01, /* DS:34DE */
	0x02, 0x00, 0x00, 0x02, 0x02, 0x00, 0x00, 0x04, 0x00, 0x00, 0x00, 0x01, 0x00, 0x00, 0x00, 0x85, /* DS:34EE */
	0x00, 0x00, 0x00, 0x04, 0x00, 0x00, 0x00, 0x08, 0xFE, 0xFF, 0x00, 0x00, 0x01, 0x00, 0x02, 0x00, /* DS:34FE */
	0xA1, 0x04, 0x00, 0x00, 0x81, 0x04, 0x02, 0x00, 0x01, 0x04, 0x02, 0x00, 0x21, 0x04, 0x40, 0x00, /* DS:350E */
	0x21, 0x05, 0x40, 0x02, 0x01, 0x04, 0x03, 0x00, 0x01, 0x00, 0x04, 0x00, 0x01, 0x10, 0x01, 0x00, /* DS:351E */
	0x01, 0x44, 0x00, 0x00, 0xA1, 0x44, 0x00, 0x00, 0x81, 0x44, 0x02, 0x00, 0x81, 0x44, 0x82, 0x00, /* DS:352E */
	0x81, 0x44, 0x0A, 0x00, 0x01, 0x44, 0x02, 0x00, 0x01, 0x44, 0x82, 0x00, 0x01, 0x44, 0x0A, 0x00, /* DS:353E */
	0x01, 0x44, 0x8A, 0x00, 0x21, 0x44, 0x40, 0x00, 0x21, 0x45, 0x00, 0x02, 0x21, 0x44, 0x48, 0x00, /* DS:354E */
	0x21, 0x44, 0x01, 0x00, 0x01, 0x44, 0x03, 0x00, 0x01, 0x44, 0x83, 0x00, 0x01, 0x44, 0x0B, 0x00, /* DS:355E */
	0x21, 0x44, 0x09, 0x00, 0x21, 0x40, 0x01, 0x00, 0x15, 0x40, 0x00, 0x00, 0x13, 0x48, 0x00, 0x00, /* DS:356E */
	0x01, 0x64, 0x82, 0x00, 0x13, 0x68, 0x00, 0x00, 0x03, 0x68, 0x00, 0x00, 0x11, 0x40, 0x00, 0x00, /* DS:357E */
	0xB1, 0x40, 0x00, 0x00, 0xB1, 0x40, 0x80, 0x00, 0xB1, 0x40, 0x08, 0x00, 0x91, 0x50, 0x00, 0x00, /* DS:358E */
	0x31, 0x40, 0x40, 0x00, 0x31, 0x40, 0xC0, 0x00, 0x11, 0x40, 0x01, 0x00, 0x31, 0x40, 0x01, 0x00, /* DS:359E */
	0x31, 0x40, 0x81, 0x00, 0x31, 0x40, 0x89, 0x00, 0x11, 0x40, 0x03, 0x02, 0x11, 0x40, 0x03, 0x00, /* DS:35AE */
	0x11, 0x50, 0x01, 0x00, 0x11, 0x50, 0x81, 0x00, 0x11, 0x40, 0x81, 0x00, 0x11, 0x40, 0x09, 0x00, /* DS:35BE */
	0x13, 0x40, 0x00, 0x00, 0x13, 0x40, 0x08, 0x00, 0x11, 0x40, 0x20, 0x00, 0x11, 0x40, 0xA0, 0x00, /* DS:35CE */
	0x01, 0x40, 0x20, 0x00, 0x15, 0x00, 0x00, 0x00, 0x13, 0x08, 0x00, 0x00, 0x52, 0x08, 0x00, 0x01, /* DS:35DE */
	0x03, 0x08, 0x00, 0x00, 0x13, 0x28, 0x00, 0x00, 0x13, 0x20, 0x00, 0x00, 0x11, 0x00, 0x00, 0x00, /* DS:35EE */
	0xB1, 0x00, 0x00, 0x00, 0xB1, 0x00, 0x04, 0x00, 0x91, 0x10, 0x00, 0x00, 0x11, 0x00, 0x01, 0x00, /* DS:35FE */
	0x31, 0x00, 0x01, 0x00, 0x11, 0x00, 0x03, 0x00, 0x11, 0x00, 0x03, 0x02, 0x11, 0x00, 0x81, 0x00, /* DS:360E */
	0x11, 0x10, 0x01, 0x00, 0x11, 0x10, 0x81, 0x00, 0x13, 0x00, 0x00, 0x00, 0x13, 0x00, 0x04, 0x00, /* DS:361E */
	0x11, 0x00, 0x20, 0x00, 0x03, 0x00, 0x00, 0x00, 0x01, 0x00, 0x00, 0x01, 0x00, 0x04, 0x00, 0x00, /* DS:362E */
	0x80, 0x04, 0x00, 0x00, 0xE8, 0x04, 0x00, 0x00, 0xA0, 0x04, 0x80, 0x00, 0xA0, 0x04, 0x00, 0x02, /* DS:363E */
	0x80, 0x04, 0x02, 0x00, 0x80, 0x04, 0x82, 0x00, 0x80, 0x04, 0x02, 0x02, 0x20, 0x04, 0x00, 0x00, /* DS:364E */
	0x20, 0x04, 0x00, 0x02, 0x20, 0x04, 0x00, 0x04, 0x00, 0x04, 0x02, 0x00, 0x00, 0x04, 0x02, 0x02, /* DS:365E */
	0x00, 0x04, 0xC2, 0x00, 0x00, 0x04, 0x03, 0x00, 0x00, 0x04, 0x83, 0x00, 0x20, 0x04, 0x01, 0x00, /* DS:366E */
	0x20, 0x04, 0x05, 0x00, 0x20, 0x04, 0x01, 0x10, 0x00, 0x04, 0x12, 0x00, 0x00, 0x04, 0x92, 0x00, /* DS:367E */
	0x80, 0x44, 0x02, 0x00, 0x80, 0x44, 0x82, 0x00, 0x80, 0x44, 0x02, 0x02, 0xA0, 0x44, 0x00, 0x00, /* DS:368E */
	0xA0, 0x44, 0x08, 0x00, 0xE0, 0x44, 0x00, 0x08, 0x40, 0x44, 0x02, 0x08, 0x20, 0x44, 0x40, 0x00, /* DS:369E */
	0x20, 0x44, 0xC0, 0x00, 0x20, 0x44, 0x40, 0x02, 0x40, 0x44, 0x42, 0x00, 0x00, 0x44, 0x12, 0x00, /* DS:36AE */
	0x14, 0x40, 0x80, 0x00, 0x02, 0x48, 0x00, 0x00, 0x12, 0x48, 0x00, 0x00, 0x52, 0x48, 0x00, 0x00, /* DS:36BE */
	0x12, 0x48, 0x80, 0x00, 0x12, 0x48, 0x00, 0x01, 0x1A, 0x69, 0x00, 0x00, 0x02, 0x68, 0x00, 0x00, /* DS:36CE */
	0x12, 0x68, 0x00, 0x00, 0x52, 0x68, 0x00, 0x00, 0x52, 0x68, 0x00, 0x04, 0x1A, 0x68, 0x00, 0x00, /* DS:36DE */
	0x12, 0x68, 0x00, 0x04, 0x12, 0x60, 0x00, 0x00, 0x12, 0x60, 0x00, 0x04, 0xB0, 0x40, 0x00, 0x00, /* DS:36EE */
	0x50, 0x40, 0x00, 0x00, 0x50, 0x40, 0x00, 0x08, 0x10, 0x40, 0x01, 0x00, 0x30, 0x40, 0x01, 0x00, /* DS:36FE */
	0x30, 0x40, 0x81, 0x00, 0x10, 0x40, 0x0B, 0x00, 0x10, 0x50, 0x01, 0x00, 0x30, 0x40, 0x40, 0x00, /* DS:370E */
	0x10, 0x40, 0x20, 0x00, 0x10, 0x40, 0xA0, 0x00, 0x12, 0x40, 0x00, 0x00, 0x52, 0x40, 0x00, 0x00, /* DS:371E */
	0x52, 0x40, 0x00, 0x08, 0x52, 0x40, 0x00, 0x10, 0x12, 0x40, 0x80, 0x00, 0x12, 0x40, 0x00, 0x01, /* DS:372E */
	0x12, 0x40, 0x00, 0x02, 0x12, 0x41, 0x00, 0x00, 0x12, 0x41, 0x00, 0x02, 0x10, 0x40, 0x10, 0x02, /* DS:373E */
	0x14, 0x00, 0x00, 0x00, 0x00, 0x0D, 0x02, 0x00, 0x12, 0x08, 0x00, 0x00, 0x52, 0x08, 0x00, 0x00, /* DS:374E */
	0x12, 0x08, 0x00, 0x02, 0x10, 0x08, 0x10, 0x00, 0x02, 0x08, 0x00, 0x00, 0x1A, 0x29, 0x00, 0x00, /* DS:375E */
	0x00, 0x28, 0x00, 0x00, 0x12, 0x28, 0x00, 0x00, 0x1A, 0x28, 0x00, 0x00, 0x1A, 0x28, 0x80, 0x00, /* DS:376E */
	0x02, 0x28, 0x00, 0x00, 0x0A, 0x28, 0x00, 0x00, 0x18, 0x20, 0x00, 0x00, 0xB0, 0x20, 0x00, 0x00, /* DS:377E */
	0x90, 0x30, 0x00, 0x00, 0x12, 0x20, 0x00, 0x00, 0x1A, 0x20, 0x00, 0x00, 0x12, 0x20, 0x00, 0x04, /* DS:378E */
	0x12, 0x20, 0x20, 0x00, 0x02, 0x20, 0x00, 0x00, 0x90, 0x00, 0x02, 0x00, 0x90, 0x10, 0x00, 0x00, /* DS:379E */
	0x10, 0x00, 0x02, 0x00, 0x30, 0x00, 0x40, 0x00, 0x10, 0x10, 0x40, 0x00, 0x10, 0x00, 0x01, 0x00, /* DS:37AE */
	0x30, 0x00, 0x01, 0x00, 0x50, 0x00, 0x01, 0x00, 0x10, 0x00, 0x03, 0x00, 0x10, 0x10, 0x01, 0x00, /* DS:37BE */
	0x30, 0x10, 0x01, 0x00, 0x12, 0x00, 0x01, 0x00, 0x12, 0x00, 0x00, 0x00, 0x52, 0x00, 0x00, 0x00, /* DS:37CE */
	0x12, 0x00, 0x00, 0x01, 0x12, 0x00, 0x00, 0x10, 0x10, 0x00, 0x20, 0x00, 0x10, 0x00, 0xA0, 0x00, /* DS:37DE */
	0x00, 0x00, 0x80, 0x00, 0x02, 0x00, 0x80, 0x00, 0x00, 0x00, 0x00, 0x02, 0x02, 0x00, 0x00, 0x02, /* DS:37EE */
	0xAB, 0x21, 0xAC, 0x21, 0xAA, 0x21, 0xA6, 0x21, 0xF6, 0x33, 0xDE, 0x2A, 0x7D, 0x23, 0xFE, 0x30, /* DS:37FE */
	0xF6, 0x33, 0xD6, 0x36, 0xAB, 0x21, 0xDF, 0x26, 0xCA, 0x31, 0xF6, 0x33, 0x92, 0x37, 0xAB, 0x21, /* DS:380E */
	0xB4, 0x21, 0xAA, 0x21, 0xDA, 0x34, 0x26, 0x37, 0xF7, 0x29, 0x50, 0x23, 0x3E, 0x2E, 0xF6, 0x33, /* DS:381E */
	0xD6, 0x37, 0x7C, 0x2D, 0x1A, 0x23, 0xAA, 0x21, 0xA6, 0x21, 0x96, 0x35, 0x0D, 0x2B, 0x91, 0x25, /* DS:382E */
	0x51, 0x2E, 0x06, 0x35, 0x1E, 0x35, 0x16, 0x2E, 0x8A, 0x27, 0xAA, 0x21, 0x06, 0x35, 0x56, 0x36, /* DS:383E */
	0xAB, 0x21, 0xE1, 0x26, 0xE5, 0x2F, 0x06, 0x35, 0x9A, 0x37, 0x07, 0x2B, 0xD0, 0x24, 0xC9, 0x33, /* DS:384E */
	0x06, 0x35, 0xB6, 0x36, 0xAB, 0x21, 0xE1, 0x26, 0x08, 0x32, 0x06, 0x35, 0x92, 0x37, 0xB0, 0x2B, /* DS:385E */
	0x0F, 0x29, 0xAA, 0x21, 0xA6, 0x21, 0x02, 0x37, 0xB3, 0x2C, 0xD9, 0x24, 0xC9, 0x33, 0x06, 0x35, /* DS:386E */
	0xA6, 0x36, 0x20, 0x29, 0xDF, 0x26, 0xAA, 0x21, 0xA6, 0x21, 0x26, 0x37, 0xAB, 0x21, 0xE1, 0x26, /* DS:387E */
	0x83, 0x33, 0x06, 0x35, 0xDA, 0x37, 0x0F, 0x2E, 0xF9, 0x26, 0x9E, 0x2E, 0x06, 0x35, 0x2E, 0x37, /* DS:388E */
	0xC6, 0x2B, 0xED, 0x21, 0x06, 0x31, 0x06, 0x35, 0xDA, 0x37, 0xAB, 0x21, 0xE4, 0x26, 0xC4, 0x31, /* DS:389E */
	0x06, 0x35, 0xDA, 0x37, 0xAB, 0x21, 0xE1, 0x26, 0xAA, 0x21, 0x06, 0x35, 0xD6, 0x37, 0xF7, 0x29, /* DS:38AE */
	0x87, 0x23, 0xEF, 0x32, 0xC6, 0x34, 0xC6, 0x36, 0xF7, 0x29, 0xB4, 0x21, 0x41, 0x2E, 0x9A, 0x34, /* DS:38BE */
	0x26, 0x37, 0xF7, 0x29, 0x50, 0x23, 0xAA, 0x21, 0xA6, 0x21, 0xC6, 0x36, 0xB7, 0x2C, 0x78, 0x25, /* DS:38CE */
	0xAA, 0x21, 0xA6, 0x21, 0xAA, 0x36, 0xAB, 0x21, 0xDF, 0x26, 0xD5, 0x33, 0x6E, 0x34, 0x26, 0x37, /* DS:38DE */
	0x28, 0x2C, 0xBE, 0x26, 0xAA, 0x21, 0xA6, 0x21, 0x26, 0x37, 0xD2, 0x2D, 0xCF, 0x28, 0xB1, 0x2E, /* DS:38EE */
	0x1A, 0x34, 0xBA, 0x37, 0xE8, 0x2D, 0xD4, 0x27, 0xAA, 0x21, 0xB6, 0x34, 0xD6, 0x37, 0xAB, 0x21, /* DS:38FE */
	0xDF, 0x26, 0xAA, 0x21, 0xBE, 0x34, 0xD6, 0x37, 0xAB, 0x21, 0xDF, 0x26, 0xAA, 0x21, 0x32, 0x34, /* DS:390E */
	0xD6, 0x37, 0xAB, 0x21, 0xB4, 0x21, 0xAA, 0x21, 0xB6, 0x34, 0xD6, 0x37, 0xE5, 0x2D, 0xD8, 0x25, /* DS:391E */
	0xAA, 0x21, 0x5A, 0x34, 0x42, 0x34, 0xAB, 0x21, 0xE0, 0x21, 0xAA, 0x21, 0xA6, 0x21, 0xD6, 0x37, /* DS:392E */
	0xAE, 0x2B, 0x8B, 0x26, 0xAA, 0x21, 0x06, 0x35, 0xCE, 0x37, 0xAB, 0x21, 0x14, 0x22, 0xAA, 0x21, /* DS:393E */
	0xA6, 0x21, 0xBE, 0x37, 0x42, 0x2D, 0xED, 0x27, 0xAA, 0x21, 0xAA, 0x34, 0x86, 0x36, 0x87, 0x29, /* DS:394E */
	0x0D, 0x23, 0xAA, 0x21, 0xAA, 0x34, 0x5A, 0x36, 0xAB, 0x21, 0x0D, 0x23, 0xAA, 0x21, 0xAA, 0x34, /* DS:395E */
	0x5A, 0x36, 0x20, 0x2A, 0x08, 0x29, 0x35, 0x2E, 0x06, 0x35, 0x4A, 0x37, 0xF7, 0x29, 0x92, 0x23, /* DS:396E */
	0xAA, 0x21, 0x06, 0x35, 0x46, 0x37, 0x20, 0x29, 0xE7, 0x21, 0x35, 0x2E, 0x06, 0x35, 0x46, 0x37, /* DS:397E */
	0xAB, 0x21, 0x39, 0x28, 0xC9, 0x33, 0x02, 0x34, 0x42, 0x36, 0xAB, 0x21, 0x0D, 0x23, 0xC9, 0x33, /* DS:398E */
	0x96, 0x34, 0x5A, 0x36, 0x04, 0x2B, 0x9D, 0x28, 0xC9, 0x33, 0x06, 0x35, 0xB6, 0x35, 0xAB, 0x21, /* DS:399E */
	0xED, 0x27, 0xA5, 0x30, 0xE2, 0x34, 0x52, 0x37, 0xAE, 0x2B, 0x2C, 0x26, 0x39, 0x30, 0x3A, 0x34, /* DS:39AE */
	0x1E, 0x36, 0xAE, 0x2B, 0x2F, 0x26, 0x39, 0x30, 0xA6, 0x21, 0x1E, 0x36, 0x4F, 0x29, 0x25, 0x26, /* DS:39BE */
	0x39, 0x30, 0x3A, 0x34, 0x1E, 0x36, 0x4F, 0x29, 0x28, 0x26, 0x39, 0x30, 0x66, 0x34, 0x1E, 0x36, /* DS:39CE */
	0xE9, 0x2B, 0xBB, 0x23, 0xAA, 0x21, 0x0A, 0x34, 0x72, 0x37, 0xAB, 0x21, 0x56, 0x27, 0xAA, 0x21, /* DS:39DE */
	0xAE, 0x34, 0x4E, 0x36, 0x26, 0x2B, 0x09, 0x26, 0xAA, 0x21, 0x66, 0x34, 0xC2, 0x34, 0x48, 0x29, /* DS:39EE */
	0x69, 0x23, 0x1E, 0x31, 0xF6, 0x33, 0xEA, 0x36, 0xDE, 0x2A, 0x32, 0x25, 0xAA, 0x21, 0x06, 0x35, /* DS:39FE */
	0xE6, 0x35, 0xAB, 0x21, 0x6C, 0x25, 0xAA, 0x21, 0xA6, 0x21, 0x42, 0x34, 0xF9, 0x29, 0x55, 0x25, /* DS:3A0E */
	0xD7, 0x2E, 0xF6, 0x33, 0x32, 0x36, 0xF9, 0x29, 0xFA, 0x27, 0x12, 0x31, 0x06, 0x35, 0x0E, 0x35, /* DS:3A1E */
	0xF9, 0x29, 0x0F, 0x23, 0xAA, 0x21, 0x06, 0x35, 0xFE, 0x35, 0x85, 0x29, 0x55, 0x25, 0xD7, 0x2E, /* DS:3A2E */
	0xF6, 0x33, 0x32, 0x36, 0x85, 0x29, 0xFA, 0x27, 0x12, 0x31, 0x06, 0x35, 0x0E, 0x35, 0x85, 0x29, /* DS:3A3E */
	0x0F, 0x23, 0xAA, 0x21, 0x06, 0x35, 0xFE, 0x35, 0x85, 0x29, 0x55, 0x25, 0xA5, 0x30, 0xF6, 0x33, /* DS:3A4E */
	0x26, 0x36, 0x71, 0x29, 0x0F, 0x23, 0xAA, 0x21, 0xF6, 0x33, 0xFE, 0x35, 0xCD, 0x2B, 0xE9, 0x25, /* DS:3A5E */
	0xAA, 0x21, 0xF6, 0x33, 0x2E, 0x36, 0xE0, 0x2B, 0xB2, 0x27, 0xAA, 0x21, 0xF6, 0x33, 0x32, 0x35, /* DS:3A6E */
	0xF5, 0x2B, 0x15, 0x25, 0x3E, 0x2E, 0x06, 0x35, 0xD6, 0x37, 0xCC, 0x2C, 0xD8, 0x22, 0x3C, 0x2F, /* DS:3A7E */
	0xA6, 0x21, 0x0A, 0x36, 0xD0, 0x2C, 0x06, 0x23, 0xAA, 0x21, 0xA6, 0x21, 0x8A, 0x35, 0x14, 0x2D, /* DS:3A8E */
	0x22, 0x24, 0xAA, 0x21, 0xF6, 0x33, 0x62, 0x35, 0x73, 0x2B, 0x11, 0x25, 0x7F, 0x30, 0xF6, 0x33, /* DS:3A9E */
	0x26, 0x37, 0x61, 0x2C, 0xF2, 0x24, 0xAA, 0x21, 0xA6, 0x21, 0x2E, 0x35, 0x72, 0x2C, 0xF4, 0x22, /* DS:3AAE */
	0xAA, 0x21, 0xA6, 0x21, 0x8A, 0x35, 0x61, 0x29, 0x87, 0x22, 0xAA, 0x21, 0xA6, 0x21, 0xAA, 0x35, /* DS:3ABE */
	0x2A, 0x29, 0x87, 0x24, 0xAA, 0x21, 0xA6, 0x21, 0x4A, 0x35, 0xC9, 0x2B, 0x7E, 0x24, 0x51, 0x30, /* DS:3ACE */
	0xA6, 0x21, 0x4A, 0x35, 0x62, 0x2B, 0xF6, 0x23, 0xAA, 0x21, 0xA6, 0x21, 0x62, 0x35, 0x90, 0x2B, /* DS:3ADE */
	0xBD, 0x24, 0xAA, 0x21, 0xA6, 0x21, 0x42, 0x35, 0xC7, 0x2C, 0x58, 0x24, 0xAA, 0x21, 0xA6, 0x21, /* DS:3AEE */
	0x9E, 0x35, 0xB3, 0x2C, 0xDF, 0x24, 0x57, 0x30, 0xF6, 0x33, 0x4E, 0x35, 0x5E, 0x2B, 0xFC, 0x23, /* DS:3AFE */
	0xAA, 0x21, 0x06, 0x35, 0x66, 0x35, 0x6A, 0x2A, 0xB8, 0x27, 0xAA, 0x21, 0x06, 0x35, 0x3A, 0x35, /* DS:3B0E */
	0x6D, 0x29, 0xAC, 0x27, 0xAA, 0x21, 0x06, 0x35, 0x3A, 0x35, 0x43, 0x2B, 0xD6, 0x28, 0xAA, 0x21, /* DS:3B1E */
	0x06, 0x35, 0xC6, 0x35, 0xD6, 0x2B, 0x74, 0x22, 0xAA, 0x21, 0xF6, 0x33, 0xAE, 0x35, 0x1F, 0x2C, /* DS:3B2E */
	0x0C, 0x26, 0xAA, 0x21, 0x06, 0x35, 0xDA, 0x35, 0xAF, 0x2C, 0x58, 0x24, 0x7A, 0x30, 0x86, 0x34, /* DS:3B3E */
	0xA2, 0x35, 0xA5, 0x2C, 0x58, 0x24, 0xAA, 0x21, 0xA6, 0x21, 0xA2, 0x35, 0x52, 0x2C, 0x5B, 0x28, /* DS:3B4E */
	0x21, 0x30, 0xA6, 0x21, 0x26, 0x37, 0x52, 0x2C, 0x4D, 0x28, 0xA0, 0x2F, 0xA6, 0x21, 0x26, 0x37, /* DS:3B5E */
	0xAB, 0x21, 0x0F, 0x23, 0xAA, 0x21, 0xA6, 0x21, 0xC6, 0x34, 0xDE, 0x2A, 0x50, 0x23, 0xAA, 0x21, /* DS:3B6E */
	0xF6, 0x33, 0xDE, 0x36, 0x54, 0x2B, 0x3D, 0x23, 0x70, 0x2E, 0x06, 0x35, 0x8A, 0x37, 0xD7, 0x2A, /* DS:3B7E */
	0x6C, 0x28, 0x1E, 0x31, 0xF6, 0x33, 0x26, 0x37, 0xDB, 0x2A, 0xFD, 0x28, 0xF2, 0x2E, 0xF6, 0x33, /* DS:3B8E */
	0xAE, 0x37, 0xBB, 0x2D, 0x01, 0x28, 0xAA, 0x21, 0xF6, 0x33, 0x9A, 0x36, 0xB3, 0x2D, 0x46, 0x28, /* DS:3B9E */
	0x3E, 0x2E, 0xF6, 0x33, 0x26, 0x37, 0xB3, 0x2D, 0x49, 0x28, 0x35, 0x2E, 0xF6, 0x33, 0x26, 0x37, /* DS:3BAE */
	0xF4, 0x29, 0x93, 0x22, 0x3E, 0x2E, 0x06, 0x35, 0x26, 0x37, 0xF4, 0x29, 0x96, 0x22, 0x35, 0x2E, /* DS:3BBE */
	0x06, 0x35, 0x26, 0x37, 0x79, 0x2D, 0xD1, 0x21, 0x39, 0x2E, 0xF6, 0x33, 0xF2, 0x36, 0x79, 0x2D, /* DS:3BCE */
	0xD6, 0x21, 0xA5, 0x30, 0xF6, 0x33, 0xF2, 0x36, 0x8D, 0x2D, 0xAC, 0x22, 0xAA, 0x21, 0xA6, 0x21, /* DS:3BDE */
	0x76, 0x35, 0x85, 0x2D, 0x1D, 0x25, 0x1E, 0x31, 0xF6, 0x33, 0xDA, 0x36, 0xBF, 0x2D, 0xB1, 0x21, /* DS:3BEE */
	0xF5, 0x31, 0xF6, 0x33, 0x1A, 0x34, 0x4B, 0x2B, 0x09, 0x25, 0x9C, 0x2F, 0xF6, 0x33, 0xD6, 0x37, /* DS:3BFE */
	0x47, 0x2B, 0xB6, 0x21, 0xAA, 0x21, 0xF6, 0x33, 0xF6, 0x35, 0x50, 0x2B, 0x04, 0x25, 0xAA, 0x21, /* DS:3C0E */
	0xF6, 0x33, 0x56, 0x37, 0xF3, 0x2D, 0xDA, 0x21, 0x1E, 0x31, 0xF6, 0x33, 0x96, 0x37, 0xF0, 0x2D, /* DS:3C1E */
	0x20, 0x25, 0xE4, 0x30, 0xF6, 0x33, 0x76, 0x37, 0x98, 0x2B, 0x5E, 0x27, 0xAA, 0x21, 0xF6, 0x33, /* DS:3C2E */
	0x4E, 0x36, 0x26, 0x2B, 0xF8, 0x21, 0x7E, 0x31, 0xF6, 0x33, 0x9E, 0x37, 0x26, 0x2B, 0xF5, 0x21, /* DS:3C3E */
	0x43, 0x33, 0xF6, 0x33, 0x9E, 0x37, 0xDE, 0x29, 0xBB, 0x21, 0x1E, 0x31, 0x06, 0x35, 0x26, 0x37, /* DS:3C4E */
	0x3E, 0x2D, 0x32, 0x27, 0x6C, 0x30, 0x06, 0x35, 0xE2, 0x35, 0x9D, 0x2C, 0x3F, 0x27, 0x3E, 0x2E, /* DS:3C5E */
	0x06, 0x35, 0x92, 0x37, 0x9D, 0x2C, 0x6F, 0x28, 0x36, 0x31, 0x06, 0x35, 0x92, 0x37, 0x0A, 0x2E, /* DS:3C6E */
	0x7C, 0x28, 0xAA, 0x21, 0xF6, 0x33, 0x12, 0x36, 0xF8, 0x2D, 0xE7, 0x27, 0xAA, 0x21, 0xF6, 0x33, /* DS:3C7E */
	0x0A, 0x35, 0x64, 0x2D, 0xEE, 0x22, 0xAA, 0x21, 0xF6, 0x33, 0xA6, 0x35, 0x6B, 0x2B, 0x13, 0x28, /* DS:3C8E */
	0x39, 0x30, 0xA6, 0x21, 0x9E, 0x36, 0x2E, 0x2E, 0x19, 0x25, 0xAA, 0x21, 0xF6, 0x33, 0xC2, 0x36, /* DS:3C9E */
	0x1B, 0x2B, 0xF9, 0x25, 0xAA, 0x21, 0xF6, 0x33, 0xDE, 0x35, 0xAF, 0x2D, 0xD6, 0x23, 0xAA, 0x21, /* DS:3CAE */
	0x06, 0x35, 0xEA, 0x35, 0x83, 0x2B, 0x9F, 0x23, 0xAA, 0x21, 0x06, 0x35, 0xEA, 0x35, 0xAB, 0x2D, /* DS:3CBE */
	0xCD, 0x21, 0xE3, 0x2E, 0xF6, 0x33, 0xD6, 0x37, 0xD5, 0x2D, 0x6A, 0x22, 0xAA, 0x21, 0xA6, 0x21, /* DS:3CCE */
	0xCA, 0x35, 0xF8, 0x2B, 0x04, 0x26, 0xAA, 0x21, 0x06, 0x35, 0xD6, 0x35, 0xB8, 0x2B, 0xC2, 0x25, /* DS:3CDE */
	0xAA, 0x21, 0x4A, 0x34, 0x52, 0x35, 0xC0, 0x2B, 0xCF, 0x27, 0xAA, 0x21, 0xA6, 0x21, 0x3E, 0x35, /* DS:3CEE */
	0x17, 0x2B, 0xFC, 0x27, 0xAA, 0x21, 0x86, 0x34, 0x32, 0x35, 0x0F, 0x2B, 0x20, 0x26, 0xAA, 0x21, /* DS:3CFE */
	0xA6, 0x21, 0xBE, 0x35, 0x93, 0x29, 0x12, 0x27, 0xAA, 0x21, 0xA6, 0x21, 0x6E, 0x35, 0xB4, 0x2B, /* DS:3D0E */
	0x18, 0x28, 0x67, 0x2F, 0xA6, 0x21, 0x32, 0x35, 0xBC, 0x2B, 0xC3, 0x24, 0x30, 0x2F, 0xA6, 0x21, /* DS:3D1E */
	0x4A, 0x35, 0x83, 0x2A, 0xF4, 0x25, 0xAA, 0x21, 0x5E, 0x34, 0xD6, 0x35, 0x72, 0x2D, 0x91, 0x24, /* DS:3D2E */
	0xAA, 0x21, 0xA6, 0x21, 0x4A, 0x35, 0xC2, 0x29, 0x2C, 0x24, 0xAA, 0x21, 0xA6, 0x21, 0x62, 0x35, /* DS:3D3E */
	0x4C, 0x2A, 0x0F, 0x24, 0xAA, 0x21, 0xA6, 0x21, 0x62, 0x35, 0x80, 0x2D, 0xA6, 0x27, 0xAA, 0x21, /* DS:3D4E */
	0xA6, 0x21, 0x36, 0x35, 0xA3, 0x29, 0x0D, 0x27, 0xAA, 0x21, 0xA6, 0x21, 0x6E, 0x35, 0x88, 0x2D, /* DS:3D5E */
	0xE8, 0x22, 0xAA, 0x21, 0xA6, 0x21, 0xA6, 0x35, 0xFD, 0x2D, 0x4A, 0x26, 0xAA, 0x21, 0xA6, 0x21, /* DS:3D6E */
	0xBE, 0x35, 0x01, 0x2E, 0x12, 0x26, 0xAA, 0x21, 0xA6, 0x21, 0xD6, 0x35, 0x97, 0x2C, 0x1D, 0x28, /* DS:3D7E */
	0xAA, 0x21, 0xA6, 0x21, 0x32, 0x35, 0xFC, 0x2C, 0x06, 0x24, 0xAA, 0x21, 0xA6, 0x21, 0x6A, 0x35, /* DS:3D8E */
	0xE4, 0x29, 0x70, 0x27, 0xAA, 0x21, 0x62, 0x34, 0x3E, 0x35, 0x0D, 0x2C, 0xBC, 0x22, 0xAA, 0x21, /* DS:3D9E */
	0xA6, 0x21, 0x3E, 0x35, 0xE8, 0x29, 0xE2, 0x22, 0xAA, 0x21, 0xA6, 0x21, 0xA6, 0x35, 0xCC, 0x2C, /* DS:3DAE */
	0xCE, 0x22, 0xAA, 0x21, 0xA6, 0x21, 0xA6, 0x35, 0x1F, 0x2B, 0xE4, 0x25, 0xAA, 0x21, 0xF6, 0x33, /* DS:3DBE */
	0xD6, 0x35, 0x2F, 0x2B, 0x15, 0x23, 0xAA, 0x21, 0xF6, 0x33, 0x8E, 0x35, 0x3F, 0x2B, 0x7E, 0x28, /* DS:3DCE */
	0xAA, 0x21, 0xF6, 0x33, 0xBA, 0x35, 0x9F, 0x2A, 0x7B, 0x22, 0xAA, 0x21, 0xF6, 0x33, 0xAA, 0x35, /* DS:3DDE */
	0x9A, 0x2A, 0x48, 0x27, 0xC8, 0x30, 0xF6, 0x33, 0x76, 0x35, 0x16, 0x2C, 0x28, 0x22, 0xAA, 0x21, /* DS:3DEE */
	0xF6, 0x33, 0xBA, 0x35, 0x00, 0x2D, 0xF7, 0x27, 0x39, 0x30, 0xF6, 0x33, 0xBA, 0x36, 0x05, 0x2E, /* DS:3DFE */
	0x52, 0x24, 0xAA, 0x21, 0xF6, 0x33, 0x9E, 0x35, 0x1D, 0x2D, 0x6C, 0x26, 0xAA, 0x21, 0xF6, 0x33, /* DS:3E0E */
	0xBE, 0x35, 0x29, 0x2E, 0x02, 0x25, 0x39, 0x30, 0xA6, 0x21, 0xD2, 0x35, 0xE5, 0x2C, 0xCE, 0x22, /* DS:3E1E */
	0xAA, 0x21, 0xA6, 0x21, 0xA6, 0x35, 0xDF, 0x2C, 0x6B, 0x27, 0xAA, 0x21, 0xA6, 0x21, 0x36, 0x35, /* DS:3E2E */
	0xEA, 0x2C, 0xA8, 0x26, 0xAA, 0x21, 0xF6, 0x33, 0xBE, 0x35, 0xFC, 0x2B, 0x04, 0x22, 0x36, 0x2F, /* DS:3E3E */
	0x06, 0x35, 0x86, 0x35, 0xE1, 0x29, 0x0E, 0x25, 0x35, 0x2E, 0xF6, 0x33, 0xC6, 0x36, 0xD4, 0x2A, /* DS:3E4E */
	0xEE, 0x23, 0xAA, 0x21, 0xF6, 0x33, 0x72, 0x36, 0x87, 0x2B, 0x99, 0x28, 0xAA, 0x21, 0xF6, 0x33, /* DS:3E5E */
	0x8A, 0x35, 0xF5, 0x2B, 0x52, 0x23, 0x66, 0x32, 0xF6, 0x33, 0xC6, 0x36, 0xD4, 0x2C, 0xC3, 0x23, /* DS:3E6E */
	0xA8, 0x2F, 0x06, 0x35, 0xD2, 0x36, 0x54, 0x2A, 0x27, 0x28, 0xAA, 0x21, 0xF6, 0x33, 0x32, 0x35, /* DS:3E7E */
	0xF7, 0x29, 0x66, 0x23, 0xAA, 0x21, 0xF6, 0x33, 0xC6, 0x36, 0xF7, 0x29, 0x50, 0x23, 0xAA, 0x21, /* DS:3E8E */
	0xA6, 0x21, 0xC6, 0x36, 0x20, 0x29, 0x87, 0x23, 0x39, 0x30, 0xA6, 0x21, 0xD6, 0x37, 0x23, 0x2B, /* DS:3E9E */
	0x7D, 0x27, 0xAA, 0x21, 0x06, 0x35, 0x92, 0x36, 0x0D, 0x2E, 0xAC, 0x21, 0xA6, 0x33, 0x06, 0x35, /* DS:3EAE */
	0xEE, 0x37, 0x0D, 0x2B, 0x6E, 0x25, 0xCD, 0x30, 0x06, 0x35, 0xAE, 0x36, 0x26, 0x2B, 0xEE, 0x25, /* DS:3EBE */
	0x64, 0x33, 0x06, 0x35, 0x22, 0x37, 0x20, 0x29, 0xB4, 0x21, 0xAA, 0x21, 0xA6, 0x21, 0x26, 0x37, /* DS:3ECE */
	0x28, 0x2C, 0xBE, 0x26, 0xAA, 0x21, 0xEE, 0x37, 0x36, 0x37, 0xBF, 0x2D, 0xB6, 0x28, 0x90, 0x30, /* DS:3EDE */
	0x2A, 0x34, 0x06, 0x37, 0xDE, 0x2A, 0x50, 0x23, 0xAA, 0x21, 0xEE, 0x37, 0x36, 0x37, 0x28, 0x2C, /* DS:3EEE */
	0xBE, 0x26, 0x3E, 0x31, 0xA6, 0x21, 0x26, 0x37, 0xBF, 0x2D, 0x40, 0x28, 0x0B, 0x31, 0xA6, 0x21, /* DS:3EFE */
	0x36, 0x37, 0xAB, 0x21, 0x62, 0x23, 0xFE, 0x32, 0x06, 0x35, 0xF6, 0x36, 0x44, 0x2D, 0xCA, 0x21, /* DS:3F0E */
	0x35, 0x2E, 0xF6, 0x33, 0xD6, 0x37, 0x28, 0x2B, 0xBF, 0x21, 0x1E, 0x31, 0x06, 0x35, 0x26, 0x37, /* DS:3F1E */
	0x05, 0x2D, 0xD1, 0x26, 0x35, 0x2E, 0x06, 0x35, 0x26, 0x37, 0xDE, 0x2A, 0x02, 0x25, 0x3E, 0x2E, /* DS:3F2E */
	0xF6, 0x33, 0xC6, 0x36, 0xAB, 0x21, 0xAE, 0x21, 0x15, 0x2F, 0xDA, 0x34, 0x6E, 0x37, 0xAB, 0x21, /* DS:3F3E */
	0xB4, 0x21, 0xAA, 0x21, 0x22, 0x34, 0x5A, 0x37, 0xAB, 0x21, 0xB4, 0x21, 0xAA, 0x21, 0x1E, 0x34, /* DS:3F4E */
	0x5A, 0x37, 0xAB, 0x21, 0x50, 0x23, 0xAA, 0x21, 0xDA, 0x34, 0xDE, 0x36, 0x07, 0x2B, 0x04, 0x29, /* DS:3F5E */
	0xAA, 0x21, 0xCA, 0x34, 0xC2, 0x34, 0xAB, 0x21, 0x87, 0x23, 0x96, 0x2F, 0x36, 0x34, 0x56, 0x37, /* DS:3F6E */
	0xDE, 0x2A, 0x23, 0x25, 0xAA, 0x21, 0x3E, 0x34, 0x56, 0x37, 0xDE, 0x2A, 0x50, 0x23, 0x1E, 0x31, /* DS:3F7E */
	0xA6, 0x21, 0xC6, 0x36, 0x87, 0x29, 0x56, 0x27, 0x39, 0x30, 0x06, 0x35, 0x12, 0x35, 0xAB, 0x21, /* DS:3F8E */
	0x87, 0x23, 0xAA, 0x21, 0xEE, 0x37, 0xD6, 0x37, 0xAB, 0x21, 0x50, 0x23, 0x3E, 0x2E, 0xF6, 0x33, /* DS:3F9E */
	0x56, 0x37, 0xAB, 0x21, 0xB1, 0x21, 0xBE, 0x31, 0xF6, 0x33, 0x72, 0x37, 0xAB, 0x21, 0xAC, 0x21, /* DS:3FAE */
	0x96, 0x2F, 0xF6, 0x33, 0xF2, 0x35, 0xAB, 0x21, 0x50, 0x23, 0xAA, 0x21, 0xB6, 0x34, 0x56, 0x37, /* DS:3FBE */
	0xAB, 0x21, 0x87, 0x23, 0xAA, 0x21, 0xA6, 0x21, 0x56, 0x37, 0x67, 0x2B, 0xD8, 0x27, 0xAA, 0x21, /* DS:3FCE */
	0xA6, 0x21, 0x12, 0x35, 0x37, 0x2B, 0x7A, 0x24, 0xAA, 0x21, 0xA6, 0x21, 0x16, 0x35, 0x8F, 0x2A, /* DS:3FDE */
	0xD4, 0x24, 0x49, 0x30, 0x06, 0x35, 0x46, 0x35, 0x10, 0x2D, 0x40, 0x23, 0xAA, 0x21, 0xA6, 0x21, /* DS:3FEE */
	0x92, 0x35, 0x8C, 0x2A, 0xE8, 0x26, 0xAA, 0x21, 0x06, 0x35, 0x36, 0x37, 0x28, 0x2C, 0xE8, 0x26, /* DS:3FFE */
	0x1E, 0x31, 0x06, 0x35, 0x36, 0x37, 0x93, 0x2C, 0x95, 0x25, 0xAA, 0x21, 0x06, 0x35, 0xAE, 0x36, /* DS:400E */
	0x87, 0x2A, 0x84, 0x25, 0xAA, 0x21, 0xF6, 0x33, 0x52, 0x35, 0x8C, 0x2C, 0xEC, 0x23, 0xAA, 0x21, /* DS:401E */
	0xA6, 0x21, 0x76, 0x36, 0xAB, 0x21, 0xEC, 0x23, 0xAA, 0x21, 0xA6, 0x21, 0x72, 0x36, 0xD7, 0x2C, /* DS:402E */
	0x4B, 0x22, 0xAA, 0x21, 0xF6, 0x33, 0xAE, 0x35, 0x2E, 0x2D, 0x4B, 0x22, 0xAA, 0x21, 0xF6, 0x33, /* DS:403E */
	0xAE, 0x35, 0xDC, 0x29, 0x65, 0x25, 0xAA, 0x21, 0xA6, 0x21, 0xC6, 0x34, 0xAB, 0x21, 0x34, 0x24, /* DS:404E */
	0xAA, 0x21, 0xF2, 0x37, 0xB2, 0x37, 0xAB, 0x21, 0x34, 0x24, 0xAA, 0x21, 0xFA, 0x37, 0xB2, 0x37, /* DS:405E */
	0xC6, 0x2B, 0xC6, 0x21, 0x86, 0x2E, 0xAE, 0x34, 0xD6, 0x37, 0x98, 0x2A, 0x63, 0x25, 0xAA, 0x21, /* DS:406E */
	0xAA, 0x34, 0xD2, 0x34, 0xDE, 0x2A, 0x2F, 0x25, 0x35, 0x2E, 0x06, 0x35, 0xCE, 0x36, 0x98, 0x2A, /* DS:407E */
	0x60, 0x24, 0x91, 0x31, 0xDA, 0x34, 0xB2, 0x37, 0xAB, 0x21, 0x34, 0x24, 0xAA, 0x21, 0x02, 0x35, /* DS:408E */
	0xB2, 0x37, 0xAB, 0x21, 0x63, 0x25, 0x7A, 0x30, 0xAE, 0x34, 0xD2, 0x34, 0x23, 0x2C, 0x15, 0x29, /* DS:409E */
	0xAA, 0x21, 0xA6, 0x21, 0x8A, 0x35, 0xC4, 0x2B, 0xB8, 0x26, 0xAA, 0x21, 0xFA, 0x33, 0xB6, 0x37, /* DS:40AE */
	0xAB, 0x21, 0x34, 0x24, 0xAA, 0x21, 0xA6, 0x21, 0xB2, 0x37, 0xAB, 0x21, 0xAC, 0x21, 0xB9, 0x31, /* DS:40BE */
	0xDA, 0x34, 0xDA, 0x34, 0x6F, 0x2D, 0x56, 0x28, 0xC4, 0x2E, 0xA6, 0x21, 0x26, 0x37, 0x42, 0x2D, /* DS:40CE */
	0xEF, 0x27, 0xAA, 0x21, 0xA6, 0x21, 0x86, 0x36, 0x9B, 0x2D, 0xAA, 0x23, 0xAA, 0x21, 0xA6, 0x21, /* DS:40DE */
	0x26, 0x37, 0x87, 0x29, 0x6C, 0x25, 0xAA, 0x21, 0xB2, 0x34, 0x42, 0x34, 0xAC, 0x29, 0x28, 0x25, /* DS:40EE */
	0xEC, 0x2E, 0x06, 0x35, 0x5E, 0x37, 0xB7, 0x29, 0xB9, 0x28, 0xAA, 0x21, 0x06, 0x35, 0xBA, 0x37, /* DS:40FE */
	0xC7, 0x29, 0xED, 0x27, 0xAA, 0x21, 0x06, 0x35, 0x8A, 0x36, 0xCE, 0x29, 0x42, 0x22, 0xAA, 0x21, /* DS:410E */
	0x06, 0x35, 0xAE, 0x35, 0xC7, 0x29, 0xEF, 0x27, 0xAA, 0x21, 0xA6, 0x21, 0x86, 0x36, 0x87, 0x29, /* DS:411E */
	0xED, 0x27, 0xAA, 0x21, 0xEA, 0x34, 0x86, 0x36, 0x77, 0x2D, 0xFA, 0x27, 0xAA, 0x21, 0xA6, 0x34, /* DS:412E */
	0x3E, 0x34, 0xBE, 0x29, 0x52, 0x27, 0x6C, 0x30, 0xDA, 0x34, 0x26, 0x37, 0xBE, 0x29, 0x52, 0x27, /* DS:413E */
	0x49, 0x30, 0x12, 0x34, 0x26, 0x37, 0xA8, 0x29, 0x0F, 0x28, 0xAA, 0x21, 0xA6, 0x21, 0x9A, 0x36, /* DS:414E */
	0xCA, 0x29, 0x47, 0x22, 0xAA, 0x21, 0x76, 0x34, 0xB2, 0x35, 0x8F, 0x29, 0x38, 0x22, 0xAA, 0x21, /* DS:415E */
	0xA6, 0x21, 0xAE, 0x35, 0x98, 0x29, 0x97, 0x26, 0xAA, 0x21, 0x06, 0x35, 0xC2, 0x35, 0xAF, 0x29, /* DS:416E */
	0xFE, 0x25, 0xAA, 0x21, 0x06, 0x35, 0xDA, 0x35, 0xA4, 0x2D, 0x4D, 0x27, 0xAA, 0x21, 0x06, 0x35, /* DS:417E */
	0xBE, 0x36, 0xB3, 0x29, 0x42, 0x27, 0x66, 0x30, 0x06, 0x35, 0xBE, 0x36, 0x87, 0x29, 0x6C, 0x25, /* DS:418E */
	0x82, 0x2F, 0x06, 0x35, 0x46, 0x36, 0x92, 0x2D, 0x96, 0x27, 0xAA, 0x21, 0x06, 0x35, 0x36, 0x35, /* DS:419E */
	0x87, 0x29, 0x6C, 0x25, 0xAA, 0x21, 0x52, 0x34, 0x42, 0x34, 0x8C, 0x29, 0xEC, 0x26, 0x35, 0x2E, /* DS:41AE */
	0xEE, 0x37, 0x36, 0x37, 0x87, 0x29, 0x6C, 0x25, 0xF2, 0x2E, 0xEE, 0x37, 0x6E, 0x36, 0xAB, 0x21, /* DS:41BE */
	0x84, 0x24, 0x39, 0x30, 0x7A, 0x34, 0x6A, 0x36, 0xD3, 0x29, 0x75, 0x27, 0xAA, 0x21, 0xA6, 0x21, /* DS:41CE */
	0x8E, 0x36, 0xB6, 0x2D, 0x39, 0x26, 0x57, 0x2E, 0x06, 0x35, 0xBE, 0x35, 0xC2, 0x2A, 0x57, 0x22, /* DS:41DE */
	0xAA, 0x21, 0xF6, 0x33, 0xAA, 0x35, 0x87, 0x29, 0x0D, 0x23, 0xAA, 0x21, 0xA6, 0x21, 0x5A, 0x36, /* DS:41EE */
	0x77, 0x2D, 0xF6, 0x28, 0xAA, 0x21, 0xA6, 0x21, 0x66, 0x36, 0x20, 0x29, 0xF2, 0x21, 0xA8, 0x2F, /* DS:41FE */
	0xF6, 0x33, 0xB6, 0x34, 0x20, 0x29, 0xDF, 0x26, 0xAA, 0x21, 0x06, 0x34, 0xD6, 0x37, 0x28, 0x2C, /* DS:420E */
	0xBE, 0x26, 0x1E, 0x31, 0x76, 0x34, 0x26, 0x37, 0xBF, 0x2D, 0x59, 0x28, 0xAA, 0x21, 0x06, 0x35, /* DS:421E */
	0x26, 0x37, 0xBF, 0x2D, 0x40, 0x28, 0x1E, 0x31, 0x76, 0x34, 0x26, 0x37, 0xAB, 0x21, 0xAC, 0x21, /* DS:422E */
	0xC9, 0x33, 0x76, 0x34, 0x3A, 0x36, 0xBE, 0x2A, 0xE5, 0x28, 0xAA, 0x21, 0x3E, 0x34, 0xD6, 0x37, /* DS:423E */
	0x0D, 0x2E, 0xB4, 0x28, 0x39, 0x30, 0xA6, 0x21, 0xBA, 0x37, 0xB9, 0x2A, 0x5C, 0x22, 0xAA, 0x21, /* DS:424E */
	0xF6, 0x33, 0xAE, 0x35, 0xAC, 0x2A, 0xF1, 0x25, 0xAA, 0x21, 0xF6, 0x33, 0x1E, 0x37, 0xA8, 0x2A, /* DS:425E */
	0xB4, 0x21, 0xAA, 0x21, 0xA6, 0x21, 0x56, 0x37, 0xBE, 0x2A, 0x5E, 0x28, 0xBE, 0x2E, 0xA6, 0x21, /* DS:426E */
	0xD6, 0x37, 0xBE, 0x2A, 0xBE, 0x26, 0xAA, 0x21, 0xA6, 0x21, 0xD6, 0x37, 0xB1, 0x2A, 0xA1, 0x24, /* DS:427E */
	0xF2, 0x30, 0xA6, 0x21, 0x4A, 0x35, 0xA5, 0x2A, 0x02, 0x25, 0x1E, 0x31, 0x76, 0x34, 0x26, 0x37, /* DS:428E */
	0x98, 0x2A, 0xAC, 0x21, 0xC9, 0x33, 0x76, 0x34, 0xB6, 0x34, 0x8E, 0x2C, 0x41, 0x24, 0xAA, 0x21, /* DS:429E */
	0x6A, 0x34, 0x1A, 0x37, 0x8C, 0x2C, 0xEC, 0x23, 0xAA, 0x21, 0xA6, 0x21, 0x72, 0x36, 0xAB, 0x21, /* DS:42AE */
	0xAC, 0x21, 0x3D, 0x30, 0xDA, 0x34, 0x66, 0x36, 0x98, 0x2A, 0x34, 0x24, 0xAA, 0x21, 0xA6, 0x21, /* DS:42BE */
	0xB2, 0x37, 0xAB, 0x21, 0x6A, 0x24, 0xAA, 0x21, 0xA6, 0x21, 0x66, 0x36, 0x20, 0x29, 0xB4, 0x21, /* DS:42CE */
	0xAA, 0x21, 0xA6, 0x21, 0x26, 0x37, 0xF7, 0x29, 0x02, 0x25, 0xAA, 0x21, 0xF2, 0x33, 0x36, 0x37, /* DS:42DE */
	0xF7, 0x29, 0x50, 0x23, 0xAA, 0x21, 0xA6, 0x21, 0xC6, 0x36, 0x28, 0x2C, 0xCF, 0x28, 0xAA, 0x21, /* DS:42EE */
	0xF6, 0x34, 0x26, 0x37, 0x28, 0x2C, 0x1A, 0x29, 0xAA, 0x21, 0xA6, 0x21, 0x26, 0x37, 0xBF, 0x2D, /* DS:42FE */
	0x91, 0x22, 0xC0, 0x30, 0xA6, 0x21, 0xD6, 0x37, 0x9C, 0x29, 0x0D, 0x23, 0xAA, 0x21, 0xDA, 0x34, /* DS:430E */
	0x62, 0x36, 0xAB, 0x21, 0xAC, 0x21, 0x5D, 0x2E, 0xF2, 0x34, 0x56, 0x37, 0x98, 0x2A, 0x5D, 0x24, /* DS:431E */
	0x39, 0x30, 0x7E, 0x34, 0xB2, 0x37, 0xAB, 0x21, 0x50, 0x23, 0x3E, 0x2E, 0xF2, 0x34, 0xC6, 0x36, /* DS:432E */
	0xAB, 0x21, 0x50, 0x23, 0x3E, 0x2E, 0xDE, 0x34, 0xC6, 0x36, 0xAB, 0x21, 0xFF, 0x28, 0x84, 0x32, /* DS:433E */
	0xF2, 0x34, 0x56, 0x37, 0xAB, 0x21, 0xFF, 0x28, 0x1E, 0x31, 0xEE, 0x34, 0x62, 0x37, 0xAB, 0x21, /* DS:434E */
	0x02, 0x25, 0x3E, 0x2E, 0x12, 0x34, 0xC6, 0x36, 0xAB, 0x21, 0x50, 0x23, 0xAB, 0x33, 0x8A, 0x34, /* DS:435E */
	0xD6, 0x36, 0xAB, 0x21, 0x50, 0x23, 0x6A, 0x2E, 0x8A, 0x34, 0xEA, 0x36, 0xAB, 0x21, 0xAE, 0x21, /* DS:436E */
	0x8D, 0x2E, 0xDA, 0x34, 0x6A, 0x37, 0xAB, 0x21, 0x01, 0x29, 0x25, 0x30, 0xDA, 0x34, 0x86, 0x37, /* DS:437E */
	0xAB, 0x21, 0x50, 0x23, 0xAA, 0x21, 0xDA, 0x34, 0xEA, 0x36, 0x13, 0x2B, 0x9C, 0x27, 0xAA, 0x21, /* DS:438E */
	0x06, 0x35, 0xA2, 0x36, 0xAB, 0x21, 0x5F, 0x23, 0x48, 0x32, 0x06, 0x35, 0x2E, 0x37, 0x23, 0x2B, /* DS:439E */
	0x7D, 0x27, 0xAA, 0x21, 0xF6, 0x33, 0x96, 0x36, 0x0D, 0x2B, 0x74, 0x25, 0x35, 0x2E, 0x06, 0x35, /* DS:43AE */
	0x56, 0x35, 0xAB, 0x21, 0x5F, 0x23, 0xAC, 0x2F, 0xF6, 0x33, 0xE6, 0x36, 0xAB, 0x21, 0x5F, 0x23, /* DS:43BE */
	0xAA, 0x21, 0xF6, 0x33, 0xE2, 0x36, 0xAB, 0x21, 0x50, 0x23, 0xAA, 0x21, 0xBE, 0x34, 0x56, 0x37, /* DS:43CE */
	0xAB, 0x21, 0x26, 0x25, 0xAA, 0x21, 0x46, 0x34, 0x56, 0x37, 0xAB, 0x21, 0x50, 0x23, 0xAA, 0x21, /* DS:43DE */
	0x26, 0x34, 0x5A, 0x37, 0x09, 0x2B, 0xF1, 0x23, 0xAA, 0x21, 0x76, 0x34, 0x62, 0x35, 0xAB, 0x21, /* DS:43EE */
	0x02, 0x25, 0xAA, 0x21, 0xB6, 0x34, 0x56, 0x37, 0xAB, 0x21, 0x26, 0x25, 0xAA, 0x21, 0xA6, 0x21, /* DS:43FE */
	0x56, 0x37, 0xF7, 0x29, 0xB4, 0x21, 0xAA, 0x21, 0x76, 0x34, 0x42, 0x37, 0x20, 0x29, 0x02, 0x25, /* DS:440E */
	0xAA, 0x21, 0x76, 0x34, 0x26, 0x37, 0x28, 0x2C, 0x1A, 0x29, 0xAA, 0x21, 0x76, 0x34, 0x26, 0x37, /* DS:441E */
	0xDE, 0x2A, 0x50, 0x23, 0xAA, 0x21, 0x76, 0x34, 0x42, 0x37, 0xBF, 0x2D, 0x91, 0x22, 0xAA, 0x21, /* DS:442E */
	0x76, 0x34, 0x26, 0x37, 0x24, 0x2E, 0x50, 0x23, 0xAA, 0x21, 0x76, 0x34, 0x42, 0x37, 0xAB, 0x21, /* DS:443E */
	0xFF, 0x28, 0xAA, 0x21, 0xF6, 0x37, 0xC2, 0x34, 0xAB, 0x21, 0xFF, 0x28, 0xA5, 0x30, 0xEE, 0x37, /* DS:444E */
	0xCE, 0x34, 0xAB, 0x21, 0xFF, 0x28, 0x5E, 0x30, 0xA6, 0x21, 0xCE, 0x34, 0xAB, 0x21, 0x63, 0x25, /* DS:445E */
	0xAA, 0x21, 0xA6, 0x21, 0xD2, 0x34, 0x25, 0x2D, 0xFA, 0x22, 0xAA, 0x21, 0xA6, 0x21, 0xCA, 0x35, /* DS:446E */
	0x8F, 0x29, 0x1E, 0x22, 0xAA, 0x21, 0xA6, 0x21, 0xAA, 0x35, 0x9F, 0x29, 0x23, 0x22, 0xAA, 0x21, /* DS:447E */
	0xF6, 0x33, 0xAE, 0x35, 0xF7, 0x29, 0x92, 0x23, 0x57, 0x2E, 0x06, 0x35, 0x46, 0x37, 0x20, 0x29, /* DS:448E */
	0xE7, 0x21, 0x72, 0x30, 0x06, 0x35, 0x46, 0x37, 0x55, 0x2C, 0x3D, 0x22, 0xAA, 0x21, 0xA6, 0x21, /* DS:449E */
	0xAA, 0x35, 0xBC, 0x2C, 0xA2, 0x26, 0xAA, 0x21, 0x06, 0x35, 0xBE, 0x35, 0x6D, 0x2C, 0x81, 0x22, /* DS:44AE */
	0xAA, 0x21, 0xF6, 0x33, 0xAA, 0x35, 0x52, 0x2C, 0x50, 0x28, 0xAA, 0x21, 0xA6, 0x21, 0x26, 0x37, /* DS:44BE */
	0x2E, 0x29, 0x6E, 0x22, 0xAA, 0x21, 0xA6, 0x21, 0xAA, 0x35, 0xB7, 0x29, 0xBE, 0x28, 0xAA, 0x21, /* DS:44CE */
	0x06, 0x35, 0xCA, 0x35, 0xAB, 0x21, 0xAC, 0x21, 0x39, 0x30, 0xEA, 0x33, 0xA6, 0x21, 0x8D, 0x2B, /* DS:44DE */
	0xC7, 0x26, 0xAA, 0x21, 0xA6, 0x21, 0x26, 0x37, 0xAB, 0x21, 0x6C, 0x25, 0xAA, 0x21, 0xA6, 0x21, /* DS:44EE */
	0x42, 0x34, 0x5A, 0x29, 0x08, 0x22, 0xCE, 0x32, 0xA6, 0x21, 0xD6, 0x37, 0x20, 0x29, 0xE5, 0x28, /* DS:44FE */
	0xA5, 0x30, 0x42, 0x34, 0xD6, 0x37, 0x44, 0x29, 0xF8, 0x28, 0x35, 0x2E, 0x06, 0x35, 0x46, 0x35, /* DS:450E */
	0xCC, 0x2A, 0x4B, 0x23, 0xAA, 0x21, 0x06, 0x35, 0x92, 0x35, 0x57, 0x29, 0x6D, 0x23, 0x49, 0x30, /* DS:451E */
	0x06, 0x35, 0x96, 0x37, 0x20, 0x29, 0xE7, 0x28, 0x39, 0x30, 0xE2, 0x33, 0x26, 0x37, 0x20, 0x29, /* DS:452E */
	0xE7, 0x28, 0xAA, 0x21, 0xE2, 0x33, 0xD6, 0x37, 0x33, 0x2B, 0x27, 0x24, 0xAA, 0x21, 0xF6, 0x33, /* DS:453E */
	0x62, 0x35, 0x2B, 0x2B, 0x60, 0x22, 0xAA, 0x21, 0xF6, 0x33, 0xAA, 0x35, 0x76, 0x2B, 0xB4, 0x24, /* DS:454E */
	0x39, 0x30, 0xF6, 0x33, 0x42, 0x35, 0x43, 0x2B, 0xD2, 0x28, 0xAA, 0x21, 0xDA, 0x34, 0x06, 0x37, /* DS:455E */
	0x28, 0x2B, 0xE7, 0x28, 0xAA, 0x21, 0xF6, 0x33, 0xD6, 0x37, 0x48, 0x29, 0x6D, 0x23, 0xDF, 0x32, /* DS:456E */
	0xA6, 0x21, 0x96, 0x37, 0x20, 0x29, 0xEA, 0x21, 0xD3, 0x31, 0xF6, 0x33, 0x92, 0x37, 0x6F, 0x2B, /* DS:457E */
	0xD2, 0x22, 0xBB, 0x30, 0xA6, 0x21, 0xA6, 0x35, 0xA3, 0x2B, 0xF5, 0x21, 0xAA, 0x21, 0xF6, 0x33, /* DS:458E */
	0xFA, 0x35, 0x9C, 0x2B, 0x53, 0x28, 0x76, 0x2E, 0xA6, 0x21, 0x26, 0x37, 0xA9, 0x2B, 0x9B, 0x25, /* DS:459E */
	0xAA, 0x21, 0xA6, 0x21, 0x42, 0x34, 0x8D, 0x2B, 0xCA, 0x26, 0x1E, 0x31, 0x06, 0x35, 0xD6, 0x37, /* DS:45AE */
	0x28, 0x2C, 0xCA, 0x26, 0xC1, 0x32, 0xFA, 0x33, 0xD6, 0x37, 0x57, 0x2B, 0x9F, 0x23, 0x1A, 0x32, /* DS:45BE */
	0x06, 0x35, 0x56, 0x37, 0xFC, 0x29, 0x16, 0x22, 0x39, 0x30, 0x06, 0x35, 0x0A, 0x37, 0xF7, 0x29, /* DS:45CE */
	0x9B, 0x23, 0xAF, 0x30, 0x06, 0x35, 0x7A, 0x37, 0x28, 0x2C, 0xCA, 0x26, 0x1E, 0x31, 0xEE, 0x33, /* DS:45DE */
	0x92, 0x37, 0xDE, 0x2D, 0xCA, 0x26, 0x7D, 0x2E, 0xE2, 0x33, 0xD6, 0x37, 0xCC, 0x2D, 0x1A, 0x24, /* DS:45EE */
	0xAA, 0x21, 0xA6, 0x21, 0x72, 0x36, 0x00, 0x2B, 0x1A, 0x22, 0xAA, 0x21, 0xA6, 0x21, 0xBE, 0x37, /* DS:45FE */
	0xA8, 0x2D, 0x5E, 0x27, 0xAA, 0x21, 0xF6, 0x33, 0x4E, 0x36, 0xAB, 0x21, 0x61, 0x28, 0x52, 0x31, /* DS:460E */
	0x76, 0x34, 0xD6, 0x37, 0xAB, 0x21, 0x61, 0x28, 0x59, 0x31, 0xEE, 0x34, 0xD6, 0x37, 0x85, 0x29, /* DS:461E */
	0x1C, 0x26, 0xAA, 0x21, 0x06, 0x35, 0xEA, 0x37, 0xAB, 0x21, 0xE2, 0x25, 0xAA, 0x21, 0xA6, 0x21, /* DS:462E */
	0xE6, 0x37, 0x59, 0x2D, 0x50, 0x25, 0x91, 0x32, 0xF6, 0x33, 0x7A, 0x35, 0x59, 0x2D, 0x4B, 0x25, /* DS:463E */
	0xAA, 0x21, 0xF6, 0x33, 0x7A, 0x35, 0xAB, 0x21, 0x8E, 0x26, 0x7C, 0x32, 0x06, 0x35, 0x16, 0x37, /* DS:464E */
	0xCF, 0x2D, 0x79, 0x23, 0x1E, 0x31, 0xF6, 0x33, 0xEA, 0x36, 0xD9, 0x2D, 0xA8, 0x28, 0xAA, 0x21, /* DS:465E */
	0xA6, 0x21, 0xBA, 0x35, 0x69, 0x2C, 0xB2, 0x22, 0xAA, 0x21, 0xA6, 0x21, 0x76, 0x35, 0x69, 0x29, /* DS:466E */
	0x46, 0x24, 0xAA, 0x21, 0xF6, 0x33, 0x1A, 0x37, 0x36, 0x29, 0xA3, 0x22, 0xAA, 0x21, 0x06, 0x35, /* DS:467E */
	0x42, 0x35, 0x2A, 0x2C, 0x9F, 0x25, 0xC9, 0x33, 0x06, 0x35, 0xAA, 0x36, 0xC4, 0x2D, 0x65, 0x22, /* DS:468E */
	0xAA, 0x21, 0x06, 0x35, 0xAE, 0x35, 0xE6, 0x2A, 0xAA, 0x24, 0x49, 0x30, 0x06, 0x35, 0x46, 0x35, /* DS:469E */
	0x17, 0x2A, 0x7D, 0x25, 0xDF, 0x30, 0xA6, 0x21, 0x52, 0x35, 0x1B, 0x2A, 0x81, 0x27, 0x39, 0x30, /* DS:46AE */
	0xA6, 0x21, 0x12, 0x35, 0xAB, 0x21, 0x1E, 0x26, 0xAA, 0x21, 0xA6, 0x21, 0xCE, 0x37, 0x57, 0x29, /* DS:46BE */
	0x71, 0x23, 0x49, 0x30, 0x06, 0x35, 0x96, 0x37, 0xE0, 0x2A, 0xC3, 0x21, 0xAA, 0x21, 0xF6, 0x33, /* DS:46CE */
	0xD6, 0x37, 0x52, 0x29, 0xDC, 0x28, 0x39, 0x30, 0x06, 0x35, 0xA6, 0x35, 0x3A, 0x2A, 0xC3, 0x28, /* DS:46DE */
	0x39, 0x30, 0x06, 0x35, 0xA6, 0x35, 0x80, 0x2C, 0xC4, 0x27, 0x39, 0x30, 0x06, 0x35, 0x12, 0x35, /* DS:46EE */
	0x7D, 0x2C, 0x22, 0x28, 0xAA, 0x21, 0x06, 0x35, 0x0E, 0x35, 0x25, 0x2D, 0xDD, 0x22, 0xAA, 0x21, /* DS:46FE */
	0xA6, 0x21, 0xA6, 0x35, 0x1B, 0x2E, 0xC3, 0x22, 0xAA, 0x21, 0xA6, 0x21, 0x32, 0x35, 0x0B, 0x2A, /* DS:470E */
	0x0A, 0x28, 0xAA, 0x21, 0xA6, 0x21, 0x32, 0x35, 0x08, 0x2A, 0x57, 0x23, 0xFF, 0x2E, 0xF6, 0x33, /* DS:471E */
	0x26, 0x37, 0xEE, 0x2A, 0xBE, 0x27, 0xAA, 0x21, 0xA6, 0x21, 0x3A, 0x35, 0xC6, 0x2B, 0x04, 0x22, /* DS:472E */
	0x5B, 0x2F, 0x06, 0x35, 0x82, 0x35, 0xD2, 0x2B, 0x33, 0x26, 0xAA, 0x21, 0x06, 0x35, 0x22, 0x36, /* DS:473E */
	0x19, 0x2D, 0x9C, 0x24, 0xF7, 0x30, 0x06, 0x35, 0x46, 0x35, 0x08, 0x2D, 0x28, 0x22, 0xAA, 0x21, /* DS:474E */
	0x06, 0x35, 0xAE, 0x35, 0x72, 0x2A, 0x73, 0x24, 0xAA, 0x21, 0xF6, 0x33, 0x42, 0x35, 0x12, 0x2E, /* DS:475E */
	0x17, 0x26, 0xAA, 0x21, 0xF6, 0x33, 0xD6, 0x35, 0x52, 0x2C, 0x8D, 0x22, 0xAA, 0x21, 0xF6, 0x33, /* DS:476E */
	0xD2, 0x37, 0x6A, 0x2A, 0xDE, 0x27, 0xC9, 0x33, 0xF6, 0x33, 0x4E, 0x36, 0x5D, 0x2A, 0xE2, 0x27, /* DS:477E */
	0x35, 0x2E, 0xF6, 0x33, 0x52, 0x36, 0x33, 0x2A, 0x36, 0x24, 0xAA, 0x21, 0xF6, 0x33, 0x9E, 0x35, /* DS:478E */
	0xEE, 0x2A, 0xBE, 0x27, 0xAA, 0x21, 0xA6, 0x21, 0x3A, 0x35, 0xEA, 0x2A, 0x04, 0x26, 0x49, 0x30, /* DS:479E */
	0x06, 0x35, 0xDA, 0x35, 0x50, 0x2A, 0x4C, 0x24, 0xAA, 0x21, 0x06, 0x35, 0xA2, 0x35, 0x12, 0x2A, /* DS:47AE */
	0x6C, 0x24, 0xAA, 0x21, 0x06, 0x35, 0x7E, 0x35, 0xF7, 0x29, 0xA3, 0x23, 0x35, 0x2E, 0xF6, 0x33, /* DS:47BE */
	0x72, 0x37, 0x2D, 0x2C, 0x46, 0x23, 0x75, 0x2F, 0x06, 0x35, 0xFE, 0x35, 0x7A, 0x2C, 0xA2, 0x27, /* DS:47CE */
	0x7C, 0x2F, 0x06, 0x35, 0x4E, 0x36, 0x4E, 0x2C, 0x32, 0x28, 0xAA, 0x21, 0x06, 0x35, 0x9A, 0x36, /* DS:47DE */
	0x3E, 0x29, 0x53, 0x26, 0xAA, 0x21, 0xA6, 0x21, 0x1E, 0x36, 0xF3, 0x2A, 0x43, 0x26, 0xAA, 0x21, /* DS:47EE */
	0xA6, 0x21, 0x1E, 0x36, 0x98, 0x2A, 0xB2, 0x26, 0xAA, 0x21, 0xFA, 0x34, 0xAA, 0x37, 0x98, 0x2A, /* DS:47FE */
	0xAC, 0x26, 0x39, 0x30, 0xDA, 0x34, 0xAA, 0x37, 0x8C, 0x2C, 0xAC, 0x26, 0x39, 0x30, 0xDA, 0x34, /* DS:480E */
	0xAA, 0x37, 0xAE, 0x2B, 0xAC, 0x26, 0x39, 0x30, 0xDA, 0x34, 0xCA, 0x37, 0xAE, 0x2B, 0x8B, 0x26, /* DS:481E */
	0xAA, 0x21, 0x06, 0x35, 0xAA, 0x37, 0x98, 0x2A, 0xAC, 0x26, 0xAA, 0x21, 0x06, 0x35, 0x8E, 0x37, /* DS:482E */
	0x48, 0x29, 0x71, 0x23, 0x2D, 0x30, 0xF6, 0x33, 0x96, 0x37, 0x28, 0x2C, 0xEF, 0x26, 0x72, 0x30, /* DS:483E */
	0x72, 0x34, 0xD6, 0x37, 0x3A, 0x29, 0xAC, 0x26, 0x59, 0x33, 0x06, 0x35, 0xAA, 0x37, 0x33, 0x29, /* DS:484E */
	0x01, 0x22, 0x43, 0x32, 0x06, 0x35, 0xD6, 0x37, 0x20, 0x29, 0x01, 0x22, 0x73, 0x32, 0x06, 0x35, /* DS:485E */
	0xF2, 0x36, 0x20, 0x29, 0x01, 0x22, 0x0A, 0x2F, 0x06, 0x35, 0x92, 0x37, 0x20, 0x29, 0x01, 0x22, /* DS:486E */
	0x72, 0x30, 0x06, 0x35, 0xD6, 0x37, 0x26, 0x2E, 0x34, 0x23, 0xAA, 0x21, 0xA6, 0x21, 0xFA, 0x36, /* DS:487E */
	0xAB, 0x21, 0xB8, 0x26, 0xAA, 0x21, 0x3A, 0x34, 0xB6, 0x37, 0xAB, 0x21, 0xAC, 0x26, 0xAA, 0x21, /* DS:488E */
	0xA6, 0x21, 0xAA, 0x37, 0x0F, 0x2A, 0x68, 0x25, 0x39, 0x30, 0x5E, 0x34, 0xFE, 0x35, 0x07, 0x2B, /* DS:489E */
	0xB9, 0x24, 0xC9, 0x33, 0x06, 0x35, 0xB6, 0x36, 0xAB, 0x21, 0xBE, 0x26, 0xAC, 0x32, 0xF6, 0x33, /* DS:48AE */
	0xF2, 0x36, 0xAB, 0x21, 0xC0, 0x26, 0xE5, 0x2F, 0x06, 0x35, 0xF6, 0x36, 0xDE, 0x2A, 0x5C, 0x23, /* DS:48BE */
	0xAA, 0x21, 0xF6, 0x33, 0xEE, 0x36, 0xF7, 0x29, 0x5C, 0x23, 0xAA, 0x21, 0xF6, 0x33, 0xE2, 0x36, /* DS:48CE */
	0x34, 0x2C, 0x86, 0x27, 0x39, 0x30, 0xA6, 0x21, 0x66, 0x36, 0x28, 0x2C, 0xBE, 0x26, 0xAA, 0x21, /* DS:48DE */
	0xEE, 0x37, 0x26, 0x37, 0x28, 0x2C, 0x91, 0x22, 0xAA, 0x21, 0xA6, 0x21, 0x26, 0x37, 0xAB, 0x21, /* DS:48EE */
	0xE5, 0x28, 0x77, 0x33, 0x9A, 0x34, 0x92, 0x37, 0xAB, 0x21, 0xE5, 0x28, 0xFF, 0x31, 0x9A, 0x34, /* DS:48FE */
	0xD6, 0x37, 0x0D, 0x2B, 0x8A, 0x25, 0x51, 0x2E, 0x06, 0x35, 0xB2, 0x36, 0xAB, 0x21, 0xC0, 0x26, /* DS:490E */
	0xAA, 0x21, 0x06, 0x35, 0x2A, 0x37, 0xAB, 0x21, 0xBE, 0x26, 0xAA, 0x21, 0xBE, 0x34, 0xD6, 0x37, /* DS:491E */
	0xAB, 0x21, 0xBE, 0x26, 0xAA, 0x21, 0x2E, 0x34, 0xDA, 0x37, 0xAB, 0x21, 0xDF, 0x26, 0x3E, 0x31, /* DS:492E */
	0xF6, 0x37, 0xD6, 0x37, 0xAB, 0x21, 0xBE, 0x26, 0xAA, 0x21, 0xBA, 0x34, 0xD6, 0x37, 0xAB, 0x21, /* DS:493E */
	0xDF, 0x26, 0xAA, 0x21, 0xA6, 0x21, 0xD6, 0x37, 0xF9, 0x2A, 0xF2, 0x27, 0xAA, 0x21, 0xF6, 0x33, /* DS:494E */
	0x4A, 0x35, 0x0C, 0x2D, 0x81, 0x25, 0xAA, 0x21, 0x06, 0x35, 0xAA, 0x36, 0xAB, 0x21, 0x05, 0x27, /* DS:495E */
	0xAA, 0x21, 0xA6, 0x21, 0x7A, 0x36, 0xAB, 0x21, 0x6C, 0x25, 0xAA, 0x21, 0xA6, 0x21, 0x42, 0x34, /* DS:496E */
	0x89, 0x2C, 0xE2, 0x28, 0x39, 0x30, 0x76, 0x34, 0x0A, 0x36, 0xEB, 0x2D, 0xE8, 0x23, 0xAA, 0x21, /* DS:497E */
	0xDA, 0x34, 0xD6, 0x37, 0xBF, 0x2D, 0x42, 0x28, 0xD1, 0x2E, 0xF6, 0x33, 0x92, 0x37, 0x57, 0x29, /* DS:498E */
	0x75, 0x23, 0x49, 0x30, 0x06, 0x35, 0x96, 0x37, 0x08, 0x2A, 0x83, 0x23, 0xAA, 0x21, 0xF6, 0x33, /* DS:499E */
	0xE6, 0x35, 0x77, 0x2A, 0xCD, 0x26, 0x47, 0x2E, 0xA6, 0x21, 0xCE, 0x35, 0x6E, 0x2A, 0xDA, 0x23, /* DS:49AE */
	0x39, 0x30, 0xA6, 0x21, 0xD2, 0x35, 0x60, 0x2A, 0x00, 0x23, 0xAA, 0x21, 0xA6, 0x21, 0xA6, 0x35, /* DS:49BE */
	0x59, 0x2C, 0x2D, 0x23, 0xAA, 0x21, 0xA6, 0x21, 0x8E, 0x35, 0xE0, 0x2A, 0xE0, 0x25, 0x39, 0x30, /* DS:49CE */
	0xA6, 0x21, 0xD2, 0x35, 0xF0, 0x29, 0xA5, 0x24, 0xAA, 0x21, 0xA6, 0x21, 0x42, 0x35, 0x44, 0x2A, /* DS:49DE */
	0xAF, 0x24, 0xAA, 0x21, 0xA6, 0x21, 0x42, 0x35, 0xB5, 0x2A, 0x70, 0x26, 0xAA, 0x21, 0xDA, 0x34, /* DS:49EE */
	0x16, 0x37, 0x65, 0x2A, 0xE2, 0x21, 0xAA, 0x21, 0xA6, 0x21, 0xD2, 0x35, 0x65, 0x2C, 0x4F, 0x26, /* DS:49FE */
	0xAA, 0x21, 0xF6, 0x33, 0xBE, 0x35, 0x25, 0x29, 0x66, 0x27, 0xAA, 0x21, 0xA6, 0x21, 0x36, 0x35, /* DS:4A0E */
	0x02, 0x2A, 0x8E, 0x28, 0x39, 0x30, 0xA6, 0x21, 0x12, 0x37, 0x7B, 0x2A, 0x7C, 0x26, 0xAA, 0x21, /* DS:4A1E */
	0xA6, 0x21, 0x16, 0x37, 0x23, 0x2A, 0x7C, 0x26, 0xAA, 0x21, 0xA6, 0x21, 0x16, 0x37, 0x85, 0x29, /* DS:4A2E */
	0x6F, 0x28, 0xAA, 0x21, 0xF6, 0x33, 0x26, 0x36, 0x20, 0x29, 0xD1, 0x26, 0xCD, 0x33, 0x76, 0x34, /* DS:4A3E */
	0x26, 0x37, 0xA2, 0x2C, 0xF2, 0x26, 0x72, 0x30, 0x36, 0x34, 0xD6, 0x37, 0x20, 0x29, 0xF2, 0x26, /* DS:4A4E */
	0x72, 0x30, 0x36, 0x34, 0xD6, 0x37, 0xA2, 0x2C, 0xC0, 0x23, 0x30, 0x31, 0x4E, 0x34, 0xD6, 0x37, /* DS:4A5E */
	0x20, 0x29, 0xF5, 0x26, 0x4F, 0x2F, 0x06, 0x35, 0xF2, 0x36, 0x20, 0x29, 0xF5, 0x26, 0x1E, 0x31, /* DS:4A6E */
	0x06, 0x35, 0x96, 0x37, 0x20, 0x29, 0xC0, 0x23, 0x1E, 0x31, 0xDA, 0x34, 0xD6, 0x37, 0x20, 0x29, /* DS:4A7E */
	0xF2, 0x26, 0x1E, 0x31, 0xA6, 0x21, 0xD6, 0x37, 0xF9, 0x2C, 0x80, 0x23, 0xAB, 0x2E, 0xDA, 0x34, /* DS:4A8E */
	0xD6, 0x37, 0xDE, 0x2A, 0x6F, 0x28, 0x1E, 0x31, 0x76, 0x34, 0x56, 0x37, 0xDE, 0x2A, 0x80, 0x23, /* DS:4A9E */
	0x1E, 0x31, 0x6A, 0x34, 0x56, 0x37, 0x2F, 0x2A, 0x3C, 0x24, 0x29, 0x30, 0xF6, 0x33, 0x42, 0x34, /* DS:4AAE */
	0xDB, 0x2C, 0x8C, 0x24, 0x49, 0x30, 0xA6, 0x21, 0x46, 0x35, 0xD4, 0x2C, 0xC0, 0x23, 0x43, 0x2F, /* DS:4ABE */
	0xA6, 0x21, 0x56, 0x37, 0xF7, 0x29, 0x72, 0x28, 0x17, 0x31, 0xEE, 0x37, 0xD6, 0x37, 0xF7, 0x29, /* DS:4ACE */
	0x6F, 0x28, 0x1E, 0x31, 0x76, 0x34, 0x56, 0x37, 0x57, 0x29, 0x6F, 0x28, 0x44, 0x30, 0x56, 0x34, /* DS:4ADE */
	0xD6, 0x37, 0x28, 0x2C, 0xED, 0x28, 0xA8, 0x2F, 0xA6, 0x21, 0x92, 0x37, 0x3D, 0x2C, 0xCF, 0x25, /* DS:4AEE */
	0xAA, 0x21, 0xA6, 0x21, 0x52, 0x35, 0xE1, 0x2D, 0xDC, 0x25, 0xAA, 0x21, 0x3E, 0x36, 0x52, 0x35, /* DS:4AFE */
	0x30, 0x2C, 0xDC, 0x25, 0xAA, 0x21, 0xA6, 0x21, 0x1A, 0x35, 0x28, 0x2C, 0xEA, 0x28, 0xBB, 0x30, /* DS:4B0E */
	0x0E, 0x34, 0x92, 0x37, 0x0D, 0x2E, 0x32, 0x27, 0x39, 0x30, 0xA6, 0x21, 0x4E, 0x37, 0xAB, 0x21, /* DS:4B1E */
	0x6F, 0x28, 0x52, 0x31, 0x76, 0x34, 0xD6, 0x37, 0xAB, 0x21, 0x32, 0x27, 0xAA, 0x21, 0xA6, 0x21, /* DS:4B2E */
	0x4E, 0x37, 0xF9, 0x29, 0x60, 0x25, 0x3F, 0x31, 0x06, 0x35, 0x26, 0x36, 0xF9, 0x29, 0x1C, 0x29, /* DS:4B3E */
	0xC5, 0x33, 0xF6, 0x33, 0x12, 0x35, 0x85, 0x29, 0x60, 0x25, 0x3F, 0x31, 0x06, 0x35, 0x26, 0x36, /* DS:4B4E */
	0x85, 0x29, 0x60, 0x25, 0x32, 0x32, 0x06, 0x35, 0xF6, 0x33, 0x85, 0x29, 0x1C, 0x29, 0xC5, 0x33, /* DS:4B5E */
	0xF6, 0x33, 0xF6, 0x33, 0x85, 0x29, 0x56, 0x27, 0xAA, 0x21, 0x06, 0x35, 0x26, 0x36, 0x79, 0x29, /* DS:4B6E */
	0x60, 0x25, 0x3F, 0x31, 0x06, 0x35, 0x26, 0x36, 0x79, 0x29, 0x1C, 0x29, 0xC5, 0x33, 0x06, 0x35, /* DS:4B7E */
	0xF6, 0x33, 0xBF, 0x2D, 0x69, 0x28, 0x35, 0x2E, 0x06, 0x35, 0xA2, 0x37, 0x42, 0x2C, 0x07, 0x27, /* DS:4B8E */
	0xAA, 0x21, 0x06, 0x35, 0x82, 0x36, 0x28, 0x2C, 0xD7, 0x26, 0x2C, 0x32, 0x06, 0x35, 0x32, 0x37, /* DS:4B9E */
	0x28, 0x2C, 0xD4, 0x26, 0x35, 0x2E, 0x06, 0x35, 0x2A, 0x37, 0xDE, 0x2A, 0x42, 0x25, 0x4C, 0x33, /* DS:4BAE */
	0xF6, 0x33, 0x7E, 0x37, 0xFD, 0x2A, 0x79, 0x27, 0xF8, 0x2E, 0xF6, 0x33, 0x4E, 0x36, 0xDE, 0x2A, /* DS:4BBE */
	0x42, 0x25, 0x27, 0x32, 0x06, 0x35, 0xE2, 0x37, 0xAB, 0x21, 0x1E, 0x29, 0xEA, 0x30, 0xE2, 0x34, /* DS:4BCE */
	0xAE, 0x37, 0xDB, 0x2B, 0x2C, 0x28, 0xAA, 0x21, 0xA6, 0x21, 0x32, 0x35, 0xAB, 0x21, 0xED, 0x27, /* DS:4BDE */
	0xAA, 0x21, 0xA2, 0x34, 0x52, 0x37, 0xAB, 0x21, 0x1C, 0x29, 0xA1, 0x31, 0xDA, 0x34, 0xA6, 0x37, /* DS:4BEE */
	0xC8, 0x2D, 0x96, 0x24, 0x49, 0x30, 0xDA, 0x34, 0x46, 0x35, 0xC8, 0x2D, 0x91, 0x24, 0x49, 0x30, /* DS:4BFE */
	0xA6, 0x21, 0x46, 0x35, 0xAB, 0x21, 0x1C, 0x29, 0xF8, 0x2E, 0xC2, 0x34, 0xA6, 0x37, 0xAB, 0x21, /* DS:4C0E */
	0x1C, 0x29, 0xBB, 0x33, 0x06, 0x35, 0xA6, 0x37, 0x8C, 0x2C, 0x56, 0x27, 0x39, 0x30, 0xA6, 0x21, /* DS:4C1E */
	0x4E, 0x36, 0xAB, 0x21, 0x56, 0x27, 0xAA, 0x21, 0xA6, 0x21, 0x4E, 0x36, 0x73, 0x29, 0xB5, 0x26, /* DS:4C2E */
	0xAA, 0x21, 0xF6, 0x33, 0x06, 0x36, 0x59, 0x2D, 0x46, 0x25, 0x91, 0x32, 0x06, 0x35, 0x7A, 0x35, /* DS:4C3E */
	0xF0, 0x2B, 0xAF, 0x23, 0x3E, 0x2E, 0x06, 0x35, 0xD6, 0x37, 0xEC, 0x2B, 0x59, 0x26, 0x8A, 0x30, /* DS:4C4E */
	0x06, 0x35, 0x2A, 0x35, 0x37, 0x2A, 0x67, 0x26, 0xC9, 0x33, 0xF6, 0x33, 0xCA, 0x37, 0x42, 0x2D, /* DS:4C5E */
	0x63, 0x27, 0xAA, 0x21, 0xE2, 0x34, 0x4E, 0x36, 0xAB, 0x21, 0xED, 0x27, 0xAA, 0x21, 0xA2, 0x34, /* DS:4C6E */
	0x86, 0x36, 0xE9, 0x2B, 0xB6, 0x23, 0xAA, 0x21, 0xF6, 0x33, 0x72, 0x37, 0x4A, 0x2D, 0xAA, 0x25, /* DS:4C7E */
	0xAA, 0x21, 0xF6, 0x33, 0x52, 0x35, 0x47, 0x2D, 0xD1, 0x23, 0xAA, 0x21, 0x06, 0x35, 0xE6, 0x35, /* DS:4C8E */
	0x6B, 0x2D, 0x18, 0x27, 0xAA, 0x21, 0x76, 0x34, 0x6E, 0x35, 0x68, 0x2D, 0xDB, 0x26, 0xB7, 0x2E, /* DS:4C9E */
	0x76, 0x34, 0x26, 0x37, 0x5D, 0x2C, 0x1E, 0x24, 0xAA, 0x21, 0xA6, 0x21, 0x6A, 0x35, 0x21, 0x2D, /* DS:4CAE */
	0x1D, 0x27, 0xAA, 0x21, 0xF6, 0x33, 0x72, 0x35, 0x00, 0x2C, 0x9C, 0x26, 0xAA, 0x21, 0xF6, 0x33, /* DS:4CBE */
	0xBE, 0x35, 0xAA, 0x2C, 0xE6, 0x24, 0xAA, 0x21, 0xA6, 0x21, 0x4A, 0x35, 0x08, 0x2C, 0x14, 0x24, /* DS:4CCE */
	0xAA, 0x21, 0xA6, 0x21, 0x5E, 0x35, 0xB3, 0x2C, 0xEB, 0x24, 0x4C, 0x30, 0xA6, 0x21, 0x4E, 0x35, /* DS:4CDE */
	0x54, 0x2D, 0xFC, 0x24, 0xAA, 0x21, 0xF6, 0x33, 0x42, 0x35, 0x4F, 0x2D, 0xC8, 0x24, 0xAA, 0x21, /* DS:4CEE */
	0x06, 0x35, 0x4E, 0x35, 0x93, 0x2A, 0xB1, 0x25, 0xAA, 0x21, 0xF6, 0x33, 0xAA, 0x36, 0x39, 0x2C, /* DS:4CFE */
	0x0B, 0x24, 0x39, 0x30, 0xDA, 0x34, 0x22, 0x35, 0x85, 0x29, 0xFA, 0x27, 0xAA, 0x21, 0x06, 0x35, /* DS:4D0E */
	0x0E, 0x35, 0x7C, 0x29, 0xFA, 0x27, 0x6D, 0x33, 0xA6, 0x21, 0x3E, 0x34, 0xD7, 0x2C, 0x51, 0x22, /* DS:4D1E */
	0xAA, 0x21, 0x06, 0x35, 0x0E, 0x37, 0xD0, 0x2A, 0x95, 0x23, 0xAA, 0x21, 0x06, 0x35, 0x36, 0x37, /* DS:4D2E */
	0xC9, 0x2A, 0xBD, 0x25, 0xC9, 0x33, 0x06, 0x35, 0x6E, 0x36, 0xA0, 0x2D, 0xA4, 0x25, 0xAA, 0x21, /* DS:4D3E */
	0x06, 0x35, 0xAA, 0x36, 0x26, 0x2B, 0xAC, 0x21, 0x5E, 0x33, 0x06, 0x35, 0x36, 0x36, 0x9F, 0x2B, /* DS:4D4E */
	0xC3, 0x26, 0xAA, 0x21, 0x06, 0x35, 0x3A, 0x37, 0x20, 0x29, 0x0F, 0x22, 0x28, 0x31, 0x06, 0x35, /* DS:4D5E */
	0x26, 0x37, 0xAB, 0x21, 0xFA, 0x27, 0xAA, 0x21, 0xA6, 0x21, 0x3E, 0x34, 0x57, 0x29, 0x40, 0x28, /* DS:4D6E */
	0xAA, 0x21, 0x3E, 0x34, 0x56, 0x37, 0x57, 0x29, 0xC3, 0x26, 0xAA, 0x21, 0xA6, 0x21, 0xD2, 0x36, /* DS:4D7E */
	0x20, 0x29, 0x32, 0x24, 0xAA, 0x21, 0xE6, 0x34, 0x36, 0x37, 0x20, 0x29, 0xE5, 0x28, 0xAA, 0x21, /* DS:4D8E */
	0xA6, 0x21, 0x26, 0x37, 0xF7, 0x29, 0x40, 0x28, 0xAA, 0x21, 0xA6, 0x21, 0x56, 0x37, 0x28, 0x2C, /* DS:4D9E */
	0x91, 0x22, 0xAA, 0x21, 0x16, 0x34, 0x26, 0x37, 0x28, 0x2C, 0x59, 0x28, 0x97, 0x2E, 0x9A, 0x34, /* DS:4DAE */
	0xD6, 0x37, 0x28, 0x2C, 0x91, 0x22, 0xDD, 0x2E, 0x9A, 0x34, 0x26, 0x37, 0x28, 0x2C, 0xE5, 0x28, /* DS:4DBE */
	0x35, 0x2E, 0x9A, 0x34, 0xD6, 0x37, 0x9B, 0x2C, 0x6C, 0x25, 0xAA, 0x21, 0xCA, 0x36, 0x42, 0x34, /* DS:4DCE */
	0x9B, 0x2C, 0xD5, 0x25, 0xAA, 0x21, 0xA6, 0x21, 0x42, 0x34, 0x98, 0x2A, 0x34, 0x24, 0xAA, 0x30, /* DS:4DDE */
	0x66, 0x37, 0xB2, 0x37, 0x98, 0x2A, 0x63, 0x24, 0xAA, 0x21, 0xDA, 0x34, 0xB2, 0x37, 0x3F, 0x2B, /* DS:4DEE */
	0x83, 0x28, 0xAA, 0x21, 0xDA, 0x34, 0xBA, 0x35, 0xAB, 0x21, 0x91, 0x22, 0x32, 0x33, 0x06, 0x35, /* DS:4DFE */
	0x2E, 0x37, 0xAB, 0x21, 0x91, 0x22, 0xA5, 0x30, 0xDE, 0x34, 0x26, 0x37, 0xAB, 0x21, 0x40, 0x28, /* DS:4E0E */
	0xAA, 0x21, 0xDA, 0x34, 0x26, 0x37, 0x28, 0x2C, 0x32, 0x24, 0xAA, 0x21, 0xE6, 0x33, 0xD6, 0x37, /* DS:4E1E */
	0x28, 0x2C, 0x32, 0x24, 0xAA, 0x21, 0xA6, 0x21, 0x26, 0x37, 0xAB, 0x21, 0x91, 0x22, 0xAA, 0x21, /* DS:4E2E */
	0x36, 0x34, 0xD6, 0x37, 0xAB, 0x21, 0x40, 0x28, 0x23, 0x31, 0xB6, 0x34, 0xD6, 0x37, 0xAB, 0x21, /* DS:4E3E */
	0x59, 0x28, 0x3E, 0x31, 0xA6, 0x21, 0xD6, 0x37, 0xAB, 0x21, 0x91, 0x22, 0xA5, 0x2E, 0xA6, 0x21, /* DS:4E4E */
	0xD6, 0x37, 0xAB, 0x21, 0x40, 0x28, 0xAA, 0x21, 0xA6, 0x21, 0xD6, 0x37, 0x28, 0x2C, 0xE8, 0x26, /* DS:4E5E */
	0xAA, 0x21, 0x06, 0x35, 0x3E, 0x37, 0x28, 0x2C, 0x76, 0x28, 0x63, 0x2E, 0x82, 0x34, 0xD6, 0x37, /* DS:4E6E */
	0xF7, 0x29, 0x89, 0x23, 0xAA, 0x21, 0x06, 0x35, 0x3E, 0x37, 0xDE, 0x2A, 0x3F, 0x25, 0x1E, 0x31, /* DS:4E7E */
	0xF6, 0x33, 0x82, 0x37, 0xF3, 0x2C, 0xFE, 0x26, 0xAA, 0x21, 0xA6, 0x21, 0xD6, 0x37, 0xAB, 0x21, /* DS:4E8E */
	0x7C, 0x28, 0xAA, 0x21, 0xA6, 0x21, 0xC6, 0x37, 0x28, 0x2A, 0x95, 0x28, 0xAA, 0x21, 0xA6, 0x21, /* DS:4E9E */
	0xBA, 0x35, 0xAB, 0x21, 0x7C, 0x28, 0xAA, 0x21, 0xD6, 0x34, 0xC6, 0x37, 0x4B, 0x29, 0x91, 0x27, /* DS:4EAE */
	0xAA, 0x21, 0xA6, 0x21, 0x96, 0x36, 0x20, 0x29, 0xE5, 0x28, 0xAA, 0x21, 0xFE, 0x33, 0xD6, 0x37, /* DS:4EBE */
	0xAB, 0x21, 0x7C, 0x28, 0xA6, 0x33, 0x06, 0x35, 0xC6, 0x37, 0xF7, 0x29, 0x40, 0x28, 0x72, 0x30, /* DS:4ECE */
	0xFE, 0x33, 0x56, 0x37, 0xF7, 0x29, 0x40, 0x28, 0x3E, 0x2E, 0xDA, 0x34, 0x56, 0x37, 0xF7, 0x29, /* DS:4EDE */
	0x9A, 0x22, 0x1E, 0x31, 0xA6, 0x21, 0x56, 0x37, 0x28, 0x2C, 0xBE, 0x26, 0x1D, 0x2F, 0xEA, 0x33, /* DS:4EEE */
	0x26, 0x37, 0xAB, 0x21, 0xB4, 0x28, 0xF8, 0x2E, 0xEE, 0x34, 0xC2, 0x37, 0x28, 0x2C, 0x32, 0x24, /* DS:4EFE */
	0x35, 0x2E, 0xF6, 0x37, 0x26, 0x37, 0x28, 0x2C, 0x32, 0x24, 0x44, 0x30, 0x9E, 0x34, 0x26, 0x37, /* DS:4F0E */
	0x28, 0x2C, 0xBE, 0x26, 0x11, 0x32, 0xA6, 0x21, 0x26, 0x37, 0x28, 0x2C, 0x32, 0x24, 0x3E, 0x2E, /* DS:4F1E */
	0x4E, 0x34, 0x26, 0x37, 0x28, 0x2C, 0xBE, 0x26, 0xAA, 0x21, 0xA6, 0x21, 0x26, 0x37, 0xDE, 0x2A, /* DS:4F2E */
	0x2B, 0x25, 0xAA, 0x21, 0x06, 0x35, 0x46, 0x37, 0xAB, 0x21, 0xB4, 0x28, 0xC9, 0x33, 0xDA, 0x34, /* DS:4F3E */
	0xC2, 0x37, 0xAB, 0x21, 0xB4, 0x28, 0xAA, 0x21, 0xA6, 0x21, 0xBA, 0x37, 0xAB, 0x21, 0xAC, 0x21, /* DS:4F4E */
	0x5E, 0x33, 0x06, 0x35, 0xF6, 0x34, 0xC1, 0x2D, 0xC3, 0x26, 0xAA, 0x21, 0x06, 0x35, 0xDE, 0x37, /* DS:4F5E */
	0xDE, 0x2A, 0x36, 0x25, 0x27, 0x32, 0xF6, 0x33, 0xCE, 0x35, 0xAB, 0x21, 0xB7, 0x25, 0xAA, 0x21, /* DS:4F6E */
	0xE2, 0x34, 0x42, 0x34, 0xAB, 0x21, 0x1C, 0x29, 0x31, 0x2E, 0xA6, 0x21, 0xA6, 0x37, 0x1F, 0x2E, /* DS:4F7E */
	0xBA, 0x25, 0xAA, 0x21, 0xA6, 0x21, 0x42, 0x34, 0xAB, 0x21, 0xBA, 0x25, 0xAA, 0x21, 0xA6, 0x21, /* DS:4F8E */
	0x42, 0x34, 0x23, 0x2B, 0x7D, 0x27, 0xA5, 0x30, 0xF6, 0x33, 0x96, 0x36, 0xEE, 0x2C, 0xDE, 0x23, /* DS:4F9E */
	0x39, 0x30, 0xA6, 0x21, 0xD2, 0x35, 0x2E, 0x2D, 0x2D, 0x22, 0xAA, 0x21, 0xF6, 0x33, 0xAA, 0x35, /* DS:4FAE */
	0xC0, 0x2C, 0x5F, 0x26, 0xC9, 0x33, 0xF6, 0x33, 0xCA, 0x37, 0xA2, 0x2C, 0xCC, 0x23, 0x39, 0x2E, /* DS:4FBE */
	0x06, 0x35, 0x26, 0x37, 0xA2, 0x2C, 0xC7, 0x23, 0xE8, 0x31, 0x06, 0x35, 0x26, 0x37, 0x00, 0x2C, /* DS:4FCE */
	0x91, 0x26, 0xC9, 0x33, 0xF6, 0x33, 0x16, 0x37, 0x3F, 0x2A, 0xF7, 0x24, 0x39, 0x30, 0xA6, 0x21, /* DS:4FDE */
	0x4A, 0x35, 0x80, 0x2A, 0x58, 0x25, 0xAA, 0x21, 0x06, 0x35, 0xC6, 0x36, 0x7E, 0x2B, 0xA8, 0x22, /* DS:4FEE */
	0xAA, 0x21, 0x06, 0x35, 0xCE, 0x35, 0x7A, 0x2B, 0x5C, 0x25, 0xAA, 0x21, 0x06, 0x35, 0x82, 0x35, /* DS:4FFE */
	0xA6, 0x2B, 0xA8, 0x22, 0xAA, 0x21, 0xF6, 0x33, 0x8A, 0x35, 0x94, 0x2B, 0x22, 0x27, 0x39, 0x30, /* DS:500E */
	0xA6, 0x21, 0x6E, 0x35, 0x29, 0x2D, 0x2D, 0x22, 0xAA, 0x21, 0xF6, 0x33, 0xAA, 0x35, 0xAB, 0x21, /* DS:501E */
	0xFF, 0x28, 0x39, 0x30, 0xDA, 0x34, 0xC2, 0x34, 0xAB, 0x21, 0xFF, 0x28, 0xAA, 0x21, 0x02, 0x35, /* DS:502E */
	0xC2, 0x34, 0x89, 0x29, 0xB8, 0x22, 0xAA, 0x21, 0x06, 0x35, 0x42, 0x35, 0x7E, 0x29, 0x9F, 0x22, /* DS:503E */
	0xAA, 0x21, 0x06, 0x35, 0xAA, 0x35, 0x9F, 0x2C, 0x34, 0x27, 0xAA, 0x21, 0xF6, 0x33, 0x76, 0x35, /* DS:504E */
	0x85, 0x2D, 0x3B, 0x25, 0x49, 0x2F, 0xF6, 0x33, 0xEE, 0x35, 0x77, 0x2D, 0x06, 0x28, 0x38, 0x32, /* DS:505E */
	0x06, 0x35, 0x9A, 0x36, 0xAB, 0x21, 0x02, 0x25, 0x3E, 0x2E, 0x12, 0x34, 0x56, 0x37, 0x8C, 0x29, /* DS:506E */
	0xFC, 0x21, 0x6D, 0x2F, 0xF6, 0x33, 0x26, 0x37, 0x37, 0x2D, 0xC7, 0x25, 0xAA, 0x21, 0xA6, 0x21, /* DS:507E */
	0x52, 0x35, 0x32, 0x2D, 0x85, 0x26, 0xAA, 0x21, 0xA6, 0x21, 0xCE, 0x37, 0x05, 0x2D, 0x66, 0x24, /* DS:508E */
	0xA7, 0x32, 0xF6, 0x33, 0x26, 0x37, 0x66, 0x29, 0xC9, 0x22, 0xAA, 0x21, 0xA6, 0x21, 0xA6, 0x35, /* DS:509E */
	0xC6, 0x2B, 0xA6, 0x23, 0x39, 0x30, 0xA6, 0x21, 0xCE, 0x35, 0xEC, 0x29, 0x32, 0x22, 0xAA, 0x21, /* DS:50AE */
	0xA6, 0x21, 0x0E, 0x36, 0x22, 0x29, 0x11, 0x23, 0xAA, 0x21, 0xA6, 0x21, 0x8E, 0x35, 0x20, 0x29, /* DS:50BE */
	0xB4, 0x21, 0xAA, 0x21, 0xA6, 0x21, 0x26, 0x37, 0xBF, 0x2D, 0x02, 0x25, 0xAA, 0x21, 0x86, 0x34, /* DS:50CE */
	0x26, 0x37, 0x28, 0x2C, 0x1A, 0x29, 0xAA, 0x21, 0xA6, 0x21, 0x26, 0x37, 0x2C, 0x2A, 0x71, 0x25, /* DS:50DE */
	0x39, 0x30, 0xA6, 0x21, 0x5A, 0x35, 0x2F, 0x2A, 0xA8, 0x22, 0xAA, 0x21, 0xF6, 0x33, 0xD6, 0x35, /* DS:50EE */
	0xF7, 0x29, 0xB4, 0x21, 0x3E, 0x2E, 0xA6, 0x21, 0xDE, 0x36, 0xF7, 0x29, 0x50, 0x23, 0xAA, 0x21, /* DS:50FE */
	0xA6, 0x21, 0xDE, 0x36, 0xAB, 0x21, 0x50, 0x23, 0xAA, 0x21, 0xF6, 0x33, 0xDE, 0x36, 0xAB, 0x21, /* DS:510E */
	0x02, 0x25, 0x35, 0x2E, 0xB6, 0x34, 0x56, 0x37, 0xAB, 0x21, 0x26, 0x25, 0xAA, 0x21, 0x76, 0x34, /* DS:511E */
	0x56, 0x37, 0xAB, 0x21, 0xFF, 0x28, 0xAA, 0x21, 0xA6, 0x21, 0xC2, 0x34, 0xF7, 0x29, 0xE4, 0x23, /* DS:512E */
	0xE8, 0x31, 0xF6, 0x33, 0xCA, 0x36, 0xB7, 0x29, 0xA2, 0x28, 0xAA, 0x21, 0xF6, 0x33, 0x16, 0x36, /* DS:513E */
	0xD8, 0x29, 0xA2, 0x28, 0xAA, 0x21, 0xF6, 0x33, 0x16, 0x36, 0x87, 0x29, 0x3C, 0x28, 0xAA, 0x21, /* DS:514E */
	0x06, 0x35, 0x4A, 0x36, 0x87, 0x29, 0x0D, 0x23, 0xAA, 0x21, 0xA6, 0x21, 0x5E, 0x36, 0x9D, 0x2C, /* DS:515E */
	0x79, 0x28, 0x35, 0x2E, 0xA6, 0x21, 0x3E, 0x37, 0x42, 0x2D, 0x56, 0x27, 0x39, 0x30, 0xDA, 0x34, /* DS:516E */
	0x56, 0x36, 0x42, 0x2D, 0xED, 0x27, 0xAA, 0x21, 0xA6, 0x21, 0x6A, 0x36, 0x97, 0x2D, 0xC9, 0x28, /* DS:517E */
	0x85, 0x30, 0xA6, 0x21, 0x1A, 0x36, 0x77, 0x2D, 0x3C, 0x28, 0xAA, 0x21, 0xA6, 0x21, 0x46, 0x36, /* DS:518E */
	0x2C, 0x2E, 0x39, 0x28, 0xAA, 0x21, 0xFE, 0x34, 0x3E, 0x34, 0xAB, 0x21, 0x39, 0x28, 0xCB, 0x2E, /* DS:519E */
	0x06, 0x35, 0x46, 0x36, 0xAB, 0x21, 0x1C, 0x29, 0xAA, 0x21, 0xA6, 0x21, 0xA6, 0x37, 0x49, 0x2A, /* DS:51AE */
	0x37, 0x27, 0x3E, 0x2E, 0x8E, 0x34, 0x2A, 0x36, 0x49, 0x2A, 0x3B, 0x27, 0x3E, 0x2E, 0x76, 0x34, /* DS:51BE */
	0x2A, 0x36, 0xFF, 0x29, 0x20, 0x23, 0x39, 0x30, 0x92, 0x34, 0x02, 0x36, 0xFF, 0x29, 0x24, 0x23, /* DS:51CE */
	0xAA, 0x21, 0x76, 0x34, 0x02, 0x36, 0x76, 0x2C, 0x28, 0x27, 0x39, 0x30, 0x8E, 0x34, 0x7E, 0x36, /* DS:51DE */
	0x76, 0x2C, 0x2D, 0x27, 0x39, 0x30, 0x76, 0x34, 0x7E, 0x36, 0xE3, 0x2A, 0x30, 0x23, 0xAA, 0x21, /* DS:51EE */
	0xA6, 0x21, 0x02, 0x36, 0x2A, 0x2C, 0x8D, 0x25, 0x39, 0x30, 0xA6, 0x21, 0x42, 0x34, 0x1C, 0x2C, /* DS:51FE */
	0x65, 0x28, 0xAA, 0x21, 0xA6, 0x21, 0xCE, 0x35, 0x21, 0x2E, 0x8D, 0x23, 0x39, 0x30, 0x8A, 0x34, /* DS:520E */
	0xD6, 0x37, 0x5C, 0x2D, 0x38, 0x23, 0x39, 0x30, 0xA6, 0x21, 0xFA, 0x36, 0x60, 0x2D, 0x80, 0x26, /* DS:521E */
	0x39, 0x30, 0x6A, 0x34, 0x16, 0x37, 0x3B, 0x2B, 0x3E, 0x26, 0x39, 0x30, 0xA6, 0x21, 0x16, 0x37, /* DS:522E */
	0x81, 0x29, 0xCA, 0x27, 0x39, 0x30, 0xA6, 0x21, 0x4E, 0x36, 0x48, 0x2C, 0x75, 0x26, 0xAA, 0x21, /* DS:523E */
	0xA6, 0x21, 0x16, 0x37, 0x84, 0x2C, 0xF1, 0x28, 0xAA, 0x21, 0xA6, 0x21, 0x26, 0x37, 0xF9, 0x2C, /* DS:524E */
	0x80, 0x23, 0x39, 0x30, 0xA6, 0x21, 0x26, 0x37, 0x04, 0x2C, 0xAE, 0x26, 0xAA, 0x21, 0xA6, 0x21, /* DS:525E */
	0x9A, 0x35, 0x5A, 0x2B, 0x28, 0x23, 0xAA, 0x21, 0xA6, 0x21, 0x8E, 0x35, 0xE5, 0x2B, 0x8A, 0x28, /* DS:526E */
	0xAA, 0x21, 0xA6, 0x21, 0xBA, 0x35, 0xBB, 0x29, 0x2C, 0x26, 0xAA, 0x21, 0x3A, 0x34, 0x1E, 0x36, /* DS:527E */
	0x12, 0x2C, 0xB0, 0x28, 0xAA, 0x21, 0xA6, 0x21, 0xBA, 0x35, 0xA8, 0x2D, 0x58, 0x27, 0x39, 0x30, /* DS:528E */
	0xA6, 0x21, 0x36, 0x35, 0x58, 0x2A, 0x02, 0x24, 0xAA, 0x21, 0xA6, 0x21, 0x62, 0x35, 0x76, 0x29, /* DS:529E */
	0xBB, 0x26, 0x39, 0x30, 0xA6, 0x21, 0x26, 0x37, 0xAB, 0x21, 0x9D, 0x22, 0xAA, 0x21, 0xA6, 0x21, /* DS:52AE */
	0x26, 0x35, 0xFE, 0x37, 0x08, 0x38, 0x3E, 0x39, 0x52, 0x39, 0x1A, 0x3A, 0x78, 0x3B, 0xD8, 0x3F, /* DS:52BE */
	0x3C, 0x40, 0xC8, 0x40, 0xDA, 0x42, 0x10, 0x44, 0x74, 0x44, 0x00, 0x45, 0x40, 0x46, 0xCC, 0x46, /* DS:52CE */
	0xA2, 0x48, 0x56, 0x49, 0x74, 0x49, 0x7E, 0x49, 0x40, 0x4B, 0x3A, 0x4C, 0x7A, 0x4D, 0x6A, 0x4E, /* DS:52DE */
	0xA6, 0x4E, 0x5A, 0x4F, 0xA0, 0x4F, 0x3A, 0x51, 0xBC, 0x51, /* DS:52EE */
};
PROSE_DS_ASSERT(prose_ds_raw_212e, sizeof prose_ds_raw_212e == 12746);

/* DS:9BE8-AEA9 not yet split into tables [opaque] */
const uint8_t prose_ds_raw_9be8[4802] = {
	0x00, 0x00, 0x00, 0x00, 0x01, 0x91, 0x00, 0x10, 0x8D, 0x91, 0x00, 0x11, 0xAC, 0xAD, 0x91, 0x00, /* DS:9BE8 */
	0x10, 0x8D, 0x59, 0x00, 0x11, 0x53, 0xA8, 0x91, 0x00, 0x11, 0xAA, 0x48, 0x91, 0x00, 0x11, 0xAB, /* DS:9BF8 */
	0x52, 0x91, 0x00, 0x11, 0x53, 0xA7, 0x52, 0x00, 0x11, 0x54, 0x48, 0x52, 0x00, 0x11, 0x43, 0x48, /* DS:9C08 */
	0xAD, 0x00, 0x11, 0x53, 0x43, 0x48, 0x00, 0x11, 0x53, 0x48, 0x52, 0x00, 0x11, 0x53, 0x50, 0x4C, /* DS:9C18 */
	0x00, 0x00, 0x10, 0x8D, 0x91, 0x00, 0x11, 0xAC, 0xAD, 0x91, 0x00, 0x10, 0x8D, 0x59, 0x00, 0x11, /* DS:9C28 */
	0x53, 0xA8, 0x91, 0x00, 0x11, 0xAA, 0x48, 0x91, 0x00, 0x11, 0xAB, 0x52, 0x91, 0x00, 0x11, 0x53, /* DS:9C38 */
	0xA7, 0x52, 0x00, 0x11, 0x54, 0x48, 0x52, 0x00, 0x11, 0x43, 0x48, 0xAD, 0x00, 0x11, 0x53, 0x43, /* DS:9C48 */
	0x48, 0x00, 0x11, 0x53, 0x48, 0x52, 0x00, 0x11, 0x53, 0x50, 0x4C, 0x00, 0x00, 0x10, 0x53, 0x91, /* DS:9C58 */
	0x00, 0x10, 0x47, 0x91, 0x00, 0x10, 0x4C, 0x8D, 0x00, 0x10, 0x48, 0x54, 0x00, 0x10, 0x47, 0x44, /* DS:9C68 */
	0x00, 0x11, 0x54, 0x41, 0x49, 0x00, 0x11, 0x47, 0x4E, 0x45, 0x00, 0x11, 0x8D, 0x91, 0x55, 0x00, /* DS:9C78 */
	0x10, 0x55, 0x8D, 0x00, 0x10, 0x47, 0x52, 0x00, 0x05, 0x43, 0x56, 0x5A, 0x00, 0x00, 0x00, 0x10, /* DS:9C88 */
	0x54, 0x49, 0x00, 0x05, 0x43, 0x47, 0x00, 0x00, 0x10, 0x4E, 0x41, 0x00, 0x10, 0x4E, 0x45, 0x00, /* DS:9C98 */
	0x00, 0x10, 0x45, 0x43, 0x00, 0x11, 0x45, 0x53, 0x91, 0x00, 0x11, 0x45, 0x47, 0x91, 0x00, 0x10, /* DS:9CA8 */
	0x45, 0x56, 0x00, 0x11, 0x45, 0x48, 0x54, 0x00, 0x11, 0x45, 0x4C, 0x90, 0x00, 0x11, 0x45, 0x4C, /* DS:9CB8 */
	0x86, 0x00, 0x11, 0x45, 0x47, 0x44, 0x00, 0x12, 0x45, 0x54, 0x41, 0x49, 0x00, 0x12, 0x45, 0x47, /* DS:9CC8 */
	0x4E, 0x45, 0x00, 0x12, 0x45, 0x54, 0x49, 0x4E, 0x00, 0x11, 0x45, 0x47, 0x52, 0x00, 0x11, 0x45, /* DS:9CD8 */
	0x8D, 0x59, 0x00, 0x10, 0x45, 0x55, 0x00, 0x10, 0x45, 0x49, 0x00, 0x10, 0x45, 0x5A, 0x00, 0x12, /* DS:9CE8 */
	0x45, 0x8D, 0x91, 0x55, 0x00, 0x00, 0x32, 0xA4, 0x3C, 0xA4, 0x46, 0xA4, 0xE6, 0xA4, 0x00, 0x00, /* DS:9CF8 */
	0x44, 0x45, 0x00, 0x80, 0x00, 0x10, 0xAD, 0x45, 0x00, 0x10, 0x85, 0x84, 0x00, 0x10, 0x8D, 0x4C, /* DS:9D08 */
	0x00, 0x10, 0x84, 0x8D, 0x00, 0x10, 0x44, 0x98, 0x00, 0x10, 0x42, 0x52, 0x00, 0x11, 0x8D, 0x91, /* DS:9D18 */
	0x91, 0x00, 0x10, 0x91, 0x91, 0x00, 0x10, 0x52, 0x4F, 0x00, 0x12, 0x54, 0x49, 0x8D, 0x91, 0x00, /* DS:9D28 */
	0x10, 0x54, 0x45, 0x00, 0x11, 0x4E, 0x4F, 0x53, 0x00, 0x10, 0xAE, 0x8D, 0x00, 0x05, 0x57, 0x59, /* DS:9D38 */
	0x58, 0x00, 0x00, 0x00, 0xE8, 0xA2, 0x00, 0x00, 0x44, 0x00, 0x10, 0x45, 0x8D, 0x00, 0x00, 0x00, /* DS:9D48 */
	0xAE, 0xA5, 0x32, 0xA4, 0x46, 0xA4, 0x00, 0x00, 0x44, 0x4F, 0x4F, 0x48, 0x00, 0x44, 0x4E, 0x41, /* DS:9D58 */
	0x4C, 0x00, 0x44, 0x4F, 0x4F, 0x57, 0x00, 0x44, 0x41, 0x45, 0x48, 0x00, 0x44, 0x52, 0x4F, 0x46, /* DS:9D68 */
	0x00, 0x09, 0x46, 0x00, 0x00, 0x00, 0x45, 0x4C, 0x42, 0x41, 0x00, 0x09, 0x49, 0x00, 0x00, 0x00, /* DS:9D78 */
	0x45, 0x52, 0x40, 0x00, 0x45, 0x56, 0x40, 0x00, 0x45, 0x4C, 0x4C, 0x49, 0x56, 0x00, 0x45, 0x4C, /* DS:9D88 */
	0x41, 0x44, 0x00, 0x45, 0x44, 0x49, 0x53, 0x00, 0x45, 0x4D, 0x4F, 0x53, 0x00, 0x45, 0x56, 0x4F, /* DS:9D98 */
	0x52, 0x47, 0x00, 0x45, 0x52, 0x49, 0x48, 0x53, 0x00, 0x45, 0x52, 0x45, 0x4D, 0x00, 0x45, 0x54, /* DS:9DA8 */
	0x41, 0x00, 0x11, 0x4E, 0x4F, 0x49, 0x00, 0x00, 0x45, 0x54, 0x41, 0x47, 0x00, 0x45, 0x45, 0x4C, /* DS:9DB8 */
	0x00, 0x45, 0x52, 0x41, 0x57, 0x00, 0x45, 0x5A, 0x49, 0x00, 0x10, 0x4C, 0x41, 0x00, 0x00, 0x45, /* DS:9DC8 */
	0x43, 0x00, 0x46, 0x46, 0x49, 0x4C, 0x43, 0x00, 0xF2, 0xA2, 0x28, 0xA4, 0x32, 0xA4, 0x3C, 0xA4, /* DS:9DD8 */
	0x46, 0xA4, 0xE6, 0xA4, 0xE8, 0xA2, 0x00, 0x00, 0x47, 0x4E, 0x49, 0x00, 0x1E, 0x8D, 0x8D, 0x8D, /* DS:9DE8 */
	0x8D, 0x00, 0x00, 0x47, 0x4E, 0x49, 0x4C, 0x00, 0x80, 0x00, 0x10, 0x85, 0x98, 0x00, 0x1C, 0x42, /* DS:9DF8 */
	0x4D, 0x00, 0x10, 0x85, 0x84, 0x00, 0x10, 0x85, 0x85, 0x00, 0x05, 0x44, 0x52, 0x48, 0x86, 0x84, /* DS:9E08 */
	0x00, 0x00, 0x00, 0x47, 0x52, 0x55, 0x42, 0x00, 0x01, 0x45, 0x00, 0x11, 0x47, 0x4E, 0x49, 0x00, /* DS:9E18 */
	0x00, 0x47, 0x52, 0x55, 0x42, 0x00, 0x01, 0x53, 0x00, 0x00, 0x32, 0xA4, 0x3C, 0xA4, 0x46, 0xA4, /* DS:9E28 */
	0x00, 0x00, 0x48, 0x53, 0x49, 0x00, 0x10, 0x8D, 0x8D, 0x00, 0x11, 0x8D, 0x91, 0x91, 0x00, 0x10, /* DS:9E38 */
	0x4E, 0x45, 0x00, 0x10, 0x52, 0x45, 0x00, 0x10, 0x57, 0x91, 0x00, 0x01, 0x59, 0x00, 0x00, 0x48, /* DS:9E48 */
	0x47, 0x55, 0x4F, 0x52, 0x4F, 0x42, 0x00, 0x48, 0x54, 0x52, 0x4F, 0x57, 0x00, 0x4B, 0x45, 0x45, /* DS:9E58 */
	0x52, 0x43, 0x00, 0x4C, 0x00, 0x10, 0x48, 0x43, 0x00, 0x09, 0x52, 0x4C, 0x48, 0x57, 0x59, 0x91, /* DS:9E68 */
	0x00, 0x00, 0x00, 0x4C, 0x41, 0x00, 0x11, 0x43, 0x49, 0x8D, 0x00, 0x01, 0x57, 0x00, 0x00, 0x4C, /* DS:9E78 */
	0x55, 0x46, 0x00, 0x4C, 0x4C, 0x40, 0x00, 0x4C, 0x4C, 0x49, 0x48, 0x00, 0x09, 0x43, 0x00, 0x00, /* DS:9E88 */
	0x00, 0x4C, 0x45, 0x42, 0x00, 0x10, 0x91, 0x8D, 0x00, 0x00, 0x4D, 0x53, 0x49, 0x00, 0x10, 0xA3, /* DS:9E98 */
	0xBE, 0xA4, 0xC8, 0xA4, 0x00, 0x00, 0x4D, 0x41, 0x48, 0x00, 0x09, 0x42, 0x53, 0x54, 0x00, 0x00, /* DS:9EA8 */
	0x00, 0x00, 0x5A, 0xA4, 0x32, 0xA4, 0x3C, 0xA4, 0x46, 0xA4, 0xBE, 0xA4, 0xC8, 0xA4, 0x00, 0xA4, /* DS:9EB8 */
	0x00, 0x00, 0x4E, 0x41, 0x4D, 0x00, 0x4E, 0x4E, 0x41, 0x4D, 0x00, 0x09, 0x4D, 0x45, 0x00, 0x00, /* DS:9EC8 */
	0x00, 0x4E, 0x45, 0x4D, 0x00, 0x4E, 0x4F, 0x53, 0x52, 0x45, 0x50, 0x00, 0x4E, 0x41, 0x4D, 0x4F, /* DS:9ED8 */
	0x57, 0x00, 0x4E, 0x45, 0x4D, 0x4F, 0x57, 0x00, 0x4E, 0x57, 0x4F, 0x54, 0x00, 0x4E, 0x57, 0x41, /* DS:9EE8 */
	0x4C, 0x00, 0x4E, 0x45, 0x53, 0x00, 0x09, 0x91, 0x59, 0x4C, 0x53, 0x00, 0x00, 0x00, 0x4E, 0x4F, /* DS:9EF8 */
	0x53, 0x00, 0x05, 0x8D, 0x59, 0x00, 0x00, 0x00, 0x4E, 0x4F, 0x54, 0x53, 0x00, 0x1C, 0x4C, 0x41, /* DS:9F08 */
	0x00, 0x1C, 0x4C, 0x4F, 0x00, 0x01, 0x8D, 0x00, 0x11, 0x45, 0x4C, 0x8D, 0x00, 0x00, 0x4E, 0x4F, /* DS:9F18 */
	0x54, 0x00, 0x1D, 0x48, 0x47, 0x49, 0x00, 0x10, 0x52, 0x45, 0x00, 0x05, 0x46, 0x4D, 0x50, 0x53, /* DS:9F28 */
	0x48, 0x97, 0x00, 0x00, 0x00, 0x00, 0xBE, 0xA4, 0xC8, 0xA4, 0x00, 0xA4, 0x00, 0x00, 0x4F, 0x52, /* DS:9F38 */
	0x4F, 0x42, 0x00, 0x00, 0x32, 0xA4, 0x3C, 0xA4, 0x46, 0xA4, 0x50, 0xA4, 0xA6, 0xA3, 0xCE, 0xA3, /* DS:9F48 */
	0xBE, 0xA4, 0xC8, 0xA4, 0x00, 0x00, 0x50, 0x49, 0x48, 0x53, 0x00, 0x10, 0x45, 0x43, 0x00, 0x10, /* DS:9F58 */
	0x45, 0x49, 0x00, 0x10, 0x45, 0x4F, 0x00, 0x11, 0x45, 0x53, 0x91, 0x00, 0x11, 0x45, 0x47, 0x91, /* DS:9F68 */
	0x00, 0x11, 0x45, 0x48, 0x54, 0x00, 0x11, 0x45, 0x48, 0x50, 0x00, 0x11, 0x45, 0x42, 0x4D, 0x00, /* DS:9F78 */
	0x10, 0x45, 0x56, 0x00, 0x11, 0x45, 0x47, 0x44, 0x00, 0x12, 0x45, 0x54, 0x41, 0x49, 0x00, 0x12, /* DS:9F88 */
	0x45, 0x47, 0x4E, 0x45, 0x00, 0x11, 0x45, 0x8D, 0x59, 0x00, 0x11, 0x45, 0x5A, 0x91, 0x00, 0x12, /* DS:9F98 */
	0x45, 0x8D, 0x91, 0x55, 0x00, 0x00, 0x52, 0x45, 0x00, 0x00, 0x36, 0xA5, 0x1A, 0xA3, 0x24, 0xA3, /* DS:9FA8 */
	0x06, 0xA3, 0x00, 0x00, 0x52, 0x00, 0xE8, 0xA2, 0x00, 0x00, 0x52, 0x4F, 0x00, 0x09, 0x91, 0x96, /* DS:9FB8 */
	0x00, 0x00, 0x00, 0x52, 0x45, 0x4C, 0x00, 0x1C, 0x42, 0x4D, 0x00, 0x1C, 0x54, 0x53, 0x00, 0x09, /* DS:9FC8 */
	0x4C, 0x57, 0x91, 0x00, 0x00, 0x00, 0x52, 0x45, 0x4E, 0x00, 0x80, 0x00, 0x1D, 0x44, 0x4E, 0x49, /* DS:9FD8 */
	0x00, 0x01, 0x85, 0x00, 0x01, 0x86, 0x00, 0x10, 0x48, 0x8D, 0x00, 0x00, 0x52, 0x45, 0x54, 0x41, /* DS:9FE8 */
	0x57, 0x00, 0x52, 0x45, 0x49, 0x45, 0x4D, 0x00, 0x52, 0x45, 0x59, 0x45, 0x4D, 0x00, 0x52, 0x45, /* DS:9FF8 */
	0x59, 0x41, 0x4D, 0x00, 0x52, 0x45, 0x49, 0x41, 0x4D, 0x00, 0x52, 0x45, 0x55, 0x41, 0x42, 0x00, /* DS:A008 */
	0x52, 0x45, 0x55, 0x41, 0x4E, 0x00, 0xDC, 0xA4, 0x00, 0x00, 0x53, 0x45, 0x00, 0x10, 0x53, 0x53, /* DS:A018 */
	0x00, 0x11, 0x53, 0x55, 0x8D, 0x00, 0x10, 0x4F, 0x8D, 0x00, 0x10, 0x4C, 0x52, 0x00, 0x10, 0x48, /* DS:A028 */
	0x53, 0x00, 0x10, 0x48, 0x43, 0x00, 0x01, 0x58, 0x00, 0x00, 0x3E, 0xA2, 0x48, 0xA2, 0x52, 0xA2, /* DS:A038 */
	0x0C, 0xA2, 0x7A, 0xA2, 0x84, 0xA2, 0x10, 0xA3, 0xA6, 0xA3, 0xE8, 0xA2, 0x6E, 0xA4, 0x8C, 0xA4, /* DS:A048 */
	0x82, 0xA4, 0x78, 0xA4, 0x96, 0xA4, 0xA0, 0xA4, 0xAA, 0xA4, 0x64, 0xA4, 0x40, 0xA5, 0x2C, 0xA5, /* DS:A058 */
	0xBA, 0xA3, 0xC4, 0xA3, 0xCE, 0xA3, 0xD8, 0xA3, 0x00, 0xA4, 0x28, 0xA4, 0x5A, 0xA4, 0x32, 0xA4, /* DS:A068 */
	0x3C, 0xA4, 0x46, 0xA4, 0x50, 0xA4, 0x98, 0xA2, 0xE6, 0xA4, 0x7C, 0xA5, 0x86, 0xA5, 0x90, 0xA5, /* DS:A078 */
	0x34, 0xA2, 0x20, 0xA2, 0xB6, 0xA2, 0x8E, 0xA2, 0xA2, 0xA2, 0xAC, 0xA2, 0xCA, 0xA2, 0xFA, 0xA4, /* DS:A088 */
	0x1A, 0xA3, 0x24, 0xA3, 0xF2, 0xA2, 0x2E, 0xA3, 0x38, 0xA3, 0x7E, 0xA3, 0x88, 0xA3, 0x9C, 0xA3, /* DS:A098 */
	0xE2, 0xA3, 0x1E, 0xA4, 0x0A, 0xA4, 0x0E, 0xA5, 0x18, 0xA5, 0x9A, 0xA5, 0x22, 0xA5, 0x72, 0xA5, /* DS:A0A8 */
	0xA4, 0xA5, 0xD4, 0xA2, 0x2A, 0xA2, 0xEC, 0xA3, 0x16, 0xA2, 0xDE, 0xA2, 0xD4, 0xA2, 0x06, 0xA3, /* DS:A0B8 */
	0xFC, 0xA2, 0x4C, 0xA3, 0xB0, 0xA3, 0xF6, 0xA3, 0x14, 0xA4, 0x36, 0xA5, 0x00, 0x00, 0x53, 0x40, /* DS:A0C8 */
	0x00, 0x53, 0x00, 0x10, 0x59, 0x91, 0x00, 0x11, 0x45, 0x48, 0x90, 0x00, 0x10, 0x4F, 0x91, 0x00, /* DS:A0D8 */
	0x1D, 0x4F, 0x4C, 0x55, 0x00, 0x12, 0x4F, 0x8D, 0x91, 0x8D, 0x00, 0x05, 0x90, 0x45, 0x41, 0x40, /* DS:A0E8 */
	0x00, 0x00, 0x09, 0x92, 0x91, 0x00, 0x00, 0x00, 0x42, 0xA3, 0x6A, 0xA3, 0xD2, 0xA4, 0xAE, 0xA5, /* DS:A0F8 */
	0x48, 0xA2, 0x52, 0xA2, 0x00, 0x00, 0x53, 0x53, 0x45, 0x4E, 0x00, 0x53, 0x53, 0x45, 0x4C, 0x00, /* DS:A108 */
	0xF2, 0xA2, 0x00, 0x00, 0x54, 0x4E, 0x45, 0x4D, 0x00, 0x01, 0x8D, 0x00, 0x10, 0x45, 0x86, 0x00, /* DS:A118 */
	0x10, 0x45, 0x85, 0x00, 0x10, 0x45, 0x84, 0x00, 0x10, 0x45, 0x93, 0x00, 0x10, 0x45, 0x91, 0x00, /* DS:A128 */
	0x00, 0x00, 0xAE, 0xA5, 0x00, 0x00, 0x54, 0x53, 0x45, 0x00, 0x10, 0x52, 0x91, 0x00, 0x10, 0x57, /* DS:A138 */
	0x91, 0x00, 0x05, 0x90, 0x86, 0x49, 0x4C, 0x48, 0x00, 0x00, 0x00, 0x54, 0x53, 0x49, 0x00, 0x54, /* DS:A148 */
	0x40, 0x4E, 0x00, 0x54, 0x53, 0x52, 0x55, 0x48, 0x00, 0x54, 0x52, 0x4F, 0x50, 0x00, 0x09, 0x50, /* DS:A158 */
	0x00, 0x00, 0x00, 0x54, 0x46, 0x4F, 0x52, 0x43, 0x00, 0x54, 0x00, 0x01, 0x44, 0x00, 0x00, 0x55, /* DS:A168 */
	0x41, 0x00, 0x09, 0x45, 0x00, 0x00, 0x00, 0x57, 0x45, 0x49, 0x56, 0x00, 0x59, 0x4C, 0x42, 0x41, /* DS:A178 */
	0x00, 0x59, 0x4C, 0x42, 0x49, 0x00, 0x3E, 0xA2, 0x48, 0xA2, 0x52, 0xA2, 0x10, 0xA3, 0x42, 0xA3, /* DS:A188 */
	0x6A, 0xA3, 0xD2, 0xA4, 0xC0, 0xA2, 0x32, 0xA4, 0x3C, 0xA4, 0x46, 0xA4, 0x00, 0x00, 0x59, 0x4C, /* DS:A198 */
	0x00, 0x05, 0x8D, 0x45, 0x00, 0x00, 0x00, 0x59, 0x4C, 0x49, 0x00, 0x10, 0x52, 0x4F, 0x00, 0x09, /* DS:A1A8 */
	0x81, 0x00, 0x00, 0x00, 0x59, 0x4C, 0x4C, 0x41, 0x00, 0x59, 0x43, 0x00, 0x10, 0x4E, 0x41, 0x00, /* DS:A1B8 */
	0x10, 0x4E, 0x45, 0x00, 0x00, 0x59, 0x52, 0x00, 0x01, 0x84, 0x00, 0x01, 0x96, 0x00, 0x10, 0x92, /* DS:A1C8 */
	0x8D, 0x00, 0x00, 0x59, 0x54, 0x00, 0x10, 0x84, 0x49, 0x00, 0x10, 0x90, 0x8D, 0x00, 0x11, 0x96, /* DS:A1D8 */
	0x91, 0x91, 0x00, 0x00, 0x59, 0x42, 0x00, 0x1C, 0x53, 0x4F, 0x00, 0x09, 0x41, 0x42, 0x00, 0x00, /* DS:A1E8 */
	0x00, 0x59, 0x45, 0x4C, 0x00, 0x09, 0x49, 0x41, 0x55, 0x44, 0x42, 0x00, 0x00, 0x00, 0x59, 0x52, /* DS:A1F8 */
	0x55, 0x42, 0x00, 0x00, 0x60, 0x9D, 0xE8, 0x9B, 0x01, 0x00, 0x00, 0x00, 0x58, 0x9D, 0x65, 0x9D, /* DS:A208 */
	0xE8, 0x9B, 0x01, 0x00, 0x00, 0x00, 0x3E, 0x9F, 0x6A, 0x9D, 0xE8, 0x9B, 0x01, 0x00, 0x00, 0x00, /* DS:A218 */
	0x3E, 0x9F, 0x6F, 0x9D, 0xE8, 0x9B, 0x01, 0x00, 0x00, 0x00, 0x3E, 0x9F, 0x74, 0x9D, 0x79, 0x9D, /* DS:A228 */
	0x01, 0x00, 0x00, 0x00, 0x3E, 0x9F, 0x50, 0x9D, 0xA9, 0x9C, 0x01, 0x06, 0x00, 0x00, 0x4C, 0x9D, /* DS:A238 */
	0x08, 0x9D, 0x0B, 0x9D, 0x01, 0x06, 0x00, 0x00, 0xFE, 0x9C, 0x50, 0x9D, 0x52, 0x9D, 0x01, 0x06, /* DS:A248 */
	0x00, 0x00, 0xEA, 0x9B, 0x7E, 0x9D, 0x83, 0x9D, 0x01, 0x00, 0x00, 0x00, 0xEA, 0x9B, 0x88, 0x9D, /* DS:A258 */
	0xE8, 0x9B, 0x01, 0x06, 0x00, 0x00, 0xEA, 0x9B, 0x8C, 0x9D, 0xE8, 0x9B, 0x01, 0x06, 0x00, 0x00, /* DS:A268 */
	0xEA, 0x9B, 0x90, 0x9D, 0xE8, 0x9B, 0x01, 0x00, 0x00, 0x00, 0xBA, 0x9E, 0x96, 0x9D, 0xE8, 0x9B, /* DS:A278 */
	0x01, 0x00, 0x00, 0x00, 0x3E, 0x9F, 0x9B, 0x9D, 0xE8, 0x9B, 0x01, 0x00, 0x00, 0x00, 0xEA, 0x9B, /* DS:A288 */
	0xA0, 0x9D, 0xE8, 0x9B, 0x01, 0x00, 0x00, 0x00, 0xEA, 0x9B, 0xA5, 0x9D, 0xE8, 0x9B, 0x01, 0x00, /* DS:A298 */
	0x00, 0x00, 0x3E, 0x9F, 0xAB, 0x9D, 0x0A, 0x9F, 0x01, 0x00, 0x00, 0x00, 0xEA, 0x9B, 0xB1, 0x9D, /* DS:A2A8 */
	0xE8, 0x9B, 0x01, 0x00, 0x00, 0x00, 0x3E, 0x9F, 0xB6, 0x9D, 0xBA, 0x9D, 0x01, 0x00, 0x00, 0x00, /* DS:A2B8 */
	0xEA, 0x9B, 0xC0, 0x9D, 0x0A, 0x9F, 0x01, 0x00, 0x00, 0x00, 0x3E, 0x9F, 0xC5, 0x9D, 0x0A, 0x9F, /* DS:A2C8 */
	0x01, 0x00, 0x00, 0x00, 0x3E, 0x9F, 0xC9, 0x9D, 0xE8, 0x9B, 0x01, 0x00, 0x00, 0x00, 0xEA, 0x9B, /* DS:A2D8 */
	0xCE, 0x9D, 0xD2, 0x9D, 0x01, 0x06, 0x00, 0x00, 0xEA, 0x9B, 0xD7, 0x9D, 0xC4, 0xA1, 0x01, 0x00, /* DS:A2E8 */
	0x00, 0x00, 0xEA, 0x9B, 0xDA, 0x9D, 0xE8, 0x9B, 0x01, 0x00, 0x00, 0x00, 0xEA, 0x9B, 0xFB, 0x9D, /* DS:A2F8 */
	0x00, 0x9E, 0x01, 0x00, 0x02, 0x00, 0xEA, 0x9B, 0xF0, 0x9D, 0xF4, 0x9D, 0x01, 0x06, 0x00, 0x00, /* DS:A308 */
	0xE0, 0x9D, 0x1B, 0x9E, 0x20, 0x9E, 0x01, 0x00, 0x00, 0x00, 0xEA, 0x9B, 0x29, 0x9E, 0x2E, 0x9E, /* DS:A318 */
	0x01, 0x00, 0x02, 0x00, 0x3E, 0x9F, 0x57, 0x9E, 0xE8, 0x9B, 0x01, 0x00, 0x00, 0x00, 0x3E, 0x9F, /* DS:A328 */
	0x5F, 0x9E, 0xE8, 0x9B, 0x01, 0x00, 0x00, 0x00, 0x3E, 0x9F, 0x3A, 0x9E, 0x3E, 0x9E, 0x01, 0x00, /* DS:A338 */
	0x00, 0x00, 0x32, 0x9E, 0x65, 0x9E, 0xE8, 0x9B, 0x01, 0x00, 0x00, 0x00, 0xEA, 0x9B, 0x6B, 0x9E, /* DS:A348 */
	0x6D, 0x9E, 0x00, 0x00, 0x02, 0x00, 0xEA, 0x9B, 0x7B, 0x9E, 0x7E, 0x9E, 0x01, 0x00, 0x00, 0x00, /* DS:A358 */
	0xEA, 0x9B, 0x87, 0x9E, 0x83, 0x9D, 0x01, 0x00, 0x00, 0x00, 0xEA, 0x9B, 0x8B, 0x9E, 0xE8, 0x9B, /* DS:A368 */
	0x01, 0x06, 0x00, 0x00, 0xEA, 0x9B, 0x8F, 0x9E, 0x94, 0x9E, 0x01, 0x00, 0x00, 0x00, 0xEA, 0x9B, /* DS:A378 */
	0x99, 0x9E, 0x9D, 0x9E, 0x01, 0x00, 0x00, 0x00, 0xEA, 0x9B, 0xA2, 0x9E, 0xD2, 0x9D, 0x01, 0x00, /* DS:A388 */
	0x00, 0x00, 0xEA, 0x9B, 0xAE, 0x9E, 0xB2, 0x9E, 0x01, 0x00, 0x00, 0x00, 0xA6, 0x9E, 0xCA, 0x9E, /* DS:A398 */
	0xE8, 0x9B, 0x01, 0x00, 0x00, 0x00, 0xBA, 0x9E, 0xCE, 0x9E, 0xD3, 0x9E, 0x01, 0x00, 0x02, 0x00, /* DS:A3A8 */
	0xEA, 0x9B, 0xE4, 0x9E, 0xE8, 0x9B, 0x01, 0x00, 0x00, 0x00, 0xBA, 0x9E, 0xDD, 0x9E, 0xE8, 0x9B, /* DS:A3B8 */
	0x01, 0x00, 0x00, 0x00, 0xBA, 0x9E, 0xD9, 0x9E, 0xE8, 0x9B, 0x01, 0x00, 0x00, 0x00, 0xBA, 0x9E, /* DS:A3C8 */
	0xEA, 0x9E, 0xE8, 0x9B, 0x01, 0x00, 0x00, 0x00, 0xBA, 0x9E, 0xF0, 0x9E, 0xE8, 0x9B, 0x01, 0x00, /* DS:A3D8 */
	0x00, 0x00, 0x3E, 0x9F, 0xF5, 0x9E, 0xE8, 0x9B, 0x01, 0x00, 0x00, 0x00, 0x3E, 0x9F, 0xFA, 0x9E, /* DS:A3E8 */
	0xFE, 0x9E, 0x01, 0x00, 0x02, 0x00, 0xEA, 0x9B, 0x06, 0x9F, 0x0A, 0x9F, 0x01, 0x00, 0x00, 0x00, /* DS:A3F8 */
	0xEA, 0x9B, 0x10, 0x9F, 0x15, 0x9F, 0x01, 0x00, 0x00, 0x00, 0xEA, 0x9B, 0x26, 0x9F, 0x2A, 0x9F, /* DS:A408 */
	0x01, 0x00, 0x00, 0x00, 0xA6, 0x9E, 0x46, 0x9F, 0xE8, 0x9B, 0x01, 0x00, 0x00, 0x00, 0x3E, 0x9F, /* DS:A418 */
	0x5E, 0x9F, 0xE8, 0x9B, 0x01, 0x00, 0x00, 0x00, 0x4C, 0x9F, 0xBC, 0x9F, 0x63, 0x9F, 0x01, 0x00, /* DS:A428 */
	0x00, 0x00, 0xBE, 0x9F, 0xAE, 0x9F, 0x0B, 0x9D, 0x01, 0x00, 0x00, 0x00, 0xB2, 0x9F, 0xBC, 0x9F, /* DS:A438 */
	0x52, 0x9D, 0x01, 0x00, 0x00, 0x00, 0xEA, 0x9B, 0xC2, 0x9F, 0xC5, 0x9F, 0x01, 0x00, 0x00, 0x00, /* DS:A448 */
	0xEA, 0x9B, 0xCB, 0x9F, 0xCF, 0x9F, 0x00, 0x00, 0x02, 0x00, 0xEA, 0x9B, 0xDE, 0x9F, 0xE2, 0x9F, /* DS:A458 */
	0x00, 0x00, 0x02, 0x00, 0xEA, 0x9B, 0xF4, 0x9F, 0xE8, 0x9B, 0x01, 0x00, 0x00, 0x00, 0xEA, 0x9B, /* DS:A468 */
	0xFA, 0x9F, 0xE8, 0x9B, 0x01, 0x00, 0x02, 0x00, 0xEA, 0x9B, 0x00, 0xA0, 0xE8, 0x9B, 0x01, 0x00, /* DS:A478 */
	0x02, 0x00, 0xEA, 0x9B, 0x06, 0xA0, 0xE8, 0x9B, 0x01, 0x00, 0x02, 0x00, 0xEA, 0x9B, 0x0C, 0xA0, /* DS:A488 */
	0xE8, 0x9B, 0x01, 0x00, 0x02, 0x00, 0xEA, 0x9B, 0x12, 0xA0, 0xE8, 0x9B, 0x01, 0x00, 0x02, 0x00, /* DS:A498 */
	0xEA, 0x9B, 0x18, 0xA0, 0xE8, 0x9B, 0x01, 0x00, 0x02, 0x00, 0xEA, 0x9B, 0xD6, 0xA0, 0xE8, 0x9B, /* DS:A4A8 */
	0x01, 0x00, 0x00, 0x00, 0x42, 0xA0, 0x22, 0xA0, 0x25, 0xA0, 0x01, 0x00, 0x00, 0x00, 0x1E, 0xA0, /* DS:A4B8 */
	0xD9, 0xA0, 0xDB, 0xA0, 0x01, 0x00, 0x00, 0x00, 0x42, 0xA0, 0x13, 0xA1, 0xE8, 0x9B, 0x01, 0x00, /* DS:A4C8 */
	0x00, 0x00, 0xEA, 0x9B, 0x0E, 0xA1, 0xE8, 0x9B, 0x01, 0x00, 0x00, 0x00, 0x00, 0xA1, 0x1C, 0xA1, /* DS:A4D8 */
	0x21, 0xA1, 0x01, 0x00, 0x00, 0x00, 0x18, 0xA1, 0x3E, 0xA1, 0x42, 0xA1, 0x01, 0x00, 0x00, 0x00, /* DS:A4E8 */
	0x3A, 0xA1, 0x53, 0xA1, 0xD2, 0x9D, 0x01, 0x00, 0x00, 0x00, 0xEA, 0x9B, 0x57, 0xA1, 0xE8, 0x9B, /* DS:A4F8 */
	0x01, 0x08, 0x00, 0x00, 0xEA, 0x9B, 0x5B, 0xA1, 0xE8, 0x9B, 0x01, 0x00, 0x00, 0x00, 0xEA, 0x9B, /* DS:A508 */
	0x61, 0xA1, 0x66, 0xA1, 0x01, 0x00, 0x00, 0x00, 0x3E, 0x9F, 0x6B, 0xA1, 0xE8, 0x9B, 0x01, 0x00, /* DS:A518 */
	0x00, 0x00, 0xEA, 0x9B, 0x71, 0xA1, 0x73, 0xA1, 0x01, 0x00, 0x02, 0x00, 0xEA, 0x9B, 0x77, 0xA1, /* DS:A528 */
	0x7A, 0xA1, 0x00, 0x00, 0x02, 0x00, 0xEA, 0x9B, 0x7F, 0xA1, 0xE8, 0x9B, 0x01, 0x00, 0x00, 0x00, /* DS:A538 */
	0x3E, 0x9F, 0x84, 0xA1, 0x83, 0x9D, 0x01, 0x0F, 0x00, 0x00, 0xEA, 0x9B, 0x89, 0xA1, 0xE8, 0x9B, /* DS:A548 */
	0x01, 0x0F, 0x00, 0x00, 0xEA, 0x9B, 0xAF, 0xA1, 0xB3, 0xA1, 0x01, 0x0F, 0x00, 0x00, 0xEA, 0x9B, /* DS:A558 */
	0xBC, 0xA1, 0x7E, 0x9E, 0x01, 0x0F, 0x00, 0x00, 0xEA, 0x9B, 0x06, 0xA2, 0xE8, 0x9B, 0x01, 0x00, /* DS:A568 */
	0x00, 0x00, 0x3E, 0x9F, 0xC1, 0xA1, 0xC4, 0xA1, 0x01, 0x00, 0x00, 0x00, 0xEA, 0x9B, 0xCD, 0xA1, /* DS:A578 */
	0xD0, 0xA1, 0x01, 0x00, 0x00, 0x00, 0xEA, 0x9B, 0xDB, 0xA1, 0xDE, 0xA1, 0x01, 0x00, 0x00, 0x00, /* DS:A588 */
	0xEA, 0x9B, 0xEC, 0xA1, 0xEF, 0xA1, 0x01, 0x00, 0x00, 0x00, 0x3E, 0x9F, 0xF9, 0xA1, 0xFD, 0xA1, /* DS:A598 */
	0x01, 0x00, 0x00, 0x00, 0x4C, 0x9F, 0xA6, 0xA1, 0xA9, 0xA1, 0x01, 0x0F, 0x00, 0x00, 0x8E, 0xA1, /* DS:A5A8 */
	0x3E, 0xA2, 0x48, 0xA2, 0x52, 0xA2, 0x16, 0xA2, 0x0C, 0xA2, 0x20, 0xA2, 0x2A, 0xA2, 0x34, 0xA2, /* DS:A5B8 */
	0x00, 0x00, 0x5C, 0xA2, 0x70, 0xA2, 0x66, 0xA2, 0xE8, 0xA2, 0xF2, 0xA2, 0x7A, 0xA2, 0x8E, 0xA2, /* DS:A5C8 */
	0x84, 0xA2, 0xD4, 0xA2, 0x98, 0xA2, 0xA2, 0xA2, 0xAC, 0xA2, 0xB6, 0xA2, 0xC0, 0xA2, 0xCA, 0xA2, /* DS:A5D8 */
	0xDE, 0xA2, 0x00, 0x00, 0xFC, 0xA2, 0x00, 0x00, 0x06, 0xA3, 0x10, 0xA3, 0x1A, 0xA3, 0x24, 0xA3, /* DS:A5E8 */
	0x00, 0x00, 0x42, 0xA3, 0x2E, 0xA3, 0x38, 0xA3, 0x00, 0x00, 0x4C, 0xA3, 0x00, 0x00, 0x60, 0xA3, /* DS:A5F8 */
	0x6A, 0xA3, 0x74, 0xA3, 0x7E, 0xA3, 0x88, 0xA3, 0x56, 0xA3, 0x00, 0x00, 0x92, 0xA3, 0x9C, 0xA3, /* DS:A608 */
	0x00, 0x00, 0xBA, 0xA3, 0xD8, 0xA3, 0xA6, 0xA3, 0xCE, 0xA3, 0xB0, 0xA3, 0xC4, 0xA3, 0x00, 0xA4, /* DS:A618 */
	0xF6, 0xA3, 0x0A, 0xA4, 0x14, 0xA4, 0xE2, 0xA3, 0xEC, 0xA3, 0x00, 0x00, 0x1E, 0xA4, 0x00, 0x00, /* DS:A628 */
	0x28, 0xA4, 0x00, 0x00, 0x82, 0xA4, 0x78, 0xA4, 0x96, 0xA4, 0x8C, 0xA4, 0xA0, 0xA4, 0xAA, 0xA4, /* DS:A638 */
	0x6E, 0xA4, 0x5A, 0xA4, 0x64, 0xA4, 0x32, 0xA4, 0x3C, 0xA4, 0x46, 0xA4, 0x50, 0xA4, 0x00, 0x00, /* DS:A648 */
	0xBE, 0xA4, 0xB4, 0xA4, 0xDC, 0xA4, 0xD2, 0xA4, 0xC8, 0xA4, 0x00, 0x00, 0x2C, 0xA5, 0xE6, 0xA4, /* DS:A658 */
	0xFA, 0xA4, 0xF0, 0xA4, 0x04, 0xA5, 0x0E, 0xA5, 0x18, 0xA5, 0x22, 0xA5, 0x00, 0x00, 0x36, 0xA5, /* DS:A668 */
	0x00, 0x00, 0x40, 0xA5, 0x00, 0x00, 0x4A, 0xA5, 0x54, 0xA5, 0x5E, 0xA5, 0x68, 0xA5, 0x86, 0xA5, /* DS:A678 */
	0x7C, 0xA5, 0x90, 0xA5, 0x9A, 0xA5, 0xA4, 0xA5, 0xAE, 0xA5, 0x72, 0xA5, 0x00, 0x00, 0x00, 0x00, /* DS:A688 */
	0x00, 0x00, 0x00, 0x00, 0xB8, 0xA5, 0xCA, 0xA5, 0xEC, 0xA5, 0xF0, 0xA5, 0xFA, 0xA5, 0x00, 0x00, /* DS:A698 */
	0x00, 0x00, 0x02, 0xA6, 0x06, 0xA6, 0x14, 0xA6, 0x1A, 0xA6, 0x34, 0xA6, 0x38, 0xA6, 0x00, 0x00, /* DS:A6A8 */
	0x3C, 0xA6, 0x58, 0xA6, 0x64, 0xA6, 0x76, 0xA6, 0x00, 0x00, 0x7A, 0xA6, 0x00, 0x00, 0x7E, 0xA6, /* DS:A6B8 */
	0x00, 0x00, 0x41, 0x42, 0x00, 0x11, 0x48, 0x4F, 0x52, 0x00, 0x05, 0x4A, 0x4E, 0x53, 0x00, 0x00, /* DS:A6C8 */
	0x00, 0x41, 0x43, 0x00, 0x05, 0x4B, 0x51, 0x00, 0x00, 0x00, 0x41, 0x44, 0x00, 0x05, 0x44, 0x48, /* DS:A6D8 */
	0x4D, 0x56, 0x00, 0x00, 0x00, 0x41, 0x00, 0x10, 0x48, 0x91, 0x00, 0x10, 0x85, 0x91, 0x00, 0x10, /* DS:A6E8 */
	0x94, 0x91, 0x00, 0x10, 0x98, 0x91, 0x00, 0x10, 0x43, 0x43, 0x00, 0x10, 0x4C, 0x4C, 0x00, 0x10, /* DS:A6F8 */
	0x50, 0x50, 0x00, 0x10, 0x46, 0x46, 0x00, 0x10, 0x47, 0x47, 0x00, 0x10, 0x52, 0x52, 0x00, 0x10, /* DS:A708 */
	0x54, 0x54, 0x00, 0x10, 0x53, 0x53, 0x00, 0x10, 0x44, 0x52, 0x00, 0x10, 0x44, 0x4A, 0x00, 0x10, /* DS:A718 */
	0x94, 0x98, 0x00, 0x11, 0x43, 0x48, 0x49, 0x00, 0x10, 0x53, 0x91, 0x00, 0x10, 0x53, 0xA7, 0x00, /* DS:A728 */
	0x11, 0x4E, 0x4E, 0xA2, 0x00, 0x11, 0x4E, 0x4E, 0x45, 0x00, 0x00, 0x41, 0x4E, 0x54, 0x49, 0x00, /* DS:A738 */
	0x09, 0x51, 0x47, 0x43, 0x00, 0x00, 0x00, 0x41, 0x55, 0x54, 0x4F, 0x00, 0x10, 0x8D, 0x91, 0x00, /* DS:A748 */
	0x00, 0x42, 0x45, 0x00, 0x43, 0x49, 0x52, 0x43, 0x55, 0x4D, 0x00, 0x00, 0xD6, 0xAA, 0x0C, 0xAC, /* DS:A758 */
	0x00, 0x00, 0x43, 0x4F, 0x4D, 0x00, 0x01, 0x94, 0x00, 0x00, 0x43, 0x4F, 0x4E, 0x00, 0x01, 0x86, /* DS:A768 */
	0x00, 0x10, 0x43, 0x4C, 0x00, 0x10, 0x54, 0x52, 0x00, 0x10, 0x85, 0x91, 0x00, 0x00, 0x1C, 0xAB, /* DS:A778 */
	0x00, 0x00, 0x43, 0x4F, 0x00, 0x01, 0x45, 0x00, 0x10, 0x52, 0x52, 0x00, 0x10, 0x4F, 0x50, 0x00, /* DS:A788 */
	0x10, 0x4F, 0x52, 0x00, 0x10, 0x48, 0x91, 0x00, 0x11, 0x41, 0x8D, 0x91, 0x00, 0x10, 0x4C, 0x4C, /* DS:A798 */
	0x00, 0x00, 0x43, 0x4F, 0x55, 0x4E, 0x54, 0x45, 0x52, 0x00, 0xAE, 0xAA, 0xB8, 0xAA, 0x00, 0x00, /* DS:A7A8 */
	0x44, 0x45, 0x00, 0x44, 0x45, 0x4C, 0x00, 0x09, 0x4C, 0x48, 0x91, 0x00, 0x00, 0x00, 0x72, 0xAA, /* DS:A7B8 */
	0x5E, 0xAA, 0x9A, 0xAA, 0xB8, 0xAA, 0x12, 0xAB, 0x34, 0xAC, 0x00, 0x00, 0x44, 0x49, 0x53, 0x00, /* DS:A7C8 */
	0x44, 0x49, 0x00, 0x01, 0x56, 0x00, 0x10, 0x52, 0x45, 0x00, 0x00, 0x45, 0x4D, 0x00, 0x45, 0x4E, /* DS:A7D8 */
	0x54, 0x45, 0x52, 0x00, 0x45, 0x4E, 0x00, 0x45, 0x58, 0x00, 0x45, 0x00, 0x10, 0x46, 0x46, 0x00, /* DS:A7E8 */
	0x10, 0x52, 0x91, 0x00, 0x10, 0x4C, 0x91, 0x00, 0x1D, 0x4E, 0x45, 0x52, 0x00, 0x10, 0x84, 0x91, /* DS:A7F8 */
	0x00, 0x10, 0x56, 0x41, 0x00, 0x10, 0x56, 0x4F, 0x00, 0x10, 0x56, 0x49, 0x00, 0x10, 0x53, 0x54, /* DS:A808 */
	0x00, 0x10, 0x53, 0x43, 0x00, 0x00, 0x46, 0x4F, 0x52, 0x00, 0x01, 0x47, 0x00, 0x01, 0x53, 0x00, /* DS:A818 */
	0x01, 0x42, 0x00, 0x00, 0x46, 0x4F, 0x52, 0x45, 0x00, 0x46, 0x49, 0x54, 0x5A, 0x00, 0x48, 0x00, /* DS:A828 */
	0x09, 0x4A, 0x59, 0x53, 0x57, 0x91, 0x00, 0x00, 0x00, 0x49, 0x4D, 0x00, 0x05, 0x42, 0x50, 0x4D, /* DS:A838 */
	0x00, 0x00, 0x00, 0x00, 0x5E, 0xAA, 0xC2, 0xAA, 0xB8, 0xAA, 0xAE, 0xAA, 0xD6, 0xAA, 0xEA, 0xAA, /* DS:A848 */
	0xF4, 0xAA, 0x58, 0xAB, 0x62, 0xAB, 0x0C, 0xAC, 0x16, 0xAC, 0x5C, 0xAC, 0x66, 0xAC, 0x00, 0x00, /* DS:A858 */
	0x49, 0x4E, 0x54, 0x45, 0x52, 0x00, 0x49, 0x4E, 0x54, 0x52, 0x4F, 0x00, 0xC2, 0xAA, 0xAE, 0xAA, /* DS:A868 */
	0xB8, 0xAA, 0xD6, 0xAA, 0xEA, 0xAA, 0xF4, 0xAA, 0x1C, 0xAB, 0x00, 0x00, 0x49, 0x4E, 0x00, 0x00, /* DS:A878 */
	0x34, 0xAC, 0x00, 0x00, 0x49, 0x52, 0x00, 0x01, 0x52, 0x00, 0x00, 0x00, 0x72, 0xAA, 0x5E, 0xAA, /* DS:A888 */
	0x62, 0xAB, 0xD6, 0xAA, 0x34, 0xAC, 0x00, 0x00, 0x4D, 0x41, 0x4C, 0x00, 0x72, 0xAA, 0x5E, 0xAA, /* DS:A898 */
	0xB8, 0xAA, 0xAE, 0xAA, 0x62, 0xAB, 0x8E, 0xAC, 0xD6, 0xAA, 0x16, 0xAC, 0x34, 0xAC, 0x00, 0x00, /* DS:A8A8 */
	0x4D, 0x49, 0x53, 0x00, 0x4D, 0x43, 0x00, 0x00, 0xB8, 0xAA, 0xAE, 0xAA, 0x62, 0xAB, 0x8E, 0xAC, /* DS:A8B8 */
	0xD6, 0xAA, 0x34, 0xAC, 0x00, 0x00, 0x4D, 0x49, 0x43, 0x52, 0x4F, 0x00, 0x4D, 0x55, 0x4C, 0x54, /* DS:A8C8 */
	0x49, 0x00, 0x1C, 0x50, 0x4C, 0x00, 0x00, 0x00, 0x4D, 0x41, 0x43, 0x00, 0x09, 0x52, 0x48, 0x4B, /* DS:A8D8 */
	0x45, 0x00, 0x00, 0x00, 0x4D, 0x4F, 0x4E, 0x54, 0x00, 0x00, 0x5E, 0xAA, 0xB8, 0xAA, 0xAE, 0xAA, /* DS:A8E8 */
	0xD6, 0xAA, 0x62, 0xAB, 0x34, 0xAC, 0x00, 0x00, 0x4E, 0x4F, 0x4E, 0x00, 0x4E, 0x45, 0x4F, 0x00, /* DS:A8F8 */
	0x4F, 0x40, 0x00, 0x4F, 0x42, 0x00, 0x01, 0x8D, 0x00, 0x00, 0xB8, 0xAA, 0xAE, 0xAA, 0xD6, 0xAA, /* DS:A908 */
	0x62, 0xAB, 0x58, 0xAB, 0x00, 0x00, 0x4F, 0x56, 0x45, 0x52, 0x00, 0x50, 0x45, 0x52, 0x00, 0x01, /* DS:A918 */
	0x8D, 0x00, 0x05, 0x41, 0x45, 0x4F, 0x00, 0x00, 0x00, 0x00, 0x68, 0xAA, 0x72, 0xAA, 0x7C, 0xAA, /* DS:A928 */
	0x5E, 0xAA, 0xB8, 0xAA, 0xAE, 0xAA, 0xD6, 0xAA, 0xEA, 0xAA, 0xF4, 0xAA, 0x58, 0xAB, 0x62, 0xAB, /* DS:A938 */
	0x9E, 0xAB, 0x16, 0xAC, 0x66, 0xAC, 0x00, 0x00, 0x50, 0x52, 0x45, 0x00, 0x50, 0x52, 0x4F, 0x00, /* DS:A948 */
	0x50, 0x4F, 0x53, 0x54, 0x00, 0x50, 0x4F, 0x4C, 0x59, 0x00, 0x68, 0xAA, 0x72, 0xAA, 0x7C, 0xAA, /* DS:A958 */
	0x5E, 0xAA, 0xB8, 0xAA, 0xAE, 0xAA, 0xD6, 0xAA, 0xEA, 0xAA, 0xF4, 0xAA, 0x58, 0xAB, 0x62, 0xAB, /* DS:A968 */
	0xE4, 0xAB, 0x16, 0xAC, 0x66, 0xAC, 0x84, 0xAC, 0x00, 0x00, 0x52, 0x45, 0x00, 0x10, 0x8D, 0x91, /* DS:A978 */
	0x00, 0x10, 0x8D, 0x52, 0x00, 0x10, 0x53, 0x8D, 0x00, 0x10, 0x8D, 0x4C, 0x00, 0x11, 0x41, 0x8D, /* DS:A988 */
	0x8D, 0x00, 0x11, 0x41, 0x4C, 0x49, 0x00, 0x11, 0x49, 0x84, 0x8D, 0x00, 0x05, 0x4F, 0x55, 0x00, /* DS:A998 */
	0x00, 0x00, 0xB8, 0xAA, 0xAE, 0xAA, 0x62, 0xAB, 0x58, 0xAB, 0x00, 0x00, 0x53, 0x55, 0x50, 0x45, /* DS:A9A8 */
	0x52, 0x00, 0x53, 0x45, 0x4D, 0x49, 0x00, 0x09, 0x4E, 0x00, 0x00, 0x00, 0x53, 0x54, 0x00, 0x09, /* DS:A9B8 */
	0x91, 0x52, 0x59, 0x00, 0x00, 0x00, 0x53, 0x55, 0x42, 0x00, 0x53, 0x55, 0x00, 0x10, 0x53, 0x8D, /* DS:A9C8 */
	0x00, 0x10, 0x52, 0x56, 0x00, 0x10, 0x52, 0x52, 0x00, 0x10, 0x47, 0x47, 0x00, 0x10, 0x43, 0x43, /* DS:A9D8 */
	0x00, 0x10, 0x50, 0x50, 0x00, 0x00, 0x54, 0x52, 0x41, 0x4E, 0x53, 0x00, 0x01, 0x8D, 0x00, 0x00, /* DS:A9E8 */
	0x55, 0x4E, 0x44, 0x45, 0x52, 0x00, 0x68, 0xAA, 0x72, 0xAA, 0x7C, 0xAA, 0x5E, 0xAA, 0x9A, 0xAA, /* DS:A9F8 */
	0xB8, 0xAA, 0xAE, 0xAA, 0xD6, 0xAA, 0xEA, 0xAA, 0xF4, 0xAA, 0xFE, 0xAA, 0x12, 0xAB, 0x1C, 0xAB, /* DS:AA08 */
	0x62, 0xAB, 0x58, 0xAB, 0xA8, 0xAB, 0xE4, 0xAB, 0x0C, 0xAC, 0x16, 0xAC, 0x34, 0xAC, 0x66, 0xAC, /* DS:AA18 */
	0x00, 0x00, 0x55, 0x4E, 0x00, 0x01, 0x8D, 0x00, 0x11, 0x49, 0x84, 0x8D, 0x00, 0x09, 0x49, 0x00, /* DS:AA28 */
	0x00, 0x00, 0x55, 0x50, 0x00, 0x01, 0x48, 0x00, 0x00, 0x55, 0x4C, 0x54, 0x52, 0x41, 0x00, 0x56, /* DS:AA38 */
	0x4F, 0x4E, 0x00, 0x09, 0x44, 0x4E, 0x00, 0x00, 0x00, 0x56, 0x41, 0x4E, 0x00, 0x1C, 0x44, 0x45, /* DS:AA48 */
	0x00, 0x09, 0x91, 0x00, 0x00, 0x00, 0xED, 0xA6, 0xEF, 0xA6, 0x01, 0x00, 0x00, 0x00, 0xEA, 0x9B, /* DS:AA58 */
	0xCA, 0xA6, 0xCD, 0xA6, 0x01, 0x00, 0x00, 0x00, 0xEA, 0x9B, 0xD9, 0xA6, 0xDC, 0xA6, 0x01, 0x00, /* DS:AA68 */
	0x00, 0x00, 0xEA, 0x9B, 0xE2, 0xA6, 0xE5, 0xA6, 0x01, 0x00, 0x00, 0x00, 0xEA, 0x9B, 0x43, 0xA7, /* DS:AA78 */
	0x48, 0xA7, 0x01, 0x00, 0x01, 0x00, 0x4C, 0xA8, 0x4F, 0xA7, 0x54, 0xA7, 0x01, 0x00, 0x01, 0x00, /* DS:AA88 */
	0xEA, 0x9B, 0x59, 0xA7, 0x2A, 0x9C, 0x01, 0x00, 0x00, 0x00, 0xEA, 0x9B, 0x5C, 0xA7, 0xE8, 0x9B, /* DS:AA98 */
	0x01, 0x00, 0x01, 0x00, 0xEA, 0x9B, 0x6A, 0xA7, 0x6E, 0xA7, 0x00, 0x00, 0x00, 0x00, 0x64, 0xA7, /* DS:AAA8 */
	0x72, 0xA7, 0x76, 0xA7, 0x01, 0x00, 0x00, 0x00, 0x64, 0xA7, 0x8A, 0xA7, 0x8D, 0xA7, 0x01, 0x00, /* DS:AAB8 */
	0x00, 0x00, 0x86, 0xA7, 0xAA, 0xA7, 0xE8, 0x9B, 0x01, 0x00, 0x01, 0x00, 0xA4, 0xA8, 0xB8, 0xA7, /* DS:AAC8 */
	0x2A, 0x9C, 0x01, 0x00, 0x00, 0x00, 0xB2, 0xA7, 0xBB, 0xA7, 0xBF, 0xA7, 0x01, 0x00, 0x00, 0x00, /* DS:AAD8 */
	0xB2, 0xA7, 0xD4, 0xA7, 0xE8, 0x9B, 0x01, 0x00, 0x00, 0x00, 0xC6, 0xA7, 0xD8, 0xA7, 0xDB, 0xA7, /* DS:AAE8 */
	0x00, 0x00, 0x00, 0x00, 0xEA, 0x9B, 0xE3, 0xA7, 0x6E, 0xA7, 0x01, 0x00, 0x00, 0x00, 0xEA, 0x9B, /* DS:AAF8 */
	0xE6, 0xA7, 0xE8, 0x9B, 0x00, 0x00, 0x01, 0x00, 0xEA, 0x9B, 0xEC, 0xA7, 0x0E, 0xA9, 0x01, 0x00, /* DS:AB08 */
	0x00, 0x00, 0xEA, 0x9B, 0xEF, 0xA7, 0xE8, 0x9B, 0x01, 0x00, 0x00, 0x00, 0xEA, 0x9B, 0xF2, 0xA7, /* DS:AB18 */
	0xF4, 0xA7, 0x01, 0x00, 0x00, 0x00, 0xEA, 0x9B, 0x1E, 0xA8, 0x22, 0xA8, 0x01, 0x00, 0x00, 0x00, /* DS:AB28 */
	0xEA, 0x9B, 0x31, 0xA8, 0x2A, 0x9C, 0x01, 0x00, 0x00, 0x00, 0xEA, 0x9B, 0x2C, 0xA8, 0xEC, 0x9B, /* DS:AB38 */
	0x01, 0x00, 0x00, 0x00, 0xEA, 0x9B, 0x36, 0xA8, 0x38, 0xA8, 0x00, 0x00, 0x04, 0x00, 0xEA, 0x9B, /* DS:AB48 */
	0x41, 0xA8, 0x44, 0xA8, 0x01, 0x00, 0x00, 0x00, 0xEA, 0x9B, 0x84, 0xA8, 0xE8, 0x9B, 0x01, 0x00, /* DS:AB58 */
	0x00, 0x00, 0x74, 0xA8, 0x68, 0xA8, 0xE8, 0x9B, 0x01, 0x00, 0x01, 0x00, 0x4C, 0xA8, 0x6E, 0xA8, /* DS:AB68 */
	0xE8, 0x9B, 0x00, 0x00, 0x01, 0x00, 0xEA, 0x9B, 0x8C, 0xA8, 0x8F, 0xA8, 0x01, 0x00, 0x00, 0x00, /* DS:AB78 */
	0x88, 0xA8, 0xA0, 0xA8, 0xE8, 0x9B, 0x01, 0x00, 0x00, 0x00, 0x94, 0xA8, 0xBC, 0xA8, 0xE8, 0x9B, /* DS:AB88 */
	0x01, 0x00, 0x00, 0x00, 0xEA, 0x9B, 0xCE, 0xA8, 0xE8, 0x9B, 0x01, 0x00, 0x01, 0x00, 0xC0, 0xA8, /* DS:AB98 */
	0xB8, 0xA8, 0xE8, 0x9B, 0x01, 0x00, 0x00, 0x00, 0xA4, 0xA8, 0xD4, 0xA8, 0xDA, 0xA8, 0x01, 0x00, /* DS:ABA8 */
	0x01, 0x00, 0xEA, 0x9B, 0xE0, 0xA8, 0xE4, 0xA8, 0x01, 0x00, 0x00, 0x00, 0xEA, 0x9B, 0xEC, 0xA8, /* DS:ABB8 */
	0x0E, 0xA9, 0x00, 0x00, 0x00, 0x00, 0xEA, 0x9B, 0x04, 0xA9, 0x0E, 0xA9, 0x01, 0x00, 0x00, 0x00, /* DS:ABC8 */
	0xEA, 0x9B, 0x00, 0xA9, 0xE8, 0x9B, 0x01, 0x00, 0x00, 0x00, 0xF2, 0xA8, 0x0B, 0xA9, 0x0E, 0xA9, /* DS:ABD8 */
	0x00, 0x00, 0x00, 0x00, 0xEA, 0x9B, 0x1E, 0xA9, 0xE8, 0x9B, 0x01, 0x00, 0x01, 0x00, 0x12, 0xA9, /* DS:ABE8 */
	0x08, 0xA9, 0xE8, 0x9B, 0x01, 0x00, 0x00, 0x00, 0xEA, 0x9B, 0x23, 0xA9, 0x27, 0xA9, 0x00, 0x00, /* DS:ABF8 */
	0x00, 0x00, 0xEA, 0x9B, 0x50, 0xA9, 0xEC, 0x9B, 0x01, 0x00, 0x00, 0x00, 0x32, 0xA9, 0x54, 0xA9, /* DS:AC08 */
	0xEC, 0x9B, 0x01, 0x00, 0x00, 0x00, 0xEA, 0x9B, 0x58, 0xA9, 0x0E, 0xA9, 0x01, 0x00, 0x00, 0x00, /* DS:AC18 */
	0xEA, 0x9B, 0x5D, 0xA9, 0xE8, 0x9B, 0x01, 0x00, 0x01, 0x00, 0xEA, 0x9B, 0x82, 0xA9, 0x85, 0xA9, /* DS:AC28 */
	0x01, 0x00, 0x00, 0x00, 0x62, 0xA9, 0xBA, 0xA9, 0xBF, 0xA9, 0x01, 0x00, 0x01, 0x00, 0xEA, 0x9B, /* DS:AC38 */
	0xC4, 0xA9, 0xC7, 0xA9, 0x01, 0x00, 0x00, 0x00, 0xEA, 0x9B, 0xB4, 0xA9, 0xE8, 0x9B, 0x01, 0x00, /* DS:AC48 */
	0x01, 0x00, 0xAA, 0xA9, 0xCE, 0xA9, 0xE8, 0x9B, 0x01, 0x00, 0x00, 0x00, 0xEA, 0x9B, 0xD2, 0xA9, /* DS:AC58 */
	0xD5, 0xA9, 0x00, 0x00, 0x00, 0x00, 0xEA, 0x9B, 0xEE, 0xA9, 0xF4, 0xA9, 0x01, 0x00, 0x00, 0x00, /* DS:AC68 */
	0xEA, 0x9B, 0x2A, 0xAA, 0x2D, 0xAA, 0x01, 0x00, 0x00, 0x00, 0xFE, 0xA9, 0x3A, 0xAA, 0x3D, 0xAA, /* DS:AC78 */
	0x01, 0x00, 0x00, 0x00, 0xEA, 0x9B, 0xF8, 0xA9, 0xE8, 0x9B, 0x01, 0x00, 0x01, 0x00, 0xEA, 0x9B, /* DS:AC88 */
	0x41, 0xAA, 0xE8, 0x9B, 0x01, 0x00, 0x01, 0x00, 0x32, 0xA9, 0x51, 0xAA, 0x55, 0xAA, 0x01, 0x00, /* DS:AC98 */
	0x00, 0x00, 0xEA, 0x9B, 0x47, 0xAA, 0x4B, 0xAA, 0x01, 0x00, 0x00, 0x00, 0xEA, 0x9B, 0x68, 0xAA, /* DS:ACA8 */
	0x72, 0xAA, 0x7C, 0xAA, 0x5E, 0xAA, 0x86, 0xAA, 0x90, 0xAA, 0x00, 0x00, 0x9A, 0xAA, 0x00, 0x00, /* DS:ACB8 */
	0xA4, 0xAA, 0xAE, 0xAA, 0xB8, 0xAA, 0xC2, 0xAA, 0xCC, 0xAA, 0x00, 0x00, 0xE0, 0xAA, 0xD6, 0xAA, /* DS:ACC8 */
	0xEA, 0xAA, 0xF4, 0xAA, 0x00, 0x00, 0x08, 0xAB, 0x12, 0xAB, 0xFE, 0xAA, 0x1C, 0xAB, 0x26, 0xAB, /* DS:ACD8 */
	0x00, 0x00, 0x30, 0xAB, 0x44, 0xAB, 0x3A, 0xAB, 0x00, 0x00, 0x4E, 0xAB, 0x00, 0x00, 0x58, 0xAB, /* DS:ACE8 */
	0x6C, 0xAB, 0x76, 0xAB, 0x62, 0xAB, 0x80, 0xAB, 0x00, 0x00, 0x8A, 0xAB, 0xA8, 0xAB, 0x94, 0xAB, /* DS:ACF8 */
	0x9E, 0xAB, 0xB2, 0xAB, 0xBC, 0xAB, 0xC6, 0xAB, 0x00, 0x00, 0xDA, 0xAB, 0xD0, 0xAB, 0x00, 0x00, /* DS:AD08 */
	0xE4, 0xAB, 0xEE, 0xAB, 0xF8, 0xAB, 0x00, 0x00, 0x02, 0xAC, 0x0C, 0xAC, 0x16, 0xAC, 0x20, 0xAC, /* DS:AD18 */
	0x2A, 0xAC, 0x00, 0x00, 0x34, 0xAC, 0x00, 0x00, 0x3E, 0xAC, 0x52, 0xAC, 0x48, 0xAC, 0x5C, 0xAC, /* DS:AD28 */
	0x66, 0xAC, 0x00, 0x00, 0x70, 0xAC, 0x00, 0x00, 0x8E, 0xAC, 0x7A, 0xAC, 0x84, 0xAC, 0x98, 0xAC, /* DS:AD38 */
	0x00, 0x00, 0xA2, 0xAC, 0xAC, 0xAC, 0x00, 0x00, 0xB6, 0xAC, 0xC4, 0xAC, 0xC8, 0xAC, 0xD4, 0xAC, /* DS:AD48 */
	0xDE, 0xAC, 0xEA, 0xAC, 0x00, 0x00, 0xF2, 0xAC, 0xF6, 0xAC, 0x00, 0x00, 0x00, 0x00, 0x00, 0x00, /* DS:AD58 */
	0x02, 0xAD, 0x12, 0xAD, 0x18, 0xAD, 0x20, 0xAD, 0x00, 0x00, 0x2C, 0xAD, 0x30, 0xAD, 0x3C, 0xAD, /* DS:AD68 */
	0x40, 0xAD, 0x4A, 0xAD, 0x00, 0x00, 0x00, 0x00, 0x00, 0x00, 0x00, 0x00, 0x0A, 0x00, 0x00, 0x00, /* DS:AD78 */
	0x00, 0x00, 0x00, 0x00, 0x00, 0x00, 0x00, 0x00, 0x00, 0x00, 0x00, 0x00, 0x00, 0x00, 0x00, 0x12, /* DS:AD88 */
	0x17, 0x00, 0x00, 0x00, 0x00, 0x00, 0x00, 0x00, 0x00, 0x00, 0x00, 0x00, 0x0C, 0x13, 0x08, 0x07, /* DS:AD98 */
	0x07, 0x0F, 0x0A, 0x08, 0x08, 0x15, 0x07, 0x08, 0x08, 0x07, 0x06, 0x16, 0x09, 0x00, 0x08, 0x0D, /* DS:ADA8 */
	0x07, 0x17, 0x07, 0x08, 0x07, 0x08, 0x09, 0x00, 0x00, 0x00, 0x00, 0x00, 0x00, 0x13, 0x10, 0x17, /* DS:ADB8 */
	0x07, 0x0F, 0x18, 0x15, 0x07, 0x0D, 0x09, 0x18, 0x11, 0x11, 0x11, 0x12, 0x07, 0x07, 0x12, 0x0A, /* DS:ADC8 */
	0x03, 0x10, 0x0E, 0x18, 0x07, 0x1C, 0x08, 0x00, 0x0B, 0x00, 0x09, 0x00, 0x64, 0xAD, 0x0A, 0x00, /* DS:ADD8 */
	0x00, 0x00, 0x00, 0x00, 0x00, 0x00, 0x00, 0x00, 0x00, 0x00, 0x00, 0x00, 0x00, 0x00, 0x00, 0x00, /* DS:ADE8 */
	0x00, 0x08, 0x0A, 0x00, 0x00, 0x00, 0x00, 0x00, 0x00, 0x00, 0x00, 0x00, 0x00, 0x00, 0x05, 0x0A, /* DS:ADF8 */
	0x06, 0x05, 0x05, 0x05, 0x08, 0x06, 0x02, 0x0F, 0x05, 0x06, 0x04, 0x06, 0x05, 0x08, 0x05, 0x00, /* DS:AE08 */
	0x03, 0x0A, 0x05, 0x0F, 0x04, 0x06, 0x06, 0x04, 0x05, 0x00, 0x00, 0x00, 0x00, 0x00, 0x00, 0x08, /* DS:AE18 */
	0x07, 0x0B, 0x02, 0x07, 0x0A, 0x0D, 0x06, 0x04, 0x07, 0x0D, 0x0B, 0x0B, 0x0A, 0x0A, 0x07, 0x05, /* DS:AE28 */
	0x0C, 0x08, 0x03, 0x06, 0x05, 0x0A, 0x03, 0x0F, 0x04, 0x00, 0x05, 0x00, 0x06, 0x00, 0xC6, 0xAD, /* DS:AE38 */
	0x07, 0x00, 0x00, 0x00, 0x00, 0x00, 0x00, 0x00, 0x00, 0x00, 0x00, 0x00, 0x00, 0x00, 0x00, 0x00, /* DS:AE48 */
	0x00, 0x00, 0x00, 0x00, 0x00, 0x00, 0x00, 0x00, 0x00, 0x00, 0x00, 0x00, 0x00, 0x00, 0x00, 0x00, /* DS:AE58 */
	0x00, 0x00, 0x01, 0x04, 0x03, 0x00, 0x01, 0x06, 0x07, 0x00, 0x04, 0x06, 0x00, 0x01, 0x03, 0x00, /* DS:AE68 */
	0x01, 0x07, 0x00, 0x03, 0x03, 0x00, 0x01, 0x00, 0x02, 0x00, 0x03, 0x00, 0x00, 0x00, 0x00, 0x00, /* DS:AE78 */
	0x00, 0x00, 0x00, 0x00, 0x07, 0x00, 0x00, 0x00, 0x00, 0x00, 0x00, 0x00, 0x03, 0x01, 0x03, 0x00, /* DS:AE88 */
	0x00, 0x03, 0x00, 0x04, 0x03, 0x00, 0x00, 0x00, 0x02, 0x00, 0x04, 0x00, 0x00, 0x00, 0x06, 0x00, /* DS:AE98 */
	0x28, 0xAE, /* DS:AEA8 */
};
PROSE_DS_ASSERT(prose_ds_raw_9be8, sizeof prose_ds_raw_9be8 == 4802);
