/* Generated by tools/ds_gen.py from the Prose 2000 v3.4.1 ROM dumps, and maintained by hand from then on: the
 * tables may be edited (names, types, splits), and ds_image_check checks that they still build the ROM's
 * DS:0000-AEA9 byte for byte. Design: docs/superpowers/specs/2026-09-28-ds-structured-tables-design.md */
#include "prose_ds_tables.h"

/* DS:626C-9BE7 not yet split into tables [opaque] */
const uint8_t prose_ds_raw_626c[14716] = {
	0x00, 0x05, 0x18, 0x13, 0x62, 0x63, 0x75, 0x18, 0x13, 0x45, 0x69, 0x55, 0x18, 0x01, 0x01, 0x18, /* DS:626C */
	0x11, 0x48, 0x0B, 0x95, 0x18, 0x11, 0x48, 0x18, 0x12, 0x33, 0x01, 0x08, 0x18, 0x13, 0x69, 0x18, /* DS:627C */
	0x13, 0x59, 0x18, 0x01, 0x05, 0x18, 0x0B, 0x95, 0x0A, 0xA0, 0x18, 0x13, 0x70, 0x18, 0x11, 0x4D, /* DS:628C */
	0x6D, 0x18, 0x13, 0x53, 0x18, 0x01, 0x00, 0x0B, 0x95, 0x18, 0x01, 0x00, 0x0B, 0x9D, 0x18, 0x01, /* DS:629C */
	0x00, 0x18, 0x0B, 0x95, 0x18, 0x0B, 0x9D, 0x18, 0x01, 0x0A, 0x0B, 0x91, 0x18, 0x13, 0x73, 0x18, /* DS:62AC */
	0x13, 0x55, 0x77, 0x62, 0x63, 0x75, 0x18, 0x13, 0x34, 0x45, 0x69, 0x7C, 0x18, 0x13, 0x6C, 0x18, /* DS:62BC */
	0x13, 0x40, 0x7C, 0x18, 0x01, 0x00, 0x0A, 0x91, 0x18, 0x13, 0x52, 0x18, 0x11, 0x48, 0x0B, 0x91, /* DS:62CC */
	0x0A, 0x9D, 0x18, 0x00, 0x00, 0x0B, 0x9D, 0x18, 0x0A, 0x91, 0x18, 0x13, 0x5A, 0x18, 0x01, 0x06, /* DS:62DC */
	0x18, 0x01, 0x07, 0x18, 0x01, 0x09, 0x18, 0x01, 0x08, 0x18, 0x13, 0x33, 0x18, 0x13, 0x57, 0x18, /* DS:62EC */
	0x13, 0x4C, 0x18, 0x13, 0x20, 0x18, 0x13, 0x73, 0x0D, 0xA0, 0x0D, 0x95, 0x18, 0x13, 0x73, 0x0C, /* DS:62FC */
	0xA0, 0x0D, 0x95, 0x18, 0x13, 0x73, 0x0C, 0x95, 0x0D, 0x9D, 0x18, 0x13, 0x73, 0x15, 0x33, 0x18, /* DS:630C */
	0x13, 0x73, 0x0C, 0x95, 0x0C, 0x9D, 0x0D, 0x91, 0x18, 0x11, 0x45, 0x55, 0x59, 0x34, 0x18, 0x0A, /* DS:631C */
	0x80, 0x18, 0x0B, 0x90, 0x18, 0x00, 0x0A, 0x0B, 0x81, 0x18, 0x00, 0x0A, 0x0B, 0x91, 0x18, 0x01, /* DS:632C */
	0x03, 0x00, 0x0A, 0x0B, 0x91, 0x18, 0x01, 0x03, 0x00, 0x0A, 0x0B, 0x81, 0x18, 0x00, 0x0A, 0x18, /* DS:633C */
	0x0B, 0x86, 0x12, 0x73, 0x18, 0x0B, 0x85, 0x18, 0x11, 0x4A, 0x13, 0x7A, 0x15, 0x52, 0x18, 0x0B, /* DS:634C */
	0x86, 0x18, 0x01, 0x03, 0x00, 0x0A, 0x01, 0x06, 0x18, 0x13, 0x6E, 0x18, 0x13, 0x61, 0x18, 0x13, /* DS:635C */
	0x73, 0x15, 0x52, 0x18, 0x13, 0x73, 0x15, 0x20, 0x18, 0x00, 0x80, 0xFF, 0x08, 0x00, 0x2A, 0xDF, /* DS:636C */
	0x00, 0xFF, 0x0F, 0x00, 0x38, 0xDF, 0x80, 0xFF, 0x03, 0x00, 0xB2, 0xEB, 0x02, 0xFF, 0x06, 0x00, /* DS:637C */
	0xC4, 0xEB, 0x80, 0xFF, 0x00, 0x00, 0x58, 0xDE, 0x00, 0xFF, 0x00, 0x00, 0x66, 0xDE, 0x80, 0xFF, /* DS:638C */
	0x35, 0x00, 0x2E, 0xDE, 0x80, 0xFF, 0x90, 0x01, 0x00, 0xDF, 0x00, 0xFF, 0xB0, 0x04, 0xBA, 0xDE, /* DS:639C */
	0x81, 0xFF, 0x64, 0x00, 0xBA, 0xDE, 0x01, 0xFF, 0x64, 0x00, 0xC8, 0xDE, 0x80, 0xFF, 0x78, 0x05, /* DS:63AC */
	0xBA, 0xDE, 0x80, 0xFF, 0x2C, 0x01, 0xF2, 0xDE, 0x00, 0xFF, 0x64, 0x00, 0x00, 0xDF, 0x86, 0xFF, /* DS:63BC */
	0x00, 0x00, 0x2A, 0xEB, 0x87, 0xFF, 0x00, 0x00, 0xAC, 0xDE, 0x86, 0xFF, 0x00, 0x00, 0x2C, 0xEB, /* DS:63CC */
	0x87, 0xFF, 0x00, 0x00, 0xBA, 0xDE, 0x86, 0xFF, 0x00, 0x00, 0x2E, 0xEB, 0x07, 0xFF, 0x00, 0x00, /* DS:63DC */
	0xC8, 0xDE, 0x80, 0xFF, 0xB0, 0x00, 0xAC, 0xDE, 0x80, 0xFF, 0xBC, 0x06, 0xBA, 0xDE, 0x80, 0xFF, /* DS:63EC */
	0xF0, 0x08, 0xC8, 0xDE, 0x80, 0xFF, 0x00, 0x0E, 0xD6, 0xDE, 0x00, 0xFF, 0x32, 0x00, 0xF2, 0xDE, /* DS:63FC */
	0x80, 0xFF, 0x3E, 0x00, 0x58, 0xDE, 0x80, 0xFF, 0x2D, 0x00, 0x66, 0xDE, 0x00, 0xFF, 0x2D, 0x00, /* DS:640C */
	0x74, 0xDE, 0x80, 0xFF, 0x3E, 0x00, 0x58, 0xDE, 0x80, 0xFF, 0x2F, 0x00, 0x9E, 0xDE, 0x00, 0xFF, /* DS:641C */
	0x32, 0x00, 0xF2, 0xDE, 0x80, 0xFF, 0xE4, 0x03, 0xBA, 0xDE, 0x80, 0xFF, 0x50, 0x08, 0xC8, 0xDE, /* DS:642C */
	0x00, 0xFF, 0x00, 0x0D, 0xD6, 0xDE, 0x80, 0xFF, 0x24, 0x04, 0xBA, 0xDE, 0x80, 0xFF, 0x70, 0x0A, /* DS:643C */
	0xC8, 0xDE, 0x00, 0xFF, 0xB0, 0x0D, 0xD6, 0xDE, 0x80, 0xFF, 0x32, 0x00, 0x66, 0xDE, 0x00, 0xFF, /* DS:644C */
	0x32, 0x00, 0x74, 0xDE, 0x80, 0xFF, 0x3A, 0x00, 0xC8, 0xEB, 0x00, 0xFF, 0x1F, 0x00, 0xCA, 0xEB, /* DS:645C */
	0x00, 0xFF, 0xD8, 0x00, 0xAC, 0xDE, 0x80, 0xFF, 0xB0, 0x04, 0xBA, 0xDE, 0x00, 0xFF, 0x3E, 0x00, /* DS:646C */
	0x58, 0xDE, 0x80, 0xFF, 0x3E, 0x00, 0xC8, 0xEB, 0x00, 0xFF, 0x46, 0x00, 0x58, 0xDE, 0x80, 0xFF, /* DS:647C */
	0x10, 0x40, 0x66, 0xEB, 0x00, 0xFF, 0x80, 0x66, 0x68, 0xEB, 0x00, 0xFF, 0x0E, 0x06, 0xBA, 0xDE, /* DS:648C */
	0x00, 0xFF, 0x46, 0x05, 0xBA, 0xDE, 0x80, 0xFF, 0x03, 0x00, 0xB4, 0xEB, 0x80, 0xFF, 0x7C, 0x06, /* DS:649C */
	0xBA, 0xDE, 0x00, 0xFF, 0xD0, 0x08, 0xC8, 0xDE, 0x00, 0xFF, 0xD6, 0x06, 0xC8, 0xDE, 0x80, 0xFF, /* DS:64AC */
	0x80, 0x66, 0x66, 0xEB, 0x00, 0xFF, 0x70, 0x26, 0x68, 0xEB, 0x80, 0xFF, 0x44, 0x00, 0xC8, 0xEB, /* DS:64BC */
	0x00, 0xFF, 0x00, 0x00, 0xCA, 0xEB, 0x02, 0xFF, 0x07, 0x00, 0xC8, 0xEB, 0x80, 0xFF, 0x9C, 0x01, /* DS:64CC */
	0xAC, 0xDE, 0x80, 0xFF, 0xB4, 0x04, 0xBA, 0xDE, 0x80, 0xFF, 0x80, 0x09, 0xC8, 0xDE, 0x00, 0xFF, /* DS:64DC */
	0x70, 0x0C, 0xD6, 0xDE, 0x80, 0xFF, 0x41, 0x00, 0xC8, 0xEB, 0x80, 0xFF, 0x28, 0x00, 0xCA, 0xEB, /* DS:64EC */
	0x80, 0xFF, 0x3A, 0x00, 0x66, 0xDE, 0x80, 0xFF, 0x38, 0x00, 0x74, 0xDE, 0x00, 0xFF, 0x38, 0x00, /* DS:64FC */
	0x90, 0xDE, 0x80, 0xFF, 0x38, 0x00, 0xC8, 0xEB, 0x80, 0xFF, 0x37, 0x00, 0x66, 0xDE, 0x80, 0xFF, /* DS:650C */
	0x9C, 0x01, 0xAC, 0xDE, 0x80, 0xFF, 0x9C, 0x04, 0xBA, 0xDE, 0x00, 0xFF, 0x80, 0x0A, 0xC8, 0xDE, /* DS:651C */
	0x80, 0xFF, 0x08, 0x00, 0x2A, 0xDF, 0x80, 0xFF, 0x0E, 0x00, 0x38, 0xDF, 0x80, 0xFF, 0x03, 0x00, /* DS:652C */
	0x22, 0xDF, 0x00, 0xFF, 0x03, 0x00, 0x30, 0xDF, 0x01, 0xFF, 0x5E, 0x01, 0xBA, 0xDE, 0x01, 0xFF, /* DS:653C */
	0x64, 0x00, 0xBA, 0xDE, 0x80, 0xFF, 0x4E, 0x00, 0x74, 0xDE, 0x80, 0xFF, 0x4B, 0x00, 0x90, 0xDE, /* DS:654C */
	0x80, 0xFF, 0xAA, 0x05, 0xBA, 0xDE, 0x00, 0xFF, 0x48, 0x0D, 0xD6, 0xDE, 0x80, 0xFF, 0x12, 0x00, /* DS:655C */
	0x2A, 0xDF, 0x80, 0xFF, 0x0C, 0x00, 0x38, 0xDF, 0x80, 0xFF, 0x03, 0x00, 0x22, 0xDF, 0x80, 0xFF, /* DS:656C */
	0x03, 0x00, 0x30, 0xDF, 0x00, 0xFF, 0x2D, 0x00, 0x2E, 0xDE, 0x80, 0xFF, 0x46, 0x00, 0xE4, 0xDE, /* DS:657C */
	0x00, 0xFF, 0xA4, 0x06, 0xBA, 0xDE, 0x80, 0xFF, 0x2A, 0x00, 0x3C, 0xDE, 0x80, 0xFF, 0x21, 0x00, /* DS:658C */
	0x4A, 0xDE, 0x00, 0xFF, 0x4D, 0x00, 0x90, 0xDE, 0x80, 0xFF, 0x04, 0x00, 0xA0, 0xDE, 0x80, 0xFF, /* DS:659C */
	0x90, 0x01, 0xAC, 0xDE, 0x80, 0xFF, 0x1C, 0x07, 0xBA, 0xDE, 0x00, 0xFF, 0x70, 0x09, 0xC8, 0xDE, /* DS:65AC */
	0x80, 0xFF, 0x04, 0x00, 0xA0, 0xDE, 0x80, 0xFF, 0x90, 0x01, 0xAC, 0xDE, 0x80, 0xFF, 0xDC, 0x05, /* DS:65BC */
	0xBA, 0xDE, 0x00, 0xFF, 0xE0, 0x0D, 0xD6, 0xDE, 0x80, 0xFF, 0x90, 0x01, 0xAC, 0xDE, 0x00, 0xFF, /* DS:65CC */
	0x04, 0x06, 0xBA, 0xDE, 0x80, 0xFF, 0x04, 0x00, 0xA0, 0xDE, 0x80, 0xFF, 0x90, 0x01, 0xAC, 0xDE, /* DS:65DC */
	0x00, 0xFF, 0x44, 0x05, 0xBA, 0xDE, 0x80, 0xFF, 0x3E, 0x00, 0x3C, 0xDE, 0x80, 0xFF, 0x1F, 0x00, /* DS:65EC */
	0x4A, 0xDE, 0x80, 0xFF, 0x00, 0x00, 0x9E, 0xDE, 0x80, 0xFF, 0x00, 0x00, 0x58, 0xDE, 0x80, 0xFF, /* DS:65FC */
	0x00, 0x00, 0x66, 0xDE, 0x80, 0xFF, 0x00, 0x00, 0x74, 0xDE, 0x80, 0xFF, 0x3E, 0x00, 0x82, 0xDE, /* DS:660C */
	0x00, 0xFF, 0x3C, 0x00, 0x90, 0xDE, 0x80, 0xFF, 0x45, 0x00, 0x74, 0xDE, 0x80, 0xFF, 0x3C, 0x00, /* DS:661C */
	0x82, 0xDE, 0x00, 0xFF, 0x37, 0x00, 0x90, 0xDE, 0x82, 0xFF, 0x32, 0x00, 0xBA, 0xDE, 0x02, 0xFF, /* DS:662C */
	0xC8, 0x00, 0xC8, 0xDE, 0x80, 0xFF, 0x80, 0x66, 0x66, 0xEB, 0x00, 0xFF, 0x80, 0x66, 0x68, 0xEB, /* DS:663C */
	0x00, 0xFF, 0x0E, 0x06, 0xBA, 0xDE, 0x80, 0xFF, 0x2A, 0x00, 0x3C, 0xDE, 0x80, 0xFF, 0x4D, 0x00, /* DS:664C */
	0x90, 0xDE, 0x00, 0xFF, 0x21, 0x00, 0x4A, 0xDE, 0x02, 0xFF, 0x14, 0x00, 0x2E, 0xDE, 0x80, 0xFF, /* DS:665C */
	0x05, 0x00, 0x34, 0xDE, 0x00, 0xFF, 0x05, 0x00, 0x42, 0xDE, 0x80, 0xFF, 0x10, 0x01, 0xAC, 0xDE, /* DS:666C */
	0x00, 0xFF, 0xC0, 0x09, 0xC8, 0xDE, 0x80, 0xFF, 0x38, 0x00, 0x2E, 0xDE, 0x00, 0xFF, 0x41, 0x00, /* DS:667C */
	0x3C, 0xDE, 0x00, 0xFF, 0x20, 0x09, 0xC8, 0xDE, 0x81, 0xFF, 0x05, 0x00, 0x3C, 0xDE, 0x80, 0xFF, /* DS:668C */
	0x54, 0x06, 0xBA, 0xDE, 0x80, 0xFF, 0xF0, 0x08, 0xC8, 0xDE, 0x00, 0xFF, 0xA0, 0x0E, 0xD6, 0xDE, /* DS:669C */
	0x81, 0xFF, 0x05, 0x00, 0x3C, 0xDE, 0x80, 0xFF, 0x37, 0x00, 0x90, 0xDE, 0x80, 0xFF, 0xC8, 0x00, /* DS:66AC */
	0xAC, 0xDE, 0x80, 0xFF, 0x5C, 0x06, 0xBA, 0xDE, 0x80, 0xFF, 0x60, 0x09, 0xC8, 0xDE, 0x00, 0xFF, /* DS:66BC */
	0x80, 0x0D, 0xD6, 0xDE, 0x81, 0xFF, 0x05, 0x00, 0x2E, 0xDE, 0x80, 0xFF, 0x8C, 0x00, 0xAC, 0xDE, /* DS:66CC */
	0x80, 0xFF, 0xDC, 0x06, 0xBA, 0xDE, 0x80, 0xFF, 0xC0, 0x09, 0xC8, 0xDE, 0x00, 0xFF, 0x30, 0x0E, /* DS:66DC */
	0xD6, 0xDE, 0x80, 0xFF, 0x2D, 0x00, 0x58, 0xDE, 0x00, 0xFF, 0x2D, 0x00, 0x66, 0xDE, 0x80, 0xFF, /* DS:66EC */
	0xE4, 0x00, 0xAC, 0xDE, 0x80, 0xFF, 0xDC, 0x05, 0xBA, 0xDE, 0x80, 0xFF, 0x60, 0x09, 0xC8, 0xDE, /* DS:66FC */
	0x00, 0xFF, 0x90, 0x0D, 0xD6, 0xDE, 0x80, 0xFF, 0x28, 0x01, 0xAC, 0xDE, 0x80, 0xFF, 0x43, 0x00, /* DS:670C */
	0x82, 0xDE, 0x80, 0xFF, 0x3F, 0x00, 0x90, 0xDE, 0x01, 0xFF, 0x04, 0x00, 0x3C, 0xDE, 0x80, 0xFF, /* DS:671C */
	0x11, 0x00, 0x2A, 0xDF, 0x80, 0xFF, 0x28, 0x00, 0x2E, 0xDE, 0x80, 0xFF, 0x43, 0x00, 0x3C, 0xDE, /* DS:672C */
	0x80, 0xFF, 0x49, 0x00, 0x82, 0xDE, 0x80, 0xFF, 0x06, 0x00, 0x34, 0xDE, 0x00, 0xFF, 0x32, 0x00, /* DS:673C */
	0x4A, 0xDE, 0x80, 0xFF, 0x49, 0x00, 0x74, 0xDE, 0x80, 0xFF, 0x28, 0x01, 0xAC, 0xDE, 0x00, 0xFF, /* DS:674C */
	0xA0, 0x0E, 0xD6, 0xDE, 0x80, 0xFF, 0x00, 0x00, 0x2E, 0xDE, 0x80, 0xFF, 0x49, 0x00, 0x74, 0xDE, /* DS:675C */
	0x80, 0xFF, 0x0F, 0x00, 0x2A, 0xDF, 0x80, 0xFF, 0x0F, 0x00, 0x38, 0xDF, 0x80, 0xFF, 0x03, 0x00, /* DS:676C */
	0x34, 0xDE, 0x00, 0xFF, 0x45, 0x00, 0x3C, 0xDE, 0x80, 0xFF, 0x28, 0x01, 0xAC, 0xDE, 0x80, 0xFF, /* DS:677C */
	0x28, 0x00, 0x2E, 0xDE, 0x80, 0xFF, 0x32, 0x00, 0x4A, 0xDE, 0x80, 0xFF, 0x03, 0x00, 0x34, 0xDE, /* DS:678C */
	0x00, 0xFF, 0x45, 0x00, 0x3C, 0xDE, 0x80, 0xFF, 0x33, 0x00, 0x4A, 0xDE, 0x00, 0xFF, 0x46, 0x00, /* DS:679C */
	0x58, 0xDE, 0x80, 0xFF, 0x04, 0x00, 0xB6, 0xEB, 0x80, 0xFF, 0x30, 0x00, 0xCA, 0xEB, 0x80, 0xFF, /* DS:67AC */
	0xD4, 0x06, 0xBA, 0xDE, 0x00, 0xFF, 0xC0, 0x09, 0xC8, 0xDE, 0x80, 0xFF, 0x37, 0x00, 0x58, 0xDE, /* DS:67BC */
	0x80, 0xFF, 0x44, 0x00, 0x74, 0xDE, 0x80, 0xFF, 0x44, 0x00, 0x82, 0xDE, 0x00, 0xFF, 0x41, 0x00, /* DS:67CC */
	0x90, 0xDE, 0x80, 0xFF, 0x06, 0x00, 0xB6, 0xEB, 0x80, 0xFF, 0x34, 0x00, 0x58, 0xDE, 0x80, 0xFF, /* DS:67DC */
	0x37, 0x00, 0x66, 0xDE, 0x80, 0xFF, 0x3E, 0x00, 0x74, 0xDE, 0x80, 0xFF, 0x41, 0x00, 0x82, 0xDE, /* DS:67EC */
	0x00, 0xFF, 0x44, 0x00, 0x90, 0xDE, 0x80, 0xFF, 0x08, 0x07, 0xBA, 0xDE, 0x80, 0xFF, 0x60, 0x09, /* DS:67FC */
	0xC8, 0xDE, 0x00, 0xFF, 0x30, 0x0D, 0xD6, 0xDE, 0x80, 0xFF, 0xFC, 0x00, 0xAC, 0xDE, 0x80, 0xFF, /* DS:680C */
	0x60, 0x09, 0xC8, 0xDE, 0x00, 0xFF, 0xC0, 0x0C, 0xD6, 0xDE, 0x80, 0xFF, 0x3C, 0x00, 0x9E, 0xDE, /* DS:681C */
	0x80, 0xFF, 0x38, 0x00, 0x58, 0xDE, 0x80, 0xFF, 0x38, 0x00, 0x66, 0xDE, 0x80, 0xFF, 0x32, 0x00, /* DS:682C */
	0x82, 0xDE, 0x00, 0xFF, 0x32, 0x00, 0x90, 0xDE, 0x80, 0xFF, 0xB8, 0x01, 0xAC, 0xDE, 0x80, 0xFF, /* DS:683C */
	0x04, 0x06, 0xBA, 0xDE, 0x80, 0xFF, 0xC0, 0x09, 0xC8, 0xDE, 0x00, 0xFF, 0x20, 0x0D, 0xD6, 0xDE, /* DS:684C */
	0x80, 0xFF, 0x03, 0x00, 0xB6, 0xEB, 0x00, 0xFF, 0x3C, 0x00, 0xC8, 0xEB, 0x80, 0xFF, 0x04, 0x00, /* DS:685C */
	0xB6, 0xEB, 0x80, 0xFF, 0x37, 0x00, 0x58, 0xDE, 0x80, 0xFF, 0x41, 0x00, 0x66, 0xDE, 0x80, 0xFF, /* DS:686C */
	0x3C, 0x00, 0x82, 0xDE, 0x00, 0xFF, 0x41, 0x00, 0x90, 0xDE, 0x80, 0xFF, 0x78, 0x02, 0xAC, 0xDE, /* DS:687C */
	0x80, 0xFF, 0x44, 0x06, 0xBA, 0xDE, 0x80, 0xFF, 0x10, 0x0A, 0xC8, 0xDE, 0x00, 0xFF, 0xD0, 0x0E, /* DS:688C */
	0xD6, 0xDE, 0x80, 0xFF, 0x05, 0x00, 0xB6, 0xEB, 0x80, 0xFF, 0x28, 0x00, 0xCA, 0xEB, 0x80, 0xFF, /* DS:689C */
	0x35, 0x00, 0xC8, 0xEB, 0x00, 0xFF, 0x7F, 0x00, 0xB4, 0xEB, 0x80, 0xFF, 0x30, 0x00, 0x58, 0xDE, /* DS:68AC */
	0x80, 0xFF, 0x30, 0x00, 0x66, 0xDE, 0x80, 0xFF, 0x3E, 0x00, 0x74, 0xDE, 0x80, 0xFF, 0x3E, 0x00, /* DS:68BC */
	0x82, 0xDE, 0x00, 0xFF, 0x3C, 0x00, 0x90, 0xDE, 0x80, 0xFF, 0xC0, 0x01, 0xAC, 0xDE, 0x80, 0xFF, /* DS:68CC */
	0x6C, 0x06, 0xBA, 0xDE, 0x00, 0xFF, 0x90, 0x0D, 0xD6, 0xDE, 0x80, 0xFF, 0x02, 0x00, 0xB6, 0xEB, /* DS:68DC */
	0x80, 0xFF, 0x32, 0x00, 0xC8, 0xEB, 0x00, 0xFF, 0x30, 0x00, 0xCA, 0xEB, 0x80, 0xFF, 0x43, 0x00, /* DS:68EC */
	0x66, 0xDE, 0x80, 0xFF, 0x41, 0x00, 0x82, 0xDE, 0x80, 0xFF, 0x41, 0x00, 0x90, 0xDE, 0x00, 0xFF, /* DS:68FC */
	0x41, 0x00, 0x9E, 0xDE, 0x80, 0xFF, 0x05, 0x00, 0xB6, 0xEB, 0x80, 0xFF, 0x32, 0x00, 0xC8, 0xEB, /* DS:690C */
	0x80, 0xFF, 0x2D, 0x00, 0xCA, 0xEB, 0x80, 0xFF, 0x46, 0x00, 0x74, 0xDE, 0x00, 0xFF, 0x3C, 0x00, /* DS:691C */
	0x9E, 0xDE, 0x80, 0xFF, 0x3A, 0x00, 0xC8, 0xEB, 0x80, 0xFF, 0x3C, 0x00, 0x66, 0xDE, 0x80, 0xFF, /* DS:692C */
	0x00, 0x00, 0x74, 0xDE, 0x80, 0xFF, 0x3F, 0x00, 0x82, 0xDE, 0x80, 0xFF, 0x42, 0x00, 0x90, 0xDE, /* DS:693C */
	0x80, 0xFF, 0x05, 0x00, 0xB6, 0xEB, 0x00, 0xFF, 0xA0, 0x0E, 0xD6, 0xDE, 0x80, 0xFF, 0x28, 0x00, /* DS:694C */
	0x58, 0xDE, 0x80, 0xFF, 0x00, 0x00, 0x66, 0xDE, 0x80, 0xFF, 0x68, 0x01, 0xAC, 0xDE, 0x80, 0xFF, /* DS:695C */
	0x84, 0x06, 0xBA, 0xDE, 0x80, 0xFF, 0x50, 0x09, 0xC8, 0xDE, 0x00, 0xFF, 0xF0, 0x0C, 0xD6, 0xDE, /* DS:696C */
	0x80, 0xFF, 0x54, 0x08, 0xBA, 0xDE, 0x00, 0xFF, 0x4B, 0x00, 0x00, 0xDF, 0x80, 0xFF, 0x44, 0x00, /* DS:697C */
	0x66, 0xDE, 0x00, 0xFF, 0x44, 0x00, 0x74, 0xDE, 0x80, 0xFF, 0x8C, 0x07, 0xBA, 0xDE, 0x00, 0xFF, /* DS:698C */
	0xC0, 0x09, 0xC8, 0xDE, 0x80, 0xFF, 0x3C, 0x00, 0x82, 0xDE, 0x00, 0xFF, 0x3C, 0x00, 0x90, 0xDE, /* DS:699C */
	0x00, 0xFF, 0xF0, 0x08, 0xC8, 0xDE, 0x82, 0xFF, 0x0F, 0x00, 0x9E, 0xDE, 0x80, 0xFF, 0x44, 0x00, /* DS:69AC */
	0x66, 0xDE, 0x80, 0xFF, 0x44, 0x00, 0x74, 0xDE, 0x00, 0xFF, 0x41, 0x00, 0x90, 0xDE, 0x80, 0xFF, /* DS:69BC */
	0x3C, 0x00, 0x58, 0xDE, 0x80, 0xFF, 0x49, 0x00, 0x66, 0xDE, 0x00, 0xFF, 0x41, 0x00, 0x74, 0xDE, /* DS:69CC */
	0x80, 0xFF, 0xF4, 0x05, 0xBA, 0xDE, 0x80, 0xFF, 0x00, 0x0A, 0xC8, 0xDE, 0x00, 0xFF, 0xB0, 0x0E, /* DS:69DC */
	0xD6, 0xDE, 0x80, 0xFF, 0x00, 0x00, 0xC6, 0xEB, 0x80, 0xFF, 0x00, 0x00, 0x66, 0xDE, 0x00, 0xFF, /* DS:69EC */
	0x00, 0x00, 0x74, 0xDE, 0x80, 0xFF, 0x2C, 0x08, 0xBA, 0xDE, 0x00, 0xFF, 0x34, 0x00, 0xC8, 0xEB, /* DS:69FC */
	0x80, 0xFF, 0x8C, 0x07, 0xBA, 0xDE, 0x80, 0xFF, 0x00, 0x00, 0x9E, 0xDE, 0x00, 0xFF, 0x37, 0x00, /* DS:6A0C */
	0xC8, 0xEB, 0x80, 0xFF, 0xDC, 0x05, 0xBA, 0xDE, 0x80, 0xFF, 0x80, 0x0A, 0xC8, 0xDE, 0x80, 0xFF, /* DS:6A1C */
	0x40, 0x0E, 0xD6, 0xDE, 0x80, 0xFF, 0x34, 0x00, 0xC8, 0xEB, 0x00, 0xFF, 0x35, 0x00, 0xC6, 0xEB, /* DS:6A2C */
	0x00, 0xFF, 0x2A, 0x00, 0x2E, 0xDE, 0x80, 0xFF, 0x43, 0x00, 0x66, 0xDE, 0x00, 0xFF, 0x41, 0x00, /* DS:6A3C */
	0x90, 0xDE, 0x81, 0xFF, 0x01, 0x00, 0xB6, 0xEB, 0x00, 0xFF, 0x98, 0x08, 0xC8, 0xDE, 0x80, 0xFF, /* DS:6A4C */
	0x3C, 0x00, 0x58, 0xDE, 0x00, 0xFF, 0x3C, 0x00, 0x66, 0xDE, 0x80, 0xFF, 0x28, 0x00, 0x58, 0xDE, /* DS:6A5C */
	0x80, 0xFF, 0x28, 0x00, 0x66, 0xDE, 0x00, 0xFF, 0x4D, 0x00, 0x74, 0xDE, 0x00, 0xFF, 0x33, 0x00, /* DS:6A6C */
	0xCA, 0xEB, 0x80, 0xFF, 0x19, 0x00, 0x82, 0xDE, 0x00, 0xFF, 0x19, 0x00, 0x90, 0xDE, 0x80, 0xFF, /* DS:6A7C */
	0x4D, 0x00, 0x58, 0xDE, 0x00, 0xFF, 0x3D, 0x00, 0x66, 0xDE, 0x80, 0xFF, 0x46, 0x05, 0xBA, 0xDE, /* DS:6A8C */
	0x00, 0xFF, 0x0E, 0x06, 0xC8, 0xDE, 0x80, 0xFF, 0xD8, 0x7E, 0x6A, 0xEB, 0x80, 0xFF, 0x34, 0x04, /* DS:6A9C */
	0xBA, 0xDE, 0x80, 0xFF, 0x90, 0x05, 0xC8, 0xDE, 0x00, 0xFF, 0xBE, 0x0A, 0xD6, 0xDE, 0x80, 0xFF, /* DS:6AAC */
	0x00, 0x00, 0x66, 0xDE, 0x80, 0xFF, 0x3A, 0x00, 0x74, 0xDE, 0x80, 0xFF, 0x00, 0x00, 0x9E, 0xDE, /* DS:6ABC */
	0x00, 0xFF, 0x00, 0x00, 0x82, 0xDE, 0x80, 0xFF, 0x00, 0x00, 0x82, 0xDE, 0x00, 0xFF, 0x00, 0x00, /* DS:6ACC */
	0x90, 0xDE, 0x80, 0xFF, 0xCC, 0x08, 0xBA, 0xDE, 0x80, 0xFF, 0xA0, 0x09, 0xC8, 0xDE, 0x80, 0xFF, /* DS:6ADC */
	0x70, 0x0C, 0xD6, 0xDE, 0x00, 0xFF, 0x40, 0x33, 0xB0, 0xEB, 0x80, 0xFF, 0x00, 0x00, 0x58, 0xDE, /* DS:6AEC */
	0x80, 0xFF, 0x32, 0x00, 0x74, 0xDE, 0x80, 0xFF, 0x24, 0x08, 0xBA, 0xDE, 0x80, 0xFF, 0x90, 0x0A, /* DS:6AFC */
	0xC8, 0xDE, 0x00, 0xFF, 0xC0, 0x0C, 0xD6, 0xDE, 0x80, 0xFF, 0x00, 0x00, 0x74, 0xDE, 0x80, 0xFF, /* DS:6B0C */
	0x3C, 0x00, 0x82, 0xDE, 0x00, 0xFF, 0x64, 0x00, 0x00, 0xDF, 0x80, 0xFF, 0xBA, 0x0E, 0xD6, 0xDE, /* DS:6B1C */
	0x80, 0xFF, 0x37, 0x00, 0xC8, 0xEB, 0x00, 0xFF, 0x40, 0x33, 0xB0, 0xEB, 0x80, 0xFF, 0x44, 0x05, /* DS:6B2C */
	0xBA, 0xDE, 0x80, 0xFF, 0x10, 0x06, 0xC8, 0xDE, 0x80, 0xFF, 0x68, 0x0D, 0xD6, 0xDE, 0x00, 0xFF, /* DS:6B3C */
	0x40, 0x33, 0xB0, 0xEB, 0x80, 0xFF, 0x28, 0x00, 0x66, 0xDE, 0x80, 0xFF, 0x32, 0x00, 0x74, 0xDE, /* DS:6B4C */
	0x00, 0xFF, 0x3C, 0x00, 0x82, 0xDE, 0x80, 0xFF, 0xEC, 0x06, 0xBA, 0xDE, 0x80, 0xFF, 0xC0, 0x08, /* DS:6B5C */
	0xC8, 0xDE, 0x00, 0xFF, 0xF0, 0x0D, 0xD6, 0xDE, 0x80, 0xFF, 0x3F, 0x00, 0xC8, 0xEB, 0x80, 0xFF, /* DS:6B6C */
	0x3F, 0x00, 0x58, 0xDE, 0x80, 0xFF, 0x30, 0x00, 0x66, 0xDE, 0x80, 0xFF, 0x0C, 0x04, 0xBA, 0xDE, /* DS:6B7C */
	0x00, 0xFF, 0xC0, 0x08, 0xC8, 0xDE, 0x80, 0xFF, 0x7C, 0x04, 0xBA, 0xDE, 0x00, 0xFF, 0x40, 0x05, /* DS:6B8C */
	0xC8, 0xDE, 0x80, 0xFF, 0x3A, 0x00, 0xC8, 0xEB, 0x80, 0xFF, 0x00, 0x00, 0x66, 0xDE, 0x80, 0xFF, /* DS:6B9C */
	0x30, 0x00, 0x74, 0xDE, 0x00, 0xFF, 0x30, 0x00, 0x82, 0xDE, 0x80, 0xFF, 0x44, 0x00, 0x58, 0xDE, /* DS:6BAC */
	0x80, 0xFF, 0x2D, 0x00, 0x66, 0xDE, 0x80, 0xFF, 0x44, 0x00, 0x74, 0xDE, 0x00, 0xFF, 0x32, 0x00, /* DS:6BBC */
	0x90, 0xDE, 0x80, 0xFF, 0x9C, 0x04, 0xBA, 0xDE, 0x00, 0xFF, 0x90, 0x08, 0xC8, 0xDE, 0x80, 0xFF, /* DS:6BCC */
	0x00, 0x00, 0x66, 0xDE, 0x80, 0xFF, 0x32, 0x00, 0x74, 0xDE, 0x80, 0xFF, 0xB4, 0x06, 0xBA, 0xDE, /* DS:6BDC */
	0x00, 0xFF, 0x70, 0x07, 0xC8, 0xDE, 0x80, 0xFF, 0x3D, 0x00, 0xC8, 0xEB, 0x80, 0xFF, 0x00, 0x00, /* DS:6BEC */
	0x66, 0xDE, 0x80, 0xFF, 0x3A, 0x00, 0x9E, 0xDE, 0x80, 0xFF, 0x6C, 0x05, 0xBA, 0xDE, 0x80, 0xFF, /* DS:6BFC */
	0x6C, 0x05, 0xBA, 0xDE, 0x00, 0xFF, 0x10, 0x07, 0xC8, 0xDE, 0x80, 0xFF, 0x74, 0x05, 0xBA, 0xDE, /* DS:6C0C */
	0x00, 0xFF, 0x20, 0x08, 0xC8, 0xDE, 0x80, 0xFF, 0x00, 0x00, 0x2E, 0xDE, 0x80, 0xFF, 0x38, 0x00, /* DS:6C1C */
	0xC8, 0xEB, 0x80, 0xFF, 0x1F, 0x00, 0xCA, 0xEB, 0x80, 0xFF, 0xFC, 0x08, 0xBA, 0xDE, 0x00, 0xFF, /* DS:6C2C */
	0xE0, 0x09, 0xC8, 0xDE, 0x80, 0xFF, 0x00, 0x00, 0x58, 0xDE, 0x80, 0xFF, 0x2D, 0x00, 0x74, 0xDE, /* DS:6C3C */
	0x00, 0xFF, 0x37, 0x00, 0x90, 0xDE, 0x80, 0xFF, 0xD2, 0x08, 0xBA, 0xDE, 0x80, 0xFF, 0xAA, 0x09, /* DS:6C4C */
	0xC8, 0xDE, 0x00, 0xFF, 0x70, 0x0C, 0xD6, 0xDE, 0x80, 0xFF, 0xF4, 0x00, 0xAC, 0xDE, 0x80, 0xFF, /* DS:6C5C */
	0x0C, 0x08, 0xBA, 0xDE, 0x80, 0xFF, 0xA0, 0x0A, 0xC8, 0xDE, 0x00, 0xFF, 0x50, 0x0D, 0xD6, 0xDE, /* DS:6C6C */
	0x80, 0xFF, 0x2D, 0x00, 0x2E, 0xDE, 0x80, 0xFF, 0x00, 0x00, 0x58, 0xDE, 0x80, 0xFF, 0x3F, 0x00, /* DS:6C7C */
	0x66, 0xDE, 0x80, 0xFF, 0x00, 0x00, 0x74, 0xDE, 0x00, 0xFF, 0x37, 0x00, 0x82, 0xDE, 0x80, 0xFF, /* DS:6C8C */
	0x09, 0x00, 0x2A, 0xDF, 0x00, 0xFF, 0x0F, 0x00, 0x38, 0xDF, 0x80, 0xFF, 0x3A, 0x00, 0xC8, 0xEB, /* DS:6C9C */
	0x80, 0xFF, 0x3F, 0x00, 0x58, 0xDE, 0x80, 0xFF, 0x00, 0x00, 0x66, 0xDE, 0x80, 0xFF, 0x00, 0x00, /* DS:6CAC */
	0x74, 0xDE, 0x80, 0xFF, 0x37, 0x00, 0x82, 0xDE, 0x00, 0xFF, 0x00, 0x00, 0x90, 0xDE, 0x80, 0xFF, /* DS:6CBC */
	0x8C, 0x00, 0xF2, 0xDE, 0x80, 0xFF, 0x1C, 0x01, 0xAC, 0xDE, 0x80, 0xFF, 0x8C, 0x06, 0xBA, 0xDE, /* DS:6CCC */
	0x80, 0xFF, 0x60, 0x08, 0xC8, 0xDE, 0x00, 0xFF, 0xA0, 0x0D, 0xD6, 0xDE, 0x80, 0xFF, 0x5C, 0x05, /* DS:6CDC */
	0xBA, 0xDE, 0x00, 0xFF, 0x20, 0x07, 0xC8, 0xDE, 0x80, 0xFF, 0x40, 0x00, 0x58, 0xDE, 0x80, 0xFF, /* DS:6CEC */
	0x40, 0x00, 0x66, 0xDE, 0x80, 0xFF, 0x37, 0x00, 0x82, 0xDE, 0x00, 0xFF, 0x38, 0x00, 0xC8, 0xEB, /* DS:6CFC */
	0x80, 0xFF, 0x0C, 0x06, 0xBA, 0xDE, 0x80, 0xFF, 0x70, 0x08, 0xC8, 0xDE, 0x00, 0xFF, 0xF0, 0x0C, /* DS:6D0C */
	0xD6, 0xDE, 0x80, 0xFF, 0x9C, 0x03, 0xBA, 0xDE, 0x00, 0xFF, 0xD0, 0x09, 0xC8, 0xDE, 0x80, 0xFF, /* DS:6D1C */
	0x37, 0x00, 0x82, 0xDE, 0x80, 0xFF, 0x41, 0x00, 0x58, 0xDE, 0x00, 0xFF, 0x00, 0x00, 0x66, 0xDE, /* DS:6D2C */
	0x80, 0xFF, 0x41, 0x00, 0xC8, 0xEB, 0x00, 0xFF, 0x22, 0x00, 0xCA, 0xEB, 0x80, 0xFF, 0x34, 0x00, /* DS:6D3C */
	0x2E, 0xDE, 0x00, 0xFF, 0x00, 0x00, 0x58, 0xDE, 0x80, 0xFF, 0xEC, 0x09, 0xBA, 0xDE, 0x00, 0xFF, /* DS:6D4C */
	0x40, 0x0B, 0xC8, 0xDE, 0x80, 0xFF, 0x3E, 0x00, 0x66, 0xDE, 0x80, 0xFF, 0xBC, 0x07, 0xBA, 0xDE, /* DS:6D5C */
	0x80, 0xFF, 0x80, 0x08, 0xC8, 0xDE, 0x00, 0xFF, 0x50, 0x0E, 0xD6, 0xDE, 0x80, 0xFF, 0x3E, 0x00, /* DS:6D6C */
	0x58, 0xDE, 0x00, 0xFF, 0x3E, 0x00, 0x66, 0xDE, 0x80, 0xFF, 0x2C, 0x07, 0xBA, 0xDE, 0x00, 0xFF, /* DS:6D7C */
	0xE0, 0x07, 0xC8, 0xDE, 0x80, 0xFF, 0x04, 0x05, 0xBA, 0xDE, 0x00, 0xFF, 0xD0, 0x05, 0xC8, 0xDE, /* DS:6D8C */
	0x80, 0xFF, 0x37, 0x00, 0xC8, 0xEB, 0x80, 0xFF, 0x31, 0x00, 0xCA, 0xEB, 0x80, 0xFF, 0x2A, 0x00, /* DS:6D9C */
	0x66, 0xDE, 0x00, 0xFF, 0x2A, 0x00, 0x74, 0xDE, 0x80, 0xFF, 0x34, 0x06, 0xBA, 0xDE, 0x00, 0xFF, /* DS:6DAC */
	0x60, 0x07, 0xC8, 0xDE, 0x00, 0xFF, 0x37, 0x00, 0x9E, 0xDE, 0x80, 0xFF, 0x30, 0x00, 0x66, 0xDE, /* DS:6DBC */
	0x80, 0xFF, 0x30, 0x00, 0x74, 0xDE, 0x80, 0xFF, 0x3C, 0x06, 0xBA, 0xDE, 0x00, 0xFF, 0x00, 0x07, /* DS:6DCC */
	0xC8, 0xDE, 0x80, 0xFF, 0x00, 0x00, 0x66, 0xDE, 0x80, 0xFF, 0x00, 0x00, 0x74, 0xDE, 0x80, 0xFF, /* DS:6DDC */
	0x04, 0x05, 0xBA, 0xDE, 0x00, 0xFF, 0x00, 0x07, 0xC8, 0xDE, 0x80, 0xFF, 0x50, 0x00, 0x82, 0xDE, /* DS:6DEC */
	0x00, 0xFF, 0x50, 0x00, 0x90, 0xDE, 0x00, 0xFF, 0x50, 0x00, 0x74, 0xDE, 0x80, 0xFF, 0x98, 0x08, /* DS:6DFC */
	0xBA, 0xDE, 0x00, 0xFF, 0x60, 0x09, 0xC8, 0xDE, 0x80, 0xFF, 0x50, 0x00, 0x58, 0xDE, 0x80, 0xFF, /* DS:6E0C */
	0x4B, 0x00, 0x66, 0xDE, 0x00, 0xFF, 0x28, 0x00, 0x74, 0xDE, 0x80, 0xFF, 0x02, 0x08, 0xBA, 0xDE, /* DS:6E1C */
	0x00, 0xFF, 0xCA, 0x08, 0xC8, 0xDE, 0x80, 0xFF, 0xAC, 0x07, 0xBA, 0xDE, 0x00, 0xFF, 0x74, 0x08, /* DS:6E2C */
	0xC8, 0xDE, 0x80, 0xFF, 0x4B, 0x00, 0x66, 0xDE, 0x00, 0xFF, 0x28, 0x00, 0x74, 0xDE, 0x80, 0xFF, /* DS:6E3C */
	0x40, 0x06, 0xBA, 0xDE, 0x00, 0xFF, 0x08, 0x07, 0xC8, 0xDE, 0x80, 0xFF, 0x94, 0x06, 0xBA, 0xDE, /* DS:6E4C */
	0x00, 0xFF, 0x5C, 0x07, 0xC8, 0xDE, 0x80, 0xFF, 0x28, 0x00, 0x4A, 0xDE, 0x80, 0xFF, 0x3C, 0x00, /* DS:6E5C */
	0x74, 0xDE, 0x80, 0xFF, 0x2A, 0x00, 0x82, 0xDE, 0x80, 0xFF, 0x2A, 0x00, 0x90, 0xDE, 0x80, 0xFF, /* DS:6E6C */
	0xF0, 0x0A, 0xC8, 0xDE, 0x00, 0xFF, 0xB0, 0x0D, 0xD6, 0xDE, 0x80, 0xFF, 0x28, 0x00, 0x4A, 0xDE, /* DS:6E7C */
	0x80, 0xFF, 0x44, 0x00, 0x3C, 0xDE, 0x80, 0xFF, 0x46, 0x00, 0x66, 0xDE, 0x80, 0xFF, 0x39, 0x00, /* DS:6E8C */
	0x90, 0xDE, 0x00, 0xFF, 0xE0, 0x08, 0xC8, 0xDE, 0x80, 0xFF, 0x41, 0x00, 0x3C, 0xDE, 0x80, 0xFF, /* DS:6E9C */
	0x43, 0x00, 0x66, 0xDE, 0x00, 0xFF, 0x36, 0x00, 0x90, 0xDE, 0x80, 0xFF, 0x3D, 0x00, 0x3C, 0xDE, /* DS:6EAC */
	0x80, 0xFF, 0xF0, 0x08, 0xC8, 0xDE, 0x00, 0xFF, 0xE0, 0x0D, 0xD6, 0xDE, 0x80, 0xFF, 0x28, 0x00, /* DS:6EBC */
	0x4A, 0xDE, 0x00, 0xFF, 0xB0, 0x0D, 0xD6, 0xDE, 0x80, 0xFF, 0x40, 0x00, 0x3C, 0xDE, 0x00, 0xFF, /* DS:6ECC */
	0x60, 0x09, 0xC8, 0xDE, 0x80, 0xFF, 0x28, 0x00, 0x4A, 0xDE, 0x00, 0xFF, 0x39, 0x00, 0x90, 0xDE, /* DS:6EDC */
	0x80, 0xFF, 0x40, 0x00, 0x82, 0xDE, 0x80, 0xFF, 0x37, 0x00, 0x90, 0xDE, 0x00, 0xFF, 0xB8, 0x00, /* DS:6EEC */
	0x00, 0xDF, 0x82, 0xFF, 0x01, 0x00, 0x90, 0xDE, 0x80, 0xFF, 0x00, 0x09, 0xC8, 0xDE, 0x00, 0xFF, /* DS:6EFC */
	0xD0, 0x0B, 0xD6, 0xDE, 0x00, 0xFF, 0xA4, 0x06, 0xBA, 0xDE, 0x80, 0xFF, 0x3A, 0x00, 0x74, 0xDE, /* DS:6F0C */
	0x80, 0xFF, 0x30, 0x00, 0x82, 0xDE, 0x80, 0xFF, 0x30, 0x00, 0x90, 0xDE, 0x00, 0xFF, 0xB0, 0x0D, /* DS:6F1C */
	0xD6, 0xDE, 0x80, 0xFF, 0x48, 0x00, 0x66, 0xDE, 0x80, 0xFF, 0xD0, 0x08, 0xC8, 0xDE, 0x00, 0xFF, /* DS:6F2C */
	0x60, 0x0C, 0xD6, 0xDE, 0x80, 0xFF, 0x3C, 0x00, 0x82, 0xDE, 0x00, 0xFF, 0x36, 0x00, 0x90, 0xDE, /* DS:6F3C */
	0x80, 0xFF, 0x2D, 0x00, 0x90, 0xDE, 0x00, 0xFF, 0x60, 0x0A, 0xC8, 0xDE, 0x80, 0xFF, 0x35, 0x00, /* DS:6F4C */
	0x58, 0xDE, 0x80, 0xFF, 0x32, 0x00, 0x74, 0xDE, 0x00, 0xFF, 0xD0, 0x09, 0xC8, 0xDE, 0x80, 0xFF, /* DS:6F5C */
	0x26, 0x00, 0x82, 0xDE, 0x80, 0xFF, 0x26, 0x00, 0x90, 0xDE, 0x00, 0xFF, 0x96, 0x00, 0x00, 0xDF, /* DS:6F6C */
	0x80, 0xFF, 0x37, 0x00, 0x58, 0xDE, 0x80, 0xFF, 0x32, 0x00, 0x74, 0xDE, 0x80, 0xFF, 0x2C, 0x00, /* DS:6F7C */
	0x82, 0xDE, 0x00, 0xFF, 0x2C, 0x00, 0x90, 0xDE, 0x80, 0xFF, 0x31, 0x00, 0x58, 0xDE, 0x80, 0xFF, /* DS:6F8C */
	0x2E, 0x00, 0x74, 0xDE, 0x00, 0xFF, 0xD0, 0x09, 0xC8, 0xDE, 0x80, 0xFF, 0x22, 0x00, 0x82, 0xDE, /* DS:6F9C */
	0x00, 0xFF, 0x22, 0x00, 0x90, 0xDE, 0x00, 0xFF, 0x00, 0x0A, 0xC8, 0xDE, 0x80, 0xFF, 0xE4, 0x06, /* DS:6FAC */
	0xBA, 0xDE, 0x80, 0xFF, 0x10, 0x0A, 0xC8, 0xDE, 0x00, 0xFF, 0xA0, 0x0E, 0xD6, 0xDE, 0x80, 0xFF, /* DS:6FBC */
	0x86, 0x00, 0xE4, 0xDE, 0x80, 0xFF, 0x6E, 0x00, 0x00, 0xDF, 0x80, 0xFF, 0xE4, 0x05, 0xBA, 0xDE, /* DS:6FCC */
	0x00, 0xFF, 0xBE, 0x09, 0xC8, 0xDE, 0x80, 0xFF, 0x44, 0x00, 0x82, 0xDE, 0x00, 0xFF, 0x4A, 0x00, /* DS:6FDC */
	0x90, 0xDE, 0x00, 0xFF, 0xAC, 0x06, 0xBA, 0xDE, 0x80, 0xFF, 0x00, 0x00, 0x58, 0xDE, 0x80, 0xFF, /* DS:6FEC */
	0x36, 0x00, 0x66, 0xDE, 0x00, 0xFF, 0xD0, 0x09, 0xC8, 0xDE, 0x80, 0xFF, 0x49, 0x00, 0x74, 0xDE, /* DS:6FFC */
	0x00, 0xFF, 0x46, 0x00, 0x82, 0xDE, 0x00, 0xFF, 0xA0, 0x0E, 0xD6, 0xDE, 0x00, 0xFF, 0x41, 0x00, /* DS:700C */
	0x3C, 0xDE, 0x00, 0xFF, 0x3E, 0x00, 0x3C, 0xDE, 0x80, 0xFF, 0x46, 0x00, 0x82, 0xDE, 0x00, 0xFF, /* DS:701C */
	0x44, 0x00, 0x90, 0xDE, 0x80, 0xFF, 0x3B, 0x00, 0x66, 0xDE, 0x00, 0xFF, 0x42, 0x00, 0x74, 0xDE, /* DS:702C */
	0x80, 0xFF, 0x32, 0x00, 0x66, 0xDE, 0x00, 0xFF, 0x40, 0x00, 0x90, 0xDE, 0x80, 0xFF, 0x36, 0x00, /* DS:703C */
	0x58, 0xDE, 0x00, 0xFF, 0x44, 0x00, 0x90, 0xDE, 0x80, 0xFF, 0x4D, 0x00, 0x74, 0xDE, 0x80, 0xFF, /* DS:704C */
	0x4D, 0x00, 0x82, 0xDE, 0x00, 0xFF, 0x4D, 0x00, 0x90, 0xDE, 0x00, 0xFF, 0x37, 0x00, 0x4A, 0xDE, /* DS:705C */
	0x80, 0xFF, 0x4A, 0x00, 0x90, 0xDE, 0x00, 0xFF, 0x42, 0x00, 0x3C, 0xDE, 0x80, 0xFF, 0x24, 0x06, /* DS:706C */
	0xBA, 0xDE, 0x00, 0xFF, 0x90, 0x0A, 0xC8, 0xDE, 0x80, 0xFF, 0x40, 0x00, 0x3C, 0xDE, 0x80, 0xFF, /* DS:707C */
	0x32, 0x00, 0x4A, 0xDE, 0x80, 0xFF, 0x48, 0x00, 0x74, 0xDE, 0x00, 0xFF, 0x48, 0x00, 0x82, 0xDE, /* DS:708C */
	0x00, 0xFF, 0x48, 0x00, 0x90, 0xDE, 0x80, 0xFF, 0x28, 0x00, 0x58, 0xDE, 0x80, 0xFF, 0x37, 0x00, /* DS:709C */
	0x66, 0xDE, 0x80, 0xFF, 0x3F, 0x00, 0x74, 0xDE, 0x80, 0xFF, 0x4E, 0x00, 0x82, 0xDE, 0x00, 0xFF, /* DS:70AC */
	0x48, 0x00, 0x90, 0xDE, 0x80, 0xFF, 0x00, 0x00, 0x2E, 0xDE, 0x80, 0xFF, 0x38, 0x00, 0x3C, 0xDE, /* DS:70BC */
	0x80, 0xFF, 0x33, 0x00, 0x4A, 0xDE, 0x00, 0xFF, 0x00, 0x00, 0xB4, 0xEB, 0x80, 0xFF, 0x7C, 0x05, /* DS:70CC */
	0xBA, 0xDE, 0x00, 0xFF, 0xF0, 0x09, 0xD6, 0xDE, 0x80, 0xFF, 0x04, 0x00, 0xB4, 0xEB, 0x80, 0xFF, /* DS:70DC */
	0x9C, 0x01, 0xAC, 0xDE, 0x80, 0xFF, 0xD4, 0x04, 0xBA, 0xDE, 0x80, 0xFF, 0xA0, 0x06, 0xC8, 0xDE, /* DS:70EC */
	0x00, 0xFF, 0xD0, 0x0C, 0xD6, 0xDE, 0x80, 0xFF, 0x33, 0x00, 0xC8, 0xEB, 0x00, 0xFF, 0x6C, 0x05, /* DS:70FC */
	0xBA, 0xDE, 0x00, 0xFF, 0x32, 0x00, 0x58, 0xDE, 0x00, 0xFF, 0x37, 0x00, 0x58, 0xDE, 0x00, 0xFF, /* DS:710C */
	0x3C, 0x00, 0x58, 0xDE, 0x00, 0xFF, 0x41, 0x00, 0x58, 0xDE, 0x00, 0xFF, 0x00, 0x00, 0x66, 0xDE, /* DS:711C */
	0x00, 0xFF, 0x32, 0x00, 0x66, 0xDE, 0x00, 0xFF, 0x3C, 0x00, 0x66, 0xDE, 0x00, 0xFF, 0x41, 0x00, /* DS:712C */
	0x66, 0xDE, 0x00, 0xFF, 0x42, 0x00, 0x66, 0xDE, 0x00, 0xFF, 0x19, 0x00, 0x74, 0xDE, 0x00, 0xFF, /* DS:713C */
	0x37, 0x00, 0x74, 0xDE, 0x00, 0xFF, 0x3A, 0x00, 0x74, 0xDE, 0x00, 0xFF, 0x3C, 0x00, 0x74, 0xDE, /* DS:714C */
	0x00, 0xFF, 0x41, 0x00, 0x74, 0xDE, 0x00, 0xFF, 0x44, 0x00, 0x74, 0xDE, 0x00, 0xFF, 0x4B, 0x00, /* DS:715C */
	0x74, 0xDE, 0x00, 0xFF, 0x2D, 0x00, 0x82, 0xDE, 0x00, 0xFF, 0x32, 0x00, 0x82, 0xDE, 0x00, 0xFF, /* DS:716C */
	0x34, 0x00, 0x82, 0xDE, 0x00, 0xFF, 0x38, 0x00, 0x82, 0xDE, 0x00, 0xFF, 0x3A, 0x00, 0x82, 0xDE, /* DS:717C */
	0x00, 0xFF, 0x41, 0x00, 0x82, 0xDE, 0x00, 0xFF, 0x44, 0x00, 0x82, 0xDE, 0x00, 0xFF, 0x46, 0x00, /* DS:718C */
	0x82, 0xDE, 0x00, 0xFF, 0x48, 0x00, 0x82, 0xDE, 0x00, 0xFF, 0x4B, 0x00, 0x82, 0xDE, 0x00, 0xFF, /* DS:719C */
	0x32, 0x00, 0x90, 0xDE, 0x00, 0xFF, 0x3C, 0x00, 0x90, 0xDE, 0x00, 0xFF, 0x46, 0x00, 0x90, 0xDE, /* DS:71AC */
	0x00, 0xFF, 0x00, 0x00, 0x9E, 0xDE, 0x00, 0xFF, 0x32, 0x00, 0x9E, 0xDE, 0x00, 0xFF, 0x37, 0x00, /* DS:71BC */
	0x9E, 0xDE, 0x00, 0xFF, 0x41, 0x00, 0x4A, 0xDE, 0x00, 0xFF, 0x28, 0x00, 0x4A, 0xDE, 0x00, 0xFF, /* DS:71CC */
	0x44, 0x00, 0xC8, 0xEB, 0x00, 0xFF, 0x46, 0x00, 0x3C, 0xDE, 0x80, 0xFF, 0x3C, 0x00, 0xC8, 0xEB, /* DS:71DC */
	0x80, 0xFF, 0x00, 0x00, 0x66, 0xDE, 0x80, 0xFF, 0x41, 0x00, 0x90, 0xDE, 0x00, 0xFF, 0xB0, 0x0E, /* DS:71EC */
	0xD6, 0xDE, 0x80, 0xFF, 0x32, 0x00, 0xC6, 0xEB, 0x80, 0xFF, 0x0C, 0x06, 0xBA, 0xDE, 0x80, 0xFF, /* DS:71FC */
	0xA0, 0x08, 0xC8, 0xDE, 0x80, 0xFF, 0x90, 0x0C, 0xD6, 0xDE, 0x80, 0xFF, 0x10, 0x00, 0x2A, 0xDF, /* DS:720C */
	0x00, 0xFF, 0x0F, 0x00, 0x38, 0xDF, 0x02, 0xFF, 0x01, 0x00, 0xB4, 0xEB, 0x80, 0xFF, 0x00, 0x00, /* DS:721C */
	0x74, 0xDE, 0x80, 0xFF, 0xEC, 0x09, 0xBA, 0xDE, 0x80, 0xFF, 0x70, 0x0B, 0xC8, 0xDE, 0x00, 0xFF, /* DS:722C */
	0xA0, 0x0E, 0xD6, 0xDE, 0x80, 0xFF, 0x01, 0x00, 0xB6, 0xEB, 0x80, 0xFF, 0x3E, 0x00, 0xC8, 0xEB, /* DS:723C */
	0x80, 0xFF, 0x37, 0x00, 0xCA, 0xEB, 0x80, 0xFF, 0xDC, 0x05, 0xBA, 0xDE, 0x00, 0xFF, 0x40, 0x08, /* DS:724C */
	0xC8, 0xDE, 0x76, 0x63, 0x00, 0x00, 0x76, 0x63, 0x20, 0x71, 0x38, 0x71, 0x02, 0x71, 0x00, 0x00, /* DS:725C */
	0x82, 0x63, 0x00, 0x00, 0x8E, 0x63, 0x00, 0x00, 0x9A, 0x63, 0x00, 0x00, 0xAC, 0x63, 0x00, 0x00, /* DS:726C */
	0xB8, 0x63, 0x00, 0x00, 0x76, 0x63, 0xCA, 0x63, 0xCE, 0x71, 0x00, 0x00, 0x76, 0x63, 0xCA, 0x63, /* DS:727C */
	0xD4, 0x71, 0x00, 0x00, 0x76, 0x63, 0xCA, 0x63, 0x00, 0x00, 0x76, 0x63, 0x8A, 0x64, 0xEE, 0x63, /* DS:728C */
	0x0C, 0x64, 0x6E, 0x71, 0x00, 0x00, 0x76, 0x63, 0x1E, 0x64, 0x30, 0x64, 0x6C, 0x64, 0x00, 0x00, /* DS:729C */
	0x76, 0x63, 0x42, 0x64, 0x6C, 0x64, 0x54, 0x64, 0x6E, 0x71, 0x0E, 0x71, 0x00, 0x00, 0x76, 0x63, /* DS:72AC */
	0x72, 0x64, 0x8A, 0x64, 0x00, 0x00, 0x76, 0x63, 0x8A, 0x64, 0x00, 0x00, 0x76, 0x63, 0x8A, 0x64, /* DS:72BC */
	0xDA, 0x71, 0x0E, 0x71, 0xBC, 0x71, 0x00, 0x00, 0x96, 0x64, 0x8A, 0x64, 0x00, 0x00, 0x5A, 0x6A, /* DS:72CC */
	0x80, 0x71, 0x4A, 0x71, 0xC2, 0x71, 0xA2, 0x64, 0x8A, 0x64, 0x00, 0x00, 0x9C, 0x64, 0x8A, 0x64, /* DS:72DC */
	0x00, 0x00, 0x8A, 0x64, 0xD2, 0x64, 0x20, 0x71, 0x00, 0x00, 0x8A, 0x64, 0x00, 0x00, 0x76, 0x63, /* DS:72EC */
	0x72, 0x64, 0xBA, 0x64, 0x00, 0x00, 0x76, 0x63, 0xBA, 0x64, 0x00, 0x00, 0x76, 0x63, 0xBA, 0x64, /* DS:72FC */
	0xDA, 0x71, 0x0E, 0x71, 0xBC, 0x71, 0x00, 0x00, 0x96, 0x64, 0xBA, 0x64, 0x00, 0x00, 0x9C, 0x64, /* DS:730C */
	0xBA, 0x64, 0x00, 0x00, 0xBA, 0x64, 0xC6, 0x64, 0x00, 0x00, 0xBA, 0x64, 0xD2, 0x64, 0x20, 0x71, /* DS:731C */
	0x00, 0x00, 0x0E, 0x71, 0x2C, 0x71, 0x4A, 0x71, 0x74, 0x71, 0x00, 0x00, 0xBA, 0x64, 0x00, 0x00, /* DS:732C */
	0x76, 0x63, 0x72, 0x64, 0xBA, 0x64, 0xB4, 0x64, 0x00, 0x00, 0x76, 0x63, 0xBA, 0x64, 0xB4, 0x64, /* DS:733C */
	0x00, 0x00, 0x76, 0x63, 0xBA, 0x64, 0xB4, 0x64, 0xDA, 0x71, 0x0E, 0x71, 0xBC, 0x71, 0x00, 0x00, /* DS:734C */
	0x96, 0x64, 0xBA, 0x64, 0xB4, 0x64, 0x00, 0x00, 0x9C, 0x64, 0xBA, 0x64, 0xB4, 0x64, 0x00, 0x00, /* DS:735C */
	0xBA, 0x64, 0xB4, 0x64, 0xD2, 0x64, 0x20, 0x71, 0x00, 0x00, 0xBA, 0x64, 0xB4, 0x64, 0x00, 0x00, /* DS:736C */
	0x76, 0x63, 0x72, 0x64, 0x00, 0x00, 0x76, 0x63, 0x7E, 0x64, 0x00, 0x00, 0x76, 0x63, 0xDA, 0x71, /* DS:737C */
	0x0E, 0x71, 0xBC, 0x71, 0x00, 0x00, 0x96, 0x64, 0x00, 0x00, 0x9C, 0x64, 0x00, 0x00, 0xD2, 0x64, /* DS:738C */
	0x20, 0x71, 0x00, 0x00, 0x1A, 0x71, 0x80, 0x71, 0xC2, 0x71, 0xD8, 0x64, 0xF0, 0x64, 0x00, 0x00, /* DS:739C */
	0x14, 0x71, 0x4A, 0x71, 0xC2, 0x71, 0x0E, 0x65, 0x00, 0x00, 0xDE, 0x67, 0x02, 0x68, 0x00, 0x00, /* DS:73AC */
	0xAE, 0x67, 0x5A, 0x6A, 0xC6, 0x67, 0x00, 0x00, 0x26, 0x68, 0x44, 0x68, 0x5C, 0x71, 0x5C, 0x68, /* DS:73BC */
	0x00, 0x00, 0x22, 0x72, 0x98, 0x71, 0xB6, 0x71, 0x00, 0x00, 0x68, 0x68, 0x86, 0x68, 0x00, 0x00, /* DS:73CC */
	0x4E, 0x6A, 0x42, 0x6A, 0x8C, 0x71, 0x00, 0x00, 0x2C, 0x71, 0x14, 0x68, 0x00, 0x00, 0x9E, 0x68, /* DS:73DC */
	0xB6, 0x68, 0xD4, 0x68, 0x00, 0x00, 0x2E, 0x69, 0x00, 0x00, 0xE6, 0x68, 0xF8, 0x68, 0x00, 0x00, /* DS:73EC */
	0x10, 0x69, 0x00, 0x00, 0x62, 0x71, 0xA0, 0x69, 0xC0, 0x6D, 0x00, 0x00, 0xE6, 0x71, 0x5C, 0x71, /* DS:73FC */
	0x8C, 0x71, 0x00, 0x00, 0x76, 0x63, 0x42, 0x6A, 0x8C, 0x71, 0x00, 0x00, 0x66, 0x6A, 0xB0, 0x71, /* DS:740C */
	0x8C, 0x71, 0xDE, 0x6A, 0x00, 0x00, 0x68, 0x71, 0x32, 0x71, 0x74, 0x71, 0xF6, 0x6A, 0x00, 0x00, /* DS:741C */
	0x8E, 0x63, 0x20, 0x71, 0x14, 0x6B, 0x26, 0x6B, 0x00, 0x00, 0x50, 0x71, 0x20, 0x71, 0x38, 0x71, /* DS:742C */
	0xD2, 0x6A, 0x38, 0x6B, 0x00, 0x00, 0x20, 0x71, 0xD2, 0x6A, 0x50, 0x6B, 0xC8, 0x71, 0x62, 0x6B, /* DS:743C */
	0x00, 0x00, 0xA2, 0x6A, 0xBA, 0x6A, 0x00, 0x00, 0x9E, 0x6B, 0x1A, 0x71, 0xBC, 0x71, 0x92, 0x6B, /* DS:744C */
	0x00, 0x00, 0xB6, 0x6B, 0x6E, 0x71, 0xCE, 0x6B, 0xBC, 0x71, 0x00, 0x00, 0x80, 0x71, 0xC0, 0x6D, /* DS:745C */
	0x60, 0x6D, 0x00, 0x00, 0x1A, 0x71, 0x26, 0x71, 0x74, 0x71, 0xBC, 0x71, 0x84, 0x6D, 0x00, 0x00, /* DS:746C */
	0xBC, 0x71, 0x1A, 0x71, 0x80, 0x71, 0x9C, 0x6D, 0x90, 0x6D, 0x00, 0x00, 0x80, 0x71, 0xDE, 0x6D, /* DS:747C */
	0x00, 0x00, 0x1A, 0x71, 0x2C, 0x71, 0x86, 0x71, 0xC0, 0x6D, 0xB4, 0x6D, 0x00, 0x00, 0x74, 0x6B, /* DS:748C */
	0xBC, 0x71, 0x80, 0x71, 0x00, 0x00, 0xF2, 0x6B, 0x4A, 0x71, 0x74, 0x71, 0x00, 0x00, 0xDA, 0x6B, /* DS:749C */
	0x74, 0x71, 0xBC, 0x71, 0x00, 0x00, 0x4A, 0x71, 0x16, 0x6C, 0x00, 0x00, 0x80, 0x71, 0xBC, 0x71, /* DS:74AC */
	0x40, 0x6C, 0x22, 0x6C, 0x00, 0x00, 0x1A, 0x71, 0x74, 0x71, 0xC6, 0x6D, 0x00, 0x00, 0x76, 0x63, /* DS:74BC */
	0x66, 0x6A, 0xB0, 0x71, 0x8C, 0x71, 0x52, 0x6C, 0x00, 0x00, 0x7C, 0x6C, 0x9A, 0x6C, 0x64, 0x6C, /* DS:74CC */
	0x00, 0x00, 0x76, 0x63, 0xA6, 0x6C, 0xCA, 0x6C, 0x00, 0x00, 0x76, 0x63, 0xE8, 0x6C, 0x74, 0x71, /* DS:74DC */
	0x20, 0x71, 0x26, 0x71, 0x00, 0x00, 0x76, 0x63, 0xF4, 0x6C, 0x0C, 0x6D, 0x00, 0x00, 0x76, 0x63, /* DS:74EC */
	0x44, 0x71, 0x7E, 0x6A, 0x2A, 0x6D, 0x96, 0x6A, 0xBC, 0x71, 0x78, 0x6A, 0x00, 0x00, 0x76, 0x63, /* DS:74FC */
	0x1E, 0x6D, 0x7E, 0x6A, 0x2A, 0x6D, 0x44, 0x71, 0x3C, 0x6D, 0xBC, 0x71, 0x00, 0x00, 0x76, 0x63, /* DS:750C */
	0xA6, 0x6C, 0xCA, 0x6C, 0xBC, 0x71, 0x00, 0x00, 0x76, 0x63, 0xBC, 0x71, 0x48, 0x6D, 0x38, 0x71, /* DS:751C */
	0x6E, 0x71, 0x54, 0x6D, 0x00, 0x00, 0x76, 0x63, 0x4A, 0x6E, 0x00, 0x00, 0x76, 0x63, 0x56, 0x6E, /* DS:752C */
	0x00, 0x00, 0x76, 0x63, 0x02, 0x6E, 0x78, 0x6D, 0xF6, 0x6D, 0x00, 0x00, 0x76, 0x63, 0x02, 0x6E, /* DS:753C */
	0x78, 0x6D, 0xB0, 0x71, 0x8C, 0x71, 0x08, 0x6E, 0x00, 0x00, 0x76, 0x63, 0x14, 0x6E, 0x9E, 0x71, /* DS:754C */
	0xAA, 0x71, 0x26, 0x6E, 0x00, 0x00, 0x76, 0x63, 0x32, 0x6E, 0x00, 0x00, 0x76, 0x63, 0x3E, 0x6E, /* DS:755C */
	0x20, 0x71, 0x9E, 0x71, 0xAA, 0x71, 0x00, 0x00, 0x8A, 0x64, 0x00, 0x00, 0xB4, 0x64, 0xBA, 0x64, /* DS:756C */
	0x00, 0x00, 0xBA, 0x64, 0x00, 0x00, 0x2C, 0x65, 0x44, 0x65, 0x40, 0x66, 0x00, 0x00, 0x2C, 0x65, /* DS:757C */
	0x4A, 0x65, 0x40, 0x66, 0x00, 0x00, 0x2C, 0x65, 0x40, 0x66, 0x00, 0x00, 0x44, 0x65, 0x40, 0x66, /* DS:758C */
	0x00, 0x00, 0x4A, 0x65, 0x40, 0x66, 0x00, 0x00, 0x40, 0x66, 0x00, 0x00, 0x2C, 0x65, 0x4A, 0x65, /* DS:759C */
	0x00, 0x00, 0x2C, 0x65, 0x00, 0x00, 0x4A, 0x65, 0x00, 0x00, 0x2C, 0x65, 0x44, 0x65, 0x00, 0x00, /* DS:75AC */
	0x44, 0x65, 0x00, 0x00, 0x2C, 0x65, 0x86, 0x65, 0x40, 0x66, 0xA4, 0x71, 0x8E, 0x66, 0xE0, 0x71, /* DS:75BC */
	0x6C, 0x64, 0x00, 0x00, 0x2C, 0x65, 0x82, 0x66, 0xA4, 0x71, 0x94, 0x66, 0x6C, 0x64, 0x00, 0x00, /* DS:75CC */
	0x68, 0x65, 0xD0, 0x66, 0xE0, 0x71, 0xB6, 0x71, 0x06, 0x70, 0x00, 0x00, 0x2C, 0x65, 0x82, 0x66, /* DS:75DC */
	0xA4, 0x71, 0xAC, 0x66, 0x00, 0x00, 0x2C, 0x65, 0xEE, 0x66, 0xE0, 0x71, 0xFA, 0x66, 0x56, 0x71, /* DS:75EC */
	0x9E, 0x71, 0x00, 0x00, 0x2C, 0x65, 0x40, 0x66, 0x82, 0x66, 0xA4, 0x71, 0x00, 0x00, 0x2C, 0x65, /* DS:75FC */
	0x82, 0x66, 0xA4, 0x71, 0x00, 0x00, 0x2C, 0x65, 0x82, 0x66, 0x12, 0x67, 0x32, 0x71, 0x00, 0x00, /* DS:760C */
	0x2C, 0x65, 0x2A, 0x67, 0x4E, 0x67, 0x2C, 0x71, 0xB6, 0x71, 0x00, 0x00, 0x2C, 0x65, 0xE0, 0x71, /* DS:761C */
	0x84, 0x67, 0x00, 0x00, 0x2C, 0x65, 0x60, 0x67, 0x2C, 0x71, 0x98, 0x71, 0xB6, 0x71, 0x00, 0x00, /* DS:762C */
	0x2C, 0x65, 0x4C, 0x66, 0xAA, 0x71, 0x64, 0x66, 0x00, 0x00, 0x2C, 0x65, 0x4C, 0x66, 0xAA, 0x71, /* DS:763C */
	0x00, 0x00, 0x52, 0x66, 0x00, 0x00, 0xA4, 0x65, 0xF2, 0x65, 0x00, 0x00, 0xBC, 0x65, 0xF2, 0x65, /* DS:764C */
	0x00, 0x00, 0xD4, 0x65, 0xF2, 0x65, 0x00, 0x00, 0xF2, 0x65, 0x00, 0x00, 0xE0, 0x65, 0xF2, 0x65, /* DS:765C */
	0x00, 0x00, 0x6A, 0x66, 0x76, 0x66, 0xF2, 0x65, 0x00, 0x00, 0x2C, 0x65, 0x64, 0x66, 0x00, 0x00, /* DS:766C */
	0x2C, 0x65, 0x40, 0x66, 0x64, 0x66, 0x00, 0x00, 0x2C, 0x65, 0x40, 0x66, 0x00, 0x00, 0x40, 0x66, /* DS:767C */
	0x52, 0x66, 0x00, 0x00, 0x34, 0x66, 0x00, 0x00, 0x2C, 0x65, 0x34, 0x66, 0x00, 0x00, 0x2C, 0x65, /* DS:768C */
	0x34, 0x66, 0x40, 0x66, 0x00, 0x00, 0xA2, 0x67, 0x00, 0x00, 0x62, 0x6E, 0x38, 0x71, 0xC8, 0x71, /* DS:769C */
	0x00, 0x00, 0x22, 0x66, 0x32, 0x71, 0x56, 0x71, 0x00, 0x00, 0x80, 0x71, 0x56, 0x71, 0x86, 0x6E, /* DS:76AC */
	0x00, 0x00, 0x7A, 0x71, 0x56, 0x71, 0xA4, 0x6E, 0x00, 0x00, 0xE0, 0x6E, 0x80, 0x71, 0x56, 0x71, /* DS:76BC */
	0xB6, 0x6E, 0x00, 0x00, 0x7A, 0x71, 0x56, 0x71, 0xC8, 0x6E, 0x38, 0x71, 0xAA, 0x71, 0x00, 0x00, /* DS:76CC */
	0xE0, 0x6E, 0x80, 0x71, 0x56, 0x71, 0xD4, 0x6E, 0x00, 0x00, 0xEC, 0x6E, 0x00, 0x00, 0x40, 0x6F, /* DS:76DC */
	0xFE, 0x6E, 0x38, 0x71, 0x5C, 0x71, 0x00, 0x00, 0x10, 0x6F, 0x5A, 0x6A, 0x56, 0x71, 0x40, 0x6F, /* DS:76EC */
	0x00, 0x00, 0x16, 0x6F, 0x00, 0x00, 0x2E, 0x6F, 0x40, 0x6F, 0x00, 0x00, 0x18, 0x70, 0x0E, 0x71, /* DS:76FC */
	0x2C, 0x71, 0x54, 0x70, 0x66, 0x70, 0xC2, 0x71, 0xB8, 0x6F, 0x00, 0x00, 0x18, 0x70, 0x0E, 0x71, /* DS:770C */
	0x2C, 0x71, 0x54, 0x70, 0xC2, 0x71, 0x66, 0x70, 0xCA, 0x6F, 0x12, 0x70, 0x00, 0x00, 0x18, 0x70, /* DS:771C */
	0x0E, 0x71, 0x2C, 0x71, 0x54, 0x70, 0xC2, 0x71, 0x66, 0x70, 0xEE, 0x6F, 0x00, 0x00, 0x18, 0x70, /* DS:772C */
	0x54, 0x70, 0xC2, 0x71, 0x66, 0x70, 0xF4, 0x6F, 0x12, 0x70, 0x00, 0x00, 0x18, 0x70, 0x0E, 0x71, /* DS:773C */
	0x2C, 0x71, 0x54, 0x70, 0xC2, 0x71, 0x66, 0x70, 0x78, 0x70, 0x00, 0x00, 0x0E, 0x71, 0x2C, 0x71, /* DS:774C */
	0x54, 0x70, 0xC2, 0x71, 0x6C, 0x70, 0x00, 0x00, 0x84, 0x70, 0xC2, 0x71, 0x9C, 0x70, 0x00, 0x00, /* DS:775C */
	0x84, 0x70, 0x9C, 0x70, 0x00, 0x00, 0xB6, 0x71, 0x84, 0x70, 0x00, 0x00, 0x3E, 0x71, 0x4A, 0x71, /* DS:776C */
	0x4C, 0x6F, 0x6E, 0x71, 0xBC, 0x71, 0x00, 0x00, 0x58, 0x6F, 0x6A, 0x6F, 0xBC, 0x71, 0x00, 0x00, /* DS:777C */
	0x3E, 0x71, 0x7C, 0x6F, 0xB2, 0x6F, 0xBC, 0x71, 0x00, 0x00, 0x3E, 0x71, 0x94, 0x6F, 0xA6, 0x6F, /* DS:778C */
	0xBC, 0x71, 0x00, 0x00, 0x38, 0x71, 0x56, 0x71, 0xA0, 0x69, 0xBC, 0x71, 0x40, 0x72, 0x00, 0x00, /* DS:779C */
	0x38, 0x71, 0xD2, 0x6A, 0xBC, 0x71, 0x28, 0x72, 0x00, 0x00, 0xD2, 0x6A, 0x5C, 0x71, 0x8C, 0x71, /* DS:77AC */
	0x58, 0x69, 0x3C, 0x6A, 0x76, 0x63, 0x00, 0x00, 0x76, 0x63, 0x7C, 0x69, 0xA2, 0x70, 0x00, 0x00, /* DS:77BC */
	0x76, 0x63, 0xA2, 0x70, 0x00, 0x00, 0x76, 0x63, 0x88, 0x69, 0x20, 0x71, 0x94, 0x69, 0x00, 0x00, /* DS:77CC */
	0x76, 0x63, 0xC8, 0x71, 0x00, 0x00, 0x76, 0x63, 0xA0, 0x69, 0xAC, 0x69, 0x00, 0x00, 0x76, 0x63, /* DS:77DC */
	0xA0, 0x69, 0x00, 0x00, 0x76, 0x63, 0xB2, 0x69, 0x8C, 0x71, 0x00, 0x00, 0x76, 0x63, 0xCA, 0x69, /* DS:77EC */
	0xDC, 0x69, 0x00, 0x00, 0x76, 0x63, 0xCA, 0x69, 0x00, 0x00, 0xFE, 0x71, 0x32, 0x71, 0xA0, 0x69, /* DS:77FC */
	0x00, 0x00, 0xEE, 0x69, 0x00, 0x6A, 0x00, 0x00, 0xEE, 0x69, 0x0C, 0x6A, 0x00, 0x00, 0x1E, 0x6A, /* DS:780C */
	0x5A, 0x6A, 0xD2, 0x6A, 0x98, 0x71, 0x44, 0x71, 0x00, 0x00, 0x3C, 0x6A, 0x00, 0x00, 0x8E, 0x63, /* DS:781C */
	0xC0, 0x70, 0xD8, 0x70, 0xA0, 0x69, 0x20, 0x71, 0x4A, 0x71, 0x00, 0x00, 0x0E, 0x71, 0xE4, 0x70, /* DS:782C */
	0x00, 0x00, 0x57, 0x01, 0xB3, 0xDE, 0x55, 0x03, 0xB3, 0xDE, 0x15, 0x07, 0xB3, 0xDE, 0x88, 0x44, /* DS:783C */
	0xB3, 0xDE, 0x00, 0x00, 0x00, 0x00, 0x55, 0x03, 0xB3, 0xDE, 0x15, 0x07, 0xB3, 0xDE, 0x88, 0x44, /* DS:784C */
	0xB3, 0xDE, 0x00, 0x00, 0x00, 0x00, 0x57, 0x01, 0xB3, 0xDE, 0x55, 0x03, 0xB3, 0xDE, 0x2B, 0x10, /* DS:785C */
	0xB3, 0xDE, 0x88, 0x44, 0xB3, 0xDE, 0x00, 0x00, 0x00, 0x00, 0x55, 0x03, 0xB3, 0xDE, 0x2B, 0x10, /* DS:786C */
	0xB3, 0xDE, 0x88, 0x44, 0xB3, 0xDE, 0x00, 0x00, 0x00, 0x00, 0x55, 0x03, 0xB3, 0xDE, 0x2B, 0x10, /* DS:787C */
	0xB3, 0xDE, 0x4F, 0x1B, 0xB3, 0xDE, 0x88, 0x44, 0xB3, 0xDE, 0x00, 0x00, 0x00, 0x00, 0xCA, 0x00, /* DS:788C */
	0xB3, 0xDE, 0x57, 0x13, 0xB3, 0xDE, 0x4F, 0x1B, 0xB3, 0xDE, 0xBA, 0x1D, 0xB3, 0xDE, 0x88, 0x44, /* DS:789C */
	0xB3, 0xDE, 0x00, 0x00, 0x00, 0x00, 0xCA, 0x00, 0xB3, 0xDE, 0x57, 0x13, 0xB3, 0xDE, 0x4F, 0x1B, /* DS:78AC */
	0xB3, 0xDE, 0x88, 0x44, 0xB3, 0xDE, 0x00, 0x00, 0x00, 0x00, 0x57, 0x13, 0xB3, 0xDE, 0x4F, 0x1B, /* DS:78BC */
	0xB3, 0xDE, 0xBA, 0x1D, 0xB3, 0xDE, 0x88, 0x44, 0xB3, 0xDE, 0x00, 0x00, 0x00, 0x00, 0x57, 0x13, /* DS:78CC */
	0xB3, 0xDE, 0x4F, 0x1B, 0xB3, 0xDE, 0x88, 0x44, 0xB3, 0xDE, 0x00, 0x00, 0x00, 0x00, 0xCA, 0x00, /* DS:78DC */
	0xB3, 0xDE, 0x57, 0x01, 0xB3, 0xDE, 0x57, 0x13, 0xB3, 0xDE, 0x90, 0x16, 0xB3, 0xDE, 0x88, 0x44, /* DS:78EC */
	0xB3, 0xDE, 0x00, 0x00, 0x00, 0x00, 0xCA, 0x00, 0xB3, 0xDE, 0x57, 0x13, 0xB3, 0xDE, 0x90, 0x16, /* DS:78FC */
	0xB3, 0xDE, 0x88, 0x44, 0xB3, 0xDE, 0x00, 0x00, 0x00, 0x00, 0x57, 0x01, 0xB3, 0xDE, 0x57, 0x13, /* DS:790C */
	0xB3, 0xDE, 0x90, 0x16, 0xB3, 0xDE, 0x88, 0x44, 0xB3, 0xDE, 0x00, 0x00, 0x00, 0x00, 0x57, 0x13, /* DS:791C */
	0xB3, 0xDE, 0x90, 0x16, 0xB3, 0xDE, 0x88, 0x44, 0xB3, 0xDE, 0x00, 0x00, 0x00, 0x00, 0xCA, 0x00, /* DS:792C */
	0xB3, 0xDE, 0x57, 0x01, 0xB3, 0xDE, 0x55, 0x03, 0xB3, 0xDE, 0x2B, 0x10, 0xB3, 0xDE, 0x88, 0x44, /* DS:793C */
	0xB3, 0xDE, 0x00, 0x00, 0x00, 0x00, 0xCA, 0x00, 0xB3, 0xDE, 0x55, 0x03, 0xB3, 0xDE, 0x2B, 0x10, /* DS:794C */
	0xB3, 0xDE, 0x88, 0x44, 0xB3, 0xDE, 0x00, 0x00, 0x00, 0x00, 0x4F, 0x1B, 0xB3, 0xDE, 0x88, 0x44, /* DS:795C */
	0xB3, 0xDE, 0x00, 0x00, 0x00, 0x00, 0xBB, 0x03, 0xC4, 0xD3, 0x57, 0x01, 0xB3, 0xDE, 0x88, 0x44, /* DS:796C */
	0xB3, 0xDE, 0x00, 0x00, 0x00, 0x00, 0xBB, 0x03, 0xC4, 0xD3, 0x88, 0x44, 0xB3, 0xDE, 0x00, 0x00, /* DS:797C */
	0x00, 0x00, 0x88, 0x44, 0xB3, 0xDE, 0x00, 0x00, 0x00, 0x00, 0x25, 0x63, 0x70, 0x72, 0x3E, 0x78, /* DS:798C */
	0x00, 0x00, 0x00, 0x00, 0x00, 0x00, 0x3E, 0x78, 0x00, 0x00, 0x00, 0x00, 0x00, 0x00, 0x3E, 0x78, /* DS:799C */
	0x00, 0x00, 0x00, 0x00, 0x00, 0x00, 0x52, 0x78, 0x00, 0x00, 0x00, 0x00, 0x2A, 0x78, 0x62, 0x78, /* DS:79AC */
	0x00, 0x00, 0xB4, 0x62, 0x38, 0x78, 0x62, 0x78, 0x00, 0x00, 0x00, 0x00, 0x00, 0x00, 0x62, 0x78, /* DS:79BC */
	0x00, 0x00, 0x00, 0x00, 0x00, 0x00, 0x62, 0x78, 0x00, 0x00, 0x00, 0x00, 0x00, 0x00, 0x76, 0x78, /* DS:79CC */
	0x00, 0x00, 0x00, 0x00, 0x00, 0x00, 0x62, 0x78, 0x00, 0x00, 0x00, 0x00, 0x00, 0x00, 0x76, 0x78, /* DS:79DC */
	0x00, 0x00, 0x9A, 0x62, 0x74, 0x75, 0x86, 0x78, 0x00, 0x00, 0x00, 0x00, 0x00, 0x00, 0x86, 0x78, /* DS:79EC */
	0x00, 0x00, 0x9A, 0x62, 0x78, 0x75, 0x86, 0x78, 0x00, 0x00, 0x00, 0x00, 0x00, 0x00, 0x86, 0x78, /* DS:79FC */
	0x00, 0x00, 0x9A, 0x62, 0x7E, 0x75, 0x86, 0x78, 0x00, 0x00, 0x00, 0x00, 0x00, 0x00, 0x86, 0x78, /* DS:7A0C */
	0x00, 0x00, 0x6F, 0x62, 0x74, 0x72, 0x86, 0x78, 0x00, 0x00, 0x74, 0x62, 0x78, 0x72, 0x86, 0x78, /* DS:7A1C */
	0x00, 0x00, 0x79, 0x62, 0x7C, 0x72, 0x86, 0x78, 0x00, 0x00, 0x00, 0x00, 0x00, 0x00, 0x86, 0x78, /* DS:7A2C */
	0x00, 0x00, 0x8F, 0x62, 0xF6, 0x72, 0xB2, 0x78, 0x00, 0x00, 0x74, 0x62, 0xD4, 0x72, 0x9A, 0x78, /* DS:7A3C */
	0x00, 0x00, 0x92, 0x62, 0xE8, 0x72, 0x9A, 0x78, 0x00, 0x00, 0x9E, 0x62, 0xEE, 0x72, 0x9A, 0x78, /* DS:7A4C */
	0x00, 0x00, 0xB9, 0x62, 0x2E, 0x73, 0x9A, 0x78, 0x00, 0x00, 0xD5, 0x62, 0xA0, 0x73, 0x9A, 0x78, /* DS:7A5C */
	0x00, 0x00, 0xFC, 0x62, 0xAC, 0x73, 0x9A, 0x78, 0x00, 0x00, 0x00, 0x00, 0xF6, 0x72, 0x9A, 0x78, /* DS:7A6C */
	0x00, 0x00, 0x8F, 0x62, 0x38, 0x73, 0xB2, 0x78, 0x00, 0x00, 0x74, 0x62, 0x14, 0x73, 0x9A, 0x78, /* DS:7A7C */
	0x00, 0x00, 0x92, 0x62, 0x1A, 0x73, 0x9A, 0x78, 0x00, 0x00, 0x97, 0x62, 0x20, 0x73, 0x9A, 0x78, /* DS:7A8C */
	0x00, 0x00, 0x9E, 0x62, 0x26, 0x73, 0x9A, 0x78, 0x00, 0x00, 0xB9, 0x62, 0x2E, 0x73, 0x9A, 0x78, /* DS:7A9C */
	0x00, 0x00, 0xD5, 0x62, 0xA0, 0x73, 0x9A, 0x78, 0x00, 0x00, 0xFC, 0x62, 0xAC, 0x73, 0x9A, 0x78, /* DS:7AAC */
	0x00, 0x00, 0x00, 0x00, 0x38, 0x73, 0x9A, 0x78, 0x00, 0x00, 0x8F, 0x62, 0x76, 0x73, 0xB2, 0x78, /* DS:7ABC */
	0x00, 0x00, 0x74, 0x62, 0x5C, 0x73, 0x9A, 0x78, 0x00, 0x00, 0x92, 0x62, 0x64, 0x73, 0x9A, 0x78, /* DS:7ACC */
	0x00, 0x00, 0x9E, 0x62, 0x6C, 0x73, 0x9A, 0x78, 0x00, 0x00, 0xB9, 0x62, 0x2E, 0x73, 0x9A, 0x78, /* DS:7ADC */
	0x00, 0x00, 0xD5, 0x62, 0xA0, 0x73, 0x9A, 0x78, 0x00, 0x00, 0xFC, 0x62, 0xAC, 0x73, 0x9A, 0x78, /* DS:7AEC */
	0x00, 0x00, 0x00, 0x00, 0x76, 0x73, 0x9A, 0x78, 0x00, 0x00, 0x8F, 0x62, 0x38, 0x73, 0xB2, 0x78, /* DS:7AFC */
	0x00, 0x00, 0x74, 0x62, 0x14, 0x73, 0x9A, 0x78, 0x00, 0x00, 0x92, 0x62, 0x1A, 0x73, 0x9A, 0x78, /* DS:7B0C */
	0x00, 0x00, 0x97, 0x62, 0x20, 0x73, 0x9A, 0x78, 0x00, 0x00, 0x9E, 0x62, 0x26, 0x73, 0x9A, 0x78, /* DS:7B1C */
	0x00, 0x00, 0xB9, 0x62, 0x2E, 0x73, 0x9A, 0x78, 0x00, 0x00, 0xD5, 0x62, 0xA0, 0x73, 0x9A, 0x78, /* DS:7B2C */
	0x00, 0x00, 0xFC, 0x62, 0xAC, 0x73, 0x9A, 0x78, 0x00, 0x00, 0x00, 0x00, 0x38, 0x73, 0x9A, 0x78, /* DS:7B3C */
	0x00, 0x00, 0x8F, 0x62, 0x00, 0x00, 0xB2, 0x78, 0x00, 0x00, 0x89, 0x62, 0xDA, 0x72, 0x9A, 0x78, /* DS:7B4C */
	0x00, 0x00, 0x74, 0x62, 0x92, 0x73, 0x9A, 0x78, 0x00, 0x00, 0x92, 0x62, 0x96, 0x73, 0x9A, 0x78, /* DS:7B5C */
	0x00, 0x00, 0x9E, 0x62, 0x9A, 0x73, 0x9A, 0x78, 0x00, 0x00, 0xB9, 0x62, 0x2E, 0x73, 0x9A, 0x78, /* DS:7B6C */
	0x00, 0x00, 0xD5, 0x62, 0xA0, 0x73, 0x9A, 0x78, 0x00, 0x00, 0xFC, 0x62, 0xAC, 0x73, 0x9A, 0x78, /* DS:7B7C */
	0x00, 0x00, 0x00, 0x00, 0x00, 0x00, 0x9A, 0x78, 0x00, 0x00, 0x8F, 0x62, 0x00, 0x00, 0xB2, 0x78, /* DS:7B8C */
	0x00, 0x00, 0x74, 0x62, 0x92, 0x73, 0x9A, 0x78, 0x00, 0x00, 0x92, 0x62, 0x96, 0x73, 0x9A, 0x78, /* DS:7B9C */
	0x00, 0x00, 0x9E, 0x62, 0x9A, 0x73, 0x9A, 0x78, 0x00, 0x00, 0xB9, 0x62, 0x2E, 0x73, 0x9A, 0x78, /* DS:7BAC */
	0x00, 0x00, 0xD5, 0x62, 0xA0, 0x73, 0x9A, 0x78, 0x00, 0x00, 0xFC, 0x62, 0xAC, 0x73, 0x9A, 0x78, /* DS:7BBC */
	0x00, 0x00, 0x00, 0x00, 0x00, 0x00, 0x9A, 0x78, 0x00, 0x00, 0x8F, 0x62, 0x00, 0x00, 0xB2, 0x78, /* DS:7BCC */
	0x00, 0x00, 0x89, 0x62, 0xDA, 0x72, 0x9A, 0x78, 0x00, 0x00, 0x74, 0x62, 0x92, 0x73, 0x9A, 0x78, /* DS:7BDC */
	0x00, 0x00, 0x92, 0x62, 0x96, 0x73, 0x9A, 0x78, 0x00, 0x00, 0x9E, 0x62, 0x9A, 0x73, 0x9A, 0x78, /* DS:7BEC */
	0x00, 0x00, 0xB9, 0x62, 0x2E, 0x73, 0x9A, 0x78, 0x00, 0x00, 0xD5, 0x62, 0xA0, 0x73, 0x9A, 0x78, /* DS:7BFC */
	0x00, 0x00, 0xFC, 0x62, 0xAC, 0x73, 0x9A, 0x78, 0x00, 0x00, 0x00, 0x00, 0x00, 0x00, 0x9A, 0x78, /* DS:7C0C */
	0x00, 0x00, 0x8F, 0x62, 0xC2, 0x72, 0xDA, 0x78, 0x00, 0x00, 0xEA, 0x62, 0x96, 0x72, 0xC6, 0x78, /* DS:7C1C */
	0x00, 0x00, 0xED, 0x62, 0xBA, 0x72, 0xC6, 0x78, 0x00, 0x00, 0xF0, 0x62, 0xA2, 0x72, 0xC6, 0x78, /* DS:7C2C */
	0x00, 0x00, 0x84, 0x62, 0xAC, 0x72, 0xC6, 0x78, 0x00, 0x00, 0xE7, 0x62, 0xC8, 0x72, 0xC6, 0x78, /* DS:7C3C */
	0x00, 0x00, 0x00, 0x00, 0xC2, 0x72, 0xC6, 0x78, 0x00, 0x00, 0x8F, 0x62, 0x02, 0x73, 0xDA, 0x78, /* DS:7C4C */
	0x00, 0x00, 0xEA, 0x62, 0x96, 0x72, 0xC6, 0x78, 0x00, 0x00, 0xED, 0x62, 0xFA, 0x72, 0xC6, 0x78, /* DS:7C5C */
	0x00, 0x00, 0xF0, 0x62, 0xA2, 0x72, 0xC6, 0x78, 0x00, 0x00, 0x84, 0x62, 0xAC, 0x72, 0xC6, 0x78, /* DS:7C6C */
	0x00, 0x00, 0xE7, 0x62, 0xC8, 0x72, 0xC6, 0x78, 0x00, 0x00, 0x00, 0x00, 0xC2, 0x72, 0xC6, 0x78, /* DS:7C7C */
	0x00, 0x00, 0x8F, 0x62, 0x46, 0x73, 0xDA, 0x78, 0x00, 0x00, 0xEA, 0x62, 0x96, 0x72, 0xC6, 0x78, /* DS:7C8C */
	0x00, 0x00, 0xED, 0x62, 0x3C, 0x73, 0xC6, 0x78, 0x00, 0x00, 0xF0, 0x62, 0xA2, 0x72, 0xC6, 0x78, /* DS:7C9C */
	0x00, 0x00, 0x84, 0x62, 0xAC, 0x72, 0xC6, 0x78, 0x00, 0x00, 0xE7, 0x62, 0x4E, 0x73, 0xC6, 0x78, /* DS:7CAC */
	0x00, 0x00, 0x00, 0x00, 0x46, 0x73, 0xC6, 0x78, 0x00, 0x00, 0x8F, 0x62, 0x02, 0x73, 0xDA, 0x78, /* DS:7CBC */
	0x00, 0x00, 0xEA, 0x62, 0x96, 0x72, 0xC6, 0x78, 0x00, 0x00, 0xED, 0x62, 0xFA, 0x72, 0xC6, 0x78, /* DS:7CCC */
	0x00, 0x00, 0xF0, 0x62, 0xA2, 0x72, 0xC6, 0x78, 0x00, 0x00, 0x84, 0x62, 0xAC, 0x72, 0xC6, 0x78, /* DS:7CDC */
	0x00, 0x00, 0xE7, 0x62, 0x08, 0x73, 0xC6, 0x78, 0x00, 0x00, 0x00, 0x00, 0x02, 0x73, 0xC6, 0x78, /* DS:7CEC */
	0x00, 0x00, 0x8F, 0x62, 0x5E, 0x72, 0xDA, 0x78, 0x00, 0x00, 0xEA, 0x62, 0x96, 0x72, 0xC6, 0x78, /* DS:7CFC */
	0x00, 0x00, 0xED, 0x62, 0x7C, 0x73, 0xC6, 0x78, 0x00, 0x00, 0xF0, 0x62, 0xA2, 0x72, 0xC6, 0x78, /* DS:7D0C */
	0x00, 0x00, 0x84, 0x62, 0xAC, 0x72, 0xC6, 0x78, 0x00, 0x00, 0xE7, 0x62, 0x88, 0x73, 0xC6, 0x78, /* DS:7D1C */
	0x00, 0x00, 0x00, 0x00, 0x5E, 0x72, 0xC6, 0x78, 0x00, 0x00, 0x8F, 0x62, 0x5E, 0x72, 0xDA, 0x78, /* DS:7D2C */
	0x00, 0x00, 0xEA, 0x62, 0x96, 0x72, 0xC6, 0x78, 0x00, 0x00, 0xED, 0x62, 0x7C, 0x73, 0xC6, 0x78, /* DS:7D3C */
	0x00, 0x00, 0xF0, 0x62, 0xA2, 0x72, 0xC6, 0x78, 0x00, 0x00, 0x84, 0x62, 0xAC, 0x72, 0xC6, 0x78, /* DS:7D4C */
	0x00, 0x00, 0xE7, 0x62, 0x88, 0x73, 0xC6, 0x78, 0x00, 0x00, 0xFC, 0x62, 0x82, 0x73, 0xC6, 0x78, /* DS:7D5C */
	0x00, 0x00, 0x00, 0x00, 0x5E, 0x72, 0xC6, 0x78, 0x00, 0x00, 0x97, 0x62, 0xF2, 0x73, 0x9A, 0x78, /* DS:7D6C */
	0x00, 0x00, 0x36, 0x63, 0xF6, 0x73, 0x9A, 0x78, 0x00, 0x00, 0xEA, 0x62, 0xB6, 0x73, 0x9A, 0x78, /* DS:7D7C */
	0x00, 0x00, 0x68, 0x63, 0xCE, 0x73, 0x9A, 0x78, 0x00, 0x00, 0xED, 0x62, 0xBC, 0x73, 0x9A, 0x78, /* DS:7D8C */
	0x00, 0x00, 0xF6, 0x62, 0xC4, 0x73, 0x9A, 0x78, 0x00, 0x00, 0xD5, 0x62, 0xDC, 0x73, 0x9A, 0x78, /* DS:7D9C */
	0x00, 0x00, 0xF0, 0x62, 0xE4, 0x73, 0x9A, 0x78, 0x00, 0x00, 0xF3, 0x62, 0xD6, 0x73, 0x9A, 0x78, /* DS:7DAC */
	0x00, 0x00, 0xF9, 0x62, 0x00, 0x74, 0x9A, 0x78, 0x00, 0x00, 0x65, 0x63, 0x08, 0x74, 0x9A, 0x78, /* DS:7DBC */
	0x00, 0x00, 0x8F, 0x62, 0x00, 0x00, 0xB2, 0x78, 0x00, 0x00, 0x00, 0x00, 0x00, 0x00, 0x9A, 0x78, /* DS:7DCC */
	0x00, 0x00, 0x97, 0x62, 0xF2, 0x73, 0x9A, 0x78, 0x00, 0x00, 0x36, 0x63, 0xEA, 0x73, 0x9A, 0x78, /* DS:7DDC */
	0x00, 0x00, 0xEA, 0x62, 0xB6, 0x73, 0x9A, 0x78, 0x00, 0x00, 0x68, 0x63, 0xCE, 0x73, 0x9A, 0x78, /* DS:7DEC */
	0x00, 0x00, 0xED, 0x62, 0xBC, 0x73, 0x9A, 0x78, 0x00, 0x00, 0xF6, 0x62, 0xC4, 0x73, 0x9A, 0x78, /* DS:7DFC */
	0x00, 0x00, 0xD5, 0x62, 0xDC, 0x73, 0x9A, 0x78, 0x00, 0x00, 0xF0, 0x62, 0xE4, 0x73, 0x9A, 0x78, /* DS:7E0C */
	0x00, 0x00, 0xF3, 0x62, 0xD6, 0x73, 0x9A, 0x78, 0x00, 0x00, 0xF9, 0x62, 0x00, 0x74, 0x9A, 0x78, /* DS:7E1C */
	0x00, 0x00, 0x65, 0x63, 0x08, 0x74, 0x9A, 0x78, 0x00, 0x00, 0x8F, 0x62, 0x00, 0x00, 0xB2, 0x78, /* DS:7E2C */
	0x00, 0x00, 0x00, 0x00, 0x00, 0x00, 0x9A, 0x78, 0x00, 0x00, 0x97, 0x62, 0xF2, 0x73, 0x9A, 0x78, /* DS:7E3C */
	0x00, 0x00, 0x3B, 0x63, 0xFC, 0x73, 0x9A, 0x78, 0x00, 0x00, 0xEA, 0x62, 0xB6, 0x73, 0x9A, 0x78, /* DS:7E4C */
	0x00, 0x00, 0x68, 0x63, 0xCE, 0x73, 0x9A, 0x78, 0x00, 0x00, 0xED, 0x62, 0xBC, 0x73, 0x9A, 0x78, /* DS:7E5C */
	0x00, 0x00, 0xF6, 0x62, 0xC4, 0x73, 0x9A, 0x78, 0x00, 0x00, 0xD5, 0x62, 0xDC, 0x73, 0x9A, 0x78, /* DS:7E6C */
	0x00, 0x00, 0xF0, 0x62, 0xE4, 0x73, 0x9A, 0x78, 0x00, 0x00, 0xF3, 0x62, 0xD6, 0x73, 0x9A, 0x78, /* DS:7E7C */
	0x00, 0x00, 0xF9, 0x62, 0x00, 0x74, 0x9A, 0x78, 0x00, 0x00, 0x65, 0x63, 0x08, 0x74, 0x9A, 0x78, /* DS:7E8C */
	0x00, 0x00, 0x8F, 0x62, 0x00, 0x00, 0xB2, 0x78, 0x00, 0x00, 0x00, 0x00, 0x00, 0x00, 0x9A, 0x78, /* DS:7E9C */
	0x00, 0x00, 0x97, 0x62, 0xB6, 0x77, 0xC6, 0x78, 0x00, 0x00, 0xEA, 0x62, 0xCC, 0x77, 0xC6, 0x78, /* DS:7EAC */
	0x00, 0x00, 0xED, 0x62, 0xDC, 0x77, 0xC6, 0x78, 0x00, 0x00, 0xF0, 0x62, 0xEA, 0x77, 0xC6, 0x78, /* DS:7EBC */
	0x00, 0x00, 0xF6, 0x62, 0xF0, 0x77, 0xC6, 0x78, 0x00, 0x00, 0xF3, 0x62, 0x00, 0x78, 0xC6, 0x78, /* DS:7ECC */
	0x00, 0x00, 0xD5, 0x62, 0x10, 0x74, 0xC6, 0x78, 0x00, 0x00, 0x65, 0x63, 0x06, 0x78, 0xC6, 0x78, /* DS:7EDC */
	0x00, 0x00, 0x8F, 0x62, 0x5E, 0x72, 0xDA, 0x78, 0x00, 0x00, 0x00, 0x00, 0x5E, 0x72, 0xC6, 0x78, /* DS:7EEC */
	0x00, 0x00, 0x97, 0x62, 0xB6, 0x77, 0xC6, 0x78, 0x00, 0x00, 0x31, 0x63, 0x14, 0x78, 0xC6, 0x78, /* DS:7EFC */
	0x00, 0x00, 0xEA, 0x62, 0xC4, 0x77, 0xC6, 0x78, 0x00, 0x00, 0xED, 0x62, 0xD2, 0x77, 0xC6, 0x78, /* DS:7F0C */
	0x00, 0x00, 0xF0, 0x62, 0xE2, 0x77, 0xC6, 0x78, 0x00, 0x00, 0xF6, 0x62, 0xF0, 0x77, 0xC6, 0x78, /* DS:7F1C */
	0x00, 0x00, 0xF3, 0x62, 0xF8, 0x77, 0xC6, 0x78, 0x00, 0x00, 0xD5, 0x62, 0x10, 0x74, 0xC6, 0x78, /* DS:7F2C */
	0x00, 0x00, 0x65, 0x63, 0x06, 0x78, 0xC6, 0x78, 0x00, 0x00, 0x8F, 0x62, 0x5E, 0x72, 0xDA, 0x78, /* DS:7F3C */
	0x00, 0x00, 0x00, 0x00, 0x5E, 0x72, 0xC6, 0x78, 0x00, 0x00, 0x49, 0x63, 0x1A, 0x78, 0xC6, 0x78, /* DS:7F4C */
	0x00, 0x00, 0x97, 0x62, 0xB6, 0x77, 0xC6, 0x78, 0x00, 0x00, 0x42, 0x63, 0x0E, 0x78, 0xC6, 0x78, /* DS:7F5C */
	0x00, 0x00, 0xEA, 0x62, 0xC4, 0x77, 0xC6, 0x78, 0x00, 0x00, 0xED, 0x62, 0xD2, 0x77, 0xC6, 0x78, /* DS:7F6C */
	0x00, 0x00, 0xF0, 0x62, 0xE2, 0x77, 0xC6, 0x78, 0x00, 0x00, 0xF6, 0x62, 0xF0, 0x77, 0xC6, 0x78, /* DS:7F7C */
	0x00, 0x00, 0xF3, 0x62, 0xF8, 0x77, 0xC6, 0x78, 0x00, 0x00, 0xD5, 0x62, 0x10, 0x74, 0xC6, 0x78, /* DS:7F8C */
	0x00, 0x00, 0x65, 0x63, 0x06, 0x78, 0xC6, 0x78, 0x00, 0x00, 0x8F, 0x62, 0x5E, 0x72, 0xDA, 0x78, /* DS:7F9C */
	0x00, 0x00, 0x00, 0x00, 0x5E, 0x72, 0xC6, 0x78, 0x00, 0x00, 0x97, 0x62, 0xB6, 0x77, 0xC6, 0x78, /* DS:7FAC */
	0x00, 0x00, 0x5E, 0x63, 0x0E, 0x78, 0xC6, 0x78, 0x00, 0x00, 0xEA, 0x62, 0xC4, 0x77, 0xC6, 0x78, /* DS:7FBC */
	0x00, 0x00, 0xED, 0x62, 0xD2, 0x77, 0xC6, 0x78, 0x00, 0x00, 0xF0, 0x62, 0xE2, 0x77, 0xC6, 0x78, /* DS:7FCC */
	0x00, 0x00, 0xF6, 0x62, 0xF0, 0x77, 0xC6, 0x78, 0x00, 0x00, 0xF3, 0x62, 0xF8, 0x77, 0xC6, 0x78, /* DS:7FDC */
	0x00, 0x00, 0xD5, 0x62, 0x10, 0x74, 0xC6, 0x78, 0x00, 0x00, 0x65, 0x63, 0x06, 0x78, 0xC6, 0x78, /* DS:7FEC */
	0x00, 0x00, 0x8F, 0x62, 0x5E, 0x72, 0xDA, 0x78, 0x00, 0x00, 0x00, 0x00, 0x5E, 0x72, 0xC6, 0x78, /* DS:7FFC */
	0x00, 0x00, 0xEA, 0x62, 0x18, 0x74, 0x9A, 0x78, 0x00, 0x00, 0xED, 0x62, 0x22, 0x74, 0x9A, 0x78, /* DS:800C */
	0x00, 0x00, 0xF0, 0x62, 0x2C, 0x74, 0x9A, 0x78, 0x00, 0x00, 0xF6, 0x62, 0x36, 0x74, 0x9A, 0x78, /* DS:801C */
	0x00, 0x00, 0xF3, 0x62, 0x42, 0x74, 0x9A, 0x78, 0x00, 0x00, 0xD5, 0x62, 0x4E, 0x74, 0x9A, 0x78, /* DS:802C */
	0x00, 0x00, 0x97, 0x62, 0x68, 0x74, 0x9A, 0x78, 0x00, 0x00, 0xFC, 0x62, 0x9A, 0x74, 0x9A, 0x78, /* DS:803C */
	0x00, 0x00, 0xF9, 0x62, 0x54, 0x74, 0x9A, 0x78, 0x00, 0x00, 0xC9, 0x62, 0x5E, 0x74, 0x9A, 0x78, /* DS:804C */
	0x00, 0x00, 0x8C, 0x62, 0xB8, 0x74, 0x9A, 0x78, 0x00, 0x00, 0xB9, 0x62, 0xA2, 0x74, 0x9A, 0x78, /* DS:805C */
	0x00, 0x00, 0x4C, 0x63, 0xAA, 0x74, 0x9A, 0x78, 0x00, 0x00, 0x51, 0x63, 0xB2, 0x74, 0xB2, 0x78, /* DS:806C */
	0x00, 0x00, 0x8F, 0x62, 0x68, 0x74, 0xB2, 0x78, 0x00, 0x00, 0x00, 0x00, 0x68, 0x74, 0x9A, 0x78, /* DS:807C */
	0x00, 0x00, 0xEA, 0x62, 0x18, 0x74, 0x9A, 0x78, 0x00, 0x00, 0xED, 0x62, 0x22, 0x74, 0x9A, 0x78, /* DS:808C */
	0x00, 0x00, 0xF0, 0x62, 0x2C, 0x74, 0x9A, 0x78, 0x00, 0x00, 0xF6, 0x62, 0x36, 0x74, 0x9A, 0x78, /* DS:809C */
	0x00, 0x00, 0xF3, 0x62, 0x42, 0x74, 0x9A, 0x78, 0x00, 0x00, 0xD5, 0x62, 0x4E, 0x74, 0x9A, 0x78, /* DS:80AC */
	0x00, 0x00, 0x97, 0x62, 0x70, 0x74, 0x9A, 0x78, 0x00, 0x00, 0xFC, 0x62, 0x9A, 0x74, 0x9A, 0x78, /* DS:80BC */
	0x00, 0x00, 0xF9, 0x62, 0x54, 0x74, 0x9A, 0x78, 0x00, 0x00, 0xC9, 0x62, 0x5E, 0x74, 0x9A, 0x78, /* DS:80CC */
	0x00, 0x00, 0x8C, 0x62, 0xB8, 0x74, 0x9A, 0x78, 0x00, 0x00, 0xB9, 0x62, 0xA2, 0x74, 0x9A, 0x78, /* DS:80DC */
	0x00, 0x00, 0x4C, 0x63, 0xAA, 0x74, 0x9A, 0x78, 0x00, 0x00, 0x51, 0x63, 0xB2, 0x74, 0xB2, 0x78, /* DS:80EC */
	0x00, 0x00, 0x8F, 0x62, 0x70, 0x74, 0xB2, 0x78, 0x00, 0x00, 0x00, 0x00, 0x70, 0x74, 0x9A, 0x78, /* DS:80FC */
	0x00, 0x00, 0xEA, 0x62, 0x18, 0x74, 0x9A, 0x78, 0x00, 0x00, 0xED, 0x62, 0x22, 0x74, 0x9A, 0x78, /* DS:810C */
	0x00, 0x00, 0xF0, 0x62, 0x2C, 0x74, 0x9A, 0x78, 0x00, 0x00, 0xF6, 0x62, 0x36, 0x74, 0x9A, 0x78, /* DS:811C */
	0x00, 0x00, 0xF3, 0x62, 0x42, 0x74, 0x9A, 0x78, 0x00, 0x00, 0xD5, 0x62, 0x4E, 0x74, 0x9A, 0x78, /* DS:812C */
	0x00, 0x00, 0x97, 0x62, 0x7C, 0x74, 0x9A, 0x78, 0x00, 0x00, 0xFC, 0x62, 0x9A, 0x74, 0x9A, 0x78, /* DS:813C */
	0x00, 0x00, 0xF9, 0x62, 0x54, 0x74, 0x9A, 0x78, 0x00, 0x00, 0xC9, 0x62, 0x5E, 0x74, 0x9A, 0x78, /* DS:814C */
	0x00, 0x00, 0x8C, 0x62, 0xB8, 0x74, 0x9A, 0x78, 0x00, 0x00, 0xB9, 0x62, 0xA2, 0x74, 0x9A, 0x78, /* DS:815C */
	0x00, 0x00, 0x4C, 0x63, 0xAA, 0x74, 0x9A, 0x78, 0x00, 0x00, 0x51, 0x63, 0xB2, 0x74, 0xB2, 0x78, /* DS:816C */
	0x00, 0x00, 0x8F, 0x62, 0x7C, 0x74, 0xB2, 0x78, 0x00, 0x00, 0x00, 0x00, 0x7C, 0x74, 0x9A, 0x78, /* DS:817C */
	0x00, 0x00, 0xEA, 0x62, 0x18, 0x74, 0x9A, 0x78, 0x00, 0x00, 0xED, 0x62, 0x22, 0x74, 0x9A, 0x78, /* DS:818C */
	0x00, 0x00, 0xF0, 0x62, 0x2C, 0x74, 0x9A, 0x78, 0x00, 0x00, 0xF6, 0x62, 0x36, 0x74, 0x9A, 0x78, /* DS:819C */
	0x00, 0x00, 0xF3, 0x62, 0x42, 0x74, 0x9A, 0x78, 0x00, 0x00, 0xD5, 0x62, 0x4E, 0x74, 0x9A, 0x78, /* DS:81AC */
	0x00, 0x00, 0x97, 0x62, 0x88, 0x74, 0x9A, 0x78, 0x00, 0x00, 0xFC, 0x62, 0x9A, 0x74, 0x9A, 0x78, /* DS:81BC */
	0x00, 0x00, 0xF9, 0x62, 0x54, 0x74, 0x9A, 0x78, 0x00, 0x00, 0xC9, 0x62, 0x5E, 0x74, 0x9A, 0x78, /* DS:81CC */
	0x00, 0x00, 0x8C, 0x62, 0xB8, 0x74, 0x9A, 0x78, 0x00, 0x00, 0xB9, 0x62, 0xA2, 0x74, 0x9A, 0x78, /* DS:81DC */
	0x00, 0x00, 0x4C, 0x63, 0xAA, 0x74, 0x9A, 0x78, 0x00, 0x00, 0x51, 0x63, 0xB2, 0x74, 0xB2, 0x78, /* DS:81EC */
	0x00, 0x00, 0x8F, 0x62, 0x88, 0x74, 0xB2, 0x78, 0x00, 0x00, 0x00, 0x00, 0x88, 0x74, 0x9A, 0x78, /* DS:81FC */
	0x00, 0x00, 0xEA, 0x62, 0x18, 0x74, 0x9A, 0x78, 0x00, 0x00, 0xED, 0x62, 0x22, 0x74, 0x9A, 0x78, /* DS:820C */
	0x00, 0x00, 0xF0, 0x62, 0x2C, 0x74, 0x9A, 0x78, 0x00, 0x00, 0xF6, 0x62, 0x36, 0x74, 0x9A, 0x78, /* DS:821C */
	0x00, 0x00, 0xF3, 0x62, 0x42, 0x74, 0x9A, 0x78, 0x00, 0x00, 0xD5, 0x62, 0x4E, 0x74, 0x9A, 0x78, /* DS:822C */
	0x00, 0x00, 0x97, 0x62, 0x8E, 0x74, 0x9A, 0x78, 0x00, 0x00, 0xFC, 0x62, 0x9A, 0x74, 0x9A, 0x78, /* DS:823C */
	0x00, 0x00, 0xF9, 0x62, 0x54, 0x74, 0x9A, 0x78, 0x00, 0x00, 0xC9, 0x62, 0x5E, 0x74, 0x9A, 0x78, /* DS:824C */
	0x00, 0x00, 0x8C, 0x62, 0xB8, 0x74, 0x9A, 0x78, 0x00, 0x00, 0xB9, 0x62, 0xA2, 0x74, 0x9A, 0x78, /* DS:825C */
	0x00, 0x00, 0x4C, 0x63, 0xAA, 0x74, 0x9A, 0x78, 0x00, 0x00, 0x51, 0x63, 0xB2, 0x74, 0xB2, 0x78, /* DS:826C */
	0x00, 0x00, 0x8F, 0x62, 0x8E, 0x74, 0xB2, 0x78, 0x00, 0x00, 0x00, 0x00, 0x8E, 0x74, 0x9A, 0x78, /* DS:827C */
	0x00, 0x00, 0xEA, 0x62, 0x18, 0x74, 0x9A, 0x78, 0x00, 0x00, 0xED, 0x62, 0x22, 0x74, 0x9A, 0x78, /* DS:828C */
	0x00, 0x00, 0xF0, 0x62, 0x2C, 0x74, 0x9A, 0x78, 0x00, 0x00, 0xF6, 0x62, 0x36, 0x74, 0x9A, 0x78, /* DS:829C */
	0x00, 0x00, 0xF3, 0x62, 0x42, 0x74, 0x9A, 0x78, 0x00, 0x00, 0xD5, 0x62, 0x4E, 0x74, 0x9A, 0x78, /* DS:82AC */
	0x00, 0x00, 0x97, 0x62, 0xC2, 0x74, 0x9A, 0x78, 0x00, 0x00, 0xFC, 0x62, 0x9A, 0x74, 0x9A, 0x78, /* DS:82BC */
	0x00, 0x00, 0xF9, 0x62, 0x54, 0x74, 0x9A, 0x78, 0x00, 0x00, 0xC9, 0x62, 0x5E, 0x74, 0x9A, 0x78, /* DS:82CC */
	0x00, 0x00, 0x8C, 0x62, 0xB8, 0x74, 0x9A, 0x78, 0x00, 0x00, 0xB9, 0x62, 0xA2, 0x74, 0x9A, 0x78, /* DS:82DC */
	0x00, 0x00, 0x4C, 0x63, 0xAA, 0x74, 0x9A, 0x78, 0x00, 0x00, 0x51, 0x63, 0xB2, 0x74, 0xB2, 0x78, /* DS:82EC */
	0x00, 0x00, 0x8F, 0x62, 0xC2, 0x74, 0xB2, 0x78, 0x00, 0x00, 0x00, 0x00, 0xC2, 0x74, 0x9A, 0x78, /* DS:82FC */
	0x00, 0x00, 0xEA, 0x62, 0xCA, 0x74, 0xC6, 0x78, 0x00, 0x00, 0xED, 0x62, 0xD6, 0x74, 0xC6, 0x78, /* DS:830C */
	0x00, 0x00, 0xF0, 0x62, 0xDE, 0x74, 0xC6, 0x78, 0x00, 0x00, 0xF6, 0x62, 0xE6, 0x74, 0xC6, 0x78, /* DS:831C */
	0x00, 0x00, 0xF3, 0x62, 0xF2, 0x74, 0xC6, 0x78, 0x00, 0x00, 0xD5, 0x62, 0xFA, 0x74, 0xC6, 0x78, /* DS:832C */
	0x00, 0x00, 0x97, 0x62, 0x3E, 0x75, 0xC6, 0x78, 0x00, 0x00, 0xFC, 0x62, 0x0A, 0x75, 0xC6, 0x78, /* DS:833C */
	0x00, 0x00, 0xF9, 0x62, 0x1A, 0x75, 0xC6, 0x78, 0x00, 0x00, 0x8C, 0x62, 0x24, 0x75, 0xC6, 0x78, /* DS:834C */
	0x00, 0x00, 0x8F, 0x62, 0x5E, 0x72, 0xDA, 0x78, 0x00, 0x00, 0x2B, 0x63, 0x5E, 0x72, 0xC6, 0x78, /* DS:835C */
	0x00, 0x00, 0x00, 0x00, 0x3E, 0x75, 0xC6, 0x78, 0x00, 0x00, 0xEA, 0x62, 0xCA, 0x74, 0xC6, 0x78, /* DS:836C */
	0x00, 0x00, 0xED, 0x62, 0xD6, 0x74, 0xC6, 0x78, 0x00, 0x00, 0xF0, 0x62, 0xDE, 0x74, 0xC6, 0x78, /* DS:837C */
	0x00, 0x00, 0xF6, 0x62, 0xE6, 0x74, 0xC6, 0x78, 0x00, 0x00, 0xF3, 0x62, 0xF2, 0x74, 0xC6, 0x78, /* DS:838C */
	0x00, 0x00, 0xD5, 0x62, 0xFA, 0x74, 0xC6, 0x78, 0x00, 0x00, 0x97, 0x62, 0x48, 0x75, 0xC6, 0x78, /* DS:839C */
	0x00, 0x00, 0xFC, 0x62, 0x0A, 0x75, 0xC6, 0x78, 0x00, 0x00, 0xF9, 0x62, 0x1A, 0x75, 0xC6, 0x78, /* DS:83AC */
	0x00, 0x00, 0x8C, 0x62, 0x24, 0x75, 0xC6, 0x78, 0x00, 0x00, 0x8F, 0x62, 0x5E, 0x72, 0xDA, 0x78, /* DS:83BC */
	0x00, 0x00, 0x2B, 0x63, 0x5E, 0x72, 0xC6, 0x78, 0x00, 0x00, 0x00, 0x00, 0x48, 0x75, 0xC6, 0x78, /* DS:83CC */
	0x00, 0x00, 0xEA, 0x62, 0xCA, 0x74, 0xC6, 0x78, 0x00, 0x00, 0xED, 0x62, 0xD6, 0x74, 0xC6, 0x78, /* DS:83DC */
	0x00, 0x00, 0xF0, 0x62, 0xDE, 0x74, 0xC6, 0x78, 0x00, 0x00, 0xF6, 0x62, 0xE6, 0x74, 0xC6, 0x78, /* DS:83EC */
	0x00, 0x00, 0xF3, 0x62, 0xF2, 0x74, 0xC6, 0x78, 0x00, 0x00, 0xD5, 0x62, 0xFA, 0x74, 0xC6, 0x78, /* DS:83FC */
	0x00, 0x00, 0x97, 0x62, 0x56, 0x75, 0xC6, 0x78, 0x00, 0x00, 0xFC, 0x62, 0x0A, 0x75, 0xC6, 0x78, /* DS:840C */
	0x00, 0x00, 0xF9, 0x62, 0x1A, 0x75, 0xC6, 0x78, 0x00, 0x00, 0x8C, 0x62, 0x24, 0x75, 0xC6, 0x78, /* DS:841C */
	0x00, 0x00, 0x8F, 0x62, 0x32, 0x75, 0xDA, 0x78, 0x00, 0x00, 0x2B, 0x63, 0x32, 0x75, 0xC6, 0x78, /* DS:842C */
	0x00, 0x00, 0x00, 0x00, 0x56, 0x75, 0xC6, 0x78, 0x00, 0x00, 0xEA, 0x62, 0xCA, 0x74, 0xC6, 0x78, /* DS:843C */
	0x00, 0x00, 0xED, 0x62, 0xD6, 0x74, 0xC6, 0x78, 0x00, 0x00, 0xF0, 0x62, 0xDE, 0x74, 0xC6, 0x78, /* DS:844C */
	0x00, 0x00, 0xF6, 0x62, 0xE6, 0x74, 0xC6, 0x78, 0x00, 0x00, 0xF3, 0x62, 0xF2, 0x74, 0xC6, 0x78, /* DS:845C */
	0x00, 0x00, 0xD5, 0x62, 0xFA, 0x74, 0xC6, 0x78, 0x00, 0x00, 0x97, 0x62, 0x62, 0x75, 0xC6, 0x78, /* DS:846C */
	0x00, 0x00, 0xFC, 0x62, 0x0A, 0x75, 0xC6, 0x78, 0x00, 0x00, 0xF9, 0x62, 0x1A, 0x75, 0xC6, 0x78, /* DS:847C */
	0x00, 0x00, 0x8C, 0x62, 0x24, 0x75, 0xC6, 0x78, 0x00, 0x00, 0x8F, 0x62, 0x38, 0x75, 0xDA, 0x78, /* DS:848C */
	0x00, 0x00, 0x2B, 0x63, 0x38, 0x75, 0xC6, 0x78, 0x00, 0x00, 0x00, 0x00, 0x62, 0x75, 0xC6, 0x78, /* DS:849C */
	0x00, 0x00, 0xEA, 0x62, 0xCA, 0x74, 0xC6, 0x78, 0x00, 0x00, 0xED, 0x62, 0xD6, 0x74, 0xC6, 0x78, /* DS:84AC */
	0x00, 0x00, 0xF0, 0x62, 0xDE, 0x74, 0xC6, 0x78, 0x00, 0x00, 0xF6, 0x62, 0xE6, 0x74, 0xC6, 0x78, /* DS:84BC */
	0x00, 0x00, 0xF3, 0x62, 0xF2, 0x74, 0xC6, 0x78, 0x00, 0x00, 0xD5, 0x62, 0xFA, 0x74, 0xC6, 0x78, /* DS:84CC */
	0x00, 0x00, 0x97, 0x62, 0x68, 0x75, 0xC6, 0x78, 0x00, 0x00, 0xFC, 0x62, 0x0A, 0x75, 0xC6, 0x78, /* DS:84DC */
	0x00, 0x00, 0xF9, 0x62, 0x1A, 0x75, 0xC6, 0x78, 0x00, 0x00, 0x8C, 0x62, 0x24, 0x75, 0xC6, 0x78, /* DS:84EC */
	0x00, 0x00, 0x8F, 0x62, 0x38, 0x75, 0xDA, 0x78, 0x00, 0x00, 0x2B, 0x63, 0x38, 0x75, 0xC6, 0x78, /* DS:84FC */
	0x00, 0x00, 0x00, 0x00, 0x68, 0x75, 0xC6, 0x78, 0x00, 0x00, 0xEA, 0x62, 0xCA, 0x74, 0xC6, 0x78, /* DS:850C */
	0x00, 0x00, 0xED, 0x62, 0xD6, 0x74, 0xC6, 0x78, 0x00, 0x00, 0xF0, 0x62, 0xDE, 0x74, 0xC6, 0x78, /* DS:851C */
	0x00, 0x00, 0xF6, 0x62, 0xE6, 0x74, 0xC6, 0x78, 0x00, 0x00, 0xF3, 0x62, 0xF2, 0x74, 0xC6, 0x78, /* DS:852C */
	0x00, 0x00, 0xD5, 0x62, 0xFA, 0x74, 0xC6, 0x78, 0x00, 0x00, 0x97, 0x62, 0x5E, 0x72, 0xC6, 0x78, /* DS:853C */
	0x00, 0x00, 0xFC, 0x62, 0x0A, 0x75, 0xC6, 0x78, 0x00, 0x00, 0xF9, 0x62, 0x1A, 0x75, 0xC6, 0x78, /* DS:854C */
	0x00, 0x00, 0x8C, 0x62, 0x24, 0x75, 0xC6, 0x78, 0x00, 0x00, 0x8F, 0x62, 0x5E, 0x72, 0xDA, 0x78, /* DS:855C */
	0x00, 0x00, 0x2B, 0x63, 0x5E, 0x72, 0xC6, 0x78, 0x00, 0x00, 0x00, 0x00, 0x5E, 0x72, 0xC6, 0x78, /* DS:856C */
	0x00, 0x00, 0x02, 0x63, 0x78, 0x77, 0x9A, 0x78, 0x00, 0x00, 0x09, 0x63, 0x84, 0x77, 0x9A, 0x78, /* DS:857C */
	0x00, 0x00, 0x10, 0x63, 0x8C, 0x77, 0x9A, 0x78, 0x00, 0x00, 0x17, 0x63, 0x8C, 0x77, 0x9A, 0x78, /* DS:858C */
	0x00, 0x00, 0x1C, 0x63, 0x96, 0x77, 0x9A, 0x78, 0x00, 0x00, 0x6B, 0x63, 0xA0, 0x77, 0x9A, 0x78, /* DS:859C */
	0x00, 0x00, 0x70, 0x63, 0xAC, 0x77, 0x9A, 0x78, 0x00, 0x00, 0x6C, 0x62, 0x00, 0x00, 0x9A, 0x78, /* DS:85AC */
	0x00, 0x00, 0x00, 0x00, 0x00, 0x00, 0xB2, 0x78, 0x00, 0x00, 0x54, 0x63, 0x62, 0x72, 0xC6, 0x78, /* DS:85BC */
	0x00, 0x00, 0x6C, 0x62, 0x5E, 0x72, 0xC6, 0x78, 0x00, 0x00, 0x00, 0x00, 0x5E, 0x72, 0xDA, 0x78, /* DS:85CC */
	0x00, 0x00, 0xA6, 0x62, 0x8A, 0x75, 0x2A, 0x79, 0x00, 0x00, 0xAB, 0x62, 0x82, 0x75, 0x2A, 0x79, /* DS:85DC */
	0x00, 0x00, 0xB1, 0x62, 0x9E, 0x75, 0x02, 0x79, 0x00, 0x00, 0x00, 0x00, 0x98, 0x75, 0x02, 0x79, /* DS:85EC */
	0x00, 0x00, 0xA1, 0x62, 0x82, 0x75, 0x2A, 0x79, 0x00, 0x00, 0xA6, 0x62, 0x8A, 0x75, 0x2A, 0x79, /* DS:85FC */
	0x00, 0x00, 0xAB, 0x62, 0x92, 0x75, 0x2A, 0x79, 0x00, 0x00, 0xAE, 0x62, 0x98, 0x75, 0x02, 0x79, /* DS:860C */
	0x00, 0x00, 0xB1, 0x62, 0x9E, 0x75, 0x02, 0x79, 0x00, 0x00, 0x00, 0x00, 0xA4, 0x75, 0x02, 0x79, /* DS:861C */
	0x00, 0x00, 0xA1, 0x62, 0xB6, 0x75, 0x2A, 0x79, 0x00, 0x00, 0xA6, 0x62, 0xA8, 0x75, 0x2A, 0x79, /* DS:862C */
	0x00, 0x00, 0xAB, 0x62, 0xAE, 0x75, 0x2A, 0x79, 0x00, 0x00, 0xAE, 0x62, 0xBC, 0x75, 0x02, 0x79, /* DS:863C */
	0x00, 0x00, 0xB1, 0x62, 0xB2, 0x75, 0x02, 0x79, 0x00, 0x00, 0x00, 0x00, 0x00, 0x00, 0x02, 0x79, /* DS:864C */
	0x00, 0x00, 0xA1, 0x62, 0x82, 0x75, 0x2A, 0x79, 0x00, 0x00, 0xA6, 0x62, 0x8A, 0x75, 0x2A, 0x79, /* DS:865C */
	0x00, 0x00, 0xAB, 0x62, 0x92, 0x75, 0x2A, 0x79, 0x00, 0x00, 0xAE, 0x62, 0x98, 0x75, 0x02, 0x79, /* DS:866C */
	0x00, 0x00, 0xB1, 0x62, 0x9E, 0x75, 0x02, 0x79, 0x00, 0x00, 0x9E, 0x62, 0xA2, 0x76, 0x02, 0x79, /* DS:867C */
	0x00, 0x00, 0x00, 0x00, 0xA4, 0x75, 0x02, 0x79, 0x00, 0x00, 0xA1, 0x62, 0xB6, 0x75, 0x16, 0x79, /* DS:868C */
	0x00, 0x00, 0xA6, 0x62, 0xA8, 0x75, 0x16, 0x79, 0x00, 0x00, 0xAB, 0x62, 0xAE, 0x75, 0x16, 0x79, /* DS:869C */
	0x00, 0x00, 0xAE, 0x62, 0xBC, 0x75, 0xEA, 0x78, 0x00, 0x00, 0xB1, 0x62, 0xB2, 0x75, 0xEA, 0x78, /* DS:86AC */
	0x00, 0x00, 0x00, 0x00, 0x00, 0x00, 0xEA, 0x78, 0x00, 0x00, 0xEA, 0x62, 0x08, 0x77, 0x02, 0x79, /* DS:86BC */
	0x00, 0x00, 0xED, 0x62, 0x18, 0x77, 0x02, 0x79, 0x00, 0x00, 0xF0, 0x62, 0x2A, 0x77, 0x02, 0x79, /* DS:86CC */
	0x00, 0x00, 0xF6, 0x62, 0x3A, 0x77, 0x02, 0x79, 0x00, 0x00, 0xF3, 0x62, 0x48, 0x77, 0x02, 0x79, /* DS:86DC */
	0x00, 0x00, 0x2E, 0x63, 0x58, 0x77, 0x02, 0x79, 0x00, 0x00, 0xFF, 0x62, 0x72, 0x77, 0x02, 0x79, /* DS:86EC */
	0x00, 0x00, 0x5B, 0x63, 0x64, 0x77, 0x02, 0x79, 0x00, 0x00, 0x00, 0x00, 0x6C, 0x77, 0x02, 0x79, /* DS:86FC */
	0x00, 0x00, 0xEA, 0x62, 0x08, 0x77, 0x02, 0x79, 0x00, 0x00, 0xED, 0x62, 0x18, 0x77, 0x02, 0x79, /* DS:870C */
	0x00, 0x00, 0xF0, 0x62, 0x2A, 0x77, 0x02, 0x79, 0x00, 0x00, 0xF6, 0x62, 0x3A, 0x77, 0x02, 0x79, /* DS:871C */
	0x00, 0x00, 0xF3, 0x62, 0x48, 0x77, 0x02, 0x79, 0x00, 0x00, 0x2E, 0x63, 0x58, 0x77, 0x02, 0x79, /* DS:872C */
	0x00, 0x00, 0xFF, 0x62, 0x72, 0x77, 0x02, 0x79, 0x00, 0x00, 0x5B, 0x63, 0x64, 0x77, 0x02, 0x79, /* DS:873C */
	0x00, 0x00, 0x00, 0x00, 0x6C, 0x77, 0x02, 0x79, 0x00, 0x00, 0xEA, 0x62, 0x08, 0x77, 0x02, 0x79, /* DS:874C */
	0x00, 0x00, 0xED, 0x62, 0x18, 0x77, 0x02, 0x79, 0x00, 0x00, 0xF0, 0x62, 0x2A, 0x77, 0x02, 0x79, /* DS:875C */
	0x00, 0x00, 0xF6, 0x62, 0x3A, 0x77, 0x02, 0x79, 0x00, 0x00, 0xF3, 0x62, 0x48, 0x77, 0x02, 0x79, /* DS:876C */
	0x00, 0x00, 0x2E, 0x63, 0x58, 0x77, 0x02, 0x79, 0x00, 0x00, 0xFF, 0x62, 0x72, 0x77, 0x02, 0x79, /* DS:877C */
	0x00, 0x00, 0x5B, 0x63, 0x64, 0x77, 0x02, 0x79, 0x00, 0x00, 0x00, 0x00, 0x6C, 0x77, 0x02, 0x79, /* DS:878C */
	0x00, 0x00, 0xEA, 0x62, 0x08, 0x77, 0x02, 0x79, 0x00, 0x00, 0xED, 0x62, 0x18, 0x77, 0x02, 0x79, /* DS:879C */
	0x00, 0x00, 0xF0, 0x62, 0x2A, 0x77, 0x02, 0x79, 0x00, 0x00, 0xF6, 0x62, 0x3A, 0x77, 0x02, 0x79, /* DS:87AC */
	0x00, 0x00, 0xF3, 0x62, 0x48, 0x77, 0x02, 0x79, 0x00, 0x00, 0x2E, 0x63, 0x58, 0x77, 0x02, 0x79, /* DS:87BC */
	0x00, 0x00, 0xFF, 0x62, 0x72, 0x77, 0x02, 0x79, 0x00, 0x00, 0x5B, 0x63, 0x64, 0x77, 0x02, 0x79, /* DS:87CC */
	0x00, 0x00, 0x00, 0x00, 0x6C, 0x77, 0x02, 0x79, 0x00, 0x00, 0xEA, 0x62, 0x08, 0x77, 0x02, 0x79, /* DS:87DC */
	0x00, 0x00, 0xED, 0x62, 0x18, 0x77, 0x02, 0x79, 0x00, 0x00, 0xF0, 0x62, 0x2A, 0x77, 0x02, 0x79, /* DS:87EC */
	0x00, 0x00, 0xF6, 0x62, 0x3A, 0x77, 0x02, 0x79, 0x00, 0x00, 0xF3, 0x62, 0x48, 0x77, 0x02, 0x79, /* DS:87FC */
	0x00, 0x00, 0x2E, 0x63, 0x58, 0x77, 0x02, 0x79, 0x00, 0x00, 0xFF, 0x62, 0x72, 0x77, 0x02, 0x79, /* DS:880C */
	0x00, 0x00, 0x5B, 0x63, 0x64, 0x77, 0x02, 0x79, 0x00, 0x00, 0x00, 0x00, 0x6C, 0x77, 0x02, 0x79, /* DS:881C */
	0x00, 0x00, 0xEA, 0x62, 0x08, 0x77, 0xEA, 0x78, 0x00, 0x00, 0xED, 0x62, 0x18, 0x77, 0xEA, 0x78, /* DS:882C */
	0x00, 0x00, 0xF0, 0x62, 0x2A, 0x77, 0xEA, 0x78, 0x00, 0x00, 0xF6, 0x62, 0x3A, 0x77, 0xEA, 0x78, /* DS:883C */
	0x00, 0x00, 0xF3, 0x62, 0x48, 0x77, 0xEA, 0x78, 0x00, 0x00, 0x2E, 0x63, 0x58, 0x77, 0xEA, 0x78, /* DS:884C */
	0x00, 0x00, 0xFF, 0x62, 0x72, 0x77, 0xEA, 0x78, 0x00, 0x00, 0x5B, 0x63, 0x64, 0x77, 0xEA, 0x78, /* DS:885C */
	0x00, 0x00, 0x00, 0x00, 0x6C, 0x77, 0xEA, 0x78, 0x00, 0x00, 0xEA, 0x62, 0x08, 0x77, 0x02, 0x79, /* DS:886C */
	0x00, 0x00, 0xED, 0x62, 0x18, 0x77, 0x02, 0x79, 0x00, 0x00, 0xF0, 0x62, 0x2A, 0x77, 0x02, 0x79, /* DS:887C */
	0x00, 0x00, 0xF6, 0x62, 0x3A, 0x77, 0x02, 0x79, 0x00, 0x00, 0xF3, 0x62, 0x48, 0x77, 0x02, 0x79, /* DS:888C */
	0x00, 0x00, 0x2E, 0x63, 0x58, 0x77, 0x02, 0x79, 0x00, 0x00, 0xFF, 0x62, 0x72, 0x77, 0x02, 0x79, /* DS:889C */
	0x00, 0x00, 0x5B, 0x63, 0x64, 0x77, 0x02, 0x79, 0x00, 0x00, 0x00, 0x00, 0x6C, 0x77, 0x02, 0x79, /* DS:88AC */
	0x00, 0x00, 0xEA, 0x62, 0xC0, 0x75, 0x2A, 0x79, 0x00, 0x00, 0xED, 0x62, 0xD0, 0x75, 0x2A, 0x79, /* DS:88BC */
	0x00, 0x00, 0xF0, 0x62, 0xDC, 0x75, 0x2A, 0x79, 0x00, 0x00, 0xF6, 0x62, 0xE8, 0x75, 0x2A, 0x79, /* DS:88CC */
	0x00, 0x00, 0xF3, 0x62, 0xF2, 0x75, 0x2A, 0x79, 0x00, 0x00, 0xFF, 0x62, 0x1C, 0x76, 0x2A, 0x79, /* DS:88DC */
	0x00, 0x00, 0x51, 0x63, 0x28, 0x76, 0x2A, 0x79, 0x00, 0x00, 0xE4, 0x62, 0x12, 0x76, 0x2A, 0x79, /* DS:88EC */
	0x00, 0x00, 0x00, 0x00, 0x00, 0x76, 0x2A, 0x79, 0x00, 0x00, 0xEA, 0x62, 0xC0, 0x75, 0x16, 0x79, /* DS:88FC */
	0x00, 0x00, 0xED, 0x62, 0xD0, 0x75, 0x16, 0x79, 0x00, 0x00, 0xF0, 0x62, 0xDC, 0x75, 0x16, 0x79, /* DS:890C */
	0x00, 0x00, 0xF6, 0x62, 0xE8, 0x75, 0x16, 0x79, 0x00, 0x00, 0xF3, 0x62, 0xF2, 0x75, 0x16, 0x79, /* DS:891C */
	0x00, 0x00, 0xFF, 0x62, 0x1C, 0x76, 0x16, 0x79, 0x00, 0x00, 0x51, 0x63, 0x28, 0x76, 0x16, 0x79, /* DS:892C */
	0x00, 0x00, 0xE4, 0x62, 0x30, 0x76, 0x16, 0x79, 0x00, 0x00, 0x00, 0x00, 0x0A, 0x76, 0x16, 0x79, /* DS:893C */
	0x00, 0x00, 0xEA, 0x62, 0xC0, 0x75, 0x2A, 0x79, 0x00, 0x00, 0xED, 0x62, 0xD0, 0x75, 0x2A, 0x79, /* DS:894C */
	0x00, 0x00, 0xF0, 0x62, 0xDC, 0x75, 0x2A, 0x79, 0x00, 0x00, 0xF6, 0x62, 0xE8, 0x75, 0x2A, 0x79, /* DS:895C */
	0x00, 0x00, 0xF3, 0x62, 0xF2, 0x75, 0x2A, 0x79, 0x00, 0x00, 0xFF, 0x62, 0x1C, 0x76, 0x2A, 0x79, /* DS:896C */
	0x00, 0x00, 0x51, 0x63, 0x28, 0x76, 0x2A, 0x79, 0x00, 0x00, 0xE4, 0x62, 0x30, 0x76, 0x2A, 0x79, /* DS:897C */
	0x00, 0x00, 0x00, 0x00, 0x0A, 0x76, 0x2A, 0x79, 0x00, 0x00, 0xE4, 0x62, 0x3C, 0x76, 0x2A, 0x79, /* DS:898C */
	0x00, 0x00, 0x00, 0x00, 0x46, 0x76, 0x2A, 0x79, 0x00, 0x00, 0xE4, 0x62, 0x76, 0x76, 0x16, 0x79, /* DS:899C */
	0x00, 0x00, 0x00, 0x00, 0xAE, 0x75, 0x16, 0x79, 0x00, 0x00, 0xE4, 0x62, 0x7C, 0x76, 0x2A, 0x79, /* DS:89AC */
	0x00, 0x00, 0x00, 0x00, 0x84, 0x76, 0x2A, 0x79, 0x00, 0x00, 0xE4, 0x62, 0x76, 0x76, 0x2A, 0x79, /* DS:89BC */
	0x00, 0x00, 0x00, 0x00, 0xAE, 0x75, 0x2A, 0x79, 0x00, 0x00, 0xEA, 0x62, 0x52, 0x76, 0x02, 0x79, /* DS:89CC */
	0x00, 0x00, 0xED, 0x62, 0x58, 0x76, 0x02, 0x79, 0x00, 0x00, 0xF0, 0x62, 0x5E, 0x76, 0x02, 0x79, /* DS:89DC */
	0x00, 0x00, 0xF6, 0x62, 0x68, 0x76, 0x02, 0x79, 0x00, 0x00, 0xF3, 0x62, 0x64, 0x76, 0x02, 0x79, /* DS:89EC */
	0x00, 0x00, 0xD5, 0x62, 0x6E, 0x76, 0x02, 0x79, 0x00, 0x00, 0x00, 0x00, 0x00, 0x00, 0x02, 0x79, /* DS:89FC */
	0x00, 0x00, 0xEA, 0x62, 0x52, 0x76, 0xEA, 0x78, 0x00, 0x00, 0xED, 0x62, 0x58, 0x76, 0xEA, 0x78, /* DS:8A0C */
	0x00, 0x00, 0xF0, 0x62, 0x5E, 0x76, 0xEA, 0x78, 0x00, 0x00, 0xF6, 0x62, 0x68, 0x76, 0xEA, 0x78, /* DS:8A1C */
	0x00, 0x00, 0xF3, 0x62, 0x64, 0x76, 0xEA, 0x78, 0x00, 0x00, 0xD5, 0x62, 0x6E, 0x76, 0xEA, 0x78, /* DS:8A2C */
	0x00, 0x00, 0x00, 0x00, 0x00, 0x00, 0xEA, 0x78, 0x00, 0x00, 0xEA, 0x62, 0x52, 0x76, 0x02, 0x79, /* DS:8A3C */
	0x00, 0x00, 0xED, 0x62, 0x58, 0x76, 0x02, 0x79, 0x00, 0x00, 0xF0, 0x62, 0x5E, 0x76, 0x02, 0x79, /* DS:8A4C */
	0x00, 0x00, 0xF6, 0x62, 0x68, 0x76, 0x02, 0x79, 0x00, 0x00, 0xF3, 0x62, 0x64, 0x76, 0x02, 0x79, /* DS:8A5C */
	0x00, 0x00, 0xD5, 0x62, 0x6E, 0x76, 0x02, 0x79, 0x00, 0x00, 0x00, 0x00, 0xA4, 0x75, 0x02, 0x79, /* DS:8A6C */
	0x00, 0x00, 0xEA, 0x62, 0x52, 0x76, 0x02, 0x79, 0x00, 0x00, 0xED, 0x62, 0x58, 0x76, 0x02, 0x79, /* DS:8A7C */
	0x00, 0x00, 0xF0, 0x62, 0x5E, 0x76, 0x02, 0x79, 0x00, 0x00, 0xF6, 0x62, 0x68, 0x76, 0x02, 0x79, /* DS:8A8C */
	0x00, 0x00, 0xF3, 0x62, 0x64, 0x76, 0x02, 0x79, 0x00, 0x00, 0xD5, 0x62, 0x6E, 0x76, 0x02, 0x79, /* DS:8A9C */
	0x00, 0x00, 0x00, 0x00, 0x00, 0x00, 0x02, 0x79, 0x00, 0x00, 0xCC, 0x62, 0xA6, 0x76, 0xEA, 0x78, /* DS:8AAC */
	0x00, 0x00, 0xEA, 0x62, 0xB6, 0x76, 0xEA, 0x78, 0x00, 0x00, 0xED, 0x62, 0xBE, 0x76, 0xEA, 0x78, /* DS:8ABC */
	0x00, 0x00, 0xF0, 0x62, 0xC6, 0x76, 0xEA, 0x78, 0x00, 0x00, 0xF6, 0x62, 0xDC, 0x76, 0xEA, 0x78, /* DS:8ACC */
	0x00, 0x00, 0xF3, 0x62, 0xD0, 0x76, 0xEA, 0x78, 0x00, 0x00, 0xDF, 0x62, 0x90, 0x76, 0xEA, 0x78, /* DS:8ADC */
	0x00, 0x00, 0x00, 0x00, 0xAE, 0x76, 0xEA, 0x78, 0x00, 0x00, 0xEA, 0x62, 0xB6, 0x76, 0x02, 0x79, /* DS:8AEC */
	0x00, 0x00, 0xED, 0x62, 0xBE, 0x76, 0x02, 0x79, 0x00, 0x00, 0xF0, 0x62, 0xC6, 0x76, 0x02, 0x79, /* DS:8AFC */
	0x00, 0x00, 0xF6, 0x62, 0xDC, 0x76, 0x02, 0x79, 0x00, 0x00, 0xF3, 0x62, 0xD0, 0x76, 0x02, 0x79, /* DS:8B0C */
	0x00, 0x00, 0xDF, 0x62, 0x90, 0x76, 0x02, 0x79, 0x00, 0x00, 0x00, 0x00, 0xE6, 0x76, 0x02, 0x79, /* DS:8B1C */
	0x00, 0x00, 0xEA, 0x62, 0xB6, 0x76, 0x02, 0x79, 0x00, 0x00, 0xED, 0x62, 0xBE, 0x76, 0x02, 0x79, /* DS:8B2C */
	0x00, 0x00, 0xF0, 0x62, 0xC6, 0x76, 0x02, 0x79, 0x00, 0x00, 0xF6, 0x62, 0xDC, 0x76, 0x02, 0x79, /* DS:8B3C */
	0x00, 0x00, 0xF3, 0x62, 0xD0, 0x76, 0x02, 0x79, 0x00, 0x00, 0xDF, 0x62, 0x90, 0x76, 0x02, 0x79, /* DS:8B4C */
	0x00, 0x00, 0x00, 0x00, 0xEA, 0x76, 0x02, 0x79, 0x00, 0x00, 0xEA, 0x62, 0xB6, 0x76, 0x02, 0x79, /* DS:8B5C */
	0x00, 0x00, 0xED, 0x62, 0xBE, 0x76, 0x02, 0x79, 0x00, 0x00, 0xF0, 0x62, 0xC6, 0x76, 0x02, 0x79, /* DS:8B6C */
	0x00, 0x00, 0xF6, 0x62, 0xDC, 0x76, 0x02, 0x79, 0x00, 0x00, 0xF3, 0x62, 0xD0, 0x76, 0x02, 0x79, /* DS:8B7C */
	0x00, 0x00, 0xDF, 0x62, 0x90, 0x76, 0x02, 0x79, 0x00, 0x00, 0x00, 0x00, 0xF4, 0x76, 0x02, 0x79, /* DS:8B8C */
	0x00, 0x00, 0xEA, 0x62, 0xB6, 0x76, 0x02, 0x79, 0x00, 0x00, 0xED, 0x62, 0xBE, 0x76, 0x02, 0x79, /* DS:8B9C */
	0x00, 0x00, 0xF0, 0x62, 0xC6, 0x76, 0x02, 0x79, 0x00, 0x00, 0xF6, 0x62, 0xDC, 0x76, 0x02, 0x79, /* DS:8BAC */
	0x00, 0x00, 0xF3, 0x62, 0xD0, 0x76, 0x02, 0x79, 0x00, 0x00, 0xDF, 0x62, 0x90, 0x76, 0x02, 0x79, /* DS:8BBC */
	0x00, 0x00, 0x00, 0x00, 0xFE, 0x76, 0x02, 0x79, 0x00, 0x00, 0xEA, 0x62, 0xB6, 0x76, 0x02, 0x79, /* DS:8BCC */
	0x00, 0x00, 0xED, 0x62, 0xBE, 0x76, 0x02, 0x79, 0x00, 0x00, 0xF0, 0x62, 0xC6, 0x76, 0x02, 0x79, /* DS:8BDC */
	0x00, 0x00, 0xF6, 0x62, 0xDC, 0x76, 0x02, 0x79, 0x00, 0x00, 0xF3, 0x62, 0xD0, 0x76, 0x02, 0x79, /* DS:8BEC */
	0x00, 0x00, 0xDF, 0x62, 0x90, 0x76, 0x02, 0x79, 0x00, 0x00, 0x00, 0x00, 0x02, 0x77, 0x02, 0x79, /* DS:8BFC */
	0x00, 0x00, 0xEA, 0x62, 0xB6, 0x76, 0x02, 0x79, 0x00, 0x00, 0xED, 0x62, 0xBE, 0x76, 0x02, 0x79, /* DS:8C0C */
	0x00, 0x00, 0xF0, 0x62, 0xC6, 0x76, 0x02, 0x79, 0x00, 0x00, 0xF6, 0x62, 0xDC, 0x76, 0x02, 0x79, /* DS:8C1C */
	0x00, 0x00, 0xF3, 0x62, 0xD0, 0x76, 0x02, 0x79, 0x00, 0x00, 0xDF, 0x62, 0x90, 0x76, 0x02, 0x79, /* DS:8C2C */
	0x00, 0x00, 0x00, 0x00, 0xAE, 0x76, 0x02, 0x79, 0x00, 0x00, 0xB1, 0x62, 0x94, 0x76, 0x16, 0x79, /* DS:8C3C */
	0x00, 0x00, 0xE4, 0x62, 0x76, 0x76, 0x16, 0x79, 0x00, 0x00, 0x00, 0x00, 0xAE, 0x75, 0x16, 0x79, /* DS:8C4C */
	0x00, 0x00, 0xB1, 0x62, 0x9A, 0x76, 0x2A, 0x79, 0x00, 0x00, 0xE4, 0x62, 0x7C, 0x76, 0x2A, 0x79, /* DS:8C5C */
	0x00, 0x00, 0x00, 0x00, 0x92, 0x75, 0x2A, 0x79, 0x00, 0x00, 0xB1, 0x62, 0x94, 0x76, 0x2A, 0x79, /* DS:8C6C */
	0x00, 0x00, 0xE4, 0x62, 0x76, 0x76, 0x2A, 0x79, 0x00, 0x00, 0x00, 0x00, 0xAE, 0x75, 0x2A, 0x79, /* DS:8C7C */
	0x00, 0x00, 0x7C, 0x62, 0x80, 0x72, 0x3A, 0x79, 0x00, 0x00, 0xD8, 0x62, 0x88, 0x72, 0x3A, 0x79, /* DS:8C8C */
	0x00, 0x00, 0x81, 0x62, 0x90, 0x72, 0x3A, 0x79, 0x00, 0x00, 0x00, 0x00, 0x90, 0x72, 0x62, 0x78, /* DS:8C9C */
	0x00, 0x00, 0x7C, 0x62, 0x80, 0x72, 0x52, 0x79, 0x00, 0x00, 0xD8, 0x62, 0x88, 0x72, 0x52, 0x79, /* DS:8CAC */
	0x00, 0x00, 0x81, 0x62, 0x90, 0x72, 0x52, 0x79, 0x00, 0x00, 0x00, 0x00, 0x90, 0x72, 0x76, 0x78, /* DS:8CBC */
	0x00, 0x00, 0x00, 0x00, 0x00, 0x00, 0x62, 0x78, 0x00, 0x00, 0x00, 0x00, 0x00, 0x00, 0x76, 0x78, /* DS:8CCC */
	0x00, 0x00, 0x00, 0x00, 0x26, 0x78, 0x66, 0x79, 0x00, 0x00, 0x00, 0x00, 0x6C, 0x72, 0x72, 0x79, /* DS:8CDC */
	0x00, 0x00, 0x00, 0x00, 0x6C, 0x72, 0x82, 0x79, 0x00, 0x00, 0x00, 0x00, 0x00, 0x00, 0x8E, 0x79, /* DS:8CEC */
	0x00, 0x00, 0x96, 0x79, 0xA6, 0x79, 0xAE, 0x79, 0xB6, 0x79, 0xBE, 0x79, 0xCE, 0x79, 0xD6, 0x79, /* DS:8CFC */
	0xDE, 0x79, 0xE6, 0x79, 0xEE, 0x79, 0xFE, 0x79, 0x0E, 0x7A, 0x1E, 0x7A, 0x3E, 0x7A, 0x7E, 0x7A, /* DS:8D0C */
	0xC6, 0x7A, 0x06, 0x7B, 0x4E, 0x7B, 0x96, 0x7B, 0xD6, 0x7B, 0x1E, 0x7C, 0x56, 0x7C, 0x8E, 0x7C, /* DS:8D1C */
	0xC6, 0x7C, 0xFE, 0x7C, 0x36, 0x7D, 0x76, 0x7D, 0xDE, 0x7D, 0x46, 0x7E, 0xAE, 0x7E, 0xFE, 0x7E, /* DS:8D2C */
	0x56, 0x7F, 0xB6, 0x7F, 0x0E, 0x80, 0x8E, 0x80, 0x0E, 0x81, 0x8E, 0x81, 0x0E, 0x82, 0x8E, 0x82, /* DS:8D3C */
	0x0E, 0x83, 0x76, 0x83, 0xDE, 0x83, 0x46, 0x84, 0xAE, 0x84, 0x16, 0x85, 0x7E, 0x85, 0xC6, 0x85, /* DS:8D4C */
	0xDE, 0x85, 0xFE, 0x85, 0x2E, 0x86, 0x5E, 0x86, 0x96, 0x86, 0xC6, 0x86, 0x0E, 0x87, 0x56, 0x87, /* DS:8D5C */
	0x9E, 0x87, 0xE6, 0x87, 0x2E, 0x88, 0x76, 0x88, 0xBE, 0x88, 0x06, 0x89, 0x4E, 0x89, 0x96, 0x89, /* DS:8D6C */
	0xA6, 0x89, 0xB6, 0x89, 0xC6, 0x89, 0xD6, 0x89, 0x0E, 0x8A, 0x46, 0x8A, 0x7E, 0x8A, 0xB6, 0x8A, /* DS:8D7C */
	0xF6, 0x8A, 0x2E, 0x8B, 0x66, 0x8B, 0x9E, 0x8B, 0xD6, 0x8B, 0x0E, 0x8C, 0x46, 0x8C, 0x5E, 0x8C, /* DS:8D8C */
	0x76, 0x8C, 0x8E, 0x8C, 0xAE, 0x8C, 0xCE, 0x8C, 0xD6, 0x8C, 0xDE, 0x8C, 0xE6, 0x8C, 0xEE, 0x8C, /* DS:8D9C */
	0xF6, 0x8C, 0x02, 0x01, 0x01, 0x01, 0x02, 0x01, 0x01, 0x01, 0x01, 0x02, 0x02, 0x02, 0x04, 0x08, /* DS:8DAC */
	0x09, 0x08, 0x09, 0x09, 0x08, 0x09, 0x07, 0x07, 0x07, 0x07, 0x07, 0x08, 0x0D, 0x0D, 0x0D, 0x0A, /* DS:8DBC */
	0x0B, 0x0C, 0x0B, 0x10, 0x10, 0x10, 0x10, 0x10, 0x10, 0x0D, 0x0D, 0x0D, 0x0D, 0x0D, 0x0D, 0x09, /* DS:8DCC */
	0x03, 0x04, 0x06, 0x06, 0x07, 0x06, 0x09, 0x09, 0x09, 0x09, 0x09, 0x09, 0x09, 0x09, 0x09, 0x09, /* DS:8DDC */
	0x02, 0x02, 0x02, 0x02, 0x07, 0x07, 0x07, 0x07, 0x08, 0x07, 0x07, 0x07, 0x07, 0x07, 0x07, 0x03, /* DS:8DEC */
	0x03, 0x03, 0x04, 0x04, 0x01, 0x01, 0x01, 0x01, 0x01, 0x01, 0x02, 0x02, 0x02, 0x02, 0x02, 0x02, /* DS:8DFC */
	0x02, 0x02, 0x02, 0x02, 0x02, 0x02, 0x02, 0x02, 0x02, 0x02, 0x02, 0x02, 0x02, 0x02, 0x02, 0x02, /* DS:8E0C */
	0x02, 0x02, 0x02, 0x02, 0x02, 0x02, 0x02, 0x02, 0x02, 0x02, 0x02, 0x01, 0x01, 0x01, 0x01, 0x01, /* DS:8E1C */
	0x01, 0x01, 0x01, 0x00, 0x01, 0x01, 0x02, 0x02, 0x02, 0x02, 0x02, 0x02, 0x02, 0x02, 0x01, 0x01, /* DS:8E2C */
	0x01, 0x01, 0x01, 0x02, 0x06, 0x06, 0x06, 0x06, 0x06, 0x06, 0x06, 0x06, 0x06, 0x06, 0x06, 0x06, /* DS:8E3C */
	0x06, 0x06, 0x06, 0x06, 0x06, 0x06, 0x06, 0x06, 0x06, 0x06, 0x06, 0x06, 0x06, 0x06, 0x06, 0x06, /* DS:8E4C */
	0x06, 0x06, 0x06, 0x06, 0x06, 0x05, 0x04, 0x05, 0x05, 0x05, 0x05, 0x05, 0x05, 0x03, 0x05, 0x05, /* DS:8E5C */
	0x06, 0x06, 0x06, 0x06, 0x06, 0x06, 0x06, 0x06, 0x05, 0x05, 0x05, 0x05, 0x05, 0x06, 0x08, 0x08, /* DS:8E6C */
	0x08, 0x08, 0x08, 0x08, 0x08, 0x08, 0x08, 0x08, 0x08, 0x08, 0x08, 0x08, 0x08, 0x08, 0x08, 0x08, /* DS:8E7C */
	0x08, 0x08, 0x08, 0x08, 0x08, 0x08, 0x08, 0x08, 0x08, 0x08, 0x08, 0x08, 0x08, 0x08, 0x08, 0x07, /* DS:8E8C */
	0x07, 0x07, 0x07, 0x07, 0x07, 0x07, 0x07, 0x07, 0x07, 0x07, 0x08, 0x08, 0x08, 0x08, 0x08, 0x08, /* DS:8E9C */
	0x08, 0x08, 0x07, 0x07, 0x07, 0x07, 0x07, 0x08, 0x0A, 0x09, 0x09, 0x09, 0x0B, 0x0B, 0x09, 0x0B, /* DS:8EAC */
	0x0A, 0x09, 0x0B, 0x0A, 0x09, 0x0A, 0x0A, 0x0B, 0x0B, 0x09, 0x0A, 0x0B, 0x0B, 0x0B, 0x09, 0x0B, /* DS:8EBC */
	0x0B, 0x0B, 0x0B, 0x09, 0x0A, 0x0B, 0x0B, 0x0B, 0x0B, 0x0B, 0x0B, 0x0B, 0x0B, 0x0B, 0x0B, 0x0B, /* DS:8ECC */
	0x0B, 0x0B, 0x0B, 0x0B, 0x0B, 0x0B, 0x0B, 0x0B, 0x0B, 0x0B, 0x0B, 0x0B, 0x0B, 0x0B, 0x0B, 0x0B, /* DS:8EDC */
	0x0B, 0x0B, 0x0C, 0x0C, 0x0C, 0x0C, 0x0C, 0x0C, 0x0C, 0x0C, 0x0C, 0x0C, 0x0C, 0x0C, 0x0C, 0x0C, /* DS:8EEC */
	0x0C, 0x0C, 0x0C, 0x0C, 0x0C, 0x0C, 0x0C, 0x0C, 0x0C, 0x0C, 0x0C, 0x0C, 0x0C, 0x0C, 0x0C, 0x0C, /* DS:8EFC */
	0x0C, 0x0C, 0x0C, 0x0C, 0x0C, 0x0C, 0x0C, 0x0C, 0x0C, 0x0C, 0x0C, 0x0C, 0x0C, 0x0C, 0x0C, 0x0C, /* DS:8F0C */
	0x0C, 0x0C, 0x0C, 0x0C, 0x0C, 0x0C, 0x0C, 0x0C, 0x0C, 0x0C, 0x0C, 0x0C, 0x0F, 0x0D, 0x0D, 0x0D, /* DS:8F1C */
	0x10, 0x10, 0x0D, 0x10, 0x0F, 0x0D, 0x10, 0x0F, 0x0D, 0x0F, 0x0F, 0x0E, 0x0E, 0x0D, 0x0F, 0x0E, /* DS:8F2C */
	0x0E, 0x0E, 0x0D, 0x12, 0x12, 0x12, 0x10, 0x0D, 0x0F, 0x0E, 0x12, 0x12, 0x12, 0x12, 0x12, 0x12, /* DS:8F3C */
	0x12, 0x12, 0x12, 0x12, 0x12, 0x12, 0x12, 0x12, 0x12, 0x12, 0x12, 0x12, 0x12, 0x13, 0x12, 0x12, /* DS:8F4C */
	0x12, 0x12, 0x12, 0x12, 0x12, 0x11, 0x16, 0x14, 0x14, 0x14, 0x17, 0x17, 0x14, 0x17, 0x16, 0x14, /* DS:8F5C */
	0x17, 0x16, 0x14, 0x16, 0x16, 0x15, 0x15, 0x14, 0x16, 0x15, 0x15, 0x15, 0x14, 0x18, 0x18, 0x18, /* DS:8F6C */
	0x17, 0x14, 0x16, 0x15, 0x18, 0x18, 0x18, 0x18, 0x18, 0x18, 0x18, 0x18, 0x18, 0x18, 0x18, 0x18, /* DS:8F7C */
	0x18, 0x18, 0x18, 0x18, 0x18, 0x18, 0x18, 0x19, 0x18, 0x18, 0x18, 0x18, 0x18, 0x18, 0x18, 0x18, /* DS:8F8C */
	0x1C, 0x1C, 0x1C, 0x1C, 0x1C, 0x1C, 0x1C, 0x1C, 0x1C, 0x1C, 0x1C, 0x1C, 0x1C, 0x1C, 0x1C, 0x1C, /* DS:8F9C */
	0x1C, 0x1C, 0x1C, 0x1C, 0x1C, 0x1C, 0x1C, 0x1C, 0x1C, 0x1C, 0x1C, 0x1C, 0x1C, 0x1C, 0x1C, 0x1C, /* DS:8FAC */
	0x1C, 0x1C, 0x1C, 0x1C, 0x1C, 0x1C, 0x1C, 0x1C, 0x1C, 0x1C, 0x1C, 0x1C, 0x1C, 0x1C, 0x1C, 0x1C, /* DS:8FBC */
	0x1A, 0x1A, 0x1C, 0x1C, 0x1C, 0x1C, 0x1C, 0x1C, 0x1C, 0x1B, 0x20, 0x20, 0x20, 0x20, 0x20, 0x20, /* DS:8FCC */
	0x20, 0x20, 0x20, 0x20, 0x20, 0x20, 0x20, 0x20, 0x20, 0x20, 0x20, 0x20, 0x20, 0x20, 0x20, 0x20, /* DS:8FDC */
	0x20, 0x1F, 0x20, 0x20, 0x20, 0x20, 0x20, 0x20, 0x20, 0x20, 0x20, 0x20, 0x20, 0x20, 0x20, 0x20, /* DS:8FEC */
	0x20, 0x20, 0x20, 0x20, 0x20, 0x20, 0x20, 0x20, 0x20, 0x20, 0x20, 0x1D, 0x20, 0x20, 0x20, 0x20, /* DS:8FFC */
	0x20, 0x20, 0x20, 0x1E, 0x25, 0x21, 0x21, 0x22, 0x23, 0x23, 0x22, 0x23, 0x25, 0x22, 0x23, 0x25, /* DS:900C */
	0x22, 0x25, 0x25, 0x24, 0x24, 0x22, 0x25, 0x24, 0x24, 0x24, 0x22, 0x26, 0x26, 0x26, 0x26, 0x26, /* DS:901C */
	0x26, 0x26, 0x26, 0x26, 0x26, 0x26, 0x26, 0x26, 0x26, 0x26, 0x26, 0x26, 0x26, 0x26, 0x26, 0x26, /* DS:902C */
	0x26, 0x26, 0x26, 0x26, 0x26, 0x26, 0x26, 0x26, 0x26, 0x26, 0x26, 0x26, 0x26, 0x26, 0x2B, 0x27, /* DS:903C */
	0x27, 0x28, 0x29, 0x29, 0x28, 0x29, 0x2B, 0x28, 0x29, 0x2B, 0x28, 0x2B, 0x2B, 0x2A, 0x2A, 0x28, /* DS:904C */
	0x2B, 0x2A, 0x2A, 0x2A, 0x28, 0x2C, 0x2C, 0x2C, 0x2C, 0x2C, 0x2C, 0x2C, 0x2C, 0x2C, 0x2C, 0x2C, /* DS:905C */
	0x2C, 0x2C, 0x2C, 0x2C, 0x2C, 0x2C, 0x2C, 0x2C, 0x2C, 0x2C, 0x2C, 0x2C, 0x2C, 0x2C, 0x2C, 0x2C, /* DS:906C */
	0x2C, 0x2C, 0x2C, 0x2C, 0x2C, 0x2C, 0x2C, 0x2C, 0x2D, 0x2D, 0x2D, 0x2D, 0x2D, 0x2D, 0x2D, 0x2D, /* DS:907C */
	0x2D, 0x2D, 0x2D, 0x2D, 0x2D, 0x2D, 0x2D, 0x2D, 0x2D, 0x2D, 0x2D, 0x2D, 0x2D, 0x2D, 0x2D, 0x2D, /* DS:908C */
	0x2D, 0x2D, 0x2D, 0x2D, 0x2D, 0x2D, 0x2D, 0x2D, 0x2D, 0x2D, 0x2D, 0x2D, 0x2D, 0x2D, 0x2D, 0x2D, /* DS:909C */
	0x2D, 0x2D, 0x2D, 0x2D, 0x2D, 0x2D, 0x2D, 0x2D, 0x2D, 0x2D, 0x2D, 0x2D, 0x2D, 0x2D, 0x2D, 0x2D, /* DS:90AC */
	0x2D, 0x2D, 0x2E, 0x2E, 0x2E, 0x2E, 0x2E, 0x2E, 0x2E, 0x2E, 0x2E, 0x2E, 0x2E, 0x2E, 0x2E, 0x2E, /* DS:90BC */
	0x2E, 0x2E, 0x2E, 0x2E, 0x2E, 0x2E, 0x2E, 0x2E, 0x2E, 0x2E, 0x2E, 0x2E, 0x2E, 0x2E, 0x2E, 0x2E, /* DS:90CC */
	0x2E, 0x2E, 0x2E, 0x2E, 0x2E, 0x2E, 0x2E, 0x2E, 0x2E, 0x2E, 0x2E, 0x2E, 0x2E, 0x2E, 0x2E, 0x2E, /* DS:90DC */
	0x2E, 0x2E, 0x2E, 0x2E, 0x2E, 0x2E, 0x2E, 0x2E, 0x2E, 0x2E, 0x2E, 0x2E, 0x30, 0x2F, 0x2F, 0x2F, /* DS:90EC */
	0x30, 0x30, 0x2F, 0x30, 0x30, 0x2F, 0x30, 0x30, 0x2F, 0x30, 0x30, 0x30, 0x30, 0x2F, 0x30, 0x30, /* DS:90FC */
	0x30, 0x30, 0x2F, 0x32, 0x31, 0x31, 0x30, 0x2F, 0x30, 0x30, 0x30, 0x30, 0x30, 0x33, 0x33, 0x33, /* DS:910C */
	0x33, 0x33, 0x33, 0x33, 0x33, 0x33, 0x33, 0x33, 0x31, 0x31, 0x31, 0x31, 0x31, 0x31, 0x31, 0x31, /* DS:911C */
	0x33, 0x33, 0x33, 0x33, 0x33, 0x30, 0x38, 0x34, 0x34, 0x35, 0x36, 0x36, 0x35, 0x36, 0x38, 0x35, /* DS:912C */
	0x36, 0x38, 0x35, 0x38, 0x38, 0x37, 0x37, 0x35, 0x38, 0x37, 0x37, 0x37, 0x35, 0x3A, 0x3A, 0x3A, /* DS:913C */
	0x3A, 0x3A, 0x3A, 0x37, 0x3A, 0x3A, 0x3A, 0x39, 0x39, 0x39, 0x39, 0x39, 0x39, 0x39, 0x39, 0x39, /* DS:914C */
	0x39, 0x39, 0x3A, 0x3A, 0x3A, 0x3A, 0x3A, 0x3A, 0x3A, 0x3A, 0x39, 0x39, 0x39, 0x39, 0x39, 0x3A, /* DS:915C */
	0x3B, 0x3B, 0x3B, 0x3B, 0x3B, 0x3B, 0x3B, 0x3B, 0x3B, 0x3B, 0x3B, 0x3B, 0x3B, 0x3B, 0x3B, 0x3B, /* DS:916C */
	0x3B, 0x3B, 0x3B, 0x3B, 0x3B, 0x3B, 0x3B, 0x3D, 0x3D, 0x3D, 0x3D, 0x3D, 0x3D, 0x3B, 0x3D, 0x3D, /* DS:917C */
	0x3D, 0x3C, 0x3C, 0x3C, 0x3C, 0x3C, 0x3C, 0x3C, 0x3C, 0x3C, 0x3C, 0x3C, 0x3D, 0x3D, 0x3D, 0x3D, /* DS:918C */
	0x3D, 0x3D, 0x3D, 0x3D, 0x3C, 0x3C, 0x3C, 0x3C, 0x3C, 0x3D, 0x40, 0x40, 0x40, 0x40, 0x40, 0x40, /* DS:919C */
	0x40, 0x40, 0x40, 0x40, 0x40, 0x40, 0x40, 0x40, 0x40, 0x40, 0x40, 0x40, 0x40, 0x40, 0x40, 0x40, /* DS:91AC */
	0x40, 0x41, 0x41, 0x41, 0x41, 0x41, 0x41, 0x40, 0x41, 0x41, 0x41, 0x3F, 0x3F, 0x3F, 0x3F, 0x3F, /* DS:91BC */
	0x3F, 0x3F, 0x3F, 0x3F, 0x3F, 0x3F, 0x41, 0x41, 0x41, 0x41, 0x41, 0x41, 0x41, 0x41, 0x3F, 0x3F, /* DS:91CC */
	0x3F, 0x3F, 0x3F, 0x3E, 0x44, 0x44, 0x44, 0x44, 0x44, 0x44, 0x44, 0x44, 0x44, 0x44, 0x44, 0x44, /* DS:91DC */
	0x44, 0x44, 0x44, 0x44, 0x44, 0x44, 0x44, 0x44, 0x44, 0x44, 0x44, 0x45, 0x45, 0x45, 0x45, 0x45, /* DS:91EC */
	0x45, 0x44, 0x45, 0x45, 0x45, 0x43, 0x43, 0x43, 0x43, 0x43, 0x43, 0x43, 0x43, 0x43, 0x43, 0x43, /* DS:91FC */
	0x45, 0x45, 0x45, 0x45, 0x45, 0x45, 0x45, 0x45, 0x43, 0x43, 0x43, 0x43, 0x43, 0x42, 0x4B, 0x47, /* DS:920C */
	0x47, 0x48, 0x49, 0x49, 0x48, 0x49, 0x4B, 0x48, 0x49, 0x4B, 0x48, 0x4B, 0x4B, 0x4A, 0x4A, 0x48, /* DS:921C */
	0x4B, 0x4A, 0x4A, 0x4A, 0x48, 0x4C, 0x4C, 0x4C, 0x4C, 0x4C, 0x4C, 0x4A, 0x4C, 0x4C, 0x4C, 0x46, /* DS:922C */
	0x46, 0x46, 0x46, 0x46, 0x46, 0x46, 0x46, 0x46, 0x46, 0x46, 0x4C, 0x4C, 0x4C, 0x4C, 0x4C, 0x4C, /* DS:923C */
	0x4C, 0x4C, 0x46, 0x46, 0x46, 0x46, 0x46, 0x4C, 0x4E, 0x4E, 0x4E, 0x4E, 0x4E, 0x4E, 0x4E, 0x4E, /* DS:924C */
	0x4E, 0x4E, 0x4E, 0x4E, 0x4E, 0x4E, 0x4E, 0x4E, 0x4E, 0x4E, 0x4E, 0x4E, 0x4E, 0x4E, 0x4E, 0x4F, /* DS:925C */
	0x4F, 0x4F, 0x4F, 0x4F, 0x4F, 0x4E, 0x4F, 0x4F, 0x4F, 0x4D, 0x4D, 0x4D, 0x4D, 0x4D, 0x4D, 0x4D, /* DS:926C */
	0x4D, 0x4D, 0x4D, 0x4D, 0x4F, 0x4F, 0x4F, 0x4F, 0x4F, 0x4F, 0x4F, 0x4F, 0x4D, 0x4D, 0x4D, 0x4D, /* DS:927C */
	0x4D, 0x4F, 0x51, 0x51, 0x51, 0x51, 0x51, 0x51, 0x51, 0x51, 0x51, 0x51, 0x51, 0x51, 0x51, 0x51, /* DS:928C */
	0x51, 0x51, 0x51, 0x51, 0x51, 0x51, 0x51, 0x51, 0x51, 0x51, 0x51, 0x51, 0x51, 0x51, 0x51, 0x51, /* DS:929C */
	0x51, 0x51, 0x51, 0x50, 0x50, 0x50, 0x50, 0x50, 0x50, 0x50, 0x50, 0x50, 0x50, 0x50, 0x51, 0x51, /* DS:92AC */
	0x51, 0x51, 0x51, 0x51, 0x51, 0x51, 0x50, 0x50, 0x50, 0x50, 0x50, 0x51, 0x53, 0x53, 0x53, 0x53, /* DS:92BC */
	0x53, 0x53, 0x53, 0x53, 0x53, 0x53, 0x53, 0x53, 0x53, 0x53, 0x53, 0x53, 0x53, 0x53, 0x53, 0x53, /* DS:92CC */
	0x53, 0x53, 0x53, 0x53, 0x53, 0x53, 0x53, 0x53, 0x53, 0x53, 0x53, 0x53, 0x53, 0x52, 0x52, 0x52, /* DS:92DC */
	0x52, 0x52, 0x52, 0x52, 0x52, 0x52, 0x52, 0x52, 0x53, 0x53, 0x53, 0x53, 0x53, 0x53, 0x53, 0x53, /* DS:92EC */
	0x52, 0x52, 0x52, 0x52, 0x52, 0x53, 0x54, 0x54, 0x54, 0x54, 0x54, 0x54, 0x54, 0x54, 0x54, 0x54, /* DS:92FC */
	0x54, 0x54, 0x54, 0x54, 0x54, 0x54, 0x54, 0x54, 0x54, 0x54, 0x54, 0x54, 0x54, 0x54, 0x54, 0x54, /* DS:930C */
	0x54, 0x54, 0x54, 0x54, 0x54, 0x54, 0x54, 0x54, 0x54, 0x54, 0x54, 0x54, 0x54, 0x54, 0x54, 0x54, /* DS:931C */
	0x54, 0x54, 0x54, 0x54, 0x54, 0x54, 0x54, 0x54, 0x54, 0x54, 0x54, 0x54, 0x54, 0x54, 0x54, 0x54, /* DS:932C */
	0x56, 0x56, 0x56, 0x56, 0x56, 0x56, 0x56, 0x56, 0x56, 0x56, 0x56, 0x56, 0x56, 0x56, 0x56, 0x56, /* DS:933C */
	0x56, 0x56, 0x56, 0x56, 0x56, 0x56, 0x56, 0x56, 0x56, 0x56, 0x56, 0x56, 0x56, 0x56, 0x56, 0x56, /* DS:934C */
	0x56, 0x55, 0x55, 0x55, 0x55, 0x55, 0x55, 0x55, 0x55, 0x55, 0x55, 0x55, 0x56, 0x56, 0x56, 0x56, /* DS:935C */
	0x56, 0x56, 0x56, 0x56, 0x55, 0x55, 0x55, 0x55, 0x55, 0x57, 0x06, 0x8E, 0x06, 0x8E, 0x06, 0x8E, /* DS:936C */
	0x06, 0x8E, 0x06, 0x8E, 0x06, 0x8E, 0x06, 0x8E, 0x06, 0x8E, 0x06, 0x8E, 0x06, 0x8E, 0x06, 0x8E, /* DS:937C */
	0x06, 0x8E, 0x06, 0x8E, 0x06, 0x8E, 0x06, 0x8E, 0x06, 0x8E, 0x06, 0x8E, 0x06, 0x8E, 0x06, 0x8E, /* DS:938C */
	0x06, 0x8E, 0x06, 0x8E, 0x06, 0x8E, 0x06, 0x8E, 0x7A, 0x8E, 0x7A, 0x8E, 0x7A, 0x8E, 0x7A, 0x8E, /* DS:939C */
	0x7A, 0x8E, 0x40, 0x8E, 0x06, 0x8E, 0x8E, 0x92, 0xC8, 0x92, 0x8E, 0x92, 0x62, 0x8F, 0x28, 0x8F, /* DS:93AC */
	0xD6, 0x8F, 0x9C, 0x8F, 0x02, 0x93, 0xBE, 0x90, 0x84, 0x90, 0x4A, 0x90, 0x10, 0x90, 0x02, 0x93, /* DS:93BC */
	0xBE, 0x90, 0xF8, 0x90, 0xF8, 0x90, 0xA6, 0x91, 0xE0, 0x91, 0x6C, 0x91, 0x32, 0x91, 0x54, 0x92, /* DS:93CC */
	0x1A, 0x92, 0xB4, 0x8E, 0xB4, 0x8E, 0xEE, 0x8E, 0xEE, 0x8E, 0xB4, 0x8E, 0x3C, 0x93, 0x39, 0xFF, /* DS:93DC */
	0xFF, 0xFF, 0xFF, 0xFF, 0xFF, 0xFF, 0xFF, 0xFF, 0xFF, 0xFF, 0xFF, 0xFF, 0xFF, 0xFF, 0xFF, 0xFF, /* DS:93EC */
	0xFF, 0x12, 0x00, 0xFF, 0xFF, 0xFF, 0xFF, 0xFF, 0xFF, 0xFF, 0xFF, 0xFF, 0xFF, 0xFF, 0x13, 0x01, /* DS:93FC */
	0x21, 0x27, 0x23, 0x02, 0x2D, 0x28, 0x20, 0x03, 0x26, 0x29, 0x19, 0x34, 0x36, 0x04, 0x22, 0x2A, /* DS:940C */
	0x1C, 0x31, 0x24, 0x05, 0x2C, 0x1A, 0x2F, 0x1B, 0x30, 0xFF, 0xFF, 0xFF, 0xFF, 0xFF, 0xFF, 0x06, /* DS:941C */
	0x07, 0x08, 0x1E, 0x09, 0x0A, 0x0B, 0x1F, 0x0C, 0x17, 0x0D, 0x18, 0x35, 0x37, 0x14, 0x1D, 0x2B, /* DS:942C */
	0x0E, 0x33, 0x25, 0x0F, 0x15, 0x10, 0x2E, 0x11, 0x32, 0xFF, 0x16, 0xFF, 0x38, 0x00, 0xCA, 0x93, /* DS:943C */
	0x45, 0x75, 0x44, 0xAC, 0x7C, 0x46, 0xB5, 0x5D, 0x4A, 0x8D, 0xB9, 0x67, 0x5F, 0x6F, 0x94, 0x64, /* DS:944C */
	0x8B, 0x68, 0x6E, 0x85, 0xAA, 0x95, 0x5F, 0x70, 0x65, 0x55, 0x4B, 0x3C, 0x5A, 0x6B, 0x70, 0x52, /* DS:945C */
	0x70, 0x32, 0x4B, 0x32, 0x4B, 0x32, 0x4B, 0x64, 0x3E, 0x57, 0x64, 0x32, 0x3E, 0x64, 0x4B, 0x64, /* DS:946C */
	0x4B, 0x64, 0x64, 0x7D, 0x82, 0x82, 0x70, 0x70, 0x82, 0x64, 0xCE, 0xB4, 0xD7, 0x50, 0x5C, 0xBE, /* DS:947C */
	0x90, 0x72, 0x3C, 0x90, 0x79, 0x11, 0xB2, 0xB9, 0x34, 0x41, 0x2C, 0x16, 0x53, 0x6A, 0x4B, 0x5B, /* DS:948C */
	0x90, 0x25, 0x25, 0x44, 0x10, 0xC4, 0x3A, 0x7D, 0x76, 0x0C, 0x76, 0x32, 0x32, 0xA2, 0xA2, 0x89, /* DS:949C */
	0xA9, 0x8F, 0xBC, 0xAF, 0x70, 0x89, 0x4E, 0x4E, 0x96, 0x96, 0x7D, 0x89, 0x8F, 0x8F, 0x44, 0x44, /* DS:94AC */
	0xA2, 0x47, 0xAF, 0x70, 0xA5, 0x9E, 0xB4, 0xA8, 0x90, 0x94, 0x93, 0x84, 0x83, 0x9A, 0x92, 0xA5, /* DS:94BC */
	0x9B, 0x99, 0x9D, 0x8A, 0xA3, 0xA7, 0x5B, 0x93, 0xA5, 0x94, 0x8F, 0xB2, 0xB2, 0xBB, 0x92, 0xBC, /* DS:94CC */
	0x51, 0x9C, 0x99, 0x83, 0x99, 0x83, 0x83, 0xA8, 0xA8, 0xA8, 0xAF, 0x96, 0x8A, 0x83, 0x96, 0xA8, /* DS:94DC */
	0x83, 0x83, 0xA2, 0xA2, 0x9C, 0xA8, 0x96, 0x96, 0x83, 0x83, 0x8F, 0x9C, 0x8C, 0x96, 0xDA, 0xE0, /* DS:94EC */
	0xDD, 0xE2, 0xCA, 0xD0, 0xE6, 0xCE, 0xC6, 0xE6, 0xE3, 0xD0, 0xDB, 0xDD, 0xD3, 0xC5, 0xD3, 0xCC, /* DS:94FC */
	0xD3, 0xD8, 0xE0, 0xDA, 0xDC, 0xF3, 0xF3, 0xF3, 0xDA, 0xE1, 0xE1, 0xE1, 0xE1, 0xDA, 0xE1, 0xE1, /* DS:950C */
	0xE1, 0xE1, 0xE1, 0xE1, 0xC8, 0xC8, 0xE1, 0xE1, 0xE1, 0xE1, 0xE1, 0xE1, 0xE1, 0xE1, 0xE1, 0xE1, /* DS:951C */
	0xC8, 0xC8, 0x96, 0x96, 0xC8, 0xD2, 0xE1, 0xE1, 0x19, 0x1D, 0x19, 0x57, 0x1B, 0x19, 0x58, 0x14, /* DS:952C */
	0x14, 0x30, 0x64, 0x28, 0x17, 0x1E, 0x38, 0x1D, 0x2B, 0x28, 0x1D, 0x18, 0x37, 0x26, 0x1C, 0x20, /* DS:953C */
	0x20, 0x23, 0x28, 0x14, 0x1E, 0x3A, 0x64, 0x64, 0x96, 0x64, 0x64, 0x64, 0x64, 0x64, 0x64, 0x64, /* DS:954C */
	0x20, 0x20, 0x46, 0x64, 0x28, 0x64, 0x50, 0x1E, 0x96, 0x64, 0x96, 0x64, 0x50, 0x50, 0x32, 0x32, /* DS:955C */
	0x50, 0x46, 0x38, 0x33, 0x3A, 0x2B, 0x27, 0x35, 0x59, 0x1E, 0x34, 0x49, 0x36, 0x37, 0x32, 0x35, /* DS:956C */
	0x29, 0x21, 0x2C, 0x37, 0x2B, 0x23, 0x2F, 0x31, 0x2B, 0x1E, 0x1E, 0x1E, 0x1E, 0x7D, 0x23, 0x1E, /* DS:957C */
	0x3C, 0x3C, 0x50, 0x3C, 0x3C, 0x46, 0x46, 0x46, 0x37, 0x37, 0x35, 0x35, 0x2D, 0x46, 0x64, 0x3C, /* DS:958C */
	0x3E, 0x3E, 0x46, 0x46, 0x37, 0x37, 0x4B, 0x4B, 0x96, 0x96, 0x4B, 0x2D, 0x8E, 0x74, 0x77, 0x46, /* DS:959C */
	0x3B, 0x8D, 0x89, 0x37, 0x37, 0x7A, 0x52, 0x51, 0x5C, 0xB1, 0x42, 0x3A, 0x44, 0x46, 0x2F, 0x40, /* DS:95AC */
	0x45, 0x54, 0x3C, 0x28, 0x28, 0x1E, 0x1E, 0xC8, 0x23, 0x3C, 0x64, 0x64, 0x96, 0x46, 0x46, 0x6E, /* DS:95BC */
	0x6E, 0x6E, 0x87, 0x87, 0x49, 0x49, 0x37, 0x6E, 0x64, 0x46, 0x64, 0x64, 0x6E, 0x6E, 0x87, 0x87, /* DS:95CC */
	0x46, 0x46, 0x32, 0x32, 0x49, 0x37, 0x3C, 0x3C, 0x3C, 0x3C, 0x3C, 0x3C, 0x3C, 0x3C, 0x3C, 0x3C, /* DS:95DC */
	0x3C, 0x3C, 0x3C, 0x3C, 0x3C, 0x3C, 0x3C, 0x3C, 0x3C, 0x3C, 0x3C, 0x3C, 0x3C, 0x39, 0x39, 0x39, /* DS:95EC */
	0x39, 0x39, 0x39, 0x3C, 0x30, 0x39, 0x00, 0x32, 0x00, 0x32, 0x00, 0x1E, 0x32, 0x00, 0x32, 0x00, /* DS:95FC */
	0x3C, 0x32, 0x37, 0x00, 0x37, 0x00, 0x34, 0x00, 0x2F, 0x00, 0x37, 0x37, 0x37, 0x3A, 0x37, 0x00, /* DS:960C */
	0x40, 0x33, 0x10, 0x40, 0xB0, 0x59, 0x28, 0xD3, 0xC0, 0xCC, 0x10, 0x40, 0x90, 0xD9, 0xC0, 0xCC, /* DS:961C */
	0xC0, 0xCC, 0x00, 0x00, 0xC0, 0xCC, 0x90, 0xD9, 0xD0, 0x0C, 0xA0, 0x19, 0x90, 0xD9, 0xC0, 0xCC, /* DS:962C */
	0x60, 0xE6, 0x90, 0xD9, 0xC0, 0xCC, 0x30, 0xF3, 0xC0, 0xCC, 0x00, 0x00, 0x00, 0x00, 0x50, 0xA6, /* DS:963C */
	0x50, 0xA6, 0x50, 0xA6, 0x50, 0xA6, 0x10, 0x40, 0xC0, 0xCC, 0x00, 0x00, 0x00, 0x00, 0xC0, 0xCC, /* DS:964C */
	0x00, 0x00, 0x00, 0x00, 0x00, 0x00, 0x00, 0x00, 0x00, 0x00, 0x00, 0x00, 0xB0, 0x59, 0xB0, 0x59, /* DS:965C */
	0x90, 0xD9, 0x90, 0xD9, 0x00, 0x00, 0x00, 0x00, 0x00, 0x00, 0x00, 0x00, 0x00, 0x00, 0x00, 0x00, /* DS:966C */
	0x00, 0x00, 0x00, 0x00, 0xB0, 0x59, 0xB0, 0x59, 0x00, 0x00, 0x00, 0x00, 0x00, 0x00, 0x00, 0x00, /* DS:967C */
	0x90, 0xD9, 0x00, 0x00, 0x62, 0x64, 0x45, 0x82, 0x61, 0x54, 0xAD, 0x53, 0x82, 0x8F, 0x82, 0x7D, /* DS:968C */
	0x76, 0x79, 0x86, 0x6E, 0x9E, 0x6E, 0x6E, 0xC1, 0xD7, 0xA1, 0x28, 0x3C, 0x85, 0x37, 0x57, 0x86, /* DS:969C */
	0x2E, 0x44, 0x8F, 0x66, 0x5A, 0x65, 0x40, 0x9B, 0x66, 0x9E, 0xA9, 0x98, 0x95, 0x86, 0x92, 0x89, /* DS:96AC */
	0x62, 0x98, 0xA2, 0x5E, 0x93, 0x65, 0x63, 0x8A, 0x9F, 0x8E, 0x1A, 0x16, 0x19, 0x1F, 0x1B, 0x10, /* DS:96BC */
	0x2A, 0x15, 0x1A, 0x1E, 0x21, 0x15, 0x19, 0x19, 0x1A, 0x1E, 0x29, 0x18, 0x2D, 0x35, 0x3A, 0x38, /* DS:96CC */
	0x2E, 0x1A, 0x37, 0x39, 0x1F, 0x31, 0x29, 0x1B, 0x2B, 0x23, 0x2D, 0x23, 0x2B, 0x2D, 0x3D, 0x79, /* DS:96DC */
	0x83, 0x57, 0x3E, 0x38, 0x51, 0x3A, 0x29, 0x3D, 0x44, 0x27, 0x3D, 0x2A, 0x29, 0x3A, 0x42, 0x41, /* DS:96EC */
	0x90, 0xD9, 0x40, 0x33, 0x80, 0x66, 0x40, 0x33, 0xC0, 0xCC, 0x60, 0xE6, 0x90, 0xD9, 0xC0, 0xCC, /* DS:96FC */
	0x90, 0xD9, 0x00, 0x00, 0xC0, 0xCC, 0x90, 0xD9, 0x00, 0x00, 0x90, 0xD9, 0x90, 0xD9, 0x60, 0xE6, /* DS:970C */
	0x00, 0x00, 0x40, 0x33, 0xA8, 0x39, 0x78, 0x46, 0xA8, 0x39, 0x28, 0x4E, 0x38, 0x3C, 0x38, 0x3C, /* DS:971C */
	0x18, 0x60, 0x78, 0x46, 0x78, 0x46, 0xB0, 0x59, 0xC8, 0x3E, 0x80, 0x3D, 0x48, 0x53, 0x60, 0x38, /* DS:972C */
	0x88, 0x34, 0x48, 0x53, 0x80, 0x66, 0x08, 0x49, 0x07, 0x1A, 0x14, 0x0B, 0x18, 0x08, 0x19, 0x16, /* DS:973C */
	0x0B, 0x14, 0x0A, 0x08, 0x14, 0x08, 0x09, 0x16, 0x18, 0x0A, 0x00, 0x00, 0x00, 0x00, 0x00, 0x00, /* DS:974C */
	0x00, 0x00, 0x00, 0x00, 0x00, 0x14, 0x14, 0x00, 0x00, 0x37, 0x37, 0x37, 0x3C, 0x3F, 0x3C, 0x44, /* DS:975C */
	0x44, 0x00, 0x00, 0x00, 0x00, 0x00, 0x00, 0x00, 0x39, 0x97, 0x00, 0x36, 0x33, 0x33, 0x00, 0x00, /* DS:976C */
	0x00, 0x00, 0x00, 0x00, 0x00, 0x00, 0x00, 0x00, 0x00, 0x00, 0x00, 0x00, 0x32, 0x00, 0x00, 0x00, /* DS:977C */
	0x00, 0x00, 0x00, 0x00, 0x00, 0x00, 0x00, 0x00, 0x59, 0x97, 0x3C, 0x3C, 0x3C, 0x3C, 0x00, 0x00, /* DS:978C */
	0x00, 0x00, 0x3C, 0x00, 0x00, 0x43, 0x3E, 0x3C, 0x00, 0x00, 0x40, 0x00, 0x00, 0x00, 0x00, 0x00, /* DS:979C */
	0x00, 0x3C, 0x3C, 0x3C, 0x3C, 0x3C, 0x3C, 0x00, 0x79, 0x97, 0x3C, 0x3C, 0x3C, 0x3C, 0x00, 0x00, /* DS:97AC */
	0x34, 0x34, 0x3C, 0x3F, 0x46, 0x37, 0x37, 0x3C, 0x3C, 0x00, 0x00, 0x00, 0x00, 0x00, 0x00, 0x46, /* DS:97BC */
	0x46, 0x3C, 0x3C, 0x3C, 0x3C, 0x3C, 0x3C, 0x00, 0x99, 0x97, 0x3C, 0x3C, 0x3C, 0x3C, 0x00, 0x00, /* DS:97CC */
	0x3C, 0x3C, 0x3C, 0x00, 0x42, 0x19, 0x19, 0x3C, 0x3C, 0x00, 0x00, 0x00, 0x00, 0x44, 0x4B, 0x42, /* DS:97DC */
	0x42, 0x3C, 0x3C, 0x3C, 0x3C, 0x3C, 0x3C, 0x00, 0xB9, 0x97, 0x3C, 0x3C, 0x3C, 0x3C, 0x00, 0x00, /* DS:97EC */
	0x46, 0x46, 0x3C, 0x00, 0x44, 0x2A, 0x2A, 0x3C, 0x3C, 0x00, 0x00, 0x00, 0x00, 0x44, 0x40, 0x44, /* DS:97FC */
	0x44, 0x3C, 0x3C, 0x3C, 0x3C, 0x3C, 0x3C, 0x00, 0xD9, 0x97, 0x3C, 0x3C, 0x3C, 0x3C, 0x00, 0x00, /* DS:980C */
	0x49, 0x49, 0x3C, 0x00, 0x3A, 0x00, 0x00, 0x3C, 0x3C, 0x00, 0x00, 0x3C, 0x3C, 0x44, 0x4E, 0x3A, /* DS:981C */
	0x3A, 0x3C, 0x3C, 0x3C, 0x3C, 0x3C, 0x3C, 0x00, 0xF9, 0x97, 0x00, 0x00, 0x00, 0x00, 0x00, 0x00, /* DS:982C */
	0x00, 0x00, 0x00, 0x00, 0x00, 0x00, 0x00, 0x00, 0x00, 0x40, 0x40, 0x36, 0x36, 0x00, 0x00, 0x00, /* DS:983C */
	0x00, 0x00, 0x00, 0x00, 0x00, 0x00, 0x00, 0x00, 0x19, 0x98, 0x00, 0x06, 0x08, 0x08, 0x0A, 0x0A, /* DS:984C */
	0x0A, 0x08, 0xEA, 0x01, 0xAA, 0x05, 0xC4, 0x09, 0x10, 0x40, 0x18, 0x60, 0x10, 0x40, 0xD8, 0x2C, /* DS:985C */
	0x08, 0x20, 0x10, 0x40, 0x08, 0x20, 0xD8, 0x2C, 0x10, 0x40, 0x18, 0x60, 0x10, 0x40, 0x10, 0x40, /* DS:986C */
	0x48, 0x53, 0x48, 0x53, 0x10, 0x40, 0x10, 0x40, 0xC0, 0x70, 0x90, 0x54, 0x58, 0x41, 0xF8, 0x31, /* DS:987C */
	0x70, 0x26, 0x78, 0x1D, 0x10, 0x17, 0xF0, 0x11, 0xD0, 0x0C, 0x40, 0x0A, 0xB0, 0x07, 0x68, 0x06, /* DS:988C */
	0x20, 0x05, 0xD8, 0x03, 0x90, 0x02, 0x10, 0x02, 0x02, 0x04, 0x02, 0x03, 0x03, 0x03, 0x03, 0x03, /* DS:989C */
	0x03, 0x06, 0x06, 0x06, 0x05, 0x05, 0x05, 0x06, 0x0C, 0x0C, 0x02, 0x02, 0x02, 0x02, 0x40, 0x40, /* DS:98AC */
	0x40, 0x40, 0x40, 0x0E, 0x86, 0x98, 0x00, 0x01, 0x00, 0x03, 0x02, 0x00, 0x01, 0x02, 0x02, 0x01, /* DS:98BC */
	0x03, 0x02, 0x01, 0x01, 0x03, 0x02, 0x02, 0x02, 0x03, 0x03, 0x03, 0x03, 0x01, 0x04, 0x04, 0x04, /* DS:98CC */
	0x04, 0x04, 0x04, 0x05, 0x07, 0x07, 0x07, 0x08, 0x08, 0x08, 0x08, 0x08, 0x08, 0x08, 0x08, 0x08, /* DS:98DC */
	0x08, 0x08, 0x06, 0x06, 0x06, 0x06, 0x06, 0x06, 0x06, 0x06, 0x08, 0x08, 0x08, 0x08, 0x08, 0x09, /* DS:98EC */
	0x00, 0x08, 0x10, 0x18, 0x20, 0x28, 0x30, 0x38, 0x40, 0x41, 0x41, 0x3F, 0x3A, 0x39, 0x39, 0x39, /* DS:98FC */
	0x39, 0x3F, 0x3F, 0x3F, 0x3F, 0x3A, 0x3C, 0x3C, 0x3F, 0x37, 0x37, 0x3C, 0x3C, 0x39, 0x2E, 0x39, /* DS:990C */
	0x39, 0x3C, 0x3F, 0x38, 0x3A, 0x3A, 0x32, 0x41, 0x3F, 0x7F, 0x7F, 0x7F, 0x7F, 0x7F, 0x7F, 0x7F, /* DS:991C */
	0x7F, 0x7F, 0x7F, 0x7F, 0x7F, 0x7F, 0x7F, 0x36, 0x7F, 0x7F, 0x7F, 0x7F, 0x7F, 0x7F, 0x7F, 0x3F, /* DS:992C */
	0x7F, 0x34, 0x3A, 0x34, 0x36, 0x3A, 0x36, 0x3F, 0x3F, 0x39, 0x38, 0x3C, 0x3A, 0x3A, 0x39, 0x3A, /* DS:993C */
	0x3F, 0x28, 0x28, 0x00, 0x1F, 0x00, 0x00, 0x00, 0x00, 0x33, 0x33, 0x33, 0x33, 0x33, 0x33, 0x33, /* DS:994C */
	0x33, 0x00, 0x00, 0x00, 0x00, 0x00, 0x00, 0x00, 0x00, 0x30, 0x00, 0x33, 0x30, 0x33, 0x2D, 0x33, /* DS:995C */
	0x33, 0x33, 0x33, 0x33, 0x33, 0x33, 0x33, 0x33, 0x33, 0x00, 0x00, 0x00, 0x00, 0x00, 0x00, 0x00, /* DS:996C */
	0x00, 0x33, 0x33, 0x33, 0x33, 0x33, 0x33, 0x00, 0x33, 0x00, 0x00, 0x00, 0x00, 0x00, 0x00, 0x00, /* DS:997C */
	0x00, 0x00, 0x00, 0x1F, 0x33, 0x33, 0x00, 0x33, 0x33, 0x7F, 0x7F, 0x3C, 0x7F, 0x41, 0x41, 0x41, /* DS:998C */
	0x41, 0x41, 0x41, 0x41, 0x41, 0x41, 0x41, 0x41, 0x41, 0x3E, 0x3C, 0x3C, 0x41, 0x7F, 0x7F, 0x7F, /* DS:999C */
	0x7F, 0x32, 0x7F, 0x38, 0x00, 0x41, 0x00, 0x00, 0x41, 0x7F, 0x7F, 0x7F, 0x7F, 0x7F, 0x7F, 0x7F, /* DS:99AC */
	0x7F, 0x7F, 0x7F, 0x7F, 0x7F, 0x7F, 0x7F, 0x00, 0x7F, 0x7F, 0x7F, 0x7F, 0x7F, 0x7F, 0x7F, 0x46, /* DS:99BC */
	0x7F, 0x00, 0x00, 0x00, 0x00, 0x41, 0x7F, 0x41, 0x41, 0x00, 0x00, 0x00, 0x00, 0x37, 0x2D, 0x37, /* DS:99CC */
	0x37, 0x37, 0x7F, 0x35, 0x37, 0x7F, 0x7F, 0x00, 0x7F, 0x7F, 0x7F, 0x7F, 0x7F, 0x7F, 0x7F, 0x7F, /* DS:99DC */
	0x7F, 0x00, 0x2D, 0x32, 0x32, 0x7F, 0x29, 0x7F, 0x7F, 0x00, 0x00, 0x00, 0x00, 0x7F, 0x7F, 0x7F, /* DS:99EC */
	0x7F, 0x7F, 0x7F, 0x7F, 0x7F, 0x7F, 0x7F, 0x7F, 0x7F, 0x7F, 0x7F, 0x7F, 0x7F, 0x7F, 0x7F, 0x00, /* DS:99FC */
	0x7F, 0x7F, 0x7F, 0x7F, 0x7F, 0x7F, 0x7F, 0x7F, 0x7F, 0x00, 0x00, 0x00, 0x00, 0x7F, 0x00, 0x00, /* DS:9A0C */
	0x7F, 0x7F, 0x7F, 0x7F, 0x7F, 0x7F, 0x7F, 0x7F, 0x7F, 0x01, 0x01, 0x01, 0x01, 0x01, 0x01, 0x01, /* DS:9A1C */
	0x01, 0x01, 0x01, 0x01, 0x01, 0x01, 0x01, 0x03, 0x01, 0x01, 0x01, 0x01, 0x01, 0x01, 0x01, 0x01, /* DS:9A2C */
	0x01, 0x02, 0x02, 0x02, 0x02, 0x02, 0x02, 0x02, 0x02, 0x7F, 0x7F, 0x7F, 0x7F, 0x7F, 0x7F, 0x7F, /* DS:9A3C */
	0x7F, 0x01, 0x01, 0x01, 0x01, 0x01, 0x01, 0x01, 0x01, 0x01, 0x01, 0x01, 0x01, 0x01, 0x01, 0x01, /* DS:9A4C */
	0x01, 0x02, 0x02, 0x02, 0x02, 0x02, 0x01, 0x01, 0x01, 0x02, 0x02, 0x02, 0x02, 0x02, 0x02, 0x02, /* DS:9A5C */
	0x02, 0x7F, 0x7F, 0x7F, 0x7F, 0x7F, 0x7F, 0x7F, 0x7F, 0x07, 0x05, 0x05, 0x06, 0x05, 0x07, 0x7F, /* DS:9A6C */
	0x05, 0x7F, 0x7F, 0x7F, 0x7F, 0x7F, 0x7F, 0x7F, 0x7F, 0x01, 0x03, 0x04, 0x06, 0x05, 0x07, 0x7F, /* DS:9A7C */
	0x05, 0x7F, 0x7F, 0x7F, 0x7F, 0x7F, 0x7F, 0x7F, 0x7F, 0x7F, 0x7F, 0x7F, 0x7F, 0x7F, 0x7F, 0x7F, /* DS:9A8C */
	0x7F, 0x7F, 0x7F, 0x7F, 0x7F, 0x7F, 0x7F, 0x7F, 0x7F, 0x7F, 0x7F, 0x7F, 0x7F, 0x7F, 0x7F, 0x7F, /* DS:9A9C */
	0x7F, 0x07, 0x05, 0x07, 0x05, 0x05, 0x07, 0x7F, 0x05, 0x00, 0x00, 0xFF, 0x00, 0xFF, 0x40, 0x00, /* DS:9AAC */
	0xFF, 0x72, 0x1C, 0x00, 0xFF, 0x90, 0x40, 0x10, 0x00, 0xFF, 0xA4, 0x5C, 0x29, 0x0A, 0x00, 0xFF, /* DS:9ABC */
	0xB2, 0x72, 0x40, 0x1C, 0x07, 0x00, 0xFF, 0xBC, 0x83, 0x54, 0x2F, 0x15, 0x05, 0x00, 0xFF, 0xC4, /* DS:9ACC */
	0x90, 0x64, 0x40, 0x24, 0x10, 0x04, 0x00, 0xFF, 0xCA, 0x9B, 0x72, 0x4F, 0x33, 0x1C, 0x0D, 0x03, /* DS:9ADC */
	0x00, 0xFF, 0xCF, 0xA4, 0x7D, 0x5C, 0x40, 0x29, 0x17, 0x0A, 0x03, 0x00, 0xFF, 0xD4, 0xAB, 0x87, /* DS:9AEC */
	0x68, 0x4C, 0x35, 0x22, 0x13, 0x08, 0x02, 0x00, 0xFF, 0xD7, 0xB2, 0x90, 0x72, 0x57, 0x40, 0x2C, /* DS:9AFC */
	0x1C, 0x10, 0x07, 0x02, 0x00, 0xFF, 0xDA, 0xB7, 0x97, 0x7B, 0x61, 0x4A, 0x37, 0x26, 0x18, 0x0E, /* DS:9B0C */
	0x06, 0x02, 0x00, 0xFF, 0xDD, 0xBC, 0x9E, 0x83, 0x6A, 0x54, 0x40, 0x2F, 0x21, 0x15, 0x0C, 0x05, /* DS:9B1C */
	0x01, 0x00, 0xFF, 0xDF, 0xC0, 0xA4, 0x8A, 0x72, 0x5C, 0x49, 0x38, 0x29, 0x1C, 0x12, 0x0A, 0x05, /* DS:9B2C */
	0x01, 0x00, 0xFF, 0xE1, 0xC4, 0xA9, 0x90, 0x79, 0x64, 0x51, 0x40, 0x31, 0x24, 0x19, 0x10, 0x09, /* DS:9B3C */
	0x04, 0x01, 0x00, 0xFF, 0xE3, 0xC7, 0xAE, 0x96, 0x80, 0x6B, 0x59, 0x48, 0x39, 0x2B, 0x20, 0x16, /* DS:9B4C */
	0x0E, 0x08, 0x04, 0x01, 0x00, 0xFF, 0xE4, 0xCA, 0xB2, 0x9B, 0x86, 0x72, 0x60, 0x4F, 0x40, 0x33, /* DS:9B5C */
	0x27, 0x1C, 0x14, 0x0D, 0x07, 0x03, 0x01, 0x00, 0xFF, 0xE6, 0xCD, 0xB6, 0xA0, 0x8B, 0x78, 0x66, /* DS:9B6C */
	0x56, 0x47, 0x39, 0x2D, 0x23, 0x1A, 0x12, 0x0B, 0x06, 0x03, 0x01, 0x00, 0xFF, 0xE7, 0xCF, 0xB9, /* DS:9B7C */
	0xA4, 0x90, 0x7D, 0x6C, 0x5C, 0x4D, 0x40, 0x34, 0x29, 0x1F, 0x17, 0x10, 0x0A, 0x06, 0x03, 0x01, /* DS:9B8C */
	0x00, 0x00, 0xB5, 0x9A, 0xB7, 0x9A, 0xB9, 0x9A, 0xBC, 0x9A, 0xC0, 0x9A, 0xC5, 0x9A, 0xCB, 0x9A, /* DS:9B9C */
	0xD2, 0x9A, 0xDA, 0x9A, 0xE3, 0x9A, 0xED, 0x9A, 0xF8, 0x9A, 0x04, 0x9B, 0x11, 0x9B, 0x1F, 0x9B, /* DS:9BAC */
	0x2E, 0x9B, 0x3E, 0x9B, 0x4F, 0x9B, 0x61, 0x9B, 0x74, 0x9B, 0x88, 0x9B, 0x01, 0x00, 0x02, 0x00, /* DS:9BBC */
	0x04, 0x00, 0x08, 0x00, 0x10, 0x00, 0x20, 0x00, 0x40, 0x00, 0x80, 0x00, 0x00, 0x01, 0x00, 0x02, /* DS:9BCC */
	0x00, 0x04, 0x00, 0x08, 0x00, 0x10, 0x00, 0x20, 0x00, 0x40, 0x00, 0x80, /* DS:9BDC */
};
PROSE_DS_ASSERT(prose_ds_raw_626c, sizeof prose_ds_raw_626c == 14716);
