/* Generated by tools/rom_extract.py --v1 from the Prose 2000 v1.1 ROM dumps; do not edit.
 * Sources (SHA-1):
 *   2d4eb96360adac54d4f0110595bfaf682280c1ca  v1.1__6__speech__plus__=c=1983.am2764.6.u24
 *   55ed59ad1cad154804dbeeebed98f062783c33c3  v1.1__7__speech__plus__=c=1983.am2764.7.u47
 *   0b73561b52b388b740fabf07ada2d70a52f22037  v1.1__8__speech__plus__=c=1983.am2764.8.u25
 *   7655fc55b577821e0bd8bf81fb74b8a20b1df098  v1.1__9__speech__plus__=c=1983.am2764.9.u48
 *   8e33c69dfc413aea95f166b08902ad97b1e3e980  v1.1__10__speech__plus__=c=1983.am2764.10.u26
 *   769f2f8696c7b6907706466aa9ab7a897ed9f889  v1.1__11__speech__plus__=c=1983.am2764.11.u49
 *   d296b1d347c03e6123c38c208ead25b1f43b9859  v1.1__12__speech__plus__=c=1983.am2764.12.u27
 *   93230c2fede5095f56e10d20ea36a5a45a1e7356  v1.1__13__speech__plus__=c=1983.am2764.13.u50
 *   5dfae2c5079d89f791c9d7166f9504231a464203  v1.1__14__speech__plus__=c=1983.am2764.14.u28
 *   72130fe45c3fd3de7cf794936dc68ed2d4193daf  v1.1__15__speech__plus__=c=1983.am2764.15.u51
 */
#include "prose_v1_data.h"

/* v1.1 data segment F766, DS:0000-899F (linear F7660-FFFFF): all v1.1 tables (data to DS:8712), then the FF padding and the reset jump (DS:8990), which lexicon scans can read (REFERENCE 16) */
const uint8_t prose_v1_ds_data[0x89A0] = {
	0x43, 0x43, 0x6F, 0x6F, 0x70, 0x70, 0x79, 0x79, 0x72, 0x72, 0x69, 0x69, 0x67, 0x67, 0x68, 0x68, /* F7660 */
	0x74, 0x74, 0x20, 0x20, 0x31, 0x31, 0x39, 0x39, 0x38, 0x38, 0x32, 0x32, 0x20, 0x20, 0x54, 0x54, /* F7670 */
	0x53, 0x53, 0x49, 0x49, 0x3E, 0xA2, 0xA6, 0x8C, 0xDC, 0x96, 0xC2, 0x95, 0xEA, 0xA3, 0x58, 0xA5, /* F7680 */
	0x01, 0x00, 0x02, 0x00, 0x04, 0x00, 0x08, 0x00, 0x10, 0x00, 0x20, 0x00, 0x40, 0x00, 0x80, 0x00, /* F7690 */
	0x01, 0x01, 0x02, 0x01, 0x04, 0x01, 0x08, 0x01, 0x10, 0x01, 0x20, 0x01, 0x40, 0x01, 0x80, 0x01, /* F76A0 */
	0x01, 0x02, 0x02, 0x02, 0x04, 0x02, 0x08, 0x02, 0x10, 0x02, 0x20, 0x02, 0x40, 0x02, 0x80, 0x02, /* F76B0 */
	0x01, 0x03, 0x02, 0x03, 0x04, 0x03, 0x08, 0x03, 0x10, 0x03, 0x20, 0x03, 0x40, 0x03, 0x80, 0x03, /* F76C0 */
	0x01, 0x04, 0x02, 0x04, 0x04, 0x04, 0x08, 0x04, 0x10, 0x04, 0x20, 0x04, 0x40, 0x04, 0x80, 0x04, /* F76D0 */
	0x01, 0x05, 0x02, 0x05, 0x04, 0x05, 0x08, 0x05, 0x10, 0x05, 0x20, 0x05, 0x40, 0x05, 0x80, 0x05, /* F76E0 */
	0x00, 0x00, 0x00, 0x00, 0x00, 0x00, 0x00, 0x00, 0x00, 0x00, 0x00, 0x00, 0x00, 0x00, 0x00, 0x00, /* F76F0 */
	0x00, 0x00, 0x00, 0x00, 0x00, 0x00, 0x00, 0x00, 0x00, 0x00, 0x00, 0x00, 0x00, 0x00, 0x00, 0x00, /* F7700 */
	0x80, 0x00, 0x00, 0x00, 0x00, 0x08, 0x08, 0x00, 0x00, 0x00, 0x00, 0x00, 0x00, 0x00, 0x00, 0x00, /* F7710 */
	0x00, 0x00, 0x00, 0x87, 0x87, 0x00, 0x00, 0x00, 0x00, 0x00, 0x00, 0x00, 0x00, 0x00, 0x00, 0x00, /* F7720 */
	0x87, 0x87, 0xA4, 0xA0, 0xA4, 0x87, 0xC0, 0xA4, 0x82, 0x87, 0xA4, 0xA0, 0x86, 0x96, 0x96, 0x87, /* F7730 */
	0xA0, 0x84, 0x86, 0xC0, 0xA0, 0x87, 0xC4, 0x86, 0xC0, 0x86, 0xC4, 0x08, 0x00, 0x00, 0x00, 0x00, /* F7740 */
	0x00, 0x87, 0x87, 0x87, 0x86, 0x87, 0x87, 0x87, 0x86, 0x87, 0x86, 0x87, 0x87, 0x97, 0x97, 0x87, /* F7750 */
	0x86, 0xA4, 0x87, 0xC0, 0x84, 0x87, 0x87, 0x87, 0xC4, 0x87, 0xC4, 0x00, 0x87, 0x00, 0x96, 0x00, /* F7760 */
	0x00, 0x00, 0x00, 0x00, 0x00, 0x00, 0x00, 0x00, 0x00, 0x00, 0x00, 0x00, 0x00, 0x00, 0x00, 0x00, /* F7770 */
	0x00, 0x00, 0x00, 0x00, 0x00, 0x00, 0x00, 0x00, 0x00, 0x00, 0x00, 0x00, 0x00, 0x00, 0x00, 0x00, /* F7780 */
	0x00, 0x00, 0x06, 0x00, 0x00, 0x00, 0x00, 0x00, 0x00, 0xC0, 0x00, 0x00, 0xC1, 0x00, 0xC1, 0x00, /* F7790 */
	0x00, 0x06, 0x02, 0x00, 0x00, 0x00, 0x00, 0x00, 0x00, 0x00, 0x00, 0x00, 0x00, 0x00, 0x00, 0xC1, /* F77A0 */
	0x10, 0x00, 0x20, 0x28, 0x20, 0x00, 0x20, 0x20, 0x20, 0x00, 0x28, 0x20, 0x20, 0x20, 0x20, 0x00, /* F77B0 */
	0x20, 0x20, 0x20, 0x20, 0x20, 0x00, 0x20, 0x20, 0x20, 0x00, 0x20, 0x00, 0x00, 0xC1, 0x00, 0x00, /* F77C0 */
	0x00, 0x00, 0x00, 0x00, 0x20, 0x00, 0x00, 0x00, 0x20, 0x00, 0x20, 0x00, 0x00, 0x00, 0x00, 0x00, /* F77D0 */
	0x10, 0x20, 0x00, 0x20, 0x20, 0x00, 0x00, 0x00, 0x20, 0x00, 0x20, 0x00, 0x10, 0x00, 0x20, 0x00, /* F77E0 */
	0x00, 0x00, 0x00, 0x00, 0x00, 0x00, 0x00, 0x00, 0x00, 0x00, 0x00, 0x00, 0x00, 0x00, 0x00, 0x00, /* F77F0 */
	0x00, 0x00, 0x00, 0x00, 0x00, 0x00, 0x00, 0x00, 0x00, 0x00, 0x00, 0x00, 0x00, 0x00, 0x00, 0x00, /* F7800 */
	0x00, 0x00, 0x00, 0x00, 0x00, 0x00, 0x00, 0x00, 0x00, 0x00, 0x00, 0x00, 0x00, 0x00, 0x00, 0x00, /* F7810 */
	0x00, 0x00, 0x00, 0x0A, 0x22, 0x00, 0x00, 0x00, 0x00, 0x00, 0x00, 0x00, 0x00, 0x00, 0x00, 0x00, /* F7820 */
	0x02, 0x22, 0x11, 0x01, 0x05, 0x22, 0x10, 0x81, 0x00, 0x02, 0x01, 0x81, 0x40, 0x11, 0x05, 0x02, /* F7830 */
	0x11, 0x01, 0x08, 0x04, 0x05, 0x22, 0x10, 0x10, 0x00, 0x00, 0x04, 0x00, 0x00, 0x00, 0x00, 0x00, /* F7840 */
	0x00, 0x22, 0x02, 0x02, 0x00, 0x22, 0x02, 0x02, 0x10, 0x22, 0x40, 0x22, 0x40, 0x11, 0x05, 0x02, /* F7850 */
	0x02, 0x05, 0x02, 0x00, 0x05, 0x02, 0x02, 0x02, 0x00, 0x02, 0x00, 0x00, 0x22, 0x00, 0x81, 0x00, /* F7860 */
	0x00, 0x00, 0x00, 0x00, 0x00, 0x00, 0x00, 0x00, 0x00, 0x00, 0x00, 0x00, 0x00, 0x00, 0x00, 0x00, /* F7870 */
	0x00, 0x00, 0x00, 0x00, 0x00, 0x00, 0x00, 0x00, 0x00, 0x00, 0x00, 0x00, 0x00, 0x00, 0x00, 0x00, /* F7880 */
	0x02, 0x00, 0x00, 0x00, 0x00, 0x00, 0x00, 0x00, 0x00, 0x00, 0x00, 0x00, 0x00, 0x00, 0x00, 0x00, /* F7890 */
	0x00, 0x00, 0x00, 0x00, 0x10, 0x00, 0x00, 0x00, 0x00, 0x00, 0x00, 0x00, 0x00, 0x00, 0x00, 0x00, /* F78A0 */
	0x80, 0x50, 0x00, 0x04, 0x00, 0x58, 0x00, 0x00, 0x02, 0x50, 0x04, 0x00, 0x01, 0x00, 0x00, 0x30, /* F78B0 */
	0x00, 0x02, 0x01, 0x00, 0x00, 0x38, 0x00, 0x21, 0x00, 0x0D, 0x00, 0x00, 0x00, 0x00, 0x00, 0x00, /* F78C0 */
	0x00, 0x90, 0x30, 0x30, 0x02, 0x90, 0x10, 0x30, 0x21, 0x90, 0x01, 0x10, 0x01, 0x00, 0x00, 0x00, /* F78D0 */
	0x80, 0x00, 0x10, 0x04, 0x00, 0xB0, 0x00, 0xB0, 0x00, 0x70, 0x04, 0x00, 0x80, 0x00, 0x00, 0x00, /* F78E0 */
	0x00, 0x00, 0x00, 0x00, 0x00, 0x00, 0x00, 0x00, 0x00, 0x00, 0x00, 0x00, 0x00, 0x00, 0x00, 0x00, /* F78F0 */
	0x00, 0x00, 0x00, 0x00, 0x00, 0x00, 0x00, 0x00, 0x00, 0x00, 0x00, 0x00, 0x00, 0x00, 0x00, 0x00, /* F7900 */
	0x00, 0x00, 0x00, 0x00, 0x00, 0x00, 0x00, 0x00, 0x00, 0x00, 0x00, 0x00, 0x08, 0x00, 0x08, 0x00, /* F7910 */
	0x00, 0x00, 0x00, 0x40, 0x03, 0x00, 0x00, 0x00, 0x00, 0x00, 0x00, 0x00, 0x00, 0x00, 0x00, 0x08, /* F7920 */
	0x40, 0x00, 0x00, 0x80, 0x00, 0x01, 0x00, 0x00, 0x20, 0x00, 0x00, 0x00, 0x00, 0x00, 0x00, 0x04, /* F7930 */
	0x80, 0x00, 0x00, 0x00, 0x80, 0x05, 0x00, 0x01, 0x10, 0x01, 0x00, 0x00, 0x00, 0x08, 0x00, 0x00, /* F7940 */
	0x00, 0x00, 0x05, 0x03, 0x20, 0x00, 0x04, 0x02, 0x21, 0x01, 0x00, 0x02, 0x40, 0x40, 0x40, 0x00, /* F7950 */
	0x00, 0x00, 0x02, 0x00, 0x00, 0x01, 0x00, 0x00, 0x10, 0x00, 0x00, 0x00, 0x41, 0x00, 0x00, 0x00, /* F7960 */
	0x00, 0x00, 0x00, 0x00, 0x00, 0x00, 0x00, 0x00, 0x00, 0x00, 0x00, 0x00, 0x00, 0x00, 0x00, 0x00, /* F7970 */
	0x00, 0x00, 0x00, 0x00, 0x00, 0x00, 0x00, 0x00, 0x00, 0x00, 0x00, 0x00, 0x00, 0x00, 0x00, 0x00, /* F7980 */
	0x00, 0x00, 0x00, 0x00, 0x00, 0x00, 0x00, 0x00, 0x00, 0x00, 0x00, 0x00, 0x00, 0x00, 0x00, 0x00, /* F7990 */
	0x00, 0x00, 0x00, 0x00, 0x00, 0x00, 0x00, 0x00, 0x00, 0x00, 0x00, 0x00, 0x00, 0x00, 0x00, 0x00, /* F79A0 */
	0x00, 0x00, 0x58, 0x1D, 0x08, 0x00, 0x18, 0x18, 0x01, 0x00, 0x00, 0x01, 0xA1, 0x01, 0x23, 0x00, /* F79B0 */
	0x1D, 0x81, 0xA6, 0x44, 0x4D, 0x00, 0x80, 0x0D, 0x00, 0x00, 0x00, 0x00, 0x00, 0x00, 0x00, 0x00, /* F79C0 */
	0x00, 0x00, 0x00, 0x00, 0x00, 0x00, 0x00, 0x00, 0x00, 0x00, 0x00, 0x00, 0x00, 0x00, 0x00, 0x00, /* F79D0 */
	0x00, 0x00, 0x00, 0x00, 0x00, 0x00, 0x00, 0x00, 0x00, 0x00, 0x00, 0x00, 0x00, 0x00, 0x00, 0x00, /* F79E0 */
	0xFB, 0x0B, 0x0A, 0x0C, 0x19, 0x0C, 0x3A, 0x0C, 0xC2, 0x0C, 0xF2, 0x0C, 0x22, 0x0D, 0x52, 0x0D, /* F79F0 */
	0x82, 0x0D, 0x37, 0x0E, 0x66, 0x0E, 0x95, 0x0E, 0xC4, 0x0E, 0xED, 0x0E, 0x37, 0x0F, 0x60, 0x0F, /* F7A00 */
	0x68, 0x0F, 0x94, 0x0F, 0x6A, 0x11, 0x6A, 0x11, 0xD2, 0x11, 0xFF, 0x11, 0x9D, 0x12, 0xFE, 0x12, /* F7A10 */
	0x24, 0x13, 0x51, 0x13, 0x69, 0x13, 0x81, 0x13, 0x90, 0x13, 0xB1, 0x13, 0xE5, 0x13, 0x24, 0x14, /* F7A20 */
	0x7C, 0x14, 0xBC, 0x14, 0xE8, 0x14, 0x12, 0x15, 0x35, 0x15, 0x56, 0x15, 0x99, 0x15, 0xEF, 0x16, /* F7A30 */
	0xAB, 0x18, 0xE8, 0x18, 0x09, 0x19, 0x29, 0x19, 0x43, 0x00, 0x7A, 0x19, 0x46, 0x00, 0x7A, 0x19, /* F7A40 */
	0x49, 0x00, 0x7A, 0x19, 0x4E, 0x00, 0x7A, 0x19, 0x78, 0x00, 0x7A, 0x19, 0x00, 0x00, 0x93, 0x19, /* F7A50 */
	0x2E, 0x10, 0x3E, 0x10, 0x4E, 0x10, 0x00, 0x00, 0x60, 0x10, 0x69, 0x10, 0x71, 0x10, 0x78, 0x10, /* F7A60 */
	0x80, 0x10, 0x87, 0x10, 0x8F, 0x10, 0x98, 0x10, 0xA2, 0x10, 0xA9, 0x10, 0x00, 0x00, 0xB1, 0x10, /* F7A70 */
	0xBC, 0x10, 0xC7, 0x10, 0xD3, 0x10, 0xDE, 0x10, 0xE7, 0x10, 0xF0, 0x10, 0xFA, 0x10, 0x09, 0x11, /* F7A80 */
	0x16, 0x11, 0x27, 0x11, 0x33, 0x11, 0x41, 0x11, 0x4B, 0x11, 0x56, 0x11, 0x62, 0x11, 0x6D, 0x11, /* F7A90 */
	0x79, 0x11, 0x89, 0x11, 0x9A, 0x11, 0xAA, 0x11, 0xBA, 0x11, 0xC5, 0x11, 0xD5, 0x11, 0xE5, 0x11, /* F7AA0 */
	0xEE, 0x11, 0xFB, 0x11, 0x09, 0x12, 0x16, 0x12, 0x24, 0x12, 0x2D, 0x12, 0x37, 0x12, 0x42, 0x12, /* F7AB0 */
	0x53, 0x12, 0x61, 0x12, 0x6D, 0x12, 0x7D, 0x12, 0x88, 0x12, 0x9B, 0x12, 0xAD, 0x12, 0xBE, 0x12, /* F7AC0 */
	0xCD, 0x12, 0xD8, 0x12, 0xE2, 0x12, 0xED, 0x12, 0xF9, 0x12, 0x08, 0x13, 0x18, 0x13, 0x25, 0x13, /* F7AD0 */
	0x33, 0x13, 0x41, 0x13, 0x4D, 0x13, 0x59, 0x13, 0x66, 0x13, 0x72, 0x13, 0x7F, 0x13, 0x8D, 0x13, /* F7AE0 */
	0x00, 0x00, 0x99, 0x13, 0xA3, 0x13, 0xAE, 0x13, 0xB6, 0x13, 0xC2, 0x13, 0xCB, 0x13, 0xD7, 0x13, /* F7AF0 */
	0xE1, 0x13, 0xEF, 0x13, 0xF6, 0x13, 0x00, 0x14, 0x0E, 0x14, 0x17, 0x14, 0x23, 0x14, 0x2C, 0x14, /* F7B00 */
	0x00, 0x00, 0x3B, 0x14, 0x47, 0x14, 0x52, 0x14, 0x5F, 0x14, 0x69, 0x14, 0x73, 0x14, 0x7E, 0x14, /* F7B10 */
	0x8A, 0x14, 0x97, 0x14, 0xA1, 0x14, 0x00, 0x00, 0xAC, 0x14, 0xB5, 0x14, 0xBE, 0x14, 0xCD, 0x14, /* F7B20 */
	0xDC, 0x14, 0xE5, 0x14, 0xED, 0x14, 0xF7, 0x14, 0x05, 0x15, 0x15, 0x15, 0x25, 0x15, 0x33, 0x15, /* F7B30 */
	0x41, 0x15, 0x00, 0x00, 0x4B, 0x15, 0x56, 0x15, 0x60, 0x15, 0x00, 0x00, 0x69, 0x15, 0x73, 0x15, /* F7B40 */
	0x7E, 0x15, 0x00, 0x00, 0x87, 0x15, 0x96, 0x15, 0xA4, 0x15, 0xB7, 0x15, 0x00, 0x00, 0xC9, 0x15, /* F7B50 */
	0xD1, 0x15, 0xDB, 0x15, 0xE5, 0x15, 0xF0, 0x15, 0xFB, 0x15, 0x07, 0x16, 0x14, 0x16, 0x22, 0x16, /* F7B60 */
	0x2C, 0x16, 0x00, 0x00, 0x38, 0x16, 0x43, 0x16, 0x4C, 0x16, 0x55, 0x16, 0x5F, 0x16, 0x6A, 0x16, /* F7B70 */
	0x76, 0x16, 0x7E, 0x16, 0x00, 0x00, 0x88, 0x16, 0x92, 0x16, 0x9E, 0x16, 0x00, 0x00, 0xAD, 0x16, /* F7B80 */
	0xB9, 0x16, 0xC2, 0x16, 0xCD, 0x16, 0xDB, 0x16, 0xE8, 0x16, 0x00, 0x00, 0xF4, 0x16, 0x00, 0x17, /* F7B90 */
	0x0B, 0x17, 0x16, 0x17, 0x25, 0x17, 0x30, 0x17, 0x3D, 0x17, 0x4A, 0x17, 0x56, 0x17, 0x62, 0x17, /* F7BA0 */
	0x00, 0x00, 0x92, 0x04, 0xC8, 0x04, 0x26, 0x05, 0x1E, 0x04, 0x2E, 0x05, 0x3C, 0x05, 0xE4, 0x04, /* F7BB0 */
	0xEC, 0x04, 0xF4, 0x04, 0x08, 0x04, 0xFE, 0x04, 0x14, 0x05, 0x00, 0x04, 0xB2, 0x04, 0x20, 0x22, /* F7BC0 */
	0x24, 0x25, 0x26, 0x29, 0x2C, 0x2E, 0x3F, 0x40, 0x5B, 0x5D, 0x7C, 0x7E, 0x00, 0xFF, 0x0F, 0x60, /* F7BD0 */
	0x06, 0x06, 0x00, 0x06, 0x07, 0x05, 0x0E, 0x70, 0x12, 0x02, 0x06, 0x06, 0x00, 0x80, 0x08, 0x00, /* F7BE0 */
	0xA0, 0xC6, 0x0B, 0x06, 0x06, 0x01, 0x06, 0x07, 0x01, 0x80, 0x08, 0x04, 0xD0, 0x06, 0x03, 0x00, /* F7BF0 */
	0xC1, 0x44, 0x06, 0x06, 0x02, 0x06, 0x07, 0x02, 0x80, 0x08, 0x0B, 0x20, 0x70, 0xC8, 0xF8, 0x06, /* F7C00 */
	0x06, 0x03, 0x80, 0x08, 0x05, 0xA0, 0xC2, 0xBC, 0x06, 0x06, 0x04, 0x06, 0x07, 0x04, 0x80, 0x08, /* F7C10 */
	0x0C, 0x02, 0xA0, 0xC8, 0xC7, 0x06, 0x06, 0x05, 0x06, 0x07, 0x05, 0x80, 0x08, 0x0C, 0x01, 0xA0, /* F7C20 */
	0xC8, 0x89, 0x06, 0x06, 0x06, 0x06, 0x07, 0x06, 0x80, 0x08, 0x0C, 0x00, 0xC3, 0x05, 0x0C, 0xC5, /* F7C30 */
	0xED, 0x06, 0x06, 0x07, 0x06, 0x07, 0x07, 0x80, 0x08, 0x0C, 0x80, 0x08, 0x0A, 0x00, 0x05, 0x23, /* F7C40 */
	0x81, 0x3E, 0x06, 0x01, 0x01, 0x0C, 0x03, 0x22, 0x05, 0x0D, 0x80, 0x9F, 0x0E, 0x30, 0xC6, 0x02, /* F7C50 */
	0x13, 0x0B, 0x2E, 0x03, 0xC6, 0x02, 0x13, 0x08, 0x07, 0x30, 0xC5, 0xED, 0x13, 0x02, 0x01, 0x94, /* F7C60 */
	0xC6, 0x02, 0x10, 0x02, 0x05, 0x0C, 0xC5, 0xED, 0x13, 0x0C, 0xC5, 0xED, 0x13, 0x0C, 0x04, 0x22, /* F7C70 */
	0x05, 0x0D, 0x80, 0xB3, 0x0E, 0x30, 0xC6, 0x02, 0x13, 0x0B, 0x2E, 0x23, 0x80, 0x8F, 0xC6, 0x02, /* F7C80 */
	0x13, 0x0C, 0x05, 0x02, 0x80, 0xCE, 0x0D, 0x30, 0x0B, 0x81, 0x3E, 0x0B, 0x2E, 0x03, 0x0B, 0x81, /* F7C90 */
	0x3E, 0x08, 0x07, 0x35, 0x0B, 0x81, 0x3E, 0x0B, 0x05, 0x0D, 0x80, 0x8F, 0x0C, 0x06, 0x02, 0x80, /* F7CA0 */
	0xFA, 0x0D, 0x30, 0x0B, 0x80, 0xE7, 0x0B, 0x2E, 0x03, 0x0B, 0x80, 0xE7, 0x08, 0x07, 0x33, 0x0B, /* F7CB0 */
	0x80, 0xF4, 0x0B, 0x80, 0xEC, 0x08, 0x07, 0x20, 0x80, 0xF4, 0x0F, 0x60, 0x10, 0x07, 0x05, 0x0D, /* F7CC0 */
	0x80, 0xA6, 0x0F, 0x40, 0x05, 0x0D, 0x80, 0xA6, 0x09, 0x00, 0x01, 0x02, 0x81, 0x3E, 0x0D, 0x20, /* F7CD0 */
	0x81, 0x3B, 0x0B, 0x2E, 0x02, 0x81, 0x3B, 0x0D, 0x20, 0x81, 0x3B, 0x04, 0x02, 0x81, 0x3B, 0x0D, /* F7CE0 */
	0x30, 0x0B, 0x81, 0x1A, 0x0B, 0x2E, 0x01, 0x0B, 0x0C, 0x08, 0x02, 0x81, 0x3B, 0x02, 0x01, 0xD1, /* F7CF0 */
	0x09, 0xC6, 0xE6, 0x10, 0x02, 0x05, 0x0C, 0xC6, 0x02, 0xC6, 0xE6, 0x80, 0x89, 0x05, 0x0B, 0x2E, /* F7D00 */
	0x44, 0x0B, 0x0D, 0x80, 0x89, 0x0D, 0xC6, 0x02, 0x13, 0x0F, 0x10, 0x09, 0x0F, 0x40, 0x06, 0x01, /* F7D10 */
	0x00, 0x13, 0x02, 0x00, 0x30, 0xC6, 0xCD, 0x13, 0x0B, 0x27, 0x22, 0x0C, 0x13, 0xC3, 0xD7, 0x09, /* F7D20 */
	0x00, 0x01, 0x20, 0x81, 0x74, 0x02, 0x06, 0x02, 0x81, 0x74, 0x0A, 0x01, 0x01, 0x20, 0x81, 0x74, /* F7D30 */
	0x09, 0x01, 0x01, 0x02, 0x81, 0xFB, 0x0B, 0x73, 0x12, 0x0B, 0x81, 0x74, 0x0B, 0x27, 0x21, 0x81, /* F7D40 */
	0xFB, 0x0A, 0x02, 0x07, 0x20, 0x81, 0xF0, 0x0A, 0x00, 0x01, 0x20, 0x81, 0xA9, 0x11, 0x00, 0x00, /* F7D50 */
	0x02, 0x81, 0xB1, 0x09, 0x06, 0x00, 0x20, 0x81, 0x97, 0x09, 0x06, 0x03, 0x20, 0x81, 0x97, 0x09, /* F7D60 */
	0x06, 0x06, 0x02, 0x81, 0xA2, 0x0D, 0x30, 0x09, 0x81, 0xB1, 0x0B, 0x20, 0x30, 0x09, 0x81, 0xB1, /* F7D70 */
	0x0F, 0x50, 0x09, 0x0E, 0x59, 0x81, 0xB1, 0x09, 0x08, 0x00, 0x40, 0x09, 0xC6, 0xCD, 0x13, 0x0F, /* F7D80 */
	0x30, 0x00, 0x00, 0x03, 0x09, 0x03, 0x01, 0x30, 0x00, 0x00, 0x05, 0x0F, 0x30, 0x03, 0xC5, 0xED, /* F7D90 */
	0x0A, 0x00, 0x01, 0x10, 0x13, 0x0E, 0x10, 0x13, 0x0B, 0x2E, 0x01, 0x13, 0x0D, 0x30, 0x0B, 0x81, /* F7DA0 */
	0xE4, 0x0B, 0x20, 0x03, 0x0B, 0x81, 0xE4, 0x0D, 0x30, 0x09, 0x81, 0xE4, 0x0B, 0x20, 0x21, 0x09, /* F7DB0 */
	0x13, 0x09, 0x02, 0x01, 0x72, 0x10, 0x02, 0x05, 0x0C, 0xC6, 0x02, 0x13, 0x0C, 0x13, 0x0F, 0x20, /* F7DC0 */
	0xC0, 0x6E, 0x09, 0x01, 0x00, 0x21, 0x81, 0x79, 0x13, 0x09, 0x08, 0x00, 0x40, 0x09, 0xC6, 0x8D, /* F7DD0 */
	0x13, 0x02, 0x0C, 0x24, 0x81, 0x74, 0x09, 0xC6, 0x8D, 0x13, 0x0F, 0x10, 0x0C, 0x02, 0x01, 0x20, /* F7DE0 */
	0x82, 0x42, 0x02, 0x02, 0x20, 0x82, 0x42, 0x0E, 0x20, 0x82, 0x4E, 0x0B, 0x30, 0x02, 0x82, 0x57, /* F7DF0 */
	0x0D, 0x20, 0x82, 0x57, 0x0B, 0x30, 0x02, 0x82, 0x57, 0x0D, 0x20, 0x82, 0x38, 0x0B, 0x3A, 0x20, /* F7E00 */
	0x82, 0x57, 0x05, 0x20, 0x82, 0x57, 0x0F, 0x80, 0x0B, 0x0D, 0x01, 0x00, 0x07, 0xC5, 0xED, 0x13, /* F7E10 */
	0x0F, 0xA0, 0x01, 0x00, 0x0F, 0x05, 0x01, 0x00, 0x0F, 0xC5, 0xED, 0x13, 0x0F, 0x70, 0x09, 0x01, /* F7E20 */
	0x00, 0x0F, 0xC5, 0xED, 0x13, 0x0F, 0x10, 0x09, 0x05, 0x02, 0x82, 0x4E, 0x0F, 0x30, 0xC2, 0xA5, /* F7E30 */
	0x09, 0x09, 0x00, 0x02, 0x09, 0x01, 0x00, 0x11, 0xC6, 0x02, 0xC4, 0x36, 0x82, 0x8C, 0x0B, 0x30, /* F7E40 */
	0x64, 0x0C, 0x01, 0x00, 0x19, 0xC6, 0x02, 0xC9, 0x32, 0x82, 0x95, 0x0B, 0x30, 0x84, 0x0C, 0x01, /* F7E50 */
	0x00, 0x19, 0xC5, 0xED, 0x82, 0x95, 0xC5, 0x4A, 0x82, 0x95, 0x09, 0x03, 0x00, 0x50, 0xC2, 0xA5, /* F7E60 */
	0x09, 0xC7, 0x5C, 0x0E, 0x10, 0x13, 0x0B, 0x3A, 0x11, 0x0C, 0x13, 0x0E, 0x10, 0x13, 0x05, 0x21, /* F7E70 */
	0x82, 0x5E, 0x13, 0x0F, 0x30, 0x06, 0x00, 0x00, 0x0E, 0x10, 0x13, 0x05, 0x21, 0x07, 0x00, 0x13, /* F7E80 */
	0x0D, 0x10, 0x13, 0x09, 0x00, 0x05, 0x12, 0x13, 0x82, 0xAD, 0x02, 0x02, 0x32, 0xC7, 0x02, 0x13, /* F7E90 */
	0xC4, 0x36, 0x09, 0x03, 0x01, 0x13, 0x13, 0xC5, 0x27, 0x13, 0x0F, 0x10, 0x0C, 0x02, 0x01, 0x20, /* F7EA0 */
	0x82, 0xF3, 0x02, 0x02, 0x20, 0x82, 0xF3, 0x0E, 0x20, 0x82, 0xF3, 0x05, 0x20, 0x82, 0xFB, 0x0B, /* F7EB0 */
	0x2E, 0x02, 0x82, 0xF3, 0x0D, 0x30, 0x09, 0x82, 0xF3, 0x05, 0x51, 0x06, 0x04, 0x00, 0x83, 0x88, /* F7EC0 */
	0x09, 0x0F, 0x60, 0x01, 0x00, 0x1D, 0xC5, 0xED, 0x13, 0x0F, 0x20, 0xC4, 0x36, 0x09, 0x03, 0x00, /* F7ED0 */
	0x50, 0xC2, 0xA5, 0x09, 0xC7, 0x5C, 0x0E, 0x20, 0x83, 0xA9, 0x0B, 0x2E, 0x02, 0x83, 0xA9, 0x0D, /* F7EE0 */
	0x30, 0x09, 0x83, 0xA9, 0x05, 0x03, 0x09, 0x83, 0xA9, 0x0D, 0x20, 0x83, 0x7E, 0x05, 0x02, 0x83, /* F7EF0 */
	0x7E, 0x0D, 0x20, 0x83, 0x2B, 0x05, 0x20, 0x83, 0x7E, 0x0F, 0x20, 0x09, 0x0C, 0x09, 0x04, 0x00, /* F7F00 */
	0x55, 0x01, 0x00, 0x24, 0xC6, 0x02, 0x01, 0x00, 0x1D, 0xC6, 0x02, 0x0B, 0x30, 0x12, 0x0C, 0x83, /* F7F10 */
	0x6A, 0x0B, 0x30, 0x20, 0x0C, 0x13, 0x0B, 0x31, 0x52, 0x01, 0x00, 0x2C, 0xC6, 0x02, 0x83, 0x5C, /* F7F20 */
	0x0F, 0x80, 0xC5, 0x4A, 0x01, 0x00, 0x32, 0xC5, 0xED, 0x13, 0x0F, 0x50, 0x01, 0x00, 0x2C, 0xC6, /* F7F30 */
	0x02, 0x0F, 0x50, 0x09, 0xC5, 0x4A, 0x83, 0x76, 0x0F, 0x50, 0x01, 0x00, 0x2C, 0xC6, 0x02, 0x0F, /* F7F40 */
	0x30, 0x09, 0xC9, 0x32, 0x0F, 0x60, 0x01, 0x00, 0x39, 0xC5, 0xED, 0x13, 0x0F, 0x80, 0x09, 0xC5, /* F7F50 */
	0xCB, 0x06, 0x04, 0x00, 0x83, 0xA9, 0x0D, 0x20, 0x83, 0x7E, 0x05, 0x02, 0x83, 0x7E, 0x0D, 0x20, /* F7F60 */
	0x83, 0x98, 0x05, 0x20, 0x83, 0x7E, 0x0F, 0x20, 0x09, 0x0C, 0x0B, 0x30, 0x12, 0x0C, 0x83, 0x71, /* F7F70 */
	0x0B, 0x31, 0x22, 0x83, 0x52, 0x83, 0x63, 0x0F, 0x20, 0xC6, 0x7A, 0x0E, 0x20, 0x83, 0xC7, 0x04, /* F7F80 */
	0x02, 0x83, 0xC7, 0x0B, 0x27, 0x22, 0x83, 0xC7, 0xC3, 0xD7, 0x0C, 0x0C, 0x71, 0x05, 0x0D, 0xC6, /* F7F90 */
	0x02, 0x06, 0x04, 0x00, 0x09, 0x09, 0x04, 0x00, 0x66, 0x01, 0x00, 0x24, 0xC5, 0xED, 0x13, 0x01, /* F7FA0 */
	0x00, 0x1D, 0xC5, 0xED, 0x13, 0x0F, 0xC0, 0x06, 0x00, 0x01, 0x06, 0x01, 0x00, 0x06, 0x02, 0x00, /* F7FB0 */
	0x06, 0x08, 0x00, 0x06, 0x20, 0x07, 0x01, 0x07, 0x20, 0x07, 0x02, 0x11, 0x00, 0x41, 0x30, 0x06, /* F7FC0 */
	0x08, 0x01, 0x0D, 0x30, 0x0B, 0x84, 0x09, 0x04, 0x03, 0x0B, 0x84, 0x09, 0x09, 0x00, 0x1D, 0x34, /* F7FD0 */
	0x0B, 0x84, 0x09, 0x07, 0x00, 0x83, 0xE5, 0x0B, 0x27, 0x61, 0x0C, 0x0B, 0x08, 0x00, 0x84, 0x09, /* F7FE0 */
	0x13, 0x02, 0x01, 0xB0, 0x01, 0x00, 0x0F, 0x05, 0x01, 0x00, 0x0F, 0x0C, 0xC5, 0xED, 0x13, 0x08, /* F7FF0 */
	0x05, 0x12, 0x0C, 0x0C, 0x13, 0x02, 0x04, 0x66, 0x01, 0x00, 0x4E, 0xC6, 0x02, 0x13, 0x01, 0x00, /* F8000 */
	0x0F, 0xC5, 0xED, 0x13, 0x0F, 0x80, 0x06, 0x03, 0x01, 0x06, 0x04, 0x00, 0xC2, 0xA5, 0x0B, 0x2C, /* F8010 */
	0x21, 0x84, 0x57, 0x09, 0x09, 0x00, 0x01, 0x02, 0x84, 0x52, 0x0B, 0x31, 0x30, 0x06, 0x04, 0x01, /* F8020 */
	0x0F, 0x30, 0xC7, 0x5C, 0x13, 0x02, 0x01, 0x20, 0x84, 0x91, 0x0A, 0x00, 0x03, 0x33, 0x09, 0x84, /* F8030 */
	0x52, 0x06, 0x01, 0x01, 0x0D, 0x20, 0x84, 0x91, 0x05, 0x02, 0x84, 0x91, 0x0D, 0x20, 0x84, 0x91, /* F8040 */
	0x05, 0x02, 0x84, 0x91, 0x0D, 0x20, 0x84, 0x91, 0x05, 0x02, 0x84, 0x91, 0x0D, 0x20, 0x84, 0xAB, /* F8050 */
	0x0B, 0x2C, 0x22, 0x07, 0x01, 0x84, 0xA7, 0x09, 0x01, 0x05, 0x22, 0x84, 0x91, 0x84, 0x66, 0x0F, /* F8060 */
	0x70, 0x06, 0x03, 0x00, 0x09, 0xC2, 0xA5, 0x09, 0x09, 0x00, 0x01, 0x01, 0x13, 0x0B, 0x31, 0x41, /* F8070 */
	0x06, 0x04, 0x01, 0x13, 0x13, 0x05, 0x20, 0x84, 0x91, 0x0F, 0x40, 0x09, 0xC2, 0xA5, 0x09, 0x0B, /* F8080 */
	0x30, 0x40, 0xC5, 0x4A, 0x08, 0x00, 0x0A, 0x00, 0x00, 0x20, 0xC7, 0x0C, 0x09, 0x01, 0x00, 0x10, /* F8090 */
	0x13, 0x09, 0x01, 0x01, 0x50, 0x01, 0x00, 0x56, 0x84, 0xDF, 0x09, 0x01, 0x02, 0x50, 0x01, 0x00, /* F80A0 */
	0x5E, 0x84, 0xDF, 0x09, 0x01, 0x03, 0x33, 0x01, 0x00, 0x66, 0x01, 0x00, 0x6E, 0x0F, 0x30, 0x0C, /* F80B0 */
	0x08, 0x01, 0x0B, 0x30, 0x12, 0x0C, 0x85, 0x15, 0x0B, 0x30, 0x12, 0x0C, 0x85, 0x15, 0x0B, 0x30, /* F80C0 */
	0x02, 0x85, 0x15, 0x09, 0x01, 0x00, 0x33, 0xC5, 0x78, 0x0C, 0x0C, 0x84, 0xDF, 0x09, 0x05, 0x00, /* F80D0 */
	0x30, 0xC5, 0xED, 0x13, 0x09, 0x05, 0x01, 0x33, 0x01, 0x00, 0x77, 0x01, 0x00, 0x79, 0x0F, 0x30, /* F80E0 */
	0xC5, 0xED, 0x13, 0x09, 0x01, 0x00, 0x03, 0x01, 0x00, 0x0F, 0x0F, 0x90, 0xC6, 0x02, 0xC2, 0xA5, /* F80F0 */
	0x09, 0xC7, 0x0C, 0x84, 0xBE, 0x0F, 0x20, 0xC6, 0x7A, 0x0E, 0x10, 0x13, 0x05, 0x90, 0xC2, 0xA5, /* F8100 */
	0x09, 0xC7, 0x5C, 0xC5, 0xCB, 0x85, 0x27, 0x0B, 0x2C, 0x60, 0x10, 0x01, 0xC8, 0x89, 0x85, 0x27, /* F8110 */
	0x0B, 0x2E, 0x41, 0xC8, 0xC7, 0x85, 0x27, 0x13, 0x0F, 0x20, 0xC5, 0x78, 0x09, 0x05, 0x00, 0x50, /* F8120 */
	0x10, 0x09, 0x05, 0x85, 0x72, 0x09, 0x05, 0x01, 0x33, 0x05, 0x85, 0x72, 0x10, 0x09, 0x05, 0x0B, /* F8130 */
	0x36, 0x50, 0x01, 0x00, 0x7B, 0x85, 0x72, 0x0B, 0x38, 0x33, 0x01, 0x00, 0x7E, 0x01, 0x00, 0x79, /* F8140 */
	0x0F, 0x40, 0x0C, 0xC6, 0x02, 0x13, 0x0F, 0x30, 0x06, 0x05, 0x00, 0x02, 0x02, 0x10, 0x13, 0x02, /* F8150 */
	0x00, 0x10, 0x13, 0x0D, 0x20, 0x09, 0x13, 0x04, 0x02, 0x09, 0x13, 0x0D, 0x30, 0x0B, 0x85, 0xBF, /* F8160 */
	0x04, 0x03, 0x0B, 0x85, 0xBF, 0x0D, 0x30, 0x0B, 0x85, 0xA1, 0x04, 0x21, 0x09, 0x13, 0x0B, 0x0C, /* F8170 */
	0x0D, 0x80, 0x0B, 0x0C, 0x0C, 0x09, 0x06, 0x05, 0x01, 0x13, 0x11, 0x00, 0x80, 0x12, 0x0B, 0x09, /* F8180 */
	0x13, 0x0B, 0x27, 0x72, 0x0C, 0x0C, 0x06, 0x05, 0x02, 0x09, 0x13, 0x09, 0x13, 0x11, 0x00, 0x80, /* F8190 */
	0x62, 0x0C, 0x09, 0x06, 0x05, 0x02, 0x13, 0x09, 0x13, 0x0E, 0x10, 0x13, 0x0B, 0x2E, 0x01, 0x13, /* F81A0 */
	0x0D, 0x20, 0x09, 0x13, 0x05, 0x12, 0x09, 0x09, 0x13, 0x02, 0x01, 0x33, 0x10, 0x02, 0x05, 0x01, /* F81B0 */
	0x00, 0x83, 0x0F, 0x70, 0x0C, 0xC6, 0x02, 0xC7, 0x02, 0x85, 0xCB, 0x01, 0x02, 0x11, 0x13, 0x0E, /* F81C0 */
	0x20, 0x85, 0xFB, 0x11, 0x00, 0x8A, 0x20, 0x11, 0x13, 0x0F, 0x50, 0x01, 0x00, 0x0F, 0x11, 0x13, /* F81D0 */
	0x01, 0x52, 0x01, 0x00, 0x0F, 0x11, 0x13, 0x11, 0x13, 0x03, 0x32, 0x06, 0x00, 0x00, 0x0C, 0x13, /* F81E0 */
	0x0F, 0x30, 0x06, 0x01, 0x00, 0x0D, 0x30, 0x0B, 0x86, 0x40, 0x0B, 0x2F, 0x23, 0x07, 0x01, 0x0B, /* F81F0 */
	0x86, 0x40, 0x0D, 0x32, 0x0B, 0x86, 0x40, 0x07, 0x01, 0x0B, 0x2F, 0x30, 0x14, 0x86, 0x40, 0x09, /* F8200 */
	0x01, 0x08, 0x20, 0x86, 0x40, 0x0B, 0x3B, 0x20, 0x86, 0x24, 0x05, 0x20, 0x86, 0x24, 0x09, 0x01, /* F8210 */
	0x00, 0x06, 0x0C, 0x0B, 0x08, 0x01, 0x86, 0x40, 0x11, 0x00, 0x8E, 0x23, 0x86, 0x69, 0x04, 0x07, /* F8220 */
	0x00, 0x09, 0x00, 0x1F, 0x20, 0x86, 0x75, 0x0E, 0x20, 0x86, 0x75, 0x03, 0x02, 0x86, 0x75, 0x11, /* F8230 */
	0x00, 0x95, 0x22, 0x86, 0x75, 0x86, 0x12, 0x09, 0x00, 0x00, 0x35, 0x04, 0x11, 0x13, 0xC5, 0xED, /* F8240 */
	0x04, 0x11, 0x13, 0x0F, 0x30, 0xC5, 0xED, 0x13, 0x0E, 0x02, 0x86, 0x85, 0x10, 0x41, 0x12, 0x02, /* F8250 */
	0x86, 0x7A, 0x13, 0x0B, 0x20, 0x41, 0xC8, 0xF8, 0x86, 0x7A, 0x13, 0x0B, 0x27, 0x60, 0x01, 0x00, /* F8260 */
	0x98, 0x0C, 0x86, 0xC5, 0x0B, 0x41, 0x20, 0x0E, 0x59, 0x0D, 0x20, 0x86, 0xBA, 0x0B, 0x27, 0x02, /* F8270 */
	0x86, 0xBA, 0x0D, 0x20, 0x86, 0xB7, 0x11, 0x00, 0x80, 0x02, 0x86, 0xB7, 0x0D, 0x20, 0x86, 0xBA, /* F8280 */
	0x04, 0x12, 0x0B, 0x86, 0xBA, 0x0F, 0x10, 0x0B, 0x0F, 0x10, 0x0B, 0x0F, 0x60, 0x00, 0x00, 0x03, /* F8290 */
	0x03, 0xC5, 0xED, 0x0E, 0x10, 0x13, 0x04, 0x21, 0x86, 0x8D, 0x13, 0x04, 0x40, 0xC6, 0xE6, 0x86, /* F82A0 */
	0xDA, 0x11, 0x00, 0x8A, 0x12, 0x13, 0x86, 0xDE, 0x0E, 0x02, 0x86, 0xCD, 0x0F, 0x60, 0x01, 0x00, /* F82B0 */
	0x0F, 0xC5, 0xED, 0x13, 0x0B, 0x27, 0x50, 0x01, 0x00, 0x98, 0x0C, 0x13, 0x07, 0x30, 0x01, 0x00, /* F82C0 */
	0xA4, 0x11, 0x00, 0x00, 0x20, 0x0E, 0x59, 0x0F, 0x70, 0x00, 0x00, 0x03, 0x03, 0xC5, 0xED, 0x13, /* F82D0 */
	0x0E, 0x10, 0x13, 0x05, 0x41, 0xC5, 0x4A, 0x87, 0x02, 0x13, 0x09, 0x00, 0x01, 0x20, 0x87, 0x54, /* F82E0 */
	0x09, 0x00, 0x02, 0x20, 0x87, 0x4D, 0x0B, 0x30, 0x35, 0x0C, 0x87, 0x4D, 0xC5, 0x4A, 0x01, 0x00, /* F82F0 */
	0xAA, 0x0B, 0x30, 0x15, 0x0C, 0xC6, 0x02, 0xC9, 0x32, 0x13, 0x0B, 0x30, 0x35, 0xC5, 0x78, 0x0C, /* F8300 */
	0xC6, 0x02, 0xC5, 0x4A, 0x13, 0x09, 0x05, 0x00, 0x30, 0xC6, 0x02, 0x13, 0x09, 0x05, 0x01, 0x33, /* F8310 */
	0x01, 0x00, 0x77, 0x01, 0x00, 0x79, 0x0F, 0x30, 0xC6, 0x02, 0x13, 0x0B, 0x30, 0x13, 0x0C, 0xC9, /* F8320 */
	0x32, 0x13, 0x0B, 0x30, 0x23, 0x0C, 0x13, 0xC5, 0x4A, 0x13, 0x0B, 0x30, 0x42, 0xC5, 0x4A, 0x08, /* F8330 */
	0x00, 0x87, 0x6C, 0x09, 0x00, 0x00, 0x12, 0x13, 0x87, 0x5C, 0x0A, 0x00, 0x04, 0x30, 0xC7, 0x02, /* F8340 */
	0x13, 0x09, 0x00, 0x01, 0x30, 0xC5, 0x4A, 0x13, 0x09, 0x00, 0x02, 0x30, 0xC9, 0x32, 0x13, 0x02, /* F8350 */
	0x05, 0x22, 0x88, 0x46, 0x0A, 0x0A, 0x09, 0x00, 0x04, 0x10, 0x0A, 0x0F, 0x10, 0x15, 0x0D, 0x20, /* F8360 */
	0x87, 0x9E, 0x0D, 0x20, 0x87, 0x9E, 0x0C, 0x0D, 0x30, 0x09, 0x88, 0x46, 0x0F, 0x20, 0x09, 0x0A, /* F8370 */
	0x0B, 0x30, 0x13, 0x0A, 0x09, 0x88, 0x22, 0x0B, 0x30, 0x03, 0x09, 0x88, 0x15, 0x09, 0x00, 0x03, /* F8380 */
	0x51, 0x09, 0xC5, 0x4A, 0x87, 0xCC, 0x0A, 0x0B, 0x30, 0xB5, 0x09, 0xC5, 0x4A, 0x0C, 0x0C, 0x0C, /* F8390 */
	0x01, 0x00, 0x56, 0x87, 0xD3, 0x09, 0xC9, 0x32, 0x88, 0x3B, 0x0F, 0x50, 0x0C, 0x0C, 0x01, 0x00, /* F83A0 */
	0xAA, 0x02, 0x00, 0x20, 0x87, 0xF7, 0x0E, 0x20, 0x87, 0xF7, 0x0B, 0x27, 0x20, 0x87, 0xFD, 0x11, /* F83B0 */
	0x00, 0x80, 0x02, 0x87, 0xF7, 0x0D, 0x30, 0x09, 0x87, 0xF1, 0x04, 0x21, 0x87, 0xF7, 0x09, 0x0F, /* F83C0 */
	0x40, 0x0C, 0x01, 0x00, 0x79, 0x0F, 0x40, 0x09, 0xC6, 0x02, 0x13, 0x0D, 0x20, 0x87, 0xF7, 0x11, /* F83D0 */
	0x00, 0x80, 0x02, 0x87, 0xF7, 0x0D, 0x40, 0x09, 0x0C, 0x87, 0xF1, 0x04, 0x24, 0x87, 0xF7, 0x09, /* F83E0 */
	0x0C, 0x87, 0xF1, 0x09, 0x00, 0x03, 0x45, 0xC5, 0x4A, 0x88, 0x3B, 0xC9, 0x32, 0xC9, 0x32, 0x13, /* F83F0 */
	0x09, 0x00, 0x03, 0x52, 0xC5, 0x4A, 0xC9, 0x32, 0x13, 0xC9, 0x32, 0x0B, 0x30, 0x13, 0x0A, 0xC9, /* F8400 */
	0x32, 0x13, 0x0B, 0x30, 0x31, 0x09, 0x87, 0xCC, 0x09, 0x0F, 0x90, 0x0C, 0x01, 0x00, 0x19, 0xC6, /* F8410 */
	0x02, 0xC5, 0x4A, 0x13, 0x09, 0x00, 0x04, 0x73, 0xC5, 0x4A, 0x01, 0x00, 0x56, 0x08, 0x00, 0xC7, /* F8420 */
	0x0C, 0x13, 0x0B, 0x30, 0x12, 0x0A, 0x88, 0x81, 0x0B, 0x30, 0x12, 0x0A, 0x88, 0x81, 0x0B, 0x30, /* F8430 */
	0x62, 0x09, 0x0C, 0x0C, 0xC5, 0x78, 0x0C, 0x88, 0x81, 0x09, 0x05, 0x00, 0x30, 0xC6, 0x02, 0x13, /* F8440 */
	0x09, 0x05, 0x01, 0x33, 0x01, 0x00, 0x77, 0x01, 0x00, 0x79, 0x0F, 0x30, 0xC6, 0x02, 0x13, 0x0F, /* F8450 */
	0x60, 0x09, 0xC6, 0x02, 0xC7, 0x0C, 0x13, 0x0B, 0x2D, 0x30, 0xC4, 0x13, 0x13, 0x0B, 0x3A, 0x30, /* F8460 */
	0xC2, 0x0C, 0x13, 0x0B, 0x24, 0x30, 0xC2, 0xCC, 0x13, 0x0B, 0x7E, 0x30, 0xC9, 0x04, 0x13, 0x02, /* F8470 */
	0x01, 0x20, 0x88, 0xB8, 0x11, 0x00, 0xB4, 0x02, 0x88, 0xBE, 0x08, 0x04, 0x20, 0x88, 0xBE, 0x08, /* F8480 */
	0x05, 0x22, 0x88, 0xBE, 0x0C, 0x13, 0x0F, 0x40, 0x01, 0x00, 0x0F, 0x05, 0x0F, 0x70, 0x01, 0x00, /* F8490 */
	0x0F, 0x0C, 0xC5, 0xED, 0x13, 0x0B, 0x2E, 0x02, 0x88, 0xE3, 0x0D, 0x30, 0x09, 0x88, 0xE3, 0x05, /* F84A0 */
	0x40, 0x09, 0xC5, 0xCB, 0x13, 0x02, 0x01, 0x30, 0x09, 0x88, 0xE3, 0x04, 0x31, 0x09, 0x0C, 0x13, /* F84B0 */
	0x09, 0x0B, 0x3F, 0x33, 0x01, 0x00, 0xB9, 0x01, 0x00, 0xBB, 0x02, 0x01, 0x40, 0x05, 0x01, 0x00, /* F84C0 */
	0xBB, 0x0F, 0x30, 0x0C, 0x11, 0x13, 0x02, 0x03, 0x72, 0x01, 0x00, 0xBD, 0x0C, 0xC5, 0xED, 0x13, /* F84D0 */
	0x0C, 0x13, 0x0F, 0x10, 0x0C, 0x02, 0x01, 0x20, 0x89, 0x25, 0x02, 0x00, 0x20, 0x89, 0x25, 0x0E, /* F84E0 */
	0x20, 0x89, 0x25, 0x04, 0x02, 0x89, 0x25, 0x0B, 0x27, 0x36, 0x0C, 0x89, 0x11, 0x06, 0x03, 0x01, /* F84F0 */
	0xC1, 0x44, 0x13, 0x0F, 0xB0, 0x09, 0x01, 0x00, 0x0F, 0x05, 0x01, 0x00, 0x0F, 0xC5, 0xED, 0x13, /* F8500 */
	0x0B, 0x30, 0x50, 0xC5, 0x4A, 0xC5, 0x4A, 0x13, 0x0B, 0x31, 0x34, 0x0C, 0x89, 0x65, 0x10, 0x0B, /* F8510 */
	0x05, 0x0C, 0x0B, 0x30, 0x35, 0xC5, 0x78, 0x0C, 0xC6, 0x02, 0xC5, 0x4A, 0x13, 0x09, 0x05, 0x00, /* F8520 */
	0x30, 0xC6, 0x02, 0x13, 0x09, 0x05, 0x01, 0x33, 0x01, 0x00, 0xC5, 0x01, 0x00, 0x79, 0x0F, 0x30, /* F8530 */
	0xC6, 0x02, 0x13, 0x02, 0x00, 0x20, 0x89, 0x92, 0x0D, 0x20, 0x89, 0x92, 0x0D, 0x30, 0x0B, 0x89, /* F8540 */
	0x9C, 0x04, 0x03, 0x0B, 0x89, 0x9C, 0x0D, 0x40, 0x0B, 0x0B, 0x89, 0x84, 0x04, 0x22, 0x89, 0x92, /* F8550 */
	0x0B, 0x0B, 0x11, 0x00, 0xC8, 0x12, 0x0A, 0x89, 0xB0, 0x11, 0x00, 0xCB, 0x30, 0x09, 0x89, 0xC0, /* F8560 */
	0x0F, 0x80, 0x09, 0x10, 0x0A, 0x05, 0x0C, 0xC6, 0x02, 0x13, 0x11, 0x00, 0x80, 0x02, 0x89, 0x92, /* F8570 */
	0x0F, 0xC0, 0x09, 0x10, 0x0A, 0x05, 0x01, 0x00, 0x79, 0x0C, 0x0C, 0xC6, 0x02, 0x13, 0x0B, 0x27, /* F8580 */
	0x12, 0x0A, 0x89, 0x92, 0x11, 0x00, 0x80, 0x42, 0x0B, 0x0C, 0x89, 0xA2, 0x89, 0x92, 0x0B, 0x32, /* F8590 */
	0x9C, 0x01, 0x00, 0xCE, 0x0C, 0x0C, 0x0C, 0xC6, 0x02, 0x13, 0x10, 0x0A, 0x05, 0x01, 0x00, 0x77, /* F85A0 */
	0x0C, 0x0C, 0x0C, 0xC6, 0x02, 0x13, 0x61, 0x41, 0x00, 0x26, 0x00, 0x7E, 0x00, 0x26, 0x40, 0x4B, /* F85B0 */
	0x4C, 0x6F, 0x31, 0x4B, 0x00, 0x2C, 0x00, 0x26, 0x4B, 0x4F, 0x31, 0x4C, 0x40, 0x4E, 0x00, 0x26, /* F85C0 */
	0x4F, 0x31, 0x00, 0x26, 0x44, 0x6F, 0x31, 0x4C, 0x33, 0x00, 0x26, 0x44, 0x6F, 0x31, 0x4C, 0x33, /* F85D0 */
	0x5A, 0x00, 0x26, 0x61, 0x31, 0x4E, 0x44, 0x00, 0x26, 0x53, 0x65, 0x31, 0x4E, 0x54, 0x00, 0x26, /* F85E0 */
	0x53, 0x65, 0x31, 0x4E, 0x54, 0x53, 0x00, 0x61, 0x65, 0x69, 0x6F, 0x75, 0x79, 0x41, 0x45, 0x49, /* F85F0 */
	0x4F, 0x55, 0x59, 0x00, 0x26, 0x4D, 0x49, 0x31, 0x4E, 0x40, 0x53, 0x00, 0x26, 0x58, 0x66, 0x31, /* F8600 */
	0x5A, 0x6E, 0x44, 0x00, 0x26, 0x4D, 0x69, 0x31, 0x6A, 0x59, 0x6E, 0x00, 0x26, 0x42, 0x69, 0x31, /* F8610 */
	0x6A, 0x59, 0x6E, 0x00, 0x26, 0x54, 0x52, 0x69, 0x31, 0x6A, 0x59, 0x6E, 0x00, 0x58, 0x00, 0x5A, /* F8620 */
	0x00, 0x7C, 0x5A, 0x00, 0x53, 0x00, 0x73, 0x53, 0x00, 0x26, 0x50, 0x79, 0x31, 0x4E, 0x54, 0x00, /* F8630 */
	0x2E, 0x3F, 0x21, 0x00, 0x2E, 0x3F, 0x2C, 0x5D, 0x29, 0x20, 0x00, 0x26, 0x25, 0x00, 0x26, 0x40, /* F8640 */
	0x50, 0x6F, 0x31, 0x53, 0x54, 0x52, 0x40, 0x46, 0x45, 0x00, 0x26, 0x4B, 0x61, 0x31, 0x50, 0x00, /* F8650 */
	0x26, 0x48, 0x76, 0x31, 0x4E, 0x44, 0x52, 0x7C, 0x44, 0x00, 0x22, 0x5D, 0x29, 0x7D, 0x00, 0x3F, /* F8660 */
	0x00, 0x2E, 0x00, 0x26, 0x53, 0x50, 0x41, 0x31, 0x53, 0x2C, 0x00, 0x7C, 0x58, 0x00, 0x74, 0x54, /* F8670 */
	0x00, 0x68, 0x48, 0x00, 0x26, 0x54, 0x57, 0x65, 0x31, 0x6A, 0x46, 0x58, 0x00, 0xFF, 0x6D, 0x69, /* F8680 */
	0x6C, 0x6C, 0x69, 0x6F, 0x6E, 0x00, 0x26, 0x4D, 0x69, 0x31, 0x6A, 0x59, 0x6E, 0x00, 0x62, 0x69, /* F8690 */
	0x6C, 0x6C, 0x69, 0x6F, 0x6E, 0x00, 0x26, 0x42, 0x69, 0x31, 0x6A, 0x59, 0x6E, 0x00, 0x74, 0x72, /* F86A0 */
	0x69, 0x6C, 0x6C, 0x69, 0x6F, 0x6E, 0x00, 0x26, 0x54, 0x52, 0x69, 0x31, 0x6A, 0x59, 0x6E, 0x00, /* F86B0 */
	0x30, 0x00, 0x26, 0x5A, 0x45, 0x31, 0x52, 0x4F, 0x00, 0x31, 0x00, 0x26, 0x57, 0x76, 0x31, 0x4E, /* F86C0 */
	0x00, 0x32, 0x00, 0x26, 0x54, 0x62, 0x31, 0x00, 0x33, 0x00, 0x26, 0x58, 0x52, 0x45, 0x31, 0x00, /* F86D0 */
	0x34, 0x00, 0x26, 0x46, 0x67, 0x31, 0x00, 0x35, 0x00, 0x26, 0x46, 0x49, 0x31, 0x56, 0x00, 0x36, /* F86E0 */
	0x00, 0x26, 0x53, 0x69, 0x31, 0x4B, 0x53, 0x00, 0x37, 0x00, 0x26, 0x53, 0x65, 0x31, 0x56, 0x7C, /* F86F0 */
	0x4E, 0x00, 0x38, 0x00, 0x26, 0x41, 0x31, 0x54, 0x00, 0x39, 0x00, 0x26, 0x4E, 0x49, 0x31, 0x4E, /* F8700 */
	0x00, 0x6A, 0x72, 0x00, 0x26, 0x4A, 0x62, 0x31, 0x4E, 0x59, 0x33, 0x00, 0x73, 0x72, 0x00, 0x26, /* F8710 */
	0x53, 0x45, 0x31, 0x4E, 0x59, 0x33, 0x00, 0x61, 0x76, 0x65, 0x00, 0x26, 0x61, 0x31, 0x56, 0x40, /* F8720 */
	0x4E, 0x62, 0x00, 0x61, 0x76, 0x00, 0x26, 0x61, 0x31, 0x56, 0x40, 0x4E, 0x62, 0x00, 0x63, 0x74, /* F8730 */
	0x00, 0x26, 0x4B, 0x67, 0x31, 0x54, 0x00, 0x72, 0x64, 0x00, 0x26, 0x52, 0x4F, 0x31, 0x44, 0x00, /* F8740 */
	0x70, 0x6C, 0x00, 0x26, 0x50, 0x4C, 0x41, 0x31, 0x53, 0x00, 0x62, 0x6C, 0x76, 0x64, 0x00, 0x26, /* F8750 */
	0x42, 0x75, 0x31, 0x4C, 0x40, 0x56, 0x72, 0x44, 0x00, 0x69, 0x65, 0x00, 0x26, 0x78, 0x61, 0x32, /* F8760 */
	0x74, 0x69, 0x32, 0x5A, 0x2C, 0x00, 0x65, 0x67, 0x00, 0x26, 0x46, 0x67, 0x31, 0x7C, 0x47, 0x5A, /* F8770 */
	0x61, 0x31, 0x4D, 0x50, 0x6C, 0x2C, 0x00, 0x62, 0x63, 0x00, 0x26, 0x42, 0x45, 0x31, 0x26, 0x53, /* F8780 */
	0x45, 0x31, 0x00, 0x65, 0x74, 0x63, 0x00, 0x26, 0x65, 0x54, 0x53, 0x65, 0x31, 0x54, 0x33, 0x40, /* F8790 */
	0x00, 0x6D, 0x74, 0x00, 0x26, 0x4D, 0x66, 0x31, 0x4E, 0x54, 0x00, 0x6F, 0x7A, 0x00, 0x26, 0x66, /* F87A0 */
	0x31, 0x4E, 0x53, 0x40, 0x5A, 0x00, 0x6F, 0x7A, 0x73, 0x00, 0x26, 0x66, 0x31, 0x4E, 0x53, 0x40, /* F87B0 */
	0x5A, 0x00, 0x6C, 0x62, 0x00, 0x26, 0x50, 0x66, 0x31, 0x4E, 0x44, 0x5A, 0x00, 0x6C, 0x62, 0x73, /* F87C0 */
	0x00, 0x26, 0x50, 0x66, 0x31, 0x4E, 0x44, 0x5A, 0x00, 0x6D, 0x6D, 0x00, 0x26, 0x4D, 0x69, 0x31, /* F87D0 */
	0x6A, 0x7C, 0x4D, 0x45, 0x32, 0x54, 0x33, 0x5A, 0x00, 0x63, 0x6D, 0x00, 0x26, 0x53, 0x65, 0x31, /* F87E0 */
	0x4E, 0x54, 0x69, 0x4D, 0x45, 0x32, 0x54, 0x33, 0x5A, 0x00, 0x6B, 0x6D, 0x00, 0x26, 0x4B, 0x69, /* F87F0 */
	0x31, 0x6A, 0x7C, 0x4D, 0x45, 0x32, 0x54, 0x33, 0x5A, 0x00, 0x6D, 0x67, 0x00, 0x26, 0x4D, 0x69, /* F8800 */
	0x31, 0x6A, 0x7C, 0x47, 0x52, 0x61, 0x32, 0x4D, 0x5A, 0x00, 0x67, 0x6D, 0x00, 0x26, 0x47, 0x52, /* F8810 */
	0x61, 0x31, 0x4D, 0x5A, 0x00, 0x6B, 0x67, 0x00, 0x26, 0x4B, 0x69, 0x31, 0x6A, 0x7C, 0x47, 0x52, /* F8820 */
	0x61, 0x32, 0x4D, 0x5A, 0x00, 0x6D, 0x6C, 0x00, 0x26, 0x4D, 0x69, 0x31, 0x6A, 0x7C, 0x4C, 0x45, /* F8830 */
	0x32, 0x54, 0x33, 0x5A, 0x00, 0x6D, 0x69, 0x00, 0x26, 0x4D, 0x49, 0x31, 0x6A, 0x00, 0x73, 0x65, /* F8840 */
	0x63, 0x00, 0x26, 0x53, 0x65, 0x31, 0x4B, 0x6E, 0x44, 0x5A, 0x00, 0x73, 0x65, 0x63, 0x73, 0x00, /* F8850 */
	0x26, 0x53, 0x65, 0x31, 0x4B, 0x6E, 0x44, 0x5A, 0x00, 0x6D, 0x69, 0x6E, 0x00, 0x26, 0x4D, 0x69, /* F8860 */
	0x31, 0x4E, 0x7C, 0x54, 0x53, 0x00, 0x6D, 0x69, 0x6E, 0x73, 0x00, 0x26, 0x4D, 0x69, 0x31, 0x4E, /* F8870 */
	0x7C, 0x54, 0x53, 0x00, 0x68, 0x72, 0x00, 0x26, 0x66, 0x31, 0x33, 0x5A, 0x00, 0x68, 0x72, 0x73, /* F8880 */
	0x00, 0x26, 0x66, 0x31, 0x33, 0x5A, 0x00, 0x76, 0x73, 0x00, 0x26, 0x56, 0x33, 0x31, 0x53, 0x7C, /* F8890 */
	0x5A, 0x00, 0x69, 0x6E, 0x63, 0x00, 0x26, 0x69, 0x4E, 0x4B, 0x67, 0x31, 0x50, 0x33, 0x41, 0x54, /* F88A0 */
	0x7C, 0x44, 0x00, 0x6C, 0x74, 0x64, 0x00, 0x26, 0x4C, 0x69, 0x31, 0x4D, 0x7C, 0x54, 0x7C, 0x44, /* F88B0 */
	0x00, 0x70, 0x6D, 0x00, 0x26, 0x50, 0x45, 0x31, 0x26, 0x65, 0x31, 0x4D, 0x00, 0x64, 0x65, 0x70, /* F88C0 */
	0x74, 0x00, 0x26, 0x44, 0x45, 0x50, 0x72, 0x31, 0x54, 0x4D, 0x6E, 0x54, 0x00, 0x63, 0x75, 0x00, /* F88D0 */
	0x26, 0x4B, 0x55, 0x31, 0x42, 0x69, 0x4B, 0x00, 0x6D, 0x69, 0x73, 0x63, 0x00, 0x26, 0x4D, 0x69, /* F88E0 */
	0x32, 0x53, 0x7C, 0x4C, 0x41, 0x31, 0x4E, 0x45, 0x40, 0x53, 0x00, 0x75, 0x6E, 0x69, 0x76, 0x00, /* F88F0 */
	0x26, 0x55, 0x32, 0x4E, 0x7C, 0x56, 0x33, 0x31, 0x53, 0x69, 0x74, 0x45, 0x00, 0x73, 0x65, 0x63, /* F8900 */
	0x79, 0x00, 0x26, 0x53, 0x65, 0x31, 0x4B, 0x52, 0x40, 0x54, 0x65, 0x52, 0x45, 0x00, 0x66, 0x65, /* F8910 */
	0x62, 0x00, 0x26, 0x46, 0x65, 0x31, 0x42, 0x55, 0x65, 0x32, 0x52, 0x45, 0x00, 0x61, 0x70, 0x72, /* F8920 */
	0x00, 0x26, 0x41, 0x31, 0x50, 0x52, 0x6C, 0x00, 0x6A, 0x75, 0x6E, 0x00, 0x26, 0x4A, 0x62, 0x31, /* F8930 */
	0x4E, 0x00, 0x6A, 0x75, 0x6C, 0x00, 0x26, 0x4A, 0x62, 0x4C, 0x49, 0x31, 0x00, 0x61, 0x75, 0x67, /* F8940 */
	0x00, 0x26, 0x77, 0x31, 0x47, 0x40, 0x53, 0x54, 0x00, 0x73, 0x65, 0x70, 0x00, 0x26, 0x53, 0x65, /* F8950 */
	0x50, 0x54, 0x65, 0x31, 0x4D, 0x42, 0x33, 0x00, 0x73, 0x65, 0x70, 0x74, 0x00, 0x26, 0x53, 0x65, /* F8960 */
	0x50, 0x54, 0x65, 0x31, 0x4D, 0x42, 0x33, 0x00, 0x6F, 0x63, 0x74, 0x00, 0x26, 0x6F, 0x4B, 0x54, /* F8970 */
	0x4F, 0x31, 0x42, 0x33, 0x00, 0x6E, 0x6F, 0x76, 0x00, 0x26, 0x4E, 0x4F, 0x56, 0x65, 0x31, 0x4D, /* F8980 */
	0x42, 0x33, 0x00, 0x64, 0x65, 0x63, 0x00, 0x26, 0x44, 0x45, 0x53, 0x65, 0x31, 0x4D, 0x42, 0x33, /* F8990 */
	0x00, 0x6D, 0x6F, 0x6E, 0x00, 0x26, 0x4D, 0x76, 0x31, 0x4E, 0x44, 0x41, 0x00, 0x74, 0x75, 0x65, /* F89A0 */
	0x00, 0x26, 0x54, 0x62, 0x31, 0x5A, 0x44, 0x41, 0x00, 0x74, 0x75, 0x65, 0x73, 0x00, 0x26, 0x54, /* F89B0 */
	0x62, 0x31, 0x5A, 0x44, 0x41, 0x00, 0x74, 0x68, 0x75, 0x00, 0x26, 0x58, 0x33, 0x31, 0x5A, 0x44, /* F89C0 */
	0x41, 0x00, 0x74, 0x68, 0x75, 0x72, 0x00, 0x26, 0x58, 0x33, 0x31, 0x5A, 0x44, 0x41, 0x00, 0x74, /* F89D0 */
	0x68, 0x75, 0x72, 0x73, 0x00, 0x26, 0x58, 0x33, 0x31, 0x5A, 0x44, 0x41, 0x00, 0x66, 0x72, 0x69, /* F89E0 */
	0x00, 0x26, 0x46, 0x52, 0x49, 0x31, 0x44, 0x41, 0x00, 0x23, 0x00, 0x26, 0x4E, 0x76, 0x31, 0x4D, /* F89F0 */
	0x42, 0x33, 0x00, 0x25, 0x00, 0x26, 0x50, 0x33, 0x53, 0x65, 0x31, 0x4E, 0x54, 0x00, 0x26, 0x00, /* F8A00 */
	0x26, 0x61, 0x32, 0x4E, 0x44, 0x00, 0x2A, 0x00, 0x26, 0x61, 0x31, 0x53, 0x54, 0x33, 0x69, 0x53, /* F8A10 */
	0x4B, 0x00, 0x2B, 0x00, 0x26, 0x50, 0x4C, 0x76, 0x31, 0x53, 0x00, 0x3C, 0x00, 0x26, 0x4C, 0x65, /* F8A20 */
	0x31, 0x53, 0x78, 0x61, 0x32, 0x4E, 0x00, 0x3D, 0x00, 0x26, 0x45, 0x31, 0x4B, 0x57, 0x6C, 0x5A, /* F8A30 */
	0x00, 0x3E, 0x00, 0x26, 0x47, 0x52, 0x41, 0x31, 0x54, 0x33, 0x78, 0x61, 0x32, 0x4E, 0x00, 0x40, /* F8A40 */
	0x00, 0x26, 0x61, 0x31, 0x54, 0x00, 0x2F, 0x00, 0x26, 0x53, 0x4C, 0x61, 0x31, 0x4E, 0x54, 0x00, /* F8A50 */
	0x5C, 0x00, 0x26, 0x42, 0x61, 0x31, 0x4B, 0x53, 0x4C, 0x61, 0x32, 0x4E, 0x54, 0x00, 0x5E, 0x00, /* F8A60 */
	0x26, 0x4B, 0x6B, 0x31, 0x40, 0x54, 0x00, 0x5F, 0x00, 0x26, 0x76, 0x31, 0x4E, 0x44, 0x33, 0x4C, /* F8A70 */
	0x49, 0x4E, 0x00, 0x60, 0x00, 0x26, 0x47, 0x52, 0x41, 0x31, 0x56, 0x00, 0x7C, 0x00, 0x26, 0x56, /* F8A80 */
	0x33, 0x31, 0x74, 0x7C, 0x4B, 0x6C, 0x4C, 0x49, 0x31, 0x4E, 0x00, 0x30, 0x74, 0x68, 0x00, 0x26, /* F8A90 */
	0x5A, 0x45, 0x31, 0x52, 0x4F, 0x58, 0x00, 0x31, 0x73, 0x74, 0x00, 0x26, 0x46, 0x33, 0x31, 0x53, /* F8AA0 */
	0x54, 0x00, 0x32, 0x6E, 0x64, 0x00, 0x26, 0x53, 0x65, 0x31, 0x4B, 0x40, 0x4E, 0x44, 0x00, 0x33, /* F8AB0 */
	0x72, 0x64, 0x00, 0x26, 0x58, 0x33, 0x31, 0x44, 0x00, 0x34, 0x74, 0x68, 0x00, 0x26, 0x46, 0x67, /* F8AC0 */
	0x31, 0x58, 0x00, 0x35, 0x74, 0x68, 0x00, 0x26, 0x46, 0x69, 0x31, 0x46, 0x58, 0x00, 0x36, 0x74, /* F8AD0 */
	0x68, 0x00, 0x26, 0x53, 0x69, 0x31, 0x4B, 0x53, 0x58, 0x00, 0x37, 0x74, 0x68, 0x00, 0x26, 0x53, /* F8AE0 */
	0x65, 0x31, 0x56, 0x7C, 0x4E, 0x58, 0x00, 0x38, 0x74, 0x68, 0x00, 0x26, 0x41, 0x31, 0x54, 0x58, /* F8AF0 */
	0x00, 0x39, 0x74, 0x68, 0x00, 0x26, 0x4E, 0x49, 0x31, 0x4E, 0x58, 0x00, 0x22, 0x00, 0x26, 0x4B, /* F8B00 */
	0x57, 0x4F, 0x31, 0x54, 0x00, 0x24, 0x00, 0x26, 0x44, 0x6F, 0x31, 0x4C, 0x33, 0x00, 0x28, 0x00, /* F8B10 */
	0x26, 0x4F, 0x31, 0x50, 0x7C, 0x4E, 0x50, 0x40, 0x52, 0x65, 0x31, 0x4E, 0x00, 0x29, 0x00, 0x26, /* F8B20 */
	0x4B, 0x4C, 0x4F, 0x31, 0x5A, 0x50, 0x40, 0x52, 0x65, 0x31, 0x4E, 0x00, 0x2C, 0x00, 0x26, 0x4B, /* F8B30 */
	0x6F, 0x31, 0x4D, 0x40, 0x00, 0x2D, 0x00, 0x26, 0x44, 0x61, 0x31, 0x73, 0x00, 0x3A, 0x00, 0x26, /* F8B40 */
	0x4B, 0x4F, 0x31, 0x4C, 0x40, 0x4E, 0x00, 0x3B, 0x00, 0x26, 0x53, 0x65, 0x31, 0x4D, 0x45, 0x4B, /* F8B50 */
	0x4F, 0x32, 0x4C, 0x6E, 0x00, 0x5B, 0x00, 0x26, 0x4F, 0x31, 0x50, 0x7C, 0x4E, 0x42, 0x52, 0x61, /* F8B60 */
	0x31, 0x4B, 0x7C, 0x54, 0x00, 0x5D, 0x00, 0x26, 0x4B, 0x4C, 0x4F, 0x31, 0x5A, 0x42, 0x52, 0x61, /* F8B70 */
	0x31, 0x4B, 0x7C, 0x54, 0x00, 0x7B, 0x00, 0x26, 0x4F, 0x31, 0x50, 0x7C, 0x4E, 0x42, 0x52, 0x41, /* F8B80 */
	0x31, 0x53, 0x00, 0x7D, 0x00, 0x26, 0x4B, 0x4C, 0x4F, 0x31, 0x5A, 0x42, 0x52, 0x41, 0x31, 0x53, /* F8B90 */
	0x00, 0x7E, 0x00, 0x26, 0x54, 0x69, 0x31, 0x6A, 0x44, 0x40, 0x00, 0x64, 0x72, 0x00, 0x26, 0x44, /* F8BA0 */
	0x6F, 0x31, 0x4B, 0x54, 0x33, 0x00, 0x73, 0x74, 0x00, 0x26, 0x53, 0x41, 0x31, 0x4E, 0x54, 0x00, /* F8BB0 */
	0x66, 0x74, 0x00, 0x26, 0x46, 0x67, 0x31, 0x54, 0x00, 0x64, 0x72, 0x00, 0x26, 0x44, 0x52, 0x49, /* F8BC0 */
	0x31, 0x56, 0x00, 0x73, 0x74, 0x00, 0x26, 0x53, 0x54, 0x52, 0x45, 0x31, 0x54, 0x00, 0x66, 0x74, /* F8BD0 */
	0x00, 0x26, 0x46, 0x75, 0x31, 0x54, 0x00, 0x69, 0x2E, 0x65, 0x2E, 0x00, 0x26, 0x78, 0x61, 0x32, /* F8BE0 */
	0x74, 0x69, 0x32, 0x5A, 0x2C, 0x00, 0x69, 0x2E, 0x65, 0x00, 0x26, 0x78, 0x61, 0x32, 0x74, 0x69, /* F8BF0 */
	0x32, 0x5A, 0x2C, 0x00, 0x65, 0x2E, 0x67, 0x2E, 0x00, 0x26, 0x46, 0x67, 0x31, 0x7C, 0x47, 0x5A, /* F8C00 */
	0x61, 0x31, 0x4D, 0x50, 0x6C, 0x2C, 0x00, 0x65, 0x2E, 0x67, 0x00, 0x26, 0x46, 0x67, 0x31, 0x7C, /* F8C10 */
	0x47, 0x5A, 0x61, 0x31, 0x4D, 0x50, 0x6C, 0x2C, 0x00, 0x30, 0x00, 0x26, 0x54, 0x65, 0x31, 0x4E, /* F8C20 */
	0x00, 0x31, 0x00, 0x26, 0x45, 0x4C, 0x65, 0x31, 0x56, 0x6E, 0x00, 0x32, 0x00, 0x26, 0x54, 0x57, /* F8C30 */
	0x65, 0x31, 0x6A, 0x56, 0x00, 0x33, 0x00, 0x26, 0x58, 0x33, 0x31, 0x54, 0x45, 0x32, 0x4E, 0x00, /* F8C40 */
	0x34, 0x00, 0x26, 0x46, 0x67, 0x31, 0x54, 0x45, 0x32, 0x4E, 0x00, 0x35, 0x00, 0x26, 0x46, 0x69, /* F8C50 */
	0x31, 0x46, 0x54, 0x45, 0x32, 0x4E, 0x00, 0x36, 0x00, 0x26, 0x53, 0x69, 0x31, 0x4B, 0x53, 0x54, /* F8C60 */
	0x45, 0x32, 0x4E, 0x00, 0x37, 0x00, 0x26, 0x53, 0x65, 0x31, 0x56, 0x7C, 0x4E, 0x54, 0x45, 0x32, /* F8C70 */
	0x4E, 0x00, 0x38, 0x00, 0x26, 0x41, 0x31, 0x54, 0x45, 0x32, 0x4E, 0x00, 0x39, 0x00, 0x26, 0x4E, /* F8C80 */
	0x49, 0x31, 0x4E, 0x54, 0x45, 0x32, 0x4E, 0x00, 0x32, 0x00, 0x26, 0x54, 0x57, 0x65, 0x31, 0x4E, /* F8C90 */
	0x54, 0x45, 0x00, 0x33, 0x00, 0x26, 0x58, 0x33, 0x31, 0x54, 0x45, 0x00, 0x34, 0x00, 0x26, 0x46, /* F8CA0 */
	0x67, 0x31, 0x54, 0x45, 0x00, 0x35, 0x00, 0x26, 0x46, 0x69, 0x31, 0x46, 0x54, 0x45, 0x00, 0x36, /* F8CB0 */
	0x00, 0x26, 0x53, 0x69, 0x31, 0x4B, 0x53, 0x54, 0x45, 0x00, 0x37, 0x00, 0x26, 0x53, 0x65, 0x31, /* F8CC0 */
	0x56, 0x7C, 0x4E, 0x54, 0x45, 0x00, 0x38, 0x00, 0x26, 0x41, 0x31, 0x54, 0x45, 0x00, 0x39, 0x00, /* F8CD0 */
	0x26, 0x4E, 0x49, 0x31, 0x4E, 0x54, 0x45, 0x00, 0x2E, 0x00, 0x26, 0x50, 0x34, 0x31, 0x45, 0x40, /* F8CE0 */
	0x44, 0x00, 0x3F, 0x00, 0x26, 0x4B, 0x57, 0x65, 0x31, 0x53, 0x43, 0x40, 0x4E, 0x00, 0x21, 0x00, /* F8CF0 */
	0x26, 0x65, 0x4B, 0x53, 0x4B, 0x4C, 0x40, 0x4D, 0x41, 0x31, 0x73, 0x6E, 0x00, 0x6D, 0x72, 0x73, /* F8D00 */
	0x00, 0x26, 0x4D, 0x69, 0x31, 0x53, 0x7C, 0x5A, 0x00, 0x6D, 0x73, 0x00, 0x26, 0x4D, 0x69, 0x31, /* F8D10 */
	0x5A, 0x00, 0x6D, 0x72, 0x00, 0x26, 0x4D, 0x69, 0x31, 0x53, 0x54, 0x33, 0x00, 0x72, 0x65, 0x76, /* F8D20 */
	0x00, 0x26, 0x52, 0x65, 0x31, 0x56, 0x52, 0x7C, 0x4E, 0x44, 0x00, 0x67, 0x6F, 0x76, 0x00, 0x26, /* F8D30 */
	0x47, 0x76, 0x31, 0x56, 0x40, 0x4E, 0x33, 0x00, 0x67, 0x65, 0x6E, 0x00, 0x26, 0x4A, 0x65, 0x31, /* F8D40 */
	0x4E, 0x33, 0x6C, 0x00, 0x66, 0x69, 0x67, 0x00, 0x26, 0x46, 0x69, 0x31, 0x47, 0x59, 0x33, 0x00, /* F8D50 */
	0x6E, 0x6F, 0x00, 0x26, 0x4E, 0x76, 0x31, 0x4D, 0x42, 0x33, 0x00, 0x69, 0x6E, 0x00, 0x26, 0x69, /* F8D60 */
	0x31, 0x4E, 0x43, 0x7C, 0x5A, 0x00, 0x6A, 0x61, 0x6E, 0x00, 0x26, 0x4A, 0x61, 0x31, 0x4E, 0x55, /* F8D70 */
	0x65, 0x32, 0x52, 0x45, 0x00, 0x6D, 0x61, 0x72, 0x00, 0x26, 0x4D, 0x6F, 0x31, 0x52, 0x43, 0x00, /* F8D80 */
	0x77, 0x65, 0x64, 0x00, 0x26, 0x57, 0x65, 0x31, 0x4E, 0x5A, 0x44, 0x41, 0x00, 0x73, 0x61, 0x74, /* F8D90 */
	0x00, 0x26, 0x53, 0x61, 0x31, 0x54, 0x33, 0x44, 0x41, 0x00, 0x73, 0x75, 0x6E, 0x00, 0x26, 0x53, /* F8DA0 */
	0x76, 0x31, 0x4E, 0x44, 0x41, 0x00, 0x67, 0x61, 0x6C, 0x00, 0x26, 0x47, 0x61, 0x31, 0x4C, 0x40, /* F8DB0 */
	0x6E, 0x00, 0x63, 0x6F, 0x00, 0x26, 0x4B, 0x76, 0x31, 0x4D, 0x50, 0x40, 0x4E, 0x45, 0x00, 0x63, /* F8DC0 */
	0x1D, 0xD3, 0x1C, 0x0C, 0x21, 0x7E, 0x20, 0x0C, 0x21, 0x81, 0x1D, 0x9F, 0x1D, 0x0C, 0x21, 0x0C, /* F8DD0 */
	0x21, 0x0C, 0x21, 0x0C, 0x21, 0x7E, 0x20, 0x0C, 0x21, 0xE0, 0x1D, 0x0C, 0x21, 0x0C, 0x21, 0x21, /* F8DE0 */
	0x1D, 0x9C, 0x1C, 0x0C, 0x21, 0x0C, 0x21, 0x0C, 0x21, 0x0C, 0x21, 0x0C, 0x21, 0x0C, 0x21, 0x0C, /* F8DF0 */
	0x21, 0x0C, 0x21, 0x0C, 0x21, 0x0C, 0x21, 0x0C, 0x21, 0x0C, 0x21, 0x21, 0x1E, 0x0C, 0x21, 0x0C, /* F8E00 */
	0x21, 0x0C, 0x21, 0x0C, 0x21, 0x0C, 0x21, 0xDD, 0x1F, 0x0C, 0x21, 0xEE, 0x1C, 0x0C, 0x21, 0x0C, /* F8E10 */
	0x21, 0x21, 0x20, 0x0C, 0x21, 0x0C, 0x21, 0x0C, 0x21, 0xB8, 0x1E, 0x0C, 0x21, 0x6C, 0x1E, 0x0B, /* F8E20 */
	0x1F, 0x4F, 0x1F, 0x0C, 0x21, 0x0C, 0x21, 0x0C, 0x21, 0x3F, 0x1D, 0x6D, 0x1B, 0x7B, 0x1B, 0xCA, /* F8E30 */
	0x1B, 0x07, 0x00, 0xE7, 0x23, 0x11, 0x00, 0xC9, 0x23, 0x13, 0x00, 0xD5, 0x23, 0x1B, 0x00, 0xF3, /* F8E40 */
	0x23, 0x52, 0x00, 0xFF, 0x23, 0x53, 0x00, 0x0B, 0x24, 0x69, 0x00, 0x23, 0x24, 0x78, 0x00, 0x17, /* F8E50 */
	0x24, 0x00, 0x00, 0x2F, 0x24, 0x01, 0x00, 0x00, 0x10, 0x00, 0x18, 0x00, 0x18, 0x00, 0x40, 0xFF, /* F8E60 */
	0xFF, 0x7F, 0x2D, 0x63, 0x00, 0xAA, 0xAA, 0x3B, 0x00, 0x00, 0x00, 0x00, 0x00, 0x00, 0x00, 0x00, /* F8E70 */
	0x00, 0x20, 0x4E, 0xC0, 0xDF, 0x80, 0x0A, 0x00, 0x00, 0x00, 0x00, 0x00, 0x78, 0x00, 0x70, 0x00, /* F8E80 */
	0x62, 0x80, 0x9C, 0x80, 0x4D, 0x00, 0xAF, 0x80, 0x6D, 0x00, 0x00, 0x00, 0x71, 0x00, 0x00, 0x00, /* F8E90 */
	0x00, 0x00, 0x00, 0x00, 0x00, 0x80, 0x7A, 0x00, 0x78, 0x00, 0x00, 0x00, 0x00, 0x00, 0x00, 0x80, /* F8EA0 */
	0x28, 0x00, 0x00, 0x00, 0x00, 0x00, 0x00, 0x00, 0x40, 0x00, 0x00, 0x00, 0x00, 0x00, 0x00, 0x00, /* F8EB0 */
	0x00, 0x00, 0x00, 0x00, 0x00, 0x00, 0x00, 0x00, 0x00, 0x00, 0x00, 0x00, 0x00, 0x00, 0x20, 0xF6, /* F8EC0 */
	0x1F, 0xEB, 0x1F, 0xE1, 0x1F, 0xD7, 0x1F, 0xCD, 0x1F, 0xC2, 0x1F, 0xB8, 0x1F, 0xAE, 0x1F, 0xA3, /* F8ED0 */
	0x1F, 0x99, 0x1F, 0x8F, 0x1F, 0x85, 0x1F, 0x7B, 0x1F, 0x71, 0x1F, 0x67, 0x1F, 0x5D, 0x1F, 0x53, /* F8EE0 */
	0x1F, 0x48, 0x1F, 0x3E, 0x1F, 0x34, 0x1F, 0x2A, 0x1F, 0x20, 0x1F, 0x16, 0x1F, 0x0C, 0x1F, 0x02, /* F8EF0 */
	0x1F, 0xF8, 0x1E, 0xEE, 0x1E, 0xE4, 0x1E, 0xDA, 0x1E, 0xD0, 0x1E, 0xC7, 0x1E, 0xBD, 0x1E, 0xB3, /* F8F00 */
	0x1E, 0xA9, 0x1E, 0xA0, 0x1E, 0x96, 0x1E, 0x8C, 0x1E, 0x82, 0x1E, 0x78, 0x1E, 0x6E, 0x1E, 0x64, /* F8F10 */
	0x1E, 0x5A, 0x1E, 0x50, 0x1E, 0x46, 0x1E, 0x3D, 0x1E, 0x33, 0x1E, 0x29, 0x1E, 0x1F, 0x1E, 0x16, /* F8F20 */
	0x1E, 0x0D, 0x1E, 0x04, 0x1E, 0xFA, 0x1D, 0xF0, 0x1D, 0xE6, 0x1D, 0xDD, 0x1D, 0xD3, 0x1D, 0xCA, /* F8F30 */
	0x1D, 0xC0, 0x1D, 0xB6, 0x1D, 0xAD, 0x1D, 0xA3, 0x1D, 0x99, 0x1D, 0x90, 0x1D, 0x86, 0x1D, 0x7C, /* F8F40 */
	0x1D, 0x73, 0x1D, 0x6A, 0x1D, 0x61, 0x1D, 0x57, 0x1D, 0x4E, 0x1D, 0x45, 0x1D, 0x3B, 0x1D, 0x32, /* F8F50 */
	0x1D, 0x28, 0x1D, 0x1F, 0x1D, 0x15, 0x1D, 0x0C, 0x1D, 0x03, 0x1D, 0xFA, 0x1C, 0xF0, 0x1C, 0xE6, /* F8F60 */
	0x1C, 0xDD, 0x1C, 0xD4, 0x1C, 0xCB, 0x1C, 0xC2, 0x1C, 0xB9, 0x1C, 0xB0, 0x1C, 0xA6, 0x1C, 0x9D, /* F8F70 */
	0x1C, 0x94, 0x1C, 0x8B, 0x1C, 0x82, 0x1C, 0x78, 0x1C, 0x6F, 0x1C, 0x66, 0x1C, 0x5D, 0x1C, 0x54, /* F8F80 */
	0x1C, 0x4B, 0x1C, 0x42, 0x1C, 0x39, 0x1C, 0x30, 0x1C, 0x26, 0x1C, 0x1D, 0x1C, 0x14, 0x1C, 0x0B, /* F8F90 */
	0x1C, 0x02, 0x1C, 0xF9, 0x1B, 0x00, 0x20, 0xEB, 0x1F, 0xD7, 0x1F, 0xC2, 0x1F, 0xAE, 0x1F, 0x99, /* F8FA0 */
	0x1F, 0x85, 0x1F, 0x71, 0x1F, 0x5D, 0x1F, 0x49, 0x1F, 0x34, 0x1F, 0x20, 0x1F, 0x0C, 0x1F, 0xF8, /* F8FB0 */
	0x1E, 0xE4, 0x1E, 0xD1, 0x1E, 0xBD, 0x1E, 0xA9, 0x1E, 0x95, 0x1E, 0x81, 0x1E, 0x6E, 0x1E, 0x5B, /* F8FC0 */
	0x1E, 0x47, 0x1E, 0x34, 0x1E, 0x20, 0x1E, 0x0D, 0x1E, 0xF9, 0x1D, 0xE6, 0x1D, 0xD3, 0x1D, 0xC0, /* F8FD0 */
	0x1D, 0xAD, 0x1D, 0x9A, 0x1D, 0x87, 0x1D, 0x74, 0x1D, 0x61, 0x1D, 0x4E, 0x1D, 0x3B, 0x1D, 0x28, /* F8FE0 */
	0x1D, 0x15, 0x1D, 0x02, 0x1D, 0xF0, 0x1C, 0xDE, 0x1C, 0xCB, 0x1C, 0xB9, 0x1C, 0xA6, 0x1C, 0x93, /* F8FF0 */
	0x1C, 0x81, 0x1C, 0x6F, 0x1C, 0x5D, 0x1C, 0x4A, 0x1C, 0x38, 0x1C, 0x26, 0x1C, 0x14, 0x1C, 0x02, /* F9000 */
	0x1C, 0xF0, 0x1B, 0xDE, 0x1B, 0xCC, 0x1B, 0xBA, 0x1B, 0xA8, 0x1B, 0x97, 0x1B, 0x85, 0x1B, 0x73, /* F9010 */
	0x1B, 0x61, 0x1B, 0x4F, 0x1B, 0x3E, 0x1B, 0x2D, 0x1B, 0x1B, 0x1B, 0x0A, 0x1B, 0xF9, 0x1A, 0xE7, /* F9020 */
	0x1A, 0xD6, 0x1A, 0xC4, 0x1A, 0xB3, 0x1A, 0xA2, 0x1A, 0x91, 0x1A, 0x80, 0x1A, 0x6F, 0x1A, 0x5E, /* F9030 */
	0x1A, 0x4D, 0x1A, 0x3C, 0x1A, 0x2C, 0x1A, 0x1B, 0x1A, 0x0A, 0x1A, 0xFA, 0x19, 0xE9, 0x19, 0xD8, /* F9040 */
	0x19, 0xC8, 0x19, 0xB7, 0x19, 0xA7, 0x19, 0x96, 0x19, 0x86, 0x19, 0x75, 0x19, 0x65, 0x19, 0x55, /* F9050 */
	0x19, 0x44, 0x19, 0x34, 0x19, 0x24, 0x19, 0x14, 0x19, 0x04, 0x19, 0xF4, 0x18, 0xE3, 0x18, 0xD3, /* F9060 */
	0x18, 0xC4, 0x18, 0xB4, 0x18, 0xA4, 0x18, 0x00, 0x00, 0x00, 0x00, 0x00, 0x00, 0x00, 0x00, 0x00, /* F9070 */
	0x00, 0x00, 0x00, 0x00, 0x00, 0x00, 0x00, 0x00, 0x00, 0x00, 0x00, 0x00, 0x00, 0x00, 0x00, 0x3C, /* F9080 */
	0x33, 0xA9, 0x2B, 0xAB, 0x25, 0xD7, 0x20, 0xE4, 0x1C, 0x9F, 0x19, 0xE1, 0x16, 0x8F, 0x14, 0x94, /* F9090 */
	0x12, 0xDF, 0x10, 0x64, 0x0F, 0x19, 0x0E, 0xF7, 0x0C, 0xF6, 0x0B, 0x12, 0x0B, 0x47, 0x0A, 0x92, /* F90A0 */
	0x09, 0x00, 0x40, 0x00, 0x40, 0xFF, 0x3F, 0xFD, 0x3F, 0xFC, 0x3F, 0xFA, 0x3F, 0xF7, 0x3F, 0xF4, /* F90B0 */
	0x3F, 0xF1, 0x3F, 0xED, 0x3F, 0xE9, 0x3F, 0xE5, 0x3F, 0xE0, 0x3F, 0xDA, 0x3F, 0xD4, 0x3F, 0xCE, /* F90C0 */
	0x3F, 0xC8, 0x3F, 0xC1, 0x3F, 0xB9, 0x3F, 0xB1, 0x3F, 0xA9, 0x3F, 0xA0, 0x3F, 0x97, 0x3F, 0x8E, /* F90D0 */
	0x3F, 0x84, 0x3F, 0x7A, 0x3F, 0x6F, 0x3F, 0x64, 0x3F, 0x58, 0x3F, 0x4C, 0x3F, 0x40, 0x3F, 0x33, /* F90E0 */
	0x3F, 0x26, 0x3F, 0x18, 0x3F, 0x0A, 0x3F, 0xFC, 0x3E, 0xED, 0x3E, 0xDE, 0x3E, 0xCE, 0x3E, 0xBE, /* F90F0 */
	0x3E, 0xAE, 0x3E, 0x9D, 0x3E, 0x8B, 0x3E, 0x7A, 0x3E, 0x68, 0x3E, 0x55, 0x3E, 0x42, 0x3E, 0x2F, /* F9100 */
	0x3E, 0x1B, 0x3E, 0x07, 0x3E, 0xF3, 0x3D, 0xDE, 0x3D, 0xC9, 0x3D, 0xB3, 0x3D, 0x9D, 0x3D, 0x86, /* F9110 */
	0x3D, 0x70, 0x3D, 0x58, 0x3D, 0x41, 0x3D, 0x29, 0x3D, 0x10, 0x3D, 0xF7, 0x3C, 0xDE, 0x3C, 0xC4, /* F9120 */
	0x3C, 0xAA, 0x3C, 0x90, 0x3C, 0x75, 0x3C, 0x5A, 0x3C, 0x3E, 0x3C, 0x22, 0x3C, 0x06, 0x3C, 0xE9, /* F9130 */
	0x3B, 0xCC, 0x3B, 0xAE, 0x3B, 0x90, 0x3B, 0x72, 0x3B, 0x53, 0x3B, 0x34, 0x3B, 0x15, 0x3B, 0xF5, /* F9140 */
	0x3A, 0xD5, 0x3A, 0xB4, 0x3A, 0x93, 0x3A, 0x72, 0x3A, 0x50, 0x3A, 0x2E, 0x3A, 0x0B, 0x3A, 0xE8, /* F9150 */
	0x39, 0xC5, 0x39, 0xA1, 0x39, 0x7D, 0x39, 0x59, 0x39, 0x34, 0x39, 0x0F, 0x39, 0xEA, 0x38, 0xC4, /* F9160 */
	0x38, 0x9E, 0x38, 0x77, 0x38, 0x50, 0x38, 0x29, 0x38, 0x01, 0x38, 0xD9, 0x37, 0xB1, 0x37, 0x88, /* F9170 */
	0x37, 0x5F, 0x37, 0x35, 0x37, 0x0B, 0x37, 0xE1, 0x36, 0xB7, 0x36, 0x8C, 0x36, 0x60, 0x36, 0x35, /* F9180 */
	0x36, 0x09, 0x36, 0xDD, 0x35, 0xB0, 0x35, 0x83, 0x35, 0x56, 0x35, 0x28, 0x35, 0xFA, 0x34, 0xCB, /* F9190 */
	0x34, 0x9D, 0x34, 0x6E, 0x34, 0x3E, 0x34, 0x0E, 0x34, 0xDE, 0x33, 0xAE, 0x33, 0x7D, 0x33, 0x4C, /* F91A0 */
	0x33, 0x1B, 0x33, 0xE9, 0x32, 0xB7, 0x32, 0x84, 0x32, 0x52, 0x32, 0x1F, 0x32, 0xEB, 0x31, 0xB8, /* F91B0 */
	0x31, 0x84, 0x31, 0x4F, 0x31, 0x1B, 0x31, 0xE6, 0x30, 0xB0, 0x30, 0x7B, 0x30, 0x45, 0x30, 0x0F, /* F91C0 */
	0x30, 0xD8, 0x2F, 0xA1, 0x2F, 0x6A, 0x2F, 0x32, 0x2F, 0xFB, 0x2E, 0xC3, 0x2E, 0x8A, 0x2E, 0x52, /* F91D0 */
	0x2E, 0x19, 0x2E, 0xDF, 0x2D, 0xA6, 0x2D, 0x6C, 0x2D, 0x32, 0x2D, 0xF7, 0x2C, 0xBC, 0x2C, 0x81, /* F91E0 */
	0x2C, 0x46, 0x2C, 0x0A, 0x2C, 0xCE, 0x2B, 0x92, 0x2B, 0x56, 0x2B, 0x19, 0x2B, 0xDC, 0x2A, 0x9F, /* F91F0 */
	0x2A, 0x61, 0x2A, 0x23, 0x2A, 0xE5, 0x29, 0xA7, 0x29, 0x68, 0x29, 0x29, 0x29, 0xEA, 0x28, 0xAA, /* F9200 */
	0x28, 0x6B, 0x28, 0x2B, 0x28, 0xEB, 0x27, 0xAA, 0x27, 0x69, 0x27, 0x28, 0x27, 0xE7, 0x26, 0xA5, /* F9210 */
	0x26, 0x64, 0x26, 0x22, 0x26, 0xDF, 0x25, 0x9D, 0x25, 0x5A, 0x25, 0x17, 0x25, 0xD4, 0x24, 0x90, /* F9220 */
	0x24, 0x4D, 0x24, 0x09, 0x24, 0xC4, 0x23, 0x80, 0x23, 0x3B, 0x23, 0xF7, 0x22, 0xB1, 0x22, 0x6C, /* F9230 */
	0x22, 0x27, 0x22, 0xE1, 0x21, 0x9B, 0x21, 0x55, 0x21, 0x0E, 0x21, 0xC8, 0x20, 0x81, 0x20, 0x3A, /* F9240 */
	0x20, 0xF2, 0x1F, 0xAB, 0x1F, 0x63, 0x1F, 0x1B, 0x1F, 0xD3, 0x1E, 0x8B, 0x1E, 0x42, 0x1E, 0xFA, /* F9250 */
	0x1D, 0xB1, 0x1D, 0x68, 0x1D, 0x1F, 0x1D, 0xD5, 0x1C, 0x8C, 0x1C, 0x42, 0x1C, 0xF8, 0x1B, 0xAE, /* F9260 */
	0x1B, 0x63, 0x1B, 0x19, 0x1B, 0xCE, 0x1A, 0x83, 0x1A, 0x38, 0x1A, 0xED, 0x19, 0xA1, 0x19, 0x56, /* F9270 */
	0x19, 0x0A, 0x19, 0xBE, 0x18, 0x72, 0x18, 0x26, 0x18, 0xDA, 0x17, 0x8D, 0x17, 0x41, 0x17, 0xF4, /* F9280 */
	0x16, 0xA7, 0x16, 0x5A, 0x16, 0x0C, 0x16, 0xBF, 0x15, 0x71, 0x15, 0x24, 0x15, 0xD6, 0x14, 0x88, /* F9290 */
	0x14, 0x3A, 0x14, 0xEC, 0x13, 0x9D, 0x13, 0x4F, 0x13, 0x00, 0x13, 0xB2, 0x12, 0x63, 0x12, 0x14, /* F92A0 */
	0x12, 0xC5, 0x11, 0x76, 0x11, 0x26, 0x11, 0xD7, 0x10, 0x87, 0x10, 0x38, 0x10, 0xE8, 0x0F, 0x98, /* F92B0 */
	0x0F, 0x48, 0x0F, 0xF8, 0x0E, 0xA8, 0x0E, 0x58, 0x0E, 0x08, 0x0E, 0xB7, 0x0D, 0x67, 0x0D, 0x16, /* F92C0 */
	0x0D, 0xC5, 0x0C, 0x75, 0x0C, 0x24, 0x0C, 0xD3, 0x0B, 0x82, 0x0B, 0x31, 0x0B, 0xE0, 0x0A, 0x8F, /* F92D0 */
	0x0A, 0x3D, 0x0A, 0xEC, 0x09, 0x9B, 0x09, 0x49, 0x09, 0xF8, 0x08, 0xA6, 0x08, 0x54, 0x08, 0x03, /* F92E0 */
	0x08, 0xB1, 0x07, 0x5F, 0x07, 0x0D, 0x07, 0xBB, 0x06, 0x6A, 0x06, 0x18, 0x06, 0xC6, 0x05, 0x73, /* F92F0 */
	0x05, 0x21, 0x05, 0xCF, 0x04, 0x7D, 0x04, 0x2B, 0x04, 0xD9, 0x03, 0x87, 0x03, 0x34, 0x03, 0xE2, /* F9300 */
	0x02, 0x90, 0x02, 0x3D, 0x02, 0xEB, 0x01, 0x99, 0x01, 0x46, 0x01, 0xF4, 0x00, 0xA2, 0x00, 0x4F, /* F9310 */
	0x00, 0xFE, 0xFF, 0xAC, 0xFF, 0x59, 0xFF, 0x07, 0xFF, 0xB5, 0xFE, 0x62, 0xFE, 0x10, 0xFE, 0xBE, /* F9320 */
	0xFD, 0x6B, 0xFD, 0x19, 0xFD, 0xC7, 0xFC, 0x74, 0xFC, 0x22, 0xFC, 0xD0, 0xFB, 0x7E, 0xFB, 0x2C, /* F9330 */
	0xFB, 0xDA, 0xFA, 0x87, 0xFA, 0x35, 0xFA, 0xE3, 0xF9, 0x91, 0xF9, 0x40, 0xF9, 0xEE, 0xF8, 0x9C, /* F9340 */
	0xF8, 0x4A, 0xF8, 0xF8, 0xF7, 0xA7, 0xF7, 0x55, 0xF7, 0x03, 0xF7, 0xB2, 0xF6, 0x60, 0xF6, 0x0F, /* F9350 */
	0xF6, 0xBE, 0xF5, 0x6C, 0xF5, 0x1B, 0xF5, 0xCA, 0xF4, 0x79, 0xF4, 0x28, 0xF4, 0xD7, 0xF3, 0x86, /* F9360 */
	0xF3, 0x36, 0xF3, 0xE5, 0xF2, 0x94, 0xF2, 0x44, 0xF2, 0xF3, 0xF1, 0xA3, 0xF1, 0x53, 0xF1, 0x03, /* F9370 */
	0xF1, 0xB3, 0xF0, 0x63, 0xF0, 0x13, 0xF0, 0xC3, 0xEF, 0x74, 0xEF, 0x24, 0xEF, 0xD5, 0xEE, 0x86, /* F9380 */
	0xEE, 0x36, 0xEE, 0xE7, 0xED, 0x98, 0xED, 0x4A, 0xED, 0xFB, 0xEC, 0xAC, 0xEC, 0x5E, 0xEC, 0x0F, /* F9390 */
	0xEC, 0xC1, 0xEB, 0x73, 0xEB, 0x25, 0xEB, 0xD7, 0xEA, 0x8A, 0xEA, 0x3C, 0xEA, 0xEF, 0xE9, 0xA2, /* F93A0 */
	0xE9, 0x55, 0xE9, 0x08, 0xE9, 0xBB, 0xE8, 0x6E, 0xE8, 0x22, 0xE8, 0xD5, 0xE7, 0x89, 0xE7, 0x3D, /* F93B0 */
	0xE7, 0xF1, 0xE6, 0xA6, 0xE6, 0x5A, 0xE6, 0x0F, 0xE6, 0xC3, 0xE5, 0x78, 0xE5, 0x2E, 0xE5, 0xE3, /* F93C0 */
	0xE4, 0x98, 0xE4, 0x4E, 0xE4, 0x04, 0xE4, 0xBA, 0xE3, 0x70, 0xE3, 0x26, 0xE3, 0xDD, 0xE2, 0x94, /* F93D0 */
	0xE2, 0x4B, 0xE2, 0x02, 0xE2, 0xB9, 0xE1, 0x71, 0xE1, 0x28, 0xE1, 0xE0, 0xE0, 0x99, 0xE0, 0x51, /* F93E0 */
	0xE0, 0x09, 0xE0, 0xC2, 0xDF, 0x7B, 0xDF, 0x34, 0xDF, 0xEE, 0xDE, 0xA7, 0xDE, 0x61, 0xDE, 0x1B, /* F93F0 */
	0xDE, 0xD5, 0xDD, 0x90, 0xDD, 0x4A, 0xDD, 0x05, 0xDD, 0xC1, 0xDC, 0x7C, 0xDC, 0x38, 0xDC, 0xF3, /* F9400 */
	0xDB, 0xAF, 0xDB, 0x6C, 0xDB, 0x28, 0xDB, 0xE5, 0xDA, 0xA2, 0xDA, 0x5F, 0xDA, 0x1D, 0xDA, 0xDB, /* F9410 */
	0xD9, 0x99, 0xD9, 0x57, 0xD9, 0x15, 0xD9, 0xD4, 0xD8, 0x93, 0xD8, 0x52, 0xD8, 0x12, 0xD8, 0xD2, /* F9420 */
	0xD7, 0x92, 0xD7, 0x52, 0xD7, 0x12, 0xD7, 0xD3, 0xD6, 0x94, 0xD6, 0x56, 0xD6, 0x17, 0xD6, 0xD9, /* F9430 */
	0xD5, 0x9B, 0xD5, 0x5E, 0xD5, 0x20, 0xD5, 0xE3, 0xD4, 0xA7, 0xD4, 0x6A, 0xD4, 0x2E, 0xD4, 0xF2, /* F9440 */
	0xD3, 0xB7, 0xD3, 0x7B, 0xD3, 0x40, 0xD3, 0x06, 0xD3, 0xCB, 0xD2, 0x91, 0xD2, 0x57, 0xD2, 0x1E, /* F9450 */
	0xD2, 0xE4, 0xD1, 0xAB, 0xD1, 0x73, 0xD1, 0x3A, 0xD1, 0x02, 0xD1, 0xCA, 0xD0, 0x93, 0xD0, 0x5C, /* F9460 */
	0xD0, 0x25, 0xD0, 0xEE, 0xCF, 0xB8, 0xCF, 0x82, 0xCF, 0x4D, 0xCF, 0x18, 0xCF, 0xE3, 0xCE, 0xAE, /* F9470 */
	0xCE, 0x7A, 0xCE, 0x46, 0xCE, 0x12, 0xCE, 0xDF, 0xCD, 0xAC, 0xCD, 0x79, 0xCD, 0x46, 0xCD, 0x14, /* F9480 */
	0xCD, 0xE3, 0xCC, 0xB1, 0xCC, 0x80, 0xCC, 0x4F, 0xCC, 0x1F, 0xCC, 0xEF, 0xCB, 0xBF, 0xCB, 0x90, /* F9490 */
	0xCB, 0x61, 0xCB, 0x32, 0xCB, 0x04, 0xCB, 0xD6, 0xCA, 0xA8, 0xCA, 0x7B, 0xCA, 0x4E, 0xCA, 0x00, /* F94A0 */
	0x00, 0x00, 0x00, 0x00, 0x00, 0x00, 0x00, 0x00, 0x00, 0x00, 0x00, 0x00, 0x00, 0x00, 0x00, 0x00, /* F94B0 */
	0x00, 0x00, 0x00, 0x00, 0x00, 0x00, 0x00, 0x00, 0x00, 0x00, 0x00, 0x00, 0x00, 0x00, 0x00, 0x00, /* F94C0 */
	0x00, 0x00, 0x00, 0x00, 0x00, 0x00, 0x00, 0x00, 0x00, 0x00, 0x00, 0x00, 0x00, 0x00, 0x00, 0x00, /* F94D0 */
	0x00, 0x00, 0x00, 0x00, 0x00, 0x00, 0x00, 0x00, 0x00, 0x00, 0x00, 0x00, 0x00, 0x00, 0x00, 0x00, /* F94E0 */
	0x00, 0x00, 0x00, 0x00, 0x00, 0x00, 0x00, 0x00, 0x00, 0x00, 0x00, 0x00, 0x00, 0x00, 0x00, 0x00, /* F94F0 */
	0x00, 0x00, 0x00, 0x00, 0x00, 0x00, 0x00, 0x00, 0x00, 0x00, 0x00, 0x00, 0x00, 0x00, 0x00, 0x00, /* F9500 */
	0x00, 0x00, 0x00, 0x00, 0x00, 0x00, 0x00, 0x00, 0x00, 0x00, 0x00, 0x00, 0x00, 0x00, 0x00, 0x00, /* F9510 */
	0x00, 0x00, 0x00, 0x00, 0x00, 0x00, 0x00, 0x00, 0x00, 0x00, 0x00, 0x00, 0x00, 0x00, 0x00, 0x00, /* F9520 */
	0x00, 0x00, 0x00, 0x00, 0x00, 0x00, 0x00, 0x00, 0x00, 0x00, 0x00, 0x00, 0x00, 0x00, 0x00, 0x00, /* F9530 */
	0x00, 0x00, 0x00, 0x00, 0x00, 0x00, 0x00, 0x00, 0x00, 0x00, 0x00, 0x00, 0x00, 0x00, 0x00, 0x00, /* F9540 */
	0x00, 0x00, 0x00, 0x00, 0x00, 0x00, 0x00, 0x00, 0x00, 0x00, 0x00, 0x00, 0x00, 0x00, 0x00, 0x00, /* F9550 */
	0x00, 0x00, 0x00, 0x00, 0x00, 0x00, 0x00, 0x00, 0x00, 0x00, 0x00, 0x00, 0x00, 0x00, 0x00, 0x00, /* F9560 */
	0x00, 0x00, 0x00, 0x00, 0x00, 0x00, 0x00, 0x00, 0x00, 0x00, 0x00, 0x00, 0x00, 0x00, 0x00, 0x00, /* F9570 */
	0x00, 0x00, 0x00, 0x00, 0x00, 0x00, 0x00, 0x00, 0x00, 0x00, 0x00, 0x00, 0x00, 0x00, 0x00, 0x00, /* F9580 */
	0x00, 0x00, 0x00, 0x00, 0x00, 0x00, 0x00, 0x00, 0x00, 0x00, 0x00, 0x00, 0x00, 0x01, 0x00, 0x01, /* F9590 */
	0x00, 0x01, 0x00, 0x01, 0x00, 0x01, 0x00, 0x01, 0x00, 0x01, 0x00, 0x01, 0x00, 0x02, 0x00, 0x02, /* F95A0 */
	0x00, 0x02, 0x00, 0x02, 0x00, 0x02, 0x00, 0x03, 0x00, 0x03, 0x00, 0x04, 0x00, 0x04, 0x00, 0x05, /* F95B0 */
	0x00, 0x05, 0x00, 0x06, 0x00, 0x07, 0x00, 0x08, 0x00, 0x09, 0x00, 0x0A, 0x00, 0x0B, 0x00, 0x0C, /* F95C0 */
	0x00, 0x0E, 0x00, 0x10, 0x00, 0x12, 0x00, 0x14, 0x00, 0x17, 0x00, 0x19, 0x00, 0x1D, 0x00, 0x20, /* F95D0 */
	0x00, 0x24, 0x00, 0x29, 0x00, 0x2E, 0x00, 0x33, 0x00, 0x39, 0x00, 0x41, 0x00, 0x49, 0x00, 0x51, /* F95E0 */
	0x00, 0x5B, 0x00, 0x67, 0x00, 0x73, 0x00, 0x81, 0x00, 0x91, 0x00, 0xA3, 0x00, 0xB7, 0x00, 0xCD, /* F95F0 */
	0x00, 0xE6, 0x00, 0x03, 0x01, 0x22, 0x01, 0x46, 0x01, 0x6D, 0x01, 0x9A, 0x01, 0xCC, 0x01, 0x04, /* F9600 */
	0x02, 0x43, 0x02, 0x8A, 0x02, 0xDA, 0x02, 0x33, 0x03, 0x97, 0x03, 0x07, 0x04, 0x85, 0x04, 0x12, /* F9610 */
	0x05, 0xB0, 0x05, 0x62, 0x06, 0x29, 0x07, 0x09, 0x08, 0x04, 0x09, 0x1E, 0x0A, 0x5A, 0x0B, 0xBD, /* F9620 */
	0x0C, 0x4B, 0x0E, 0x09, 0x10, 0xFE, 0x11, 0x30, 0x14, 0xA7, 0x16, 0x6B, 0x19, 0x85, 0x1C, 0x00, /* F9630 */
	0x20, 0xE7, 0x23, 0x49, 0x28, 0x33, 0x2D, 0xB7, 0x32, 0xE7, 0x38, 0xD9, 0x3F, 0xA3, 0x47, 0x61, /* F9640 */
	0x50, 0x30, 0x5A, 0x31, 0x65, 0x8A, 0x71, 0x64, 0x7F, 0x18, 0x00, 0x21, 0x00, 0x26, 0x00, 0x28, /* F9650 */
	0x00, 0x2B, 0x00, 0x2C, 0x00, 0x2E, 0x00, 0x2F, 0x00, 0x30, 0x00, 0x31, 0x00, 0x32, 0x00, 0x33, /* F9660 */
	0x00, 0x34, 0x00, 0x34, 0x00, 0x35, 0x00, 0x35, 0x00, 0x36, 0x00, 0x36, 0x00, 0x37, 0x00, 0x37, /* F9670 */
	0x00, 0x38, 0x00, 0x38, 0x00, 0x39, 0x00, 0x39, 0x00, 0x39, 0x00, 0x3A, 0x00, 0x3A, 0x00, 0x3A, /* F9680 */
	0x00, 0x3B, 0x00, 0x3B, 0x00, 0x3B, 0x00, 0x3C, 0x00, 0x3C, 0x00, 0x3C, 0x00, 0x3C, 0x00, 0x3D, /* F9690 */
	0x00, 0x3D, 0x00, 0x3D, 0x00, 0x3D, 0x00, 0x3E, 0x00, 0x3E, 0x00, 0x3E, 0x00, 0x3E, 0x00, 0x3E, /* F96A0 */
	0x00, 0x3F, 0x00, 0x3F, 0x00, 0x3F, 0x00, 0x3F, 0x00, 0x3F, 0x00, 0x3F, 0x00, 0x40, 0x00, 0x40, /* F96B0 */
	0x40, 0x40, 0x00, 0x40, 0x00, 0x40, 0x00, 0x40, 0x00, 0x41, 0x00, 0x41, 0x00, 0x41, 0x00, 0x41, /* F96C0 */
	0x00, 0x41, 0x00, 0x41, 0x00, 0x42, 0x00, 0x42, 0x00, 0x42, 0x00, 0x42, 0x00, 0x42, 0x00, 0x42, /* F96D0 */
	0x00, 0x42, 0x00, 0x42, 0x00, 0x43, 0x00, 0x43, 0x00, 0x43, 0x00, 0x43, 0x00, 0x43, 0x00, 0x43, /* F96E0 */
	0x00, 0x43, 0x00, 0x43, 0x00, 0x44, 0x00, 0x44, 0x00, 0x44, 0x00, 0x44, 0x00, 0x44, 0x00, 0x44, /* F96F0 */
	0x00, 0x44, 0x00, 0x44, 0x00, 0x44, 0x00, 0x44, 0x00, 0x45, 0x00, 0x45, 0x00, 0x45, 0x00, 0x45, /* F9700 */
	0x00, 0x45, 0x00, 0x45, 0x00, 0x45, 0x00, 0x45, 0x00, 0x45, 0x00, 0x45, 0x00, 0x45, 0x00, 0x46, /* F9710 */
	0x00, 0x46, 0x00, 0x46, 0x00, 0x46, 0x00, 0x46, 0x00, 0x46, 0x00, 0x46, 0x00, 0x46, 0x00, 0x46, /* F9720 */
	0x00, 0x46, 0x00, 0x46, 0x00, 0x46, 0x00, 0x47, 0x00, 0x47, 0x00, 0x47, 0x00, 0x47, 0x00, 0x47, /* F9730 */
	0x00, 0x47, 0x00, 0x47, 0x00, 0x47, 0x00, 0x47, 0x00, 0x47, 0x00, 0x00, 0x00, 0x0B, 0x00, 0x0A, /* F9740 */
	0x00, 0x0A, 0x00, 0x09, 0x00, 0x08, 0x00, 0x08, 0x00, 0x07, 0x00, 0x06, 0x00, 0x06, 0x00, 0x05, /* F9750 */
	0x00, 0x04, 0x00, 0x04, 0x00, 0x03, 0x00, 0x02, 0x00, 0x02, 0x00, 0x01, 0x00, 0x00, 0x00, 0x00, /* F9760 */
	0x00, 0x00, 0x00, 0x00, 0x00, 0x00, 0x00, 0x00, 0x00, 0x00, 0x00, 0x00, 0x00, 0x00, 0x00, 0x00, /* F9770 */
	0x00, 0x00, 0x00, 0x00, 0x00, 0x00, 0x00, 0x00, 0x00, 0x00, 0x00, 0x00, 0x00, 0x00, 0x00, 0x00, /* F9780 */
	0x00, 0x00, 0x00, 0x00, 0x00, 0x00, 0x00, 0x00, 0x00, 0x00, 0x00, 0x00, 0x00, 0x00, 0x00, 0x00, /* F9790 */
	0x00, 0x00, 0x00, 0x00, 0x00, 0x00, 0x00, 0x00, 0x00, 0x00, 0x00, 0x00, 0x00, 0x00, 0x00, 0x00, /* F97A0 */
	0x00, 0x00, 0x00, 0x00, 0x00, 0x00, 0x00, 0x00, 0x00, 0x00, 0x00, 0x00, 0x00, 0x00, 0x00, 0x00, /* F97B0 */
	0x00, 0x00, 0x00, 0x00, 0x00, 0x00, 0x00, 0x00, 0x00, 0x00, 0x00, 0x00, 0x00, 0x00, 0x00, 0x00, /* F97C0 */
	0x00, 0x00, 0x00, 0x00, 0x00, 0x00, 0x00, 0x00, 0x00, 0x00, 0x00, 0x00, 0x00, 0x00, 0x00, 0x00, /* F97D0 */
	0x00, 0x00, 0x00, 0x00, 0x00, 0x00, 0x00, 0x00, 0x00, 0x00, 0x00, 0x00, 0x00, 0x00, 0x00, 0x00, /* F97E0 */
	0x00, 0x00, 0x00, 0x00, 0x00, 0x00, 0x00, 0x00, 0x00, 0x00, 0x00, 0x00, 0x00, 0x00, 0x00, 0x00, /* F97F0 */
	0x00, 0x00, 0x00, 0x00, 0x00, 0x00, 0x00, 0x00, 0x00, 0x00, 0x00, 0x00, 0x00, 0x00, 0x00, 0x00, /* F9800 */
	0x00, 0x00, 0x00, 0x00, 0x00, 0x00, 0x00, 0x00, 0x00, 0x00, 0x00, 0x00, 0x00, 0x00, 0x00, 0x00, /* F9810 */
	0x00, 0x00, 0x00, 0x00, 0x00, 0x00, 0x00, 0x00, 0x00, 0x00, 0x00, 0x00, 0x00, 0x00, 0x00, 0x00, /* F9820 */
	0x00, 0x00, 0x00, 0x00, 0x00, 0x00, 0x00, 0x7F, 0xBF, 0xE7, 0xBD, 0xAB, 0xBD, 0xCB, 0xAD, 0x6B, /* F9830 */
	0xAC, 0x6A, 0xAC, 0x4A, 0xAC, 0x4A, 0x2C, 0x4A, 0x28, 0x42, 0x28, 0x42, 0x20, 0x40, 0x20, 0x40, /* F9840 */
	0x20, 0x00, 0x00, 0x00, 0x00, 0x46, 0x05, 0x4C, 0x04, 0x3E, 0x03, 0x99, 0x02, 0x53, 0x02, 0xD3, /* F9850 */
	0x01, 0xA0, 0x01, 0x7C, 0x01, 0x40, 0x01, 0x00, 0x01, 0xC4, 0x00, 0xA2, 0x00, 0x8F, 0x00, 0x86, /* F9860 */
	0x00, 0x7D, 0x00, 0x73, 0x00, 0x64, 0x00, 0x50, 0x00, 0x2D, 0x00, 0x1E, 0x00, 0xC8, 0x00, 0xC8, /* F9870 */
	0x00, 0xC3, 0x00, 0xBE, 0x00, 0xB9, 0x00, 0xB4, 0x00, 0xAF, 0x00, 0xAA, 0x00, 0xA0, 0x00, 0x96, /* F9880 */
	0x00, 0x8C, 0x00, 0x82, 0x00, 0x78, 0x00, 0x6E, 0x00, 0x64, 0x00, 0x55, 0x00, 0x4D, 0x00, 0x47, /* F9890 */
	0x00, 0x43, 0x00, 0x3E, 0x00, 0x37, 0x00, 0x2F, 0x00, 0x24, 0x00, 0x20, 0x00, 0x1B, 0x00, 0x14, /* F98A0 */
	0x00, 0x64, 0x00, 0x46, 0x00, 0xA0, 0x00, 0x78, 0x00, 0x0A, 0x00, 0x00, 0x00, 0x00, 0x00, 0x00, /* F98B0 */
	0x00, 0x00, 0x00, 0x00, 0x00, 0x00, 0x00, 0x00, 0x00, 0x00, 0x00, 0x00, 0x12, 0x17, 0x00, 0x00, /* F98C0 */
	0x00, 0x00, 0x00, 0x00, 0x00, 0x00, 0x00, 0x00, 0x00, 0x0C, 0x13, 0x08, 0x07, 0x07, 0x0F, 0x0A, /* F98D0 */
	0x08, 0x08, 0x19, 0x07, 0x08, 0x08, 0x07, 0x06, 0x16, 0x09, 0x00, 0x08, 0x0A, 0x07, 0x17, 0x06, /* F98E0 */
	0x08, 0x09, 0x08, 0x07, 0x00, 0x00, 0x00, 0x00, 0x00, 0x00, 0x17, 0x15, 0x17, 0x07, 0x0F, 0x1A, /* F98F0 */
	0x18, 0x07, 0x0D, 0x09, 0x1B, 0x10, 0x11, 0x11, 0x18, 0x07, 0x07, 0x1A, 0x0A, 0x02, 0x10, 0x0E, /* F9900 */
	0x18, 0x05, 0x1C, 0x07, 0x00, 0x0B, 0x00, 0x09, 0x00, 0x39, 0x22, 0x0A, 0x00, 0x00, 0x00, 0x00, /* F9910 */
	0x00, 0x00, 0x00, 0x00, 0x00, 0x00, 0x00, 0x00, 0x00, 0x00, 0x00, 0x00, 0x00, 0x00, 0x08, 0x0A, /* F9920 */
	0x00, 0x00, 0x00, 0x00, 0x00, 0x00, 0x00, 0x00, 0x00, 0x00, 0x00, 0x04, 0x0A, 0x06, 0x05, 0x05, /* F9930 */
	0x05, 0x08, 0x06, 0x02, 0x0F, 0x05, 0x06, 0x04, 0x06, 0x05, 0x08, 0x05, 0x00, 0x03, 0x06, 0x05, /* F9940 */
	0x0F, 0x04, 0x06, 0x06, 0x04, 0x04, 0x00, 0x00, 0x00, 0x00, 0x00, 0x00, 0x08, 0x07, 0x0B, 0x02, /* F9950 */
	0x07, 0x0A, 0x0D, 0x06, 0x04, 0x07, 0x0D, 0x0B, 0x0B, 0x0A, 0x0A, 0x07, 0x05, 0x0C, 0x08, 0x02, /* F9960 */
	0x06, 0x05, 0x0A, 0x03, 0x0F, 0x04, 0x00, 0x04, 0x00, 0x06, 0xFF, 0x9B, 0x22, 0x07, 0x00, 0x00, /* F9970 */
	0x00, 0x00, 0x00, 0x00, 0x00, 0x00, 0x00, 0x00, 0x00, 0x00, 0x00, 0x00, 0x00, 0x00, 0x00, 0x00, /* F9980 */
	0x00, 0x00, 0x00, 0x00, 0x00, 0x00, 0x00, 0x00, 0x00, 0x00, 0x00, 0x00, 0x00, 0x00, 0x00, 0x01, /* F9990 */
	0x04, 0x03, 0x00, 0x01, 0x06, 0x07, 0x00, 0x04, 0x06, 0x00, 0x01, 0x03, 0x00, 0x01, 0x07, 0x00, /* F99A0 */
	0x03, 0x03, 0x00, 0x01, 0x00, 0x02, 0x00, 0x03, 0x00, 0x00, 0x00, 0x00, 0x00, 0x00, 0x00, 0x00, /* F99B0 */
	0x00, 0x07, 0x00, 0x00, 0x00, 0x00, 0x00, 0x00, 0x00, 0x03, 0x01, 0x03, 0x00, 0x00, 0x03, 0x00, /* F99C0 */
	0x04, 0x03, 0x00, 0x00, 0x00, 0x02, 0x00, 0x04, 0x00, 0x00, 0x00, 0x06, 0x00, 0xFD, 0x22, 0x43, /* F99D0 */
	0x00, 0xBC, 0x53, 0x49, 0x00, 0xE0, 0x53, 0x4E, 0x00, 0x6B, 0x54, 0x50, 0x00, 0xED, 0x53, 0x61, /* F99E0 */
	0x00, 0xFA, 0x53, 0x67, 0x00, 0x49, 0x54, 0x69, 0x00, 0x4E, 0x53, 0x6C, 0x00, 0x5D, 0x54, 0x70, /* F99F0 */
	0x00, 0x14, 0x54, 0x72, 0x00, 0x07, 0x54, 0x73, 0x00, 0x21, 0x54, 0x74, 0x00, 0x35, 0x54, 0x78, /* F9A00 */
	0x00, 0xA5, 0x53, 0x00, 0x00, 0x81, 0x54, 0x3C, 0x00, 0x3C, 0x00, 0x3C, 0x00, 0x50, 0x00, 0x50, /* F9A10 */
	0x00, 0x50, 0x00, 0x50, 0x00, 0x50, 0x00, 0x50, 0x00, 0xFF, 0x00, 0xFF, 0x00, 0xFF, 0x00, 0xFF, /* F9A20 */
	0x00, 0xFF, 0x00, 0xFF, 0x00, 0xFF, 0x00, 0xFF, 0x00, 0xFF, 0x00, 0x00, 0x00, 0x00, 0x3C, 0x3C, /* F9A30 */
	0x3C, 0x3C, 0x3C, 0x00, 0x64, 0x70, 0x96, 0xCE, 0x46, 0x2D, 0x37, 0x7D, 0x64, 0xFF, 0x00, 0x00, /* F9A40 */
	0x00, 0x00, 0x00, 0x00, 0x00, 0x00, 0xFF, 0xFF, 0xFF, 0xE1, 0x0F, 0x0F, 0x0F, 0x7D, 0xFF, 0xFF, /* F9A50 */
	0x00, 0x00, 0x00, 0x00, 0x00, 0x00, 0x00, 0x00, 0x40, 0xE1, 0xBE, 0xD7, 0x28, 0x41, 0x46, 0x7D, /* F9A60 */
	0xFF, 0xFF, 0x00, 0x00, 0x00, 0x00, 0x00, 0x00, 0x00, 0x00, 0xBC, 0x51, 0xA8, 0xD4, 0x1E, 0x1E, /* F9A70 */
	0x50, 0x7D, 0xFF, 0xFF, 0x00, 0x00, 0x00, 0x00, 0x00, 0x00, 0x00, 0x00, 0x3C, 0x57, 0x89, 0xCE, /* F9A80 */
	0x2D, 0x1E, 0x28, 0x7D, 0xFF, 0xFF, 0x00, 0x00, 0x00, 0x00, 0x00, 0x00, 0x00, 0x00, 0x90, 0xA7, /* F9A90 */
	0xA5, 0xD4, 0x1E, 0x19, 0x3C, 0x7D, 0xFF, 0xFF, 0x00, 0x00, 0x00, 0x00, 0x00, 0x00, 0x00, 0x00, /* F9AA0 */
	0x7C, 0x64, 0x60, 0xE1, 0x23, 0x23, 0x28, 0x7D, 0xFF, 0x00, 0xFF, 0x1E, 0x00, 0x00, 0x00, 0x32, /* F9AB0 */
	0x50, 0x00, 0x64, 0x6F, 0xA8, 0xD4, 0x64, 0x46, 0x6E, 0x7D, 0x00, 0x00, 0xFF, 0x24, 0x00, 0x46, /* F9AC0 */
	0x34, 0x3C, 0x3C, 0x00, 0x64, 0x96, 0x47, 0xC1, 0x64, 0x3C, 0x50, 0x7D, 0x00, 0xFF, 0xFF, 0x00, /* F9AD0 */
	0x00, 0x00, 0x00, 0x32, 0x50, 0x00, 0x4B, 0x6F, 0x53, 0xCE, 0x64, 0x46, 0x6E, 0x7D, 0xFF, 0xFF, /* F9AE0 */
	0x00, 0x08, 0x00, 0x00, 0x00, 0x00, 0x00, 0x00, 0x80, 0x6F, 0x53, 0xD4, 0x64, 0x4B, 0x6E, 0xD2, /* F9AF0 */
	0xFF, 0x3C, 0x00, 0x00, 0x00, 0x00, 0x00, 0x00, 0x00, 0x00, 0x64, 0x71, 0x90, 0xCE, 0x32, 0x32, /* F9B00 */
	0x46, 0x7D, 0x32, 0x0F, 0x30, 0x0D, 0x0C, 0x1C, 0x2C, 0x2C, 0x2C, 0x32, 0x30, 0x30, 0x30, 0x32, /* F9B10 */
	0x34, 0x3A, 0x3C, 0xB7, 0x66, 0xC4, 0x66, 0xD5, 0x66, 0xD5, 0x66, 0xE2, 0x66, 0xE2, 0x66, 0xE2, /* F9B20 */
	0x66, 0xE2, 0x66, 0x52, 0x02, 0xD2, 0x12, 0xF4, 0x2F, 0x14, 0x55, 0x16, 0x6E, 0xD8, 0x7E, 0xD8, /* F9B30 */
	0x7E, 0x16, 0x6E, 0x14, 0x55, 0xF4, 0x2F, 0xD2, 0x12, 0x52, 0x02, 0x60, 0x75, 0x74, 0x75, 0xA3, /* F9B40 */
	0x75, 0xA3, 0x75, 0xB7, 0x75, 0xB7, 0x75, 0xB7, 0x75, 0xB7, 0x75, 0xB1, 0x76, 0x85, 0x76, 0xEC, /* F9B50 */
	0x75, 0x54, 0x76, 0x39, 0x76, 0x09, 0x76, 0x00, 0x01, 0xFF, 0xFF, 0xFF, 0xFF, 0xFF, 0xFF, 0xFF, /* F9B60 */
	0xFF, 0xFF, 0xFF, 0xFF, 0x02, 0x03, 0xFF, 0xFF, 0xFF, 0x04, 0xFF, 0xFF, 0x05, 0x06, 0xFF, 0xFF, /* F9B70 */
	0x07, 0xFF, 0xFF, 0x08, 0xFF, 0xFF, 0x09, 0xFF, 0xFF, 0x0A, 0xFF, 0x0B, 0xFF, 0x0C, 0xFF, 0xFF, /* F9B80 */
	0xFF, 0xFF, 0xFF, 0xFF, 0xFF, 0x0D, 0x0E, 0x0F, 0x10, 0x11, 0x12, 0x13, 0x14, 0x15, 0x16, 0x17, /* F9B90 */
	0x18, 0xFF, 0xFF, 0x19, 0x1A, 0xFF, 0x1B, 0xFF, 0xFF, 0x1C, 0x1D, 0x1E, 0xFF, 0x1F, 0xFF, 0xFF, /* F9BA0 */
	0x20, 0xD4, 0x24, 0xC0, 0xCC, 0x40, 0x33, 0x30, 0xF3, 0x10, 0x40, 0xB0, 0x59, 0x00, 0x00, 0x28, /* F9BB0 */
	0xD3, 0x50, 0xA6, 0xC0, 0xCC, 0xC0, 0xCC, 0x10, 0x40, 0x50, 0xA6, 0x10, 0x40, 0x90, 0xD9, 0xC0, /* F9BC0 */
	0xCC, 0xC0, 0xCC, 0x00, 0x00, 0x00, 0x00, 0xC0, 0xCC, 0x90, 0xD9, 0xC0, 0xCC, 0xD0, 0x0C, 0x50, /* F9BD0 */
	0xA6, 0xA0, 0x19, 0x50, 0xA6, 0xC0, 0xCC, 0x00, 0x00, 0x90, 0xD9, 0xC0, 0xCC, 0x00, 0x00, 0x60, /* F9BE0 */
	0xE6, 0x90, 0xD9, 0x00, 0x00, 0x90, 0xD9, 0x90, 0xD9, 0x00, 0x00, 0x40, 0x33, 0x80, 0x66, 0x00, /* F9BF0 */
	0x00, 0x40, 0x33, 0x00, 0x00, 0xC0, 0xCC, 0x00, 0x00, 0x60, 0xE6, 0x00, 0x00, 0x00, 0x00, 0x90, /* F9C00 */
	0xD9, 0xC0, 0xCC, 0x90, 0xD9, 0x00, 0x00, 0x00, 0x00, 0xC0, 0xCC, 0x90, 0xD9, 0x00, 0x00, 0x00, /* F9C10 */
	0x00, 0x00, 0x00, 0x90, 0xD9, 0x00, 0x00, 0x90, 0xD9, 0x00, 0x00, 0x90, 0xD9, 0x60, 0xE6, 0x00, /* F9C20 */
	0x00, 0x00, 0x00, 0x40, 0x33, 0x00, 0x00, 0x00, 0x00, 0x00, 0x00, 0x00, 0x00, 0x00, 0x00, 0xB0, /* F9C30 */
	0x59, 0x40, 0x33, 0x90, 0xD9, 0x00, 0x00, 0x00, 0x06, 0x08, 0x08, 0x0A, 0x0A, 0x0A, 0x08, 0x00, /* F9C40 */
	0x01, 0x01, 0x01, 0x01, 0x01, 0x01, 0x00, 0xEA, 0x01, 0xAA, 0x05, 0xC4, 0x09, 0x10, 0x40, 0x18, /* F9C50 */
	0x60, 0x10, 0x40, 0xD8, 0x2C, 0x08, 0x20, 0x10, 0x40, 0x08, 0x20, 0xD8, 0x2C, 0x10, 0x40, 0x18, /* F9C60 */
	0x60, 0x10, 0x40, 0x10, 0x40, 0x48, 0x53, 0x48, 0x53, 0x10, 0x40, 0x10, 0x40, 0x00, 0x32, 0x32, /* F9C70 */
	0x32, 0x32, 0x32, 0x3E, 0x64, 0xC1, 0x32, 0x51, 0x89, 0x96, 0xB5, 0x89, 0x70, 0x00, 0x83, 0xA8, /* F9C80 */
	0xA8, 0x96, 0x92, 0x76, 0x96, 0x00, 0x64, 0x64, 0x64, 0x64, 0x64, 0x64, 0x46, 0x00, 0x3C, 0x46, /* F9C90 */
	0x46, 0x3C, 0x46, 0x50, 0x2D, 0x00, 0x46, 0x64, 0x6E, 0x50, 0x6E, 0x64, 0x37, 0x75, 0x50, 0x89, /* F9CA0 */
	0x78, 0x46, 0x70, 0xB6, 0x55, 0x7F, 0x5A, 0x4B, 0x4B, 0x46, 0xA5, 0x52, 0x5A, 0x70, 0x87, 0xAA, /* F9CB0 */
	0x89, 0x52, 0x64, 0x70, 0x73, 0x70, 0xAF, 0x6B, 0xAA, 0x70, 0xA0, 0x9D, 0x91, 0x69, 0xFF, 0x5D, /* F9CC0 */
	0xAF, 0x5F, 0xA5, 0xD4, 0x76, 0x57, 0x2A, 0x38, 0x3A, 0xBB, 0x10, 0xB5, 0x98, 0x55, 0x25, 0x76, /* F9CD0 */
	0xA0, 0x52, 0x28, 0x0C, 0xAF, 0x25, 0x8F, 0x25, 0x5A, 0x7D, 0x53, 0x4B, 0x53, 0x38, 0x28, 0x93, /* F9CE0 */
	0xFF, 0x5A, 0xB5, 0x9A, 0xA2, 0xBB, 0x99, 0xA8, 0xBB, 0x96, 0x44, 0xB5, 0x92, 0xC1, 0x96, 0x89, /* F9CF0 */
	0x7D, 0x99, 0x9A, 0x9F, 0x89, 0x83, 0xA5, 0xB2, 0x96, 0xB2, 0xA8, 0x9C, 0x94, 0x92, 0xA4, 0xA8, /* F9D00 */
	0xA2, 0x9D, 0xFF, 0x1E, 0x23, 0x1E, 0x1E, 0x23, 0x32, 0x20, 0x23, 0x1E, 0x1E, 0x1E, 0x28, 0x28, /* F9D10 */
	0x1B, 0x1E, 0x1E, 0x23, 0x1B, 0x20, 0x1E, 0x28, 0x1E, 0x20, 0x1E, 0x20, 0x1E, 0x23, 0x1E, 0x1E, /* F9D20 */
	0x1E, 0x23, 0x20, 0x1E, 0xFF, 0x23, 0x28, 0x23, 0x3C, 0x3C, 0x1E, 0x28, 0x1E, 0x19, 0x23, 0x32, /* F9D30 */
	0x1E, 0x19, 0x37, 0x1E, 0x1E, 0x1E, 0x37, 0x23, 0x1E, 0x1E, 0x37, 0x1E, 0x28, 0x1E, 0x1E, 0x1E, /* F9D40 */
	0x1E, 0x19, 0x19, 0x19, 0x28, 0x23, 0xFF, 0x23, 0x3C, 0x37, 0x4B, 0x41, 0x32, 0x37, 0x1E, 0x2D, /* F9D50 */
	0x23, 0x2D, 0x1E, 0x3C, 0x50, 0x28, 0x1E, 0x32, 0x50, 0x32, 0x1E, 0x1E, 0x46, 0x28, 0x46, 0x28, /* F9D60 */
	0x50, 0x3C, 0x37, 0x32, 0x37, 0x41, 0x2D, 0x4B, 0xFF, 0x00, 0x69, 0x00, 0x4D, 0x43, 0x00, 0x6B, /* F9D70 */
	0x00, 0x70, 0x00, 0x4D, 0x00, 0x00, 0xB1, 0x4B, 0x61, 0x00, 0x9D, 0x66, 0x7A, 0x00, 0x82, 0x00, /* F9D80 */
	0x70, 0x00, 0x00, 0x00, 0x82, 0x7D, 0x00, 0xA7, 0x66, 0x00, 0xFF, 0xC1, 0x83, 0xC1, 0xDA, 0xDA, /* F9D90 */
	0xC1, 0xD4, 0xC1, 0x1F, 0xC1, 0x3E, 0xC1, 0xC1, 0x70, 0x2A, 0x51, 0xC1, 0x76, 0x2A, 0x64, 0xC1, /* F9DA0 */
	0x70, 0xC1, 0x7D, 0xC1, 0xC1, 0xC1, 0x70, 0x5A, 0xC1, 0x4B, 0xCE, 0xC1, 0xFF, 0x00, 0x6D, 0x00, /* F9DB0 */
	0xB2, 0xBD, 0x00, 0xB2, 0x00, 0x8F, 0x00, 0x89, 0x00, 0x00, 0x9F, 0x89, 0x5D, 0x00, 0xA8, 0x92, /* F9DC0 */
	0x5D, 0x00, 0xA5, 0x00, 0x6A, 0x00, 0x00, 0x00, 0x67, 0x9C, 0x00, 0xA5, 0xAB, 0x00, 0xFF, 0xC0, /* F9DD0 */
	0x70, 0x90, 0x54, 0x58, 0x41, 0xF8, 0x31, 0x70, 0x26, 0x78, 0x1D, 0x10, 0x17, 0xF0, 0x11, 0xD0, /* F9DE0 */
	0x0C, 0x40, 0x0A, 0xB0, 0x07, 0x68, 0x06, 0x20, 0x05, 0xD8, 0x03, 0x90, 0x02, 0x10, 0x02, 0x00, /* F9DF0 */
	0x00, 0x00, 0x3C, 0x3C, 0x3C, 0x3C, 0x3C, 0x00, 0xFF, 0x02, 0x04, 0x02, 0x03, 0x03, 0x03, 0x03, /* F9E00 */
	0x03, 0x03, 0x06, 0x06, 0x06, 0x05, 0x05, 0x05, 0x06, 0x0C, 0x0C, 0x00, 0x0B, 0x00, 0x00, 0x00, /* F9E10 */
	0x00, 0x0F, 0x00, 0x04, 0x00, 0x0C, 0x00, 0x00, 0x1C, 0x04, 0x0C, 0x00, 0x14, 0x12, 0x0D, 0x00, /* F9E20 */
	0x14, 0x00, 0x0E, 0x00, 0x00, 0x00, 0x0B, 0x10, 0x00, 0x18, 0x11, 0x00, 0xFF, 0x00, 0x07, 0x00, /* F9E30 */
	0x1A, 0x14, 0x00, 0x0B, 0x00, 0x18, 0x00, 0x08, 0x00, 0x00, 0x19, 0x16, 0x0B, 0x00, 0x14, 0x0A, /* F9E40 */
	0x08, 0x00, 0x14, 0x00, 0x08, 0x00, 0x00, 0x00, 0x09, 0x16, 0x00, 0x18, 0x0A, 0x00, 0xFF, 0x00, /* F9E50 */
	0x00, 0xFF, 0x00, 0xFF, 0x40, 0x00, 0xFF, 0xFF, 0x72, 0x1C, 0x00, 0xFF, 0x90, 0x40, 0x10, 0x00, /* F9E60 */
	0xFF, 0xFF, 0xA4, 0x5C, 0x29, 0x0A, 0x00, 0xFF, 0xB2, 0x72, 0x40, 0x1C, 0x07, 0x00, 0xFF, 0xFF, /* F9E70 */
	0xBC, 0x83, 0x54, 0x2F, 0x15, 0x05, 0x00, 0xFF, 0xC4, 0x90, 0x64, 0x40, 0x24, 0x10, 0x04, 0x00, /* F9E80 */
	0xFF, 0xFF, 0xCA, 0x9B, 0x72, 0x4F, 0x33, 0x1C, 0x0D, 0x03, 0x00, 0xFF, 0xCF, 0xA4, 0x7D, 0x5C, /* F9E90 */
	0x40, 0x29, 0x17, 0x0A, 0x03, 0x00, 0xFF, 0xFF, 0xD4, 0xAB, 0x87, 0x68, 0x4C, 0x35, 0x22, 0x13, /* F9EA0 */
	0x08, 0x02, 0x00, 0xFF, 0xD7, 0xB2, 0x90, 0x72, 0x57, 0x40, 0x2C, 0x1C, 0x10, 0x07, 0x02, 0x00, /* F9EB0 */
	0xFF, 0xFF, 0xDA, 0xB7, 0x97, 0x7B, 0x61, 0x4A, 0x37, 0x26, 0x18, 0x0E, 0x06, 0x02, 0x00, 0xFF, /* F9EC0 */
	0xDD, 0xBC, 0x9E, 0x83, 0x6A, 0x54, 0x40, 0x2F, 0x21, 0x15, 0x0C, 0x05, 0x01, 0x00, 0xFF, 0xFF, /* F9ED0 */
	0xDF, 0xC0, 0xA4, 0x8A, 0x72, 0x5C, 0x49, 0x38, 0x29, 0x1C, 0x12, 0x0A, 0x05, 0x01, 0x00, 0xFF, /* F9EE0 */
	0xE1, 0xC4, 0xA9, 0x90, 0x79, 0x64, 0x51, 0x40, 0x31, 0x24, 0x19, 0x10, 0x09, 0x04, 0x01, 0x00, /* F9EF0 */
	0xFF, 0xFF, 0xE3, 0xC7, 0xAE, 0x96, 0x80, 0x6B, 0x59, 0x48, 0x39, 0x2B, 0x20, 0x16, 0x0E, 0x08, /* F9F00 */
	0x04, 0x01, 0x00, 0xFF, 0xE4, 0xCA, 0xB2, 0x9B, 0x86, 0x72, 0x60, 0x4F, 0x40, 0x33, 0x27, 0x1C, /* F9F10 */
	0x14, 0x0D, 0x07, 0x03, 0x01, 0x00, 0xFF, 0xFF, 0xE6, 0xCD, 0xB6, 0xA0, 0x8B, 0x78, 0x66, 0x56, /* F9F20 */
	0x47, 0x39, 0x2D, 0x23, 0x1A, 0x12, 0x0B, 0x06, 0x03, 0x01, 0x00, 0xFF, 0xE7, 0xCF, 0xB9, 0xA4, /* F9F30 */
	0x90, 0x7D, 0x6C, 0x5C, 0x4D, 0x40, 0x34, 0x29, 0x1F, 0x17, 0x10, 0x0A, 0x06, 0x03, 0x01, 0x00, /* F9F40 */
	0xFF, 0xFF, 0x27, 0x01, 0x28, 0x03, 0x28, 0x07, 0x28, 0x0B, 0x28, 0x11, 0x28, 0x17, 0x28, 0x1F, /* F9F50 */
	0x28, 0x27, 0x28, 0x31, 0x28, 0x3B, 0x28, 0x47, 0x28, 0x53, 0x28, 0x61, 0x28, 0x6F, 0x28, 0x7F, /* F9F60 */
	0x28, 0x8F, 0x28, 0xA1, 0x28, 0xB3, 0x28, 0xC7, 0x28, 0xDB, 0x28, 0x23, 0x29, 0x22, 0x94, 0x3C, /* F9F70 */
	0x94, 0x58, 0x94, 0x20, 0x54, 0x68, 0x69, 0x73, 0x20, 0x69, 0x73, 0x20, 0x73, 0x70, 0x65, 0x63, /* F9F80 */
	0x69, 0x61, 0x6C, 0x20, 0x74, 0x65, 0x73, 0x74, 0x20, 0x6D, 0x6F, 0x64, 0x65, 0x2C, 0x20, 0x61, /* F9F90 */
	0x63, 0x74, 0x69, 0x76, 0x61, 0x74, 0x65, 0x64, 0x20, 0x62, 0x79, 0x20, 0x73, 0x77, 0x69, 0x74, /* F9FA0 */
	0x63, 0x68, 0x20, 0x73, 0x34, 0x20, 0x64, 0x61, 0x73, 0x68, 0x20, 0x37, 0x20, 0x2E, 0x2E, 0x2E, /* F9FB0 */
	0x20, 0x00, 0x00, 0xFF, 0x00, 0x00, 0x01, 0x91, 0x00, 0x12, 0x8D, 0x91, 0x00, 0x13, 0xAC, 0xAD, /* F9FC0 */
	0x91, 0x00, 0x13, 0x53, 0xA8, 0x91, 0x00, 0x13, 0xAA, 0x48, 0x91, 0x00, 0x13, 0xAB, 0x52, 0x91, /* F9FD0 */
	0x00, 0x13, 0x53, 0xA7, 0x52, 0x00, 0x13, 0x54, 0x48, 0x52, 0x00, 0x13, 0x43, 0x48, 0xAD, 0x00, /* F9FE0 */
	0x13, 0x53, 0x43, 0x48, 0x00, 0x13, 0x53, 0x48, 0x52, 0x00, 0x13, 0x53, 0x50, 0x4C, 0x00, 0x00, /* F9FF0 */
	0x12, 0x8D, 0x91, 0x00, 0x13, 0xAC, 0xAD, 0x91, 0x00, 0x13, 0x53, 0xA8, 0x91, 0x00, 0x13, 0xAA, /* FA000 */
	0x48, 0x91, 0x00, 0x13, 0xAB, 0x52, 0x91, 0x00, 0x13, 0x53, 0xA7, 0x52, 0x00, 0x13, 0x54, 0x48, /* FA010 */
	0x52, 0x00, 0x13, 0x43, 0x48, 0xAD, 0x00, 0x13, 0x53, 0x43, 0x48, 0x00, 0x13, 0x53, 0x48, 0x52, /* FA020 */
	0x00, 0x13, 0x53, 0x50, 0x4C, 0x00, 0x00, 0xFF, 0x05, 0x43, 0x56, 0x5A, 0x00, 0x12, 0x53, 0x91, /* FA030 */
	0x00, 0x12, 0x47, 0x91, 0x00, 0x12, 0x4C, 0x8D, 0x00, 0x12, 0x48, 0x54, 0x00, 0x12, 0x47, 0x44, /* FA040 */
	0x00, 0x13, 0x54, 0x41, 0x49, 0x00, 0x13, 0x47, 0x4E, 0x45, 0x00, 0x12, 0x47, 0x52, 0x00, 0x00, /* FA050 */
	0x12, 0x45, 0x43, 0x00, 0x13, 0x45, 0x53, 0x91, 0x00, 0x13, 0x45, 0x47, 0x91, 0x00, 0x12, 0x45, /* FA060 */
	0x56, 0x00, 0x13, 0x45, 0x4C, 0x8D, 0x00, 0x13, 0x45, 0x48, 0x54, 0x00, 0x13, 0x45, 0x47, 0x44, /* FA070 */
	0x00, 0x13, 0x45, 0x47, 0x52, 0x00, 0x12, 0x45, 0x5A, 0x00, 0x00, 0xFF, 0x44, 0x45, 0x00, 0xFF, /* FA080 */
	0x12, 0x8D, 0x8D, 0x00, 0x12, 0xAD, 0x45, 0x00, 0x13, 0x8D, 0x91, 0x41, 0x00, 0x13, 0x8D, 0x91, /* FA090 */
	0x45, 0x00, 0x13, 0x8D, 0x91, 0x49, 0x00, 0x13, 0x8D, 0x91, 0x4F, 0x00, 0x12, 0x52, 0x4F, 0x00, /* FA0A0 */
	0x12, 0x54, 0x45, 0x00, 0x05, 0x57, 0x59, 0x58, 0x00, 0x00, 0x00, 0xFF, 0x44, 0x00, 0x01, 0x45, /* FA0B0 */
	0x00, 0x00, 0x45, 0x52, 0x40, 0x00, 0x45, 0x56, 0x40, 0x00, 0x47, 0x4E, 0x49, 0x00, 0x49, 0x4C, /* FA0C0 */
	0x00, 0xFF, 0x4C, 0x55, 0x46, 0x00, 0x4C, 0x4C, 0x40, 0x00, 0x12, 0x45, 0x43, 0x00, 0x12, 0x45, /* FA0D0 */
	0x49, 0x00, 0x13, 0x45, 0x53, 0x91, 0x00, 0x13, 0x45, 0x47, 0x91, 0x00, 0x13, 0x45, 0x4C, 0x8D, /* FA0E0 */
	0x00, 0x13, 0x45, 0x48, 0x54, 0x00, 0x13, 0x45, 0x42, 0x4D, 0x00, 0x12, 0x45, 0x56, 0x00, 0x13, /* FA0F0 */
	0x45, 0x47, 0x44, 0x00, 0x13, 0x45, 0x47, 0x52, 0x00, 0x12, 0x45, 0x5A, 0x00, 0x00, 0x52, 0x45, /* FA100 */
	0x00, 0xFF, 0x12, 0x8D, 0x8D, 0x00, 0x12, 0xAD, 0x45, 0x00, 0x13, 0x8D, 0x91, 0x41, 0x00, 0x13, /* FA110 */
	0x8D, 0x91, 0x45, 0x00, 0x13, 0x8D, 0x91, 0x49, 0x00, 0x13, 0x8D, 0x91, 0x4F, 0x00, 0x12, 0x52, /* FA120 */
	0x4F, 0x00, 0x12, 0x54, 0x45, 0x00, 0x05, 0x57, 0x58, 0x00, 0x00, 0x00, 0x52, 0x00, 0x12, 0x45, /* FA130 */
	0x8D, 0x00, 0x00, 0xFF, 0x53, 0x45, 0x00, 0xFF, 0x12, 0x53, 0x53, 0x00, 0x13, 0x53, 0x55, 0x91, /* FA140 */
	0x00, 0x05, 0x48, 0x58, 0x00, 0x00, 0x00, 0xFF, 0x53, 0x40, 0x00, 0xFF, 0x53, 0x00, 0x12, 0x59, /* FA150 */
	0x91, 0x00, 0x09, 0x92, 0x91, 0x00, 0x05, 0x90, 0x45, 0x41, 0x40, 0x00, 0x00, 0x00, 0x53, 0x53, /* FA160 */
	0x45, 0x4E, 0x00, 0xFF, 0x53, 0x53, 0x45, 0x4C, 0x00, 0xFF, 0x54, 0x40, 0x4E, 0x00, 0x59, 0x4C, /* FA170 */
	0x42, 0x41, 0x00, 0xFF, 0x59, 0x4C, 0x42, 0x49, 0x00, 0xFF, 0x59, 0x4C, 0x00, 0xFF, 0x05, 0x8D, /* FA180 */
	0x45, 0x00, 0x00, 0x00, 0x59, 0x4C, 0x49, 0x00, 0x01, 0x8D, 0x00, 0x00, 0x59, 0x4C, 0x4C, 0x41, /* FA190 */
	0x00, 0xFF, 0x12, 0x43, 0x49, 0x8D, 0x00, 0x00, 0x5C, 0x2A, 0x00, 0x2A, 0x01, 0x06, 0x64, 0x29, /* FA1A0 */
	0x2C, 0x2A, 0x30, 0x2A, 0x01, 0x06, 0x64, 0x29, 0x5C, 0x2A, 0x5E, 0x2A, 0x01, 0x06, 0x64, 0x29, /* FA1B0 */
	0x62, 0x2A, 0x62, 0x29, 0x01, 0x06, 0x64, 0x29, 0x66, 0x2A, 0x62, 0x29, 0x01, 0x06, 0x64, 0x29, /* FA1C0 */
	0x6A, 0x2A, 0x62, 0x29, 0x01, 0x06, 0x64, 0x29, 0x72, 0x2A, 0x62, 0x29, 0x01, 0x00, 0x64, 0x29, /* FA1D0 */
	0x76, 0x2A, 0x62, 0x29, 0x01, 0x06, 0x64, 0x29, 0xDC, 0x2A, 0x7A, 0x2A, 0x01, 0x00, 0x64, 0x29, /* FA1E0 */
	0xAE, 0x2A, 0xB2, 0x2A, 0x01, 0x00, 0x64, 0x29, 0xDC, 0x2A, 0xDE, 0x2A, 0x01, 0x00, 0x64, 0x29, /* FA1F0 */
	0x88, 0x2B, 0x90, 0x2B, 0x98, 0x2B, 0x50, 0x2B, 0x58, 0x2B, 0x70, 0x2B, 0x00, 0x00, 0xF8, 0x2A, /* FA200 */
	0x62, 0x29, 0x01, 0x00, 0xA0, 0x2B, 0xFC, 0x2A, 0xFE, 0x2A, 0x01, 0x00, 0xA0, 0x2B, 0x14, 0x2B, /* FA210 */
	0x62, 0x29, 0x01, 0x00, 0x64, 0x29, 0x1A, 0x2B, 0x62, 0x29, 0x01, 0x00, 0x64, 0x29, 0x1E, 0x2B, /* FA220 */
	0x62, 0x29, 0x01, 0x00, 0x64, 0x29, 0x24, 0x2B, 0x62, 0x29, 0x00, 0x00, 0x64, 0x29, 0x34, 0x2B, /* FA230 */
	0x38, 0x2B, 0x00, 0x00, 0x64, 0x29, 0x3C, 0x2B, 0x42, 0x2B, 0x00, 0x00, 0x64, 0x29, 0x50, 0x2B, /* FA240 */
	0x58, 0x2B, 0x70, 0x2B, 0x78, 0x2B, 0xBE, 0x2B, 0x00, 0x00, 0x6E, 0x2A, 0x2E, 0x2B, 0x01, 0x00, /* FA250 */
	0x64, 0x29, 0x2A, 0x2B, 0x2E, 0x2B, 0x01, 0x00, 0xEE, 0x2B, 0x78, 0x2B, 0xBE, 0x2B, 0xFA, 0x2B, /* FA260 */
	0x50, 0x2B, 0x58, 0x2B, 0x00, 0x00, 0x0E, 0x2B, 0x62, 0x29, 0x01, 0x00, 0x0A, 0x2C, 0x16, 0x2C, /* FA270 */
	0x00, 0x00, 0xE4, 0x2A, 0xE8, 0x2A, 0x01, 0x00, 0x1E, 0x2C, 0x48, 0x2B, 0x50, 0x2B, 0x58, 0x2B, /* FA280 */
	0x00, 0x00, 0x68, 0x2B, 0x60, 0x2B, 0x00, 0x00, 0x70, 0x2B, 0x00, 0x00, 0x78, 0x2B, 0x80, 0x2B, /* FA290 */
	0x00, 0x00, 0x88, 0x2B, 0x90, 0x2B, 0x98, 0x2B, 0x00, 0x00, 0x22, 0x2C, 0xAE, 0x2B, 0x16, 0x2C, /* FA2A0 */
	0xBE, 0x2B, 0xB6, 0x2B, 0x00, 0x00, 0xC6, 0x2B, 0x00, 0x00, 0xCE, 0x2B, 0xD6, 0x2B, 0xDE, 0x2B, /* FA2B0 */
	0xE6, 0x2B, 0x02, 0x2C, 0x00, 0x00, 0x00, 0x00, 0x00, 0x00, 0x00, 0x00, 0x2A, 0x2C, 0x32, 0x2C, /* FA2C0 */
	0x00, 0x00, 0x38, 0x2C, 0x00, 0x00, 0x00, 0x00, 0x00, 0x00, 0x00, 0x00, 0x3C, 0x2C, 0x00, 0x00, /* FA2D0 */
	0x00, 0x00, 0x00, 0x00, 0x00, 0x00, 0x00, 0x00, 0x42, 0x2C, 0x4A, 0x2C, 0x56, 0x2C, 0x00, 0x00, /* FA2E0 */
	0x00, 0x00, 0x00, 0x00, 0x00, 0x00, 0x5A, 0x2C, 0x00, 0x00, 0x41, 0x00, 0x80, 0x00, 0x01, 0x44, /* FA2F0 */
	0x00, 0x12, 0x8D, 0x91, 0x00, 0x12, 0x8D, 0x51, 0x00, 0x12, 0x43, 0x48, 0x00, 0x12, 0x53, 0x48, /* FA300 */
	0x00, 0x12, 0x53, 0x4C, 0x00, 0x12, 0x46, 0x52, 0x00, 0x12, 0x46, 0x4C, 0x00, 0x12, 0x42, 0x52, /* FA310 */
	0x00, 0x12, 0x42, 0x53, 0x00, 0x00, 0x42, 0x45, 0x00, 0xFF, 0x12, 0x8D, 0x91, 0x00, 0x00, 0xFF, /* FA320 */
	0x43, 0x49, 0x52, 0x43, 0x55, 0x4D, 0x00, 0xFF, 0x43, 0x4F, 0x4D, 0x00, 0x01, 0x8D, 0x00, 0x00, /* FA330 */
	0x43, 0x4F, 0x4E, 0x00, 0x43, 0x4F, 0x00, 0xFF, 0x12, 0x52, 0x52, 0x00, 0x12, 0x4C, 0x4C, 0x00, /* FA340 */
	0x00, 0xFF, 0x44, 0x45, 0x00, 0xFF, 0x44, 0x49, 0x53, 0x00, 0x44, 0x49, 0x00, 0xFF, 0x01, 0x56, /* FA350 */
	0x00, 0x12, 0x52, 0x45, 0x00, 0x00, 0x45, 0x4D, 0x00, 0xFF, 0x45, 0x4E, 0x54, 0x45, 0x52, 0x00, /* FA360 */
	0x45, 0x4E, 0x00, 0xFF, 0x45, 0x58, 0x00, 0xFF, 0x45, 0x00, 0x12, 0x46, 0x46, 0x00, 0x12, 0xAF, /* FA370 */
	0x91, 0x00, 0x12, 0x53, 0x54, 0x00, 0x12, 0x53, 0x43, 0x00, 0x00, 0xFF, 0x46, 0x4F, 0x52, 0x47, /* FA380 */
	0x00, 0xFF, 0x46, 0x4F, 0x52, 0x45, 0x00, 0xFF, 0x49, 0x4D, 0x00, 0xFF, 0x05, 0x50, 0x4D, 0x00, /* FA390 */
	0x00, 0xFF, 0x49, 0x4E, 0x54, 0x45, 0x52, 0x00, 0x49, 0x4E, 0x54, 0x52, 0x4F, 0x00, 0x49, 0x4E, /* FA3A0 */
	0x00, 0xFF, 0x4D, 0x41, 0x4C, 0x00, 0x4D, 0x49, 0x53, 0x00, 0x4D, 0x43, 0x00, 0xFF, 0x4D, 0x49, /* FA3B0 */
	0x43, 0x52, 0x4F, 0x00, 0x4E, 0x4F, 0x4E, 0x00, 0x4F, 0x40, 0x00, 0xFF, 0x4F, 0x56, 0x45, 0x52, /* FA3C0 */
	0x00, 0xFF, 0x50, 0x45, 0x52, 0x00, 0x50, 0x52, 0x45, 0x00, 0x50, 0x52, 0x4F, 0x00, 0x50, 0x4F, /* FA3D0 */
	0x53, 0x54, 0x00, 0xFF, 0x52, 0x45, 0x00, 0xFF, 0x12, 0x8D, 0x91, 0x00, 0x12, 0x8D, 0x52, 0x00, /* FA3E0 */
	0x12, 0x53, 0x8D, 0x00, 0x12, 0x50, 0x4C, 0x00, 0x12, 0x46, 0x4C, 0x00, 0x00, 0xFF, 0x53, 0x55, /* FA3F0 */
	0x50, 0x45, 0x52, 0x00, 0x53, 0x55, 0x00, 0xFF, 0x12, 0x42, 0x8D, 0x00, 0x12, 0x53, 0x8D, 0x00, /* FA400 */
	0x12, 0x52, 0x56, 0x00, 0x12, 0x52, 0x52, 0x00, 0x12, 0x47, 0x47, 0x00, 0x12, 0x43, 0x43, 0x00, /* FA410 */
	0x12, 0x50, 0x50, 0x00, 0x00, 0xFF, 0x55, 0x4E, 0x44, 0x45, 0x52, 0x00, 0x55, 0x4E, 0x00, 0xFF, /* FA420 */
	0x13, 0x49, 0x84, 0x8D, 0x00, 0x09, 0x49, 0x00, 0x00, 0xFF, 0x9A, 0x2C, 0x9C, 0x2C, 0x00, 0x00, /* FA430 */
	0x64, 0x29, 0xC6, 0x2C, 0xCA, 0x2C, 0x01, 0x00, 0x64, 0x29, 0xD0, 0x2C, 0x62, 0x29, 0x01, 0x00, /* FA440 */
	0x64, 0x29, 0xD8, 0x2C, 0xDC, 0x2C, 0x00, 0x00, 0x64, 0x29, 0xE0, 0x2C, 0xDC, 0x2C, 0x00, 0x00, /* FA450 */
	0x64, 0x29, 0xE4, 0x2C, 0xE8, 0x2C, 0x01, 0x00, 0x64, 0x29, 0xF2, 0x2C, 0xA0, 0x29, 0x01, 0x00, /* FA460 */
	0x64, 0x29, 0xFA, 0x2C, 0xFE, 0x2C, 0x00, 0x00, 0x64, 0x29, 0x06, 0x2D, 0x62, 0x29, 0x00, 0x00, /* FA470 */
	0x64, 0x29, 0x0A, 0x2D, 0x62, 0x29, 0x00, 0x00, 0x64, 0x29, 0x10, 0x2D, 0x62, 0x29, 0x00, 0x00, /* FA480 */
	0x64, 0x29, 0x14, 0x2D, 0x62, 0x29, 0x00, 0x00, 0x64, 0x29, 0x18, 0x2D, 0x1A, 0x2D, 0x00, 0x00, /* FA490 */
	0x64, 0x29, 0x2C, 0x2D, 0x62, 0x29, 0x00, 0x00, 0x64, 0x29, 0x32, 0x2D, 0x66, 0x29, 0x00, 0x00, /* FA4A0 */
	0x64, 0x29, 0x38, 0x2D, 0x3C, 0x2D, 0x00, 0x00, 0x64, 0x29, 0x42, 0x2D, 0x62, 0x29, 0x01, 0x00, /* FA4B0 */
	0x64, 0x29, 0x48, 0x2D, 0x62, 0x29, 0x00, 0x00, 0x64, 0x29, 0x52, 0x2D, 0x62, 0x29, 0x00, 0x00, /* FA4C0 */
	0x64, 0x29, 0x5A, 0x2D, 0x62, 0x29, 0x00, 0x00, 0x64, 0x29, 0x5E, 0x2D, 0x62, 0x29, 0x01, 0x00, /* FA4D0 */
	0x64, 0x29, 0x64, 0x2D, 0x62, 0x29, 0x01, 0x00, 0x64, 0x29, 0x6C, 0x2D, 0x62, 0x29, 0x01, 0x00, /* FA4E0 */
	0x64, 0x29, 0x68, 0x2D, 0x62, 0x29, 0x00, 0x00, 0x64, 0x29, 0x72, 0x2D, 0x62, 0x29, 0x00, 0x00, /* FA4F0 */
	0x64, 0x29, 0x76, 0x2D, 0x66, 0x29, 0x01, 0x00, 0x64, 0x29, 0x7A, 0x2D, 0x66, 0x29, 0x00, 0x00, /* FA500 */
	0x64, 0x29, 0x7E, 0x2D, 0x62, 0x29, 0x01, 0x00, 0x64, 0x29, 0x9E, 0x2D, 0x62, 0x29, 0x01, 0x00, /* FA510 */
	0x64, 0x29, 0xA4, 0x2D, 0xA8, 0x2D, 0x00, 0x00, 0x64, 0x29, 0xC6, 0x2D, 0x62, 0x29, 0x01, 0x00, /* FA520 */
	0x64, 0x29, 0xDA, 0x2D, 0xFA, 0x2D, 0xF2, 0x2D, 0x12, 0x2E, 0x52, 0x2E, 0xA2, 0x2E, 0xAA, 0x2E, /* FA530 */
	0xC2, 0x2E, 0x00, 0x00, 0x84, 0x2D, 0x88, 0x2D, 0x01, 0x00, 0xD2, 0x2E, 0xDA, 0x2D, 0xE2, 0x2D, /* FA540 */
	0xFA, 0x2D, 0xE4, 0x2E, 0x00, 0x00, 0xF6, 0x2C, 0x62, 0x29, 0x01, 0x00, 0xEC, 0x2E, 0x02, 0x2E, /* FA550 */
	0xF6, 0x2E, 0x12, 0x2E, 0x00, 0x00, 0x4E, 0x2D, 0x62, 0x29, 0x01, 0x00, 0xFE, 0x2E, 0x06, 0x2F, /* FA560 */
	0xCA, 0x2E, 0x00, 0x00, 0x56, 0x2D, 0x62, 0x29, 0x01, 0x00, 0x0E, 0x2F, 0xDA, 0x2D, 0xFA, 0x2D, /* FA570 */
	0xF2, 0x2D, 0xF6, 0x2E, 0x12, 0x2E, 0x06, 0x2F, 0x52, 0x2E, 0xA2, 0x2E, 0xAA, 0x2E, 0xC2, 0x2E, /* FA580 */
	0x00, 0x00, 0xCC, 0x2D, 0xD0, 0x2D, 0x01, 0x00, 0x1C, 0x2F, 0xDA, 0x2D, 0x00, 0x00, 0xE2, 0x2D, /* FA590 */
	0x00, 0x00, 0xEA, 0x2D, 0xF2, 0x2D, 0xFA, 0x2D, 0x02, 0x2E, 0x00, 0x00, 0x0A, 0x2E, 0xF6, 0x2E, /* FA5A0 */
	0x12, 0x2E, 0x00, 0x00, 0x22, 0x2E, 0x2A, 0x2E, 0x1A, 0x2E, 0x32, 0x2E, 0x3A, 0x2E, 0x00, 0x00, /* FA5B0 */
	0x42, 0x2E, 0x4A, 0x2E, 0x00, 0x00, 0x52, 0x2E, 0x5A, 0x2E, 0x62, 0x2E, 0x06, 0x2F, 0x00, 0x00, /* FA5C0 */
	0x6A, 0x2E, 0x14, 0x2F, 0x72, 0x2E, 0x7A, 0x2E, 0x00, 0x00, 0x82, 0x2E, 0x00, 0x00, 0x8A, 0x2E, /* FA5D0 */
	0x92, 0x2E, 0x00, 0x00, 0x9A, 0x2E, 0xA2, 0x2E, 0xAA, 0x2E, 0xB2, 0x2E, 0x00, 0x00, 0xE4, 0x2E, /* FA5E0 */
	0x00, 0x00, 0xBA, 0x2E, 0xC2, 0x2E, 0x00, 0x00, 0xCA, 0x2E, 0x32, 0x2F, 0x00, 0x00, 0x3A, 0x2F, /* FA5F0 */
	0x3E, 0x2F, 0x42, 0x2F, 0x4C, 0x2F, 0x54, 0x2F, 0x60, 0x2F, 0x00, 0x00, 0x00, 0x00, 0x66, 0x2F, /* FA600 */
	0x00, 0x00, 0x00, 0x00, 0x00, 0x00, 0x70, 0x2F, 0x7A, 0x2F, 0x7E, 0x2F, 0x84, 0x2F, 0x00, 0x00, /* FA610 */
	0x8E, 0x2F, 0x92, 0x2F, 0x00, 0x00, 0x98, 0x2F, 0x00, 0x00, 0x00, 0x00, 0x00, 0x00, 0x00, 0x00, /* FA620 */
	0x00, 0x00, 0xF7, 0xA3, 0xEA, 0xA3, 0xCF, 0xA3, 0xA5, 0xA3, 0x19, 0xA9, 0x89, 0xA9, 0x89, 0xA9, /* FA630 */
	0x89, 0xA9, 0x89, 0xA9, 0x89, 0xA9, 0x89, 0xA9, 0x89, 0xA9, 0x89, 0xA9, 0x89, 0xA9, 0x89, 0xA9, /* FA640 */
	0x89, 0xA9, 0x19, 0xA9, 0x44, 0x00, 0xCF, 0xAA, 0x4E, 0x00, 0xE7, 0xAA, 0x53, 0x00, 0xDB, 0xAA, /* FA650 */
	0x54, 0x00, 0xD5, 0xAA, 0x5A, 0x00, 0xE1, 0xAA, 0x00, 0x00, 0xFD, 0xAA, 0x45, 0x00, 0x69, 0xAB, /* FA660 */
	0x65, 0x00, 0x69, 0xAB, 0x69, 0x00, 0x69, 0xAB, 0x00, 0x00, 0x75, 0xAB, 0x00, 0xFF, 0x00, 0xFF, /* FA670 */
	0x00, 0x00, 0x02, 0x00, 0x00, 0xFF, 0x41, 0x00, 0x6C, 0x42, 0x41, 0x00, 0xFF, 0x6C, 0x42, 0x41, /* FA680 */
	0x00, 0xFF, 0xFE, 0x6C, 0x42, 0x41, 0x00, 0xFF, 0xFE, 0x33, 0x54, 0x41, 0x00, 0xFF, 0x4A, 0x4E, /* FA690 */
	0x41, 0x00, 0x53, 0x41, 0x00, 0xFF, 0x54, 0x53, 0x41, 0x00, 0x10, 0x54, 0x41, 0x00, 0x73, 0x41, /* FA6A0 */
	0x00, 0xFF, 0x61, 0x00, 0x45, 0x74, 0x7C, 0x6A, 0x61, 0x00, 0x4C, 0x61, 0x00, 0xFF, 0x01, 0x4C, /* FA6B0 */
	0x61, 0x00, 0xFF, 0x4C, 0x61, 0x00, 0x52, 0x61, 0x00, 0xFF, 0xFE, 0x45, 0x52, 0x61, 0x00, 0xFF, /* FA6C0 */
	0xFF, 0x45, 0x52, 0x61, 0x00, 0xFF, 0xFE, 0x4D, 0x40, 0x5A, 0x61, 0x00, 0x4C, 0x40, 0x00, 0xFF, /* FA6D0 */
	0x01, 0x61, 0x00, 0xFF, 0x01, 0x4E, 0x61, 0x00, 0xFF, 0x56, 0x69, 0x54, 0x41, 0x00, 0x42, 0x00, /* FA6E0 */
	0x6A, 0x69, 0x42, 0x00, 0xFF, 0x4B, 0x61, 0x42, 0x00, 0xFF, 0xFF, 0x45, 0x44, 0x6F, 0x42, 0x00, /* FA6F0 */
	0xFF, 0x4B, 0x75, 0x42, 0x00, 0xFF, 0xFF, 0x4B, 0x41, 0x52, 0x42, 0x00, 0xFF, 0x44, 0x77, 0x52, /* FA700 */
	0x42, 0x00, 0x02, 0x4E, 0x62, 0x00, 0x62, 0x00, 0x44, 0x62, 0x00, 0xFF, 0x10, 0x44, 0x62, 0x00, /* FA710 */
	0x43, 0x00, 0x44, 0x00, 0xFF, 0x41, 0x44, 0x00, 0x67, 0x44, 0x00, 0xFF, 0x4E, 0x49, 0x44, 0x00, /* FA720 */
	0x53, 0x69, 0x44, 0x00, 0x6C, 0x44, 0x00, 0xFF, 0x45, 0x00, 0x4F, 0x45, 0x00, 0xFF, 0x01, 0x45, /* FA730 */
	0x00, 0xFF, 0x02, 0x45, 0x00, 0xFF, 0x01, 0x59, 0x4E, 0x45, 0x00, 0xFF, 0xFF, 0x45, 0x00, 0xFF, /* FA740 */
	0x4C, 0x61, 0x45, 0x00, 0x53, 0x4E, 0x65, 0x45, 0x00, 0xFF, 0x54, 0x4E, 0x65, 0x45, 0x00, 0xFF, /* FA750 */
	0x40, 0x45, 0x00, 0xFF, 0x02, 0x4B, 0x45, 0x00, 0x52, 0x45, 0x00, 0xFF, 0x02, 0x52, 0x45, 0x00, /* FA760 */
	0x65, 0x00, 0x5A, 0x47, 0x65, 0x00, 0x4A, 0x65, 0x00, 0xFF, 0x4E, 0x65, 0x00, 0xFF, 0x45, 0x4E, /* FA770 */
	0x65, 0x00, 0x01, 0x4E, 0x65, 0x00, 0xFF, 0x58, 0x6A, 0x65, 0x00, 0xFF, 0x10, 0x54, 0x4E, 0x65, /* FA780 */
	0x4D, 0x65, 0x00, 0xFF, 0x10, 0x54, 0x4E, 0x65, 0x00, 0xFF, 0x01, 0x54, 0x4E, 0x65, 0x00, 0xFF, /* FA790 */
	0x01, 0x53, 0x4E, 0x65, 0x00, 0xFF, 0x10, 0x53, 0x4E, 0x65, 0x00, 0xFF, 0xFF, 0x54, 0x53, 0x65, /* FA7A0 */
	0x00, 0xFF, 0x02, 0x54, 0x65, 0x00, 0x46, 0x00, 0xFF, 0x44, 0x4C, 0x45, 0x46, 0x00, 0x67, 0x46, /* FA7B0 */
	0x00, 0xFF, 0x47, 0x67, 0x46, 0x00, 0xFE, 0x33, 0x49, 0x46, 0x00, 0xFF, 0xFF, 0x45, 0x52, 0x46, /* FA7C0 */
	0x00, 0xFF, 0x4C, 0x75, 0x46, 0x00, 0xFF, 0x53, 0x52, 0x77, 0x46, 0x00, 0x66, 0x00, 0x47, 0x00, /* FA7D0 */
	0xFF, 0x46, 0x61, 0x52, 0x47, 0x00, 0xFF, 0x44, 0x72, 0x47, 0x00, 0xFF, 0x4E, 0x33, 0x56, 0x76, /* FA7E0 */
	0x47, 0x00, 0x4A, 0x47, 0x00, 0xFF, 0x5A, 0x47, 0x00, 0xFF, 0x67, 0x00, 0x48, 0x00, 0x46, 0x61, /* FA7F0 */
	0x48, 0x00, 0xFF, 0x44, 0x4E, 0x61, 0x48, 0x00, 0xFF, 0x44, 0x65, 0x48, 0x00, 0xFF, 0xFF, 0x53, /* FA800 */
	0x66, 0x48, 0x00, 0xFF, 0xFF, 0x49, 0x48, 0x00, 0x33, 0x50, 0x49, 0x48, 0x00, 0xFF, 0xFF, 0x44, /* FA810 */
	0x4C, 0x4F, 0x48, 0x00, 0xFF, 0x4D, 0x4F, 0x48, 0x00, 0xFF, 0x54, 0x52, 0x6F, 0x48, 0x00, 0xFF, /* FA820 */
	0xFF, 0x44, 0x75, 0x48, 0x00, 0xFF, 0x49, 0x00, 0x4C, 0x61, 0x49, 0x00, 0xFF, 0x6C, 0x42, 0x49, /* FA830 */
	0x00, 0xFF, 0x44, 0x4C, 0x49, 0x00, 0x44, 0x4E, 0x49, 0x00, 0x5A, 0x49, 0x00, 0xFF, 0x7C, 0x49, /* FA840 */
	0x00, 0xFF, 0x69, 0x00, 0x49, 0x46, 0x69, 0x00, 0x4C, 0x61, 0x4B, 0x69, 0x00, 0xFF, 0x01, 0x4B, /* FA850 */
	0x69, 0x00, 0x73, 0x69, 0x00, 0xFF, 0x45, 0x54, 0x69, 0x00, 0x56, 0x69, 0x54, 0x69, 0x00, 0xFF, /* FA860 */
	0x7A, 0x69, 0x00, 0xFF, 0x01, 0x53, 0x69, 0x00, 0xFF, 0x54, 0x53, 0x69, 0x00, 0xFF, 0xFE, 0x6D, /* FA870 */
	0x5A, 0x69, 0x00, 0xFF, 0x44, 0x7C, 0x00, 0xFF, 0x45, 0x4C, 0x7C, 0x00, 0x5A, 0x7C, 0x00, 0xFF, /* FA880 */
	0x4A, 0x00, 0x4A, 0x4A, 0x00, 0xFF, 0x67, 0x4A, 0x00, 0xFF, 0x4B, 0x00, 0x40, 0x52, 0x61, 0x4B, /* FA890 */
	0x00, 0xFF, 0x4D, 0x65, 0x4B, 0x00, 0x02, 0x4B, 0x00, 0xFF, 0x4C, 0x6F, 0x4B, 0x00, 0x73, 0x4B, /* FA8A0 */
	0x00, 0xFF, 0x53, 0x4B, 0x00, 0xFF, 0xFF, 0x4D, 0x76, 0x4B, 0x00, 0xFF, 0xFF, 0x45, 0x52, 0x54, /* FA8B0 */
	0x4E, 0x76, 0x4B, 0x00, 0xFE, 0x33, 0x4C, 0x76, 0x4B, 0x00, 0x57, 0x4B, 0x00, 0xFF, 0x6F, 0x57, /* FA8C0 */
	0x4B, 0x00, 0x52, 0x77, 0x4B, 0x00, 0x4C, 0x00, 0xFF, 0x44, 0x4E, 0x61, 0x4C, 0x00, 0x45, 0x4C, /* FA8D0 */
	0x00, 0xFF, 0xFF, 0x45, 0x4C, 0x00, 0xFF, 0x46, 0x49, 0x4C, 0x00, 0xFF, 0xFF, 0x4B, 0x49, 0x4C, /* FA8E0 */
	0x00, 0xFF, 0xFF, 0x4E, 0x49, 0x4C, 0x00, 0xFF, 0x4B, 0x4C, 0x00, 0xFF, 0xFF, 0x56, 0x76, 0x4C, /* FA8F0 */
	0x00, 0xFF, 0xFF, 0x7E, 0x77, 0x4C, 0x00, 0xFF, 0x4D, 0x00, 0x4D, 0x4D, 0x00, 0xFF, 0xFF, 0x4B, /* FA900 */
	0x41, 0x4D, 0x00, 0xFF, 0x4B, 0x61, 0x4D, 0x00, 0xFF, 0x56, 0x62, 0x4D, 0x00, 0xFF, 0xFF, 0x4E, /* FA910 */
	0x61, 0x4D, 0x00, 0xFF, 0xFF, 0x4E, 0x65, 0x4D, 0x00, 0xFF, 0x02, 0x4E, 0x45, 0x73, 0x61, 0x4D, /* FA920 */
	0x00, 0xFF, 0x4E, 0x61, 0x4B, 0x65, 0x4D, 0x00, 0xFF, 0x54, 0x4E, 0x65, 0x4D, 0x00, 0x52, 0x47, /* FA930 */
	0x49, 0x4D, 0x00, 0xFF, 0x4F, 0x52, 0x4B, 0x49, 0x4D, 0x00, 0x53, 0x69, 0x4D, 0x00, 0x4E, 0x00, /* FA940 */
	0x4C, 0x61, 0x4E, 0x40, 0x73, 0x61, 0x4E, 0x00, 0x01, 0x4E, 0x6F, 0x59, 0x4E, 0x00, 0x01, 0x52, /* FA950 */
	0x77, 0x59, 0x4E, 0x00, 0x54, 0x6E, 0x00, 0xFF, 0x7E, 0x7E, 0x00, 0xFF, 0x6C, 0x47, 0x7E, 0x00, /* FA960 */
	0x55, 0x47, 0x7E, 0x00, 0x57, 0x47, 0x7E, 0x00, 0x4F, 0x00, 0x01, 0x4F, 0x00, 0xFF, 0x4C, 0x4F, /* FA970 */
	0x00, 0xFF, 0x33, 0x56, 0x4F, 0x00, 0x54, 0x53, 0x4F, 0x00, 0x6F, 0x00, 0x01, 0x6F, 0x00, 0xFF, /* FA980 */
	0x4C, 0x6F, 0x00, 0xFF, 0x01, 0x4E, 0x6F, 0x00, 0x01, 0x53, 0x6F, 0x00, 0x02, 0x56, 0x33, 0x5A, /* FA990 */
	0x42, 0x6F, 0x00, 0xFF, 0x50, 0x00, 0xFF, 0x53, 0x41, 0x4C, 0x50, 0x00, 0x52, 0x00, 0x65, 0x52, /* FA9A0 */
	0x00, 0xFF, 0xFF, 0x54, 0x49, 0x52, 0x00, 0xFF, 0xFF, 0x4D, 0x62, 0x52, 0x00, 0xFF, 0x72, 0x00, /* FA9B0 */
	0xFF, 0x4B, 0x72, 0x00, 0x4C, 0x72, 0x00, 0xFF, 0x53, 0x00, 0x4C, 0x40, 0x53, 0x53, 0x00, 0xFF, /* FA9C0 */
	0x43, 0x53, 0x00, 0xFF, 0xFF, 0x34, 0x46, 0x53, 0x00, 0xFF, 0xFF, 0x44, 0x49, 0x53, 0x00, 0xFF, /* FA9D0 */
	0x4B, 0x49, 0x53, 0x00, 0x53, 0x69, 0x53, 0x00, 0x56, 0x69, 0x53, 0x00, 0x4B, 0x53, 0x00, 0xFF, /* FA9E0 */
	0xFF, 0x4E, 0x4F, 0x53, 0x00, 0xFF, 0xFF, 0x54, 0x41, 0x54, 0x53, 0x00, 0x4D, 0x76, 0x53, 0x00, /* FA9F0 */
	0x41, 0x57, 0x53, 0x00, 0x02, 0x46, 0x6A, 0x65, 0x53, 0x00, 0x4E, 0x65, 0x53, 0x00, 0x02, 0x56, /* FAA00 */
	0x6A, 0x65, 0x53, 0x00, 0x73, 0x00, 0x73, 0x73, 0x00, 0xFF, 0x54, 0x41, 0x45, 0x73, 0x00, 0xFF, /* FAA10 */
	0xFF, 0x50, 0x69, 0x73, 0x00, 0xFF, 0x54, 0x00, 0xFF, 0x4B, 0x41, 0x54, 0x00, 0xFF, 0x10, 0x54, /* FAA20 */
	0x62, 0x54, 0x00, 0xFF, 0xFF, 0x4E, 0x45, 0x54, 0x00, 0xFF, 0xFF, 0x4D, 0x49, 0x54, 0x00, 0xFF, /* FAA30 */
	0xFF, 0x50, 0x49, 0x54, 0x00, 0xFF, 0xFF, 0x4E, 0x6F, 0x54, 0x00, 0xFF, 0x5A, 0x4E, 0x61, 0x52, /* FAA40 */
	0x54, 0x00, 0xFD, 0x45, 0x67, 0x54, 0x00, 0xFF, 0x55, 0x00, 0x54, 0x55, 0x00, 0xFF, 0x10, 0x54, /* FAA50 */
	0x55, 0x00, 0x44, 0x75, 0x00, 0xFF, 0x4B, 0x75, 0x00, 0xFF, 0x4C, 0x75, 0x00, 0xFF, 0x73, 0x75, /* FAA60 */
	0x00, 0xFF, 0x76, 0x00, 0x44, 0x76, 0x00, 0xFF, 0x46, 0x76, 0x00, 0xFF, 0x4E, 0x76, 0x00, 0xFF, /* FAA70 */
	0x53, 0x76, 0x00, 0xFF, 0x78, 0x76, 0x00, 0xFF, 0x33, 0x00, 0x01, 0x33, 0x00, 0xFF, 0x56, 0x00, /* FAA80 */
	0xFE, 0x62, 0x59, 0x4C, 0x61, 0x56, 0x00, 0xFF, 0xFE, 0x4D, 0x62, 0x59, 0x4C, 0x6F, 0x56, 0x00, /* FAA90 */
	0x57, 0x00, 0xFF, 0x41, 0x57, 0x00, 0xFF, 0x4C, 0x65, 0x57, 0x00, 0xFF, 0x67, 0x57, 0x00, 0xFF, /* FAAA0 */
	0x44, 0x52, 0x77, 0x57, 0x00, 0xFF, 0x4E, 0x67, 0x57, 0x00, 0xFF, 0x54, 0x49, 0x57, 0x00, 0xFF, /* FAAB0 */
	0xFF, 0x5A, 0x49, 0x57, 0x00, 0xFF, 0x6B, 0x57, 0x00, 0xFF, 0x6F, 0x57, 0x00, 0xFF, 0xFF, 0x44, /* FAAC0 */
	0x75, 0x57, 0x00, 0xFF, 0xFF, 0x4B, 0x33, 0x57, 0x00, 0xFF, 0x33, 0x54, 0x77, 0x57, 0x00, 0xFF, /* FAAD0 */
	0x76, 0x57, 0x00, 0xFF, 0x77, 0x00, 0x4C, 0x77, 0x00, 0xFF, 0x58, 0x00, 0x78, 0x00, 0x59, 0x00, /* FAAE0 */
	0xFF, 0x7E, 0x76, 0x59, 0x00, 0xFF, 0x79, 0x00, 0x5A, 0x00, 0x45, 0x5A, 0x00, 0xFF, 0x7A, 0x00, /* FAAF0 */
	0x41, 0x00, 0x41, 0x43, 0x49, 0x00, 0x41, 0x44, 0x00, 0xFF, 0x41, 0x45, 0x48, 0x00, 0x41, 0x45, /* FAB00 */
	0x52, 0x42, 0x00, 0xFF, 0x41, 0x48, 0x43, 0x45, 0x4D, 0x00, 0x41, 0x49, 0x00, 0xFF, 0x41, 0x4D, /* FAB10 */
	0x00, 0xFF, 0x41, 0x45, 0x00, 0xFF, 0x41, 0x4E, 0x4F, 0x49, 0x54, 0x41, 0x4E, 0x00, 0x41, 0x4F, /* FAB20 */
	0x52, 0x42, 0x00, 0xFF, 0x41, 0x57, 0x00, 0xFF, 0x40, 0x00, 0x40, 0x4E, 0x00, 0xFF, 0x40, 0x4F, /* FAB30 */
	0x00, 0xFF, 0x40, 0x5B, 0x00, 0xFF, 0x42, 0x00, 0x5B, 0x00, 0x43, 0x00, 0x43, 0x41, 0x42, 0x00, /* FAB40 */
	0x43, 0x41, 0x4C, 0x50, 0x00, 0xFF, 0x43, 0x4D, 0x00, 0xFF, 0x43, 0x52, 0x41, 0x00, 0x43, 0x52, /* FAB50 */
	0x4F, 0x46, 0x00, 0xFF, 0x43, 0x53, 0x00, 0xFF, 0x43, 0x54, 0x00, 0xFF, 0x43, 0x59, 0x53, 0x50, /* FAB60 */
	0x00, 0xFF, 0x44, 0x00, 0x44, 0x49, 0x53, 0x00, 0x44, 0x4F, 0x42, 0x00, 0x44, 0x55, 0x00, 0xFF, /* FAB70 */
	0x45, 0x00, 0x45, 0x5B, 0x00, 0xFF, 0x45, 0x45, 0x00, 0xFF, 0x45, 0x45, 0x54, 0x00, 0x45, 0x48, /* FAB80 */
	0x43, 0x00, 0x45, 0x4D, 0x00, 0xFF, 0x45, 0x50, 0x59, 0x48, 0x00, 0xFF, 0x45, 0x52, 0x46, 0x00, /* FAB90 */
	0x45, 0x52, 0x4F, 0x46, 0x00, 0xFF, 0x45, 0x53, 0x00, 0xFF, 0x45, 0x54, 0x41, 0x57, 0x00, 0xFF, /* FABA0 */
	0x45, 0x54, 0x53, 0x00, 0x45, 0x56, 0x4F, 0x00, 0x46, 0x49, 0x00, 0xFF, 0x46, 0x49, 0x4C, 0x00, /* FABB0 */
	0x47, 0x00, 0x47, 0x45, 0x00, 0xFF, 0x47, 0x49, 0x00, 0xFF, 0x47, 0x49, 0x45, 0x00, 0x47, 0x49, /* FABC0 */
	0x48, 0x00, 0x47, 0x49, 0x4D, 0x00, 0x47, 0x4E, 0x00, 0xFF, 0x47, 0x52, 0x4F, 0x46, 0x00, 0xFF, /* FABD0 */
	0x47, 0x55, 0x4F, 0x00, 0x48, 0x54, 0x4F, 0x00, 0x48, 0x54, 0x00, 0xFF, 0x49, 0x00, 0x49, 0x48, /* FABE0 */
	0x43, 0x41, 0x4D, 0x00, 0x49, 0x48, 0x53, 0x00, 0x49, 0x53, 0x00, 0xFF, 0x49, 0x55, 0x42, 0x00, /* FABF0 */
	0x4B, 0x41, 0x4D, 0x00, 0x4B, 0x41, 0x54, 0x00, 0x4B, 0x49, 0x4C, 0x00, 0x4C, 0x00, 0x4C, 0x41, /* FAC00 */
	0x00, 0xFF, 0x4C, 0x41, 0x48, 0x00, 0x4C, 0x41, 0x56, 0x00, 0x4C, 0x42, 0x41, 0x00, 0x4C, 0x42, /* FAC10 */
	0x49, 0x00, 0x4C, 0x44, 0x00, 0xFF, 0x4C, 0x45, 0x49, 0x46, 0x00, 0xFF, 0x4C, 0x45, 0x53, 0x00, /* FAC20 */
	0x4C, 0x45, 0x57, 0x00, 0x4C, 0x47, 0x4E, 0x00, 0x4C, 0x49, 0x00, 0xFF, 0x4C, 0x49, 0x5B, 0x00, /* FAC30 */
	0x4C, 0x4C, 0x41, 0x5B, 0x00, 0xFF, 0x4C, 0x4F, 0x00, 0xFF, 0x4C, 0x4F, 0x48, 0x00, 0x4C, 0x54, /* FAC40 */
	0x53, 0x00, 0x4C, 0x55, 0x00, 0xFF, 0x4C, 0x40, 0x00, 0xFF, 0x4C, 0x5B, 0x00, 0xFF, 0x4C, 0x5B, /* FAC50 */
	0x4F, 0x43, 0x00, 0xFF, 0x4D, 0x00, 0x4D, 0x49, 0x54, 0x00, 0x4D, 0x4F, 0x43, 0x00, 0x4D, 0x4F, /* FAC60 */
	0x48, 0x00, 0x4D, 0x4F, 0x53, 0x00, 0x4E, 0x00, 0x4E, 0x41, 0x00, 0xFF, 0x4E, 0x41, 0x48, 0x00, /* FAC70 */
	0x4E, 0x41, 0x4C, 0x00, 0x4E, 0x41, 0x52, 0x54, 0x00, 0xFF, 0x4E, 0x45, 0x00, 0xFF, 0x4E, 0x45, /* FAC80 */
	0x49, 0x00, 0x4E, 0x45, 0x4D, 0x00, 0x4E, 0x45, 0x4D, 0x45, 0x00, 0xFF, 0x4E, 0x49, 0x00, 0xFF, /* FAC90 */
	0x4E, 0x49, 0x4C, 0x00, 0x4E, 0x4F, 0x4C, 0x00, 0x4E, 0x55, 0x00, 0xFF, 0x4E, 0x55, 0x4F, 0x59, /* FACA0 */
	0x00, 0xFF, 0x4F, 0x00, 0x4F, 0x45, 0x00, 0xFF, 0x4F, 0x45, 0x47, 0x00, 0x4F, 0x48, 0x43, 0x00, /* FACB0 */
	0x4F, 0x49, 0x00, 0xFF, 0x4F, 0x49, 0x4E, 0x00, 0x4F, 0x4C, 0x4F, 0x43, 0x00, 0xFF, 0x4F, 0x52, /* FACC0 */
	0x43, 0x49, 0x4D, 0x00, 0x4F, 0x4F, 0x00, 0xFF, 0x4F, 0x4F, 0x42, 0x00, 0x4F, 0x4F, 0x44, 0x00, /* FACD0 */
	0x4F, 0x4F, 0x48, 0x00, 0x4F, 0x4F, 0x52, 0x00, 0x4F, 0x4F, 0x57, 0x00, 0x4F, 0x53, 0x00, 0xFF, /* FACE0 */
	0x4F, 0x54, 0x00, 0xFF, 0x4F, 0x54, 0x41, 0x00, 0x50, 0x00, 0x50, 0x41, 0x52, 0x47, 0x00, 0xFF, /* FACF0 */
	0x50, 0x59, 0x54, 0x00, 0x51, 0x00, 0x52, 0x00, 0x52, 0x41, 0x00, 0xFF, 0x52, 0x41, 0x48, 0x43, /* FAD00 */
	0x00, 0xFF, 0x52, 0x41, 0x45, 0x48, 0x00, 0xFF, 0x52, 0x41, 0x55, 0x47, 0x00, 0xFF, 0x52, 0x41, /* FAD10 */
	0x57, 0x00, 0x52, 0x45, 0x48, 0x50, 0x53, 0x00, 0x52, 0x45, 0x48, 0x57, 0x00, 0xFF, 0x52, 0x45, /* FAD20 */
	0x56, 0x4F, 0x47, 0x00, 0x52, 0x45, 0x53, 0x42, 0x4F, 0x00, 0x52, 0x49, 0x00, 0xFF, 0x52, 0x49, /* FAD30 */
	0x46, 0x00, 0x52, 0x4F, 0x4E, 0x00, 0x52, 0x4F, 0x54, 0x00, 0x52, 0x4F, 0x57, 0x00, 0x52, 0x54, /* FAD40 */
	0x4E, 0x55, 0x4F, 0x43, 0x00, 0xFF, 0x52, 0x40, 0x5B, 0x00, 0x53, 0x00, 0x53, 0x41, 0x00, 0xFF, /* FAD50 */
	0x53, 0x45, 0x00, 0xFF, 0x53, 0x45, 0x4C, 0x00, 0x53, 0x45, 0x4E, 0x00, 0x53, 0x49, 0x00, 0xFF, /* FAD60 */
	0x53, 0x49, 0x44, 0x00, 0x53, 0x49, 0x4D, 0x00, 0x53, 0x49, 0x57, 0x00, 0x53, 0x4F, 0x00, 0xFF, /* FAD70 */
	0x53, 0x55, 0x00, 0xFF, 0x53, 0x55, 0x4F, 0x48, 0x00, 0xFF, 0x54, 0x00, 0x54, 0x41, 0x00, 0xFF, /* FAD80 */
	0x54, 0x41, 0x49, 0x54, 0x00, 0xFF, 0x54, 0x41, 0x54, 0x53, 0x00, 0xFF, 0x54, 0x49, 0x00, 0xFF, /* FAD90 */
	0x54, 0x49, 0x48, 0x57, 0x00, 0xFF, 0x54, 0x49, 0x4C, 0x41, 0x00, 0xFF, 0x54, 0x49, 0x52, 0x57, /* FADA0 */
	0x00, 0xFF, 0x54, 0x4C, 0x41, 0x45, 0x00, 0xFF, 0x54, 0x53, 0x41, 0x00, 0x54, 0x54, 0x45, 0x00, /* FADB0 */
	0x54, 0x55, 0x00, 0xFF, 0x54, 0x55, 0x54, 0x00, 0x55, 0x00, 0x55, 0x46, 0x00, 0xFF, 0x55, 0x4C, /* FADC0 */
	0x4F, 0x56, 0x00, 0xFF, 0x55, 0x4F, 0x43, 0x00, 0x55, 0x4F, 0x45, 0x00, 0x55, 0x4F, 0x49, 0x00, /* FADD0 */
	0x55, 0x51, 0x00, 0xFF, 0x55, 0x51, 0x49, 0x00, 0x55, 0x53, 0x00, 0xFF, 0x56, 0x49, 0x53, 0x00, /* FADE0 */
	0x56, 0x49, 0x54, 0x41, 0x00, 0xFF, 0x56, 0x49, 0x54, 0x49, 0x00, 0xFF, 0x56, 0x4C, 0x45, 0x53, /* FADF0 */
	0x00, 0xFF, 0x56, 0x4F, 0x4D, 0x00, 0x56, 0x4F, 0x4C, 0x00, 0x56, 0x40, 0x00, 0xFF, 0x57, 0x00, /* FAE00 */
	0x58, 0x45, 0x00, 0xFF, 0x59, 0x44, 0x00, 0xFF, 0x5A, 0x49, 0x00, 0xFF, 0x01, 0x26, 0x00, 0x00, /* FAE10 */
	0x01, 0x42, 0x00, 0x00, 0x01, 0x8D, 0x00, 0x00, 0x40, 0x00, 0x00, 0xFF, 0x05, 0x42, 0x57, 0x00, /* FAE20 */
	0x00, 0x00, 0x05, 0x8D, 0x45, 0x00, 0x00, 0x00, 0x05, 0x8D, 0x49, 0x55, 0x00, 0x00, 0x00, 0xFF, /* FAE30 */
	0x05, 0x44, 0x46, 0x43, 0x48, 0x4D, 0x56, 0x00, 0x00, 0x00, 0x05, 0x83, 0x44, 0x4E, 0x52, 0x4B, /* FAE40 */
	0x53, 0x00, 0x00, 0x00, 0x05, 0x45, 0x49, 0x00, 0x00, 0x00, 0x05, 0x45, 0x4E, 0x00, 0x00, 0x00, /* FAE50 */
	0x05, 0x46, 0x50, 0x42, 0x00, 0x00, 0x00, 0xFF, 0x05, 0x4A, 0x43, 0x42, 0x00, 0x00, 0x00, 0xFF, /* FAE60 */
	0x05, 0x4D, 0x83, 0x00, 0x00, 0x00, 0x05, 0x4E, 0x54, 0x00, 0x00, 0x00, 0x05, 0x50, 0x42, 0x43, /* FAE70 */
	0x00, 0x00, 0x00, 0xFF, 0x05, 0x50, 0x48, 0x4D, 0x00, 0x00, 0x00, 0xFF, 0x05, 0x90, 0x43, 0x5A, /* FAE80 */
	0x46, 0x58, 0x00, 0x00, 0x00, 0xFF, 0x05, 0x54, 0x47, 0x00, 0x00, 0x00, 0x05, 0x54, 0x44, 0x00, /* FAE90 */
	0x00, 0x00, 0x05, 0x54, 0x53, 0x43, 0x47, 0x58, 0x00, 0x00, 0x00, 0xFF, 0x05, 0x54, 0x53, 0x43, /* FAEA0 */
	0x47, 0x58, 0x48, 0x00, 0x00, 0x00, 0x05, 0x54, 0x57, 0x48, 0x50, 0x42, 0x00, 0x00, 0x00, 0xFF, /* FAEB0 */
	0x05, 0x56, 0x47, 0x00, 0x00, 0x00, 0x12, 0x52, 0x47, 0x00, 0x05, 0x56, 0x42, 0x00, 0x00, 0x00, /* FAEC0 */
	0x12, 0x4C, 0x94, 0x00, 0x12, 0x52, 0x47, 0x00, 0x12, 0x52, 0x48, 0x00, 0x05, 0x4E, 0x48, 0x83, /* FAED0 */
	0x00, 0x00, 0x00, 0xFF, 0x1E, 0x49, 0x4D, 0x00, 0x00, 0x00, 0x1E, 0x4E, 0x45, 0x00, 0x00, 0x00, /* FAEE0 */
	0x01, 0x47, 0x00, 0x00, 0x01, 0x47, 0x00, 0x12, 0x54, 0x53, 0x00, 0x00, 0x01, 0x4C, 0x00, 0x00, /* FAEF0 */
	0x01, 0x83, 0x00, 0x00, 0x09, 0x45, 0x4F, 0x00, 0x00, 0xFF, 0x09, 0x42, 0x00, 0x00, 0x09, 0x43, /* FAF00 */
	0x00, 0x00, 0x09, 0x47, 0x00, 0x00, 0x09, 0x4F, 0x00, 0x00, 0x09, 0x54, 0x00, 0x00, 0x09, 0x82, /* FAF10 */
	0x00, 0x00, 0x09, 0x91, 0x00, 0x00, 0x09, 0x46, 0x56, 0x00, 0x00, 0xFF, 0x09, 0x51, 0x47, 0x4F, /* FAF20 */
	0x00, 0x00, 0x09, 0x49, 0x4C, 0x54, 0x55, 0x00, 0x00, 0xFF, 0x09, 0x83, 0x00, 0x00, 0x09, 0x45, /* FAF30 */
	0x8D, 0x00, 0x00, 0xFF, 0x09, 0x4C, 0x91, 0x00, 0x00, 0xFF, 0x09, 0x43, 0x91, 0x00, 0x00, 0xFF, /* FAF40 */
	0x09, 0x47, 0x91, 0x00, 0x00, 0xFF, 0x09, 0x53, 0x4E, 0x4C, 0x00, 0x00, 0x09, 0x59, 0x52, 0x91, /* FAF50 */
	0x83, 0x00, 0x00, 0xFF, 0x20, 0xFF, 0x01, 0x92, 0x86, 0x00, 0x01, 0x8B, 0x00, 0x05, 0x73, 0x7A, /* FAF60 */
	0x00, 0x00, 0x00, 0xFF, 0x12, 0x5B, 0x55, 0x53, 0x00, 0x12, 0x55, 0x53, 0x00, 0x00, 0x12, 0x5B, /* FAF70 */
	0x58, 0x00, 0x00, 0xFF, 0x13, 0x8D, 0x45, 0x8D, 0x00, 0x00, 0x12, 0x8D, 0x49, 0x00, 0x00, 0xFF, /* FAF80 */
	0x12, 0x43, 0x49, 0x00, 0x12, 0x52, 0x45, 0x00, 0x12, 0x4C, 0x55, 0x00, 0x00, 0xFF, 0x12, 0x43, /* FAF90 */
	0x4E, 0x00, 0x12, 0x54, 0xAD, 0x00, 0x12, 0x52, 0x54, 0x00, 0x00, 0xFF, 0x12, 0x4C, 0x41, 0x00, /* FAFA0 */
	0x13, 0x4E, 0x91, 0x49, 0x00, 0x00, 0x13, 0x4E, 0x4F, 0x49, 0x00, 0x00, 0x12, 0x52, 0x44, 0x00, /* FAFB0 */
	0x12, 0x52, 0x42, 0x00, 0x09, 0x52, 0x4C, 0x42, 0x00, 0x00, 0x12, 0x53, 0x4F, 0x00, 0x12, 0x54, /* FAFC0 */
	0x49, 0x00, 0x00, 0xFF, 0x13, 0x55, 0x4F, 0x44, 0x00, 0x12, 0x45, 0x44, 0x00, 0x00, 0x01, 0x82, /* FAFD0 */
	0x00, 0x00, 0x01, 0x8D, 0x82, 0x00, 0x00, 0xFF, 0x01, 0x91, 0x00, 0x00, 0x1E, 0x30, 0x20, 0x30, /* FAFE0 */
	0x1C, 0x30, 0x00, 0x00, 0x00, 0x00, 0x8C, 0x35, 0x2C, 0x33, 0x42, 0x38, 0x01, 0x00, 0x12, 0x2A, /* FAFF0 */
	0x8C, 0x35, 0x00, 0x31, 0x1C, 0x30, 0x01, 0x00, 0x12, 0x6A, 0x1E, 0x30, 0x2A, 0x33, 0x30, 0x39, /* FB000 */
	0x01, 0x00, 0x12, 0x20, 0x1E, 0x30, 0x26, 0x30, 0x1C, 0x30, 0x02, 0x00, 0x12, 0x40, 0x20, 0x35, /* FB010 */
	0xD8, 0x30, 0xC8, 0x37, 0x01, 0x00, 0x12, 0x00, 0x1E, 0x30, 0x2C, 0x33, 0x1C, 0x30, 0xFE, 0xFF, /* FB020 */
	0x12, 0x00, 0x20, 0x35, 0x10, 0x31, 0x5C, 0x39, 0xB0, 0x00, 0x12, 0x48, 0x20, 0x35, 0x26, 0x30, /* FB030 */
	0xCC, 0x37, 0x04, 0x00, 0x12, 0x40, 0x20, 0x35, 0xD8, 0x30, 0x1C, 0x30, 0x00, 0x00, 0x12, 0x48, /* FB040 */
	0xAC, 0x36, 0x3C, 0x32, 0x1C, 0x30, 0x00, 0x00, 0x20, 0x45, 0xAE, 0x37, 0x6A, 0x34, 0x1C, 0x30, /* FB050 */
	0x00, 0xA1, 0x18, 0x40, 0x52, 0x36, 0x18, 0x33, 0x1C, 0x30, 0x00, 0x00, 0x12, 0x40, 0xA0, 0x34, /* FB060 */
	0x2A, 0x33, 0x1C, 0x30, 0x00, 0x00, 0x12, 0x40, 0x88, 0x37, 0xA0, 0x33, 0x1C, 0x30, 0x00, 0x20, /* FB070 */
	0x12, 0x00, 0x1E, 0x30, 0x26, 0x30, 0x1C, 0x30, 0x00, 0x20, 0x12, 0x00, 0x1E, 0x30, 0x2A, 0x33, /* FB080 */
	0xC2, 0x38, 0x04, 0x00, 0x12, 0x00, 0x80, 0x37, 0x6E, 0x32, 0x1C, 0x30, 0x00, 0x00, 0x20, 0x05, /* FB090 */
	0x1E, 0x30, 0x52, 0x30, 0x1C, 0x30, 0x00, 0x00, 0x12, 0x00, 0x04, 0x36, 0xAA, 0x32, 0x1C, 0x30, /* FB0A0 */
	0xFE, 0xFF, 0x38, 0x10, 0x1E, 0x30, 0x8E, 0x30, 0x1C, 0x30, 0x00, 0x00, 0x38, 0x00, 0x8C, 0x35, /* FB0B0 */
	0x02, 0x32, 0x1C, 0x30, 0x00, 0x02, 0x13, 0x08, 0x1E, 0x30, 0xB4, 0x33, 0x1C, 0x30, 0x00, 0x02, /* FB0C0 */
	0x40, 0x06, 0x2E, 0x36, 0x40, 0x31, 0x42, 0x38, 0x01, 0x00, 0x13, 0x2A, 0x2E, 0x36, 0xF4, 0x30, /* FB0D0 */
	0x1C, 0x30, 0x01, 0x08, 0x12, 0x28, 0x2A, 0x36, 0x46, 0x31, 0xD8, 0x37, 0x01, 0x08, 0x12, 0x28, /* FB0E0 */
	0x1E, 0x30, 0x68, 0x33, 0x1C, 0x30, 0x00, 0x08, 0xC0, 0x04, 0xAC, 0x35, 0x98, 0x32, 0x1C, 0x30, /* FB0F0 */
	0x00, 0x88, 0x10, 0x00, 0x8C, 0x35, 0xFE, 0x31, 0x1C, 0x30, 0x01, 0x00, 0x13, 0x08, 0x1E, 0x30, /* FB100 */
	0x3A, 0x32, 0x1C, 0x30, 0x00, 0x00, 0x20, 0x05, 0x22, 0x35, 0x24, 0x32, 0x3C, 0x38, 0x01, 0x00, /* FB110 */
	0x03, 0x00, 0x22, 0x35, 0xC6, 0x33, 0xBE, 0x38, 0xFE, 0xFF, 0xA1, 0x04, 0x22, 0x35, 0xC2, 0x30, /* FB120 */
	0x1C, 0x30, 0x01, 0x00, 0xB1, 0x00, 0xE8, 0x34, 0x24, 0x32, 0x3C, 0x38, 0x01, 0x00, 0x03, 0x00, /* FB130 */
	0xE8, 0x34, 0xC6, 0x33, 0xBE, 0x38, 0x01, 0x00, 0xA1, 0x04, 0xD8, 0x34, 0xC2, 0x30, 0x1C, 0x30, /* FB140 */
	0x01, 0x00, 0xB1, 0x00, 0x20, 0x36, 0x78, 0x32, 0x1C, 0x30, 0x01, 0x00, 0x11, 0x00, 0x3C, 0x36, /* FB150 */
	0xE6, 0x31, 0xC8, 0x37, 0xFE, 0xFF, 0x12, 0x00, 0xBE, 0x36, 0x50, 0x34, 0x1C, 0x30, 0x00, 0x00, /* FB160 */
	0x18, 0x00, 0xD8, 0x35, 0xE2, 0x31, 0xF0, 0x38, 0x01, 0x00, 0x12, 0x40, 0x80, 0x36, 0xD0, 0x31, /* FB170 */
	0x1C, 0x30, 0x00, 0x00, 0x01, 0x44, 0x88, 0x36, 0x6E, 0x34, 0x1C, 0x30, 0x00, 0x00, 0x11, 0x40, /* FB180 */
	0xCE, 0x34, 0xAC, 0x30, 0x1C, 0x30, 0x00, 0x00, 0x39, 0x40, 0xAA, 0x34, 0xA8, 0x31, 0x1C, 0x30, /* FB190 */
	0x00, 0x00, 0x41, 0x44, 0x1C, 0x36, 0xA2, 0x31, 0xAE, 0x38, 0x00, 0x00, 0x41, 0x44, 0xC6, 0x35, /* FB1A0 */
	0x58, 0x31, 0x1C, 0x30, 0x00, 0x00, 0x49, 0x44, 0xEA, 0x35, 0xBE, 0x31, 0x1C, 0x30, 0x00, 0x00, /* FB1B0 */
	0x41, 0x44, 0xB8, 0x36, 0x86, 0x31, 0x1C, 0x30, 0x00, 0x00, 0x31, 0x41, 0x74, 0x36, 0x14, 0x34, /* FB1C0 */
	0x9C, 0x38, 0x00, 0x00, 0x10, 0x40, 0x74, 0x36, 0x02, 0x34, 0x94, 0x38, 0x00, 0x00, 0x12, 0x40, /* FB1D0 */
	0x1E, 0x30, 0xC2, 0x30, 0x1C, 0x30, 0x00, 0x00, 0xB0, 0x00, 0x8C, 0x35, 0xD8, 0x30, 0x1C, 0x30, /* FB1E0 */
	0xFE, 0xFF, 0x13, 0x68, 0xBA, 0x35, 0x28, 0x30, 0xC8, 0x37, 0x01, 0x00, 0x12, 0x40, 0xC2, 0x35, /* FB1F0 */
	0xD4, 0x30, 0x88, 0x39, 0xFE, 0xFF, 0xB0, 0x20, 0x84, 0x35, 0x24, 0x34, 0x1C, 0x30, 0x01, 0x00, /* FB200 */
	0x12, 0x40, 0x88, 0x35, 0x8C, 0x34, 0x88, 0x39, 0x01, 0x00, 0x50, 0x00, 0x64, 0x37, 0xCE, 0x33, /* FB210 */
	0x1C, 0x30, 0x01, 0x00, 0xA0, 0x44, 0x60, 0x37, 0xFA, 0x33, 0xC8, 0x37, 0x01, 0x00, 0x12, 0x40, /* FB220 */
	0x60, 0x37, 0xFE, 0x33, 0xC4, 0x37, 0x01, 0x00, 0x12, 0x40, 0x1C, 0x35, 0xB8, 0x30, 0xC8, 0x37, /* FB230 */
	0x01, 0x00, 0x12, 0x40, 0x1C, 0x35, 0xBC, 0x30, 0xC4, 0x37, 0x01, 0x00, 0x12, 0x40, 0x2C, 0x37, /* FB240 */
	0x4A, 0x30, 0xA4, 0x38, 0x01, 0x00, 0x12, 0x60, 0x84, 0x37, 0x04, 0x31, 0x1C, 0x30, 0x01, 0x00, /* FB250 */
	0x12, 0x08, 0x80, 0x37, 0x46, 0x32, 0x1C, 0x30, 0x01, 0x00, 0x20, 0x05, 0xBA, 0x35, 0x32, 0x30, /* FB260 */
	0xFA, 0x37, 0x01, 0x00, 0x13, 0x20, 0xBA, 0x35, 0x2C, 0x30, 0x1C, 0x30, 0x01, 0x00, 0x13, 0x20, /* FB270 */
	0xBE, 0x35, 0xDC, 0x31, 0x1C, 0x30, 0x01, 0x00, 0x13, 0x08, 0x90, 0x37, 0x88, 0x30, 0x1C, 0x30, /* FB280 */
	0x01, 0x00, 0x13, 0x20, 0x96, 0x37, 0x0A, 0x32, 0x1C, 0x30, 0x01, 0x00, 0x13, 0x08, 0x8C, 0x37, /* FB290 */
	0x88, 0x33, 0x88, 0x39, 0x01, 0x00, 0xC0, 0x24, 0xEE, 0x35, 0x6A, 0x33, 0x1C, 0x30, 0x01, 0x00, /* FB2A0 */
	0xC0, 0x04, 0xD4, 0x35, 0x0C, 0x33, 0x1C, 0x30, 0x01, 0x00, 0x10, 0x11, 0xAC, 0x35, 0x7C, 0x30, /* FB2B0 */
	0x2C, 0x38, 0x01, 0x00, 0x12, 0x20, 0xF6, 0x36, 0x4C, 0x33, 0xDE, 0x38, 0xFE, 0xFF, 0x15, 0x00, /* FB2C0 */
	0xA6, 0x36, 0x4E, 0x33, 0xC8, 0x37, 0xFE, 0xFF, 0x12, 0x20, 0xA6, 0x36, 0x28, 0x34, 0xFC, 0x38, /* FB2D0 */
	0xFE, 0xFF, 0x12, 0x20, 0xAA, 0x37, 0x2E, 0x34, 0x1C, 0x30, 0x01, 0x00, 0x59, 0x00, 0x9C, 0x37, /* FB2E0 */
	0xAE, 0x33, 0x1C, 0x30, 0x01, 0x00, 0x41, 0x00, 0x18, 0x37, 0x60, 0x34, 0x1C, 0x30, 0x01, 0x00, /* FB2F0 */
	0x19, 0x40, 0xB8, 0x37, 0xEA, 0x31, 0x1C, 0x30, 0x01, 0x00, 0x13, 0x48, 0xA8, 0x35, 0x8C, 0x32, /* FB300 */
	0x1C, 0x30, 0x01, 0x00, 0x01, 0x40, 0x5C, 0x37, 0x52, 0x31, 0x1C, 0x30, 0x01, 0x00, 0x03, 0x08, /* FB310 */
	0x58, 0x37, 0x46, 0x30, 0x56, 0x38, 0x01, 0x00, 0x12, 0x00, 0x40, 0x36, 0x92, 0x32, 0x1C, 0x30, /* FB320 */
	0xFE, 0xFF, 0x11, 0x40, 0x0A, 0x36, 0x56, 0x32, 0x1C, 0x30, 0xA0, 0x80, 0x21, 0x45, 0x12, 0x36, /* FB330 */
	0x9C, 0x33, 0xA0, 0x38, 0x00, 0x00, 0xC1, 0x44, 0xA4, 0x35, 0xC8, 0x33, 0x1C, 0x30, 0x00, 0x00, /* FB340 */
	0xA1, 0x44, 0xA0, 0x35, 0xAE, 0x32, 0x1C, 0x30, 0x00, 0x00, 0x19, 0x50, 0xF0, 0x34, 0x46, 0x33, /* FB350 */
	0x1C, 0x30, 0x00, 0x00, 0x29, 0x44, 0x06, 0x36, 0xDA, 0x33, 0x8A, 0x38, 0x00, 0x00, 0xA1, 0x44, /* FB360 */
	0x0E, 0x36, 0xC4, 0x31, 0x1C, 0x30, 0x00, 0x00, 0x41, 0x44, 0x5C, 0x35, 0x86, 0x32, 0x1C, 0x30, /* FB370 */
	0x00, 0x00, 0x11, 0x40, 0x4C, 0x37, 0x52, 0x33, 0x1C, 0x30, 0x00, 0x00, 0x01, 0x44, 0x24, 0x37, /* FB380 */
	0xAE, 0x31, 0x1C, 0x30, 0x00, 0x00, 0x41, 0x44, 0xFE, 0x34, 0x76, 0x31, 0x1C, 0x30, 0x00, 0x00, /* FB390 */
	0x49, 0x44, 0x3C, 0x35, 0x6C, 0x31, 0x1C, 0x30, 0x00, 0x00, 0x49, 0x44, 0x36, 0x37, 0x96, 0x33, /* FB3A0 */
	0x1C, 0x30, 0x00, 0x00, 0xC1, 0x44, 0x40, 0x37, 0x5A, 0x34, 0x1C, 0x30, 0x00, 0x00, 0x19, 0x40, /* FB3B0 */
	0xA2, 0x37, 0xB8, 0x32, 0x1C, 0x30, 0x00, 0x00, 0x19, 0x50, 0xA6, 0x37, 0x9C, 0x32, 0x1C, 0x30, /* FB3C0 */
	0x00, 0x00, 0x11, 0x40, 0xA0, 0x36, 0xE0, 0x33, 0x1C, 0x30, 0x00, 0x00, 0xA1, 0x44, 0xDE, 0x36, /* FB3D0 */
	0x66, 0x31, 0x1C, 0x30, 0x00, 0x00, 0x49, 0x44, 0x14, 0x35, 0x7A, 0x33, 0x1C, 0x30, 0x00, 0x00, /* FB3E0 */
	0xC1, 0x44, 0xC8, 0x36, 0x66, 0x34, 0x1C, 0x30, 0x00, 0x00, 0x19, 0x40, 0xC2, 0x36, 0x74, 0x33, /* FB3F0 */
	0x1C, 0x30, 0x00, 0x00, 0xC1, 0x44, 0x20, 0x35, 0xE2, 0x30, 0x1C, 0x30, 0x01, 0x00, 0x12, 0x48, /* FB400 */
	0x20, 0x35, 0xD8, 0x30, 0x1C, 0x30, 0x00, 0x00, 0x12, 0x48, 0xA0, 0x34, 0x10, 0x31, 0xA0, 0x38, /* FB410 */
	0x00, 0x00, 0x12, 0x00, 0xFC, 0x36, 0x42, 0x30, 0xC4, 0x37, 0x01, 0x00, 0x12, 0x00, 0x8C, 0x35, /* FB420 */
	0xD6, 0x31, 0xC8, 0x37, 0x01, 0x00, 0x12, 0x48, 0x8C, 0x35, 0xEE, 0x31, 0x1C, 0x30, 0xA0, 0x04, /* FB430 */
	0x12, 0x08, 0x8C, 0x35, 0xD8, 0x30, 0x1C, 0x30, 0x00, 0x00, 0x12, 0x48, 0x1E, 0x30, 0xD8, 0x30, /* FB440 */
	0xC8, 0x37, 0x01, 0x00, 0x12, 0x08, 0x62, 0x35, 0x16, 0x31, 0x1C, 0x30, 0x01, 0x00, 0x12, 0x28, /* FB450 */
	0x1E, 0x30, 0x22, 0x30, 0x24, 0x39, 0x01, 0x00, 0x02, 0x28, 0x1E, 0x30, 0x20, 0x30, 0x1C, 0x30, /* FB460 */
	0x01, 0x00, 0x13, 0x28, 0x1E, 0x30, 0xD8, 0x30, 0x2A, 0x39, 0x02, 0x00, 0x12, 0x48, 0x1E, 0x30, /* FB470 */
	0xD8, 0x30, 0x1C, 0x30, 0x02, 0x00, 0x12, 0x68, 0x1E, 0x30, 0xD8, 0x30, 0x1C, 0x30, 0x00, 0x20, /* FB480 */
	0x12, 0x08, 0x1E, 0x30, 0x10, 0x31, 0x1C, 0x30, 0x00, 0x00, 0x12, 0x08, 0xCC, 0x35, 0xA4, 0x33, /* FB490 */
	0x1C, 0x30, 0x00, 0x00, 0xC1, 0x04, 0xB2, 0x35, 0x9E, 0x31, 0x1C, 0x30, 0x00, 0x00, 0x41, 0x04, /* FB4A0 */
	0x1E, 0x30, 0x56, 0x31, 0x1C, 0x30, 0x00, 0x00, 0x48, 0x04, 0x18, 0x36, 0x3E, 0x30, 0xC4, 0x37, /* FB4B0 */
	0x00, 0x08, 0x12, 0x00, 0x12, 0x35, 0x32, 0x32, 0x1C, 0x30, 0x00, 0x00, 0xB0, 0x00, 0x60, 0x35, /* FB4C0 */
	0x92, 0x31, 0x14, 0x39, 0xED, 0xF7, 0x30, 0x01, 0x1E, 0x30, 0x30, 0x32, 0xB2, 0x38, 0x00, 0x08, /* FB4D0 */
	0xB0, 0x00, 0x44, 0x36, 0xA2, 0x32, 0x1C, 0x30, 0x00, 0x00, 0x11, 0x40, 0x4C, 0x36, 0x90, 0x34, /* FB4E0 */
	0x1C, 0x30, 0x00, 0x00, 0x11, 0x40, 0x16, 0x36, 0x08, 0x33, 0x1C, 0x30, 0x00, 0x00, 0x10, 0x11, /* FB4F0 */
	0x1E, 0x30, 0x7E, 0x31, 0x1C, 0x30, 0x00, 0x00, 0x30, 0x01, 0x1E, 0x30, 0x20, 0x30, 0x1E, 0x39, /* FB500 */
	0x02, 0x00, 0x00, 0x00, 0x20, 0x37, 0x0E, 0x34, 0x1C, 0x38, 0x00, 0x00, 0x12, 0x40, 0xFA, 0x36, /* FB510 */
	0xB6, 0x33, 0x1C, 0x30, 0x00, 0x00, 0x40, 0x04, 0x52, 0x37, 0x26, 0x31, 0x1C, 0x30, 0x00, 0x00, /* FB520 */
	0x12, 0x40, 0x04, 0x35, 0x8C, 0x33, 0xA0, 0x38, 0x02, 0x00, 0x40, 0x04, 0x04, 0x35, 0xB6, 0x33, /* FB530 */
	0xA0, 0x38, 0x00, 0x00, 0x40, 0x04, 0xFA, 0x34, 0x60, 0x33, 0xDE, 0x38, 0x02, 0x00, 0x12, 0x40, /* FB540 */
	0xEA, 0x34, 0x3A, 0x32, 0x1C, 0x30, 0x6B, 0x85, 0x20, 0x05, 0x0C, 0x35, 0x80, 0x33, 0x1C, 0x30, /* FB550 */
	0x00, 0x00, 0xC0, 0x44, 0xEA, 0x34, 0xC0, 0x30, 0x1C, 0x30, 0x00, 0x00, 0x20, 0x04, 0x2A, 0x37, /* FB560 */
	0x8A, 0x34, 0x1C, 0x30, 0x00, 0x00, 0x40, 0x04, 0xA0, 0x34, 0x2A, 0x33, 0x1C, 0x30, 0x02, 0x80, /* FB570 */
	0x12, 0x40, 0x68, 0x37, 0x12, 0x34, 0x1C, 0x30, 0x02, 0x80, 0x12, 0x40, 0x1E, 0x30, 0x20, 0x30, /* FB580 */
	0x88, 0x39, 0x02, 0x80, 0x00, 0x00, 0x80, 0x35, 0x84, 0x34, 0x1C, 0x30, 0xA0, 0x04, 0x12, 0x00, /* FB590 */
	0xAE, 0x37, 0x40, 0x34, 0xA0, 0x38, 0x00, 0x00, 0x18, 0x00, 0xA6, 0x36, 0x4C, 0x33, 0xA0, 0x38, /* FB5A0 */
	0x00, 0x00, 0x14, 0x00, 0x6A, 0x35, 0x26, 0x30, 0x1C, 0x30, 0x00, 0x00, 0x12, 0x08, 0x80, 0x35, /* FB5B0 */
	0x18, 0x34, 0x16, 0x38, 0x00, 0x00, 0x12, 0x00, 0x80, 0x35, 0x18, 0x33, 0x1C, 0x30, 0x00, 0x00, /* FB5C0 */
	0x12, 0x00, 0x6E, 0x35, 0xB4, 0x31, 0xBA, 0x38, 0x00, 0x00, 0x41, 0x44, 0x60, 0x35, 0x20, 0x30, /* FB5D0 */
	0x88, 0x39, 0x02, 0x80, 0x00, 0x20, 0x60, 0x35, 0x7E, 0x31, 0x1C, 0x30, 0x00, 0x00, 0x30, 0x01, /* FB5E0 */
	0x9A, 0x36, 0x80, 0x31, 0x1C, 0x30, 0x00, 0xC0, 0x30, 0x41, 0x98, 0x36, 0x56, 0x31, 0x1C, 0x30, /* FB5F0 */
	0x00, 0x00, 0x48, 0x04, 0x1E, 0x30, 0x9C, 0x31, 0x1C, 0x30, 0x00, 0x00, 0x40, 0x04, 0xAC, 0x35, /* FB600 */
	0x82, 0x32, 0xA0, 0x38, 0x01, 0x00, 0x11, 0x40, 0xA0, 0x34, 0x26, 0x30, 0x1C, 0x30, 0x00, 0x00, /* FB610 */
	0x12, 0x00, 0x20, 0x35, 0xD8, 0x30, 0x1C, 0x30, 0x00, 0x00, 0x12, 0x48, 0x52, 0x36, 0x96, 0x34, /* FB620 */
	0x1C, 0x30, 0x00, 0x00, 0x12, 0x40, 0x68, 0x37, 0xB6, 0x30, 0xCC, 0x38, 0x00, 0x00, 0x12, 0x00, /* FB630 */
	0x2A, 0x36, 0xE6, 0x30, 0x60, 0x38, 0x02, 0x00, 0x12, 0x48, 0x1E, 0x30, 0xD6, 0x31, 0xC8, 0x37, /* FB640 */
	0x02, 0x00, 0x12, 0x48, 0x1E, 0x30, 0xD6, 0x31, 0xC8, 0x37, 0x01, 0x00, 0x12, 0x08, 0x1E, 0x30, /* FB650 */
	0xD8, 0x30, 0x2A, 0x39, 0x02, 0x00, 0x12, 0x4A, 0x1E, 0x30, 0xD8, 0x30, 0x1C, 0x30, 0x02, 0x00, /* FB660 */
	0x12, 0x6A, 0x1E, 0x30, 0xDE, 0x30, 0x1C, 0x30, 0x01, 0x00, 0x13, 0x68, 0x1E, 0x30, 0xD6, 0x31, /* FB670 */
	0x1C, 0x30, 0x00, 0x20, 0x12, 0x08, 0x1E, 0x30, 0xF2, 0x31, 0x1C, 0x30, 0x00, 0x00, 0x12, 0x08, /* FB680 */
	0x1E, 0x30, 0x30, 0x32, 0x1C, 0x30, 0x00, 0x00, 0x70, 0x00, 0xEA, 0x36, 0x74, 0x34, 0x1C, 0x30, /* FB690 */
	0x00, 0x00, 0x19, 0x40, 0xEC, 0x34, 0x94, 0x30, 0x1C, 0x30, 0x00, 0x00, 0x39, 0x40, 0x78, 0x36, /* FB6A0 */
	0xA0, 0x30, 0x1C, 0x30, 0x00, 0x00, 0x39, 0x40, 0x74, 0x36, 0x06, 0x34, 0x1C, 0x30, 0x00, 0x00, /* FB6B0 */
	0x12, 0x40, 0xAE, 0x34, 0xA6, 0x30, 0x1C, 0x30, 0x00, 0x00, 0x39, 0x40, 0x1E, 0x30, 0x20, 0x30, /* FB6C0 */
	0xA0, 0x38, 0x80, 0x10, 0x00, 0x00, 0x1E, 0x30, 0x3A, 0x32, 0x1C, 0x30, 0x00, 0x00, 0x20, 0x05, /* FB6D0 */
	0xC6, 0x34, 0xF0, 0x32, 0x84, 0x38, 0x00, 0x00, 0x91, 0x10, 0xA0, 0x34, 0x62, 0x30, 0x56, 0x39, /* FB6E0 */
	0x01, 0x00, 0x13, 0x00, 0xA0, 0x34, 0x5A, 0x30, 0xC4, 0x37, 0xFE, 0xFF, 0x12, 0x20, 0xA0, 0x34, /* FB6F0 */
	0x86, 0x34, 0x1C, 0x30, 0x80, 0x00, 0x12, 0x00, 0xD0, 0x35, 0x46, 0x34, 0xB6, 0x38, 0x00, 0x00, /* FB700 */
	0x19, 0x40, 0xF6, 0x35, 0x7C, 0x30, 0x1C, 0x30, 0x01, 0x00, 0x11, 0x00, 0xA0, 0x34, 0x84, 0x34, /* FB710 */
	0xDA, 0x38, 0x20, 0x05, 0x12, 0x00, 0xF2, 0x35, 0x0A, 0x34, 0x00, 0x38, 0x00, 0x00, 0x12, 0x40, /* FB720 */
	0xA8, 0x36, 0x64, 0x33, 0xC4, 0x37, 0x00, 0x00, 0x12, 0x40, 0xFE, 0x35, 0x4A, 0x32, 0x1C, 0x30, /* FB730 */
	0x00, 0x00, 0x20, 0x05, 0xAE, 0x35, 0x86, 0x34, 0x1C, 0x30, 0x01, 0x00, 0x12, 0x00, 0xE6, 0x35, /* FB740 */
	0x30, 0x33, 0xE0, 0x37, 0x00, 0x00, 0x12, 0x00, 0x52, 0x36, 0x1E, 0x33, 0x1C, 0x30, 0x4B, 0x80, /* FB750 */
	0x12, 0x00, 0xBA, 0x34, 0x5E, 0x30, 0x42, 0x38, 0x01, 0x00, 0x12, 0x2A, 0xBA, 0x34, 0xD8, 0x31, /* FB760 */
	0xC8, 0x37, 0x00, 0x00, 0x12, 0x28, 0xBA, 0x34, 0xF0, 0x30, 0x1C, 0x30, 0x00, 0x00, 0x12, 0x2A, /* FB770 */
	0x6A, 0x37, 0x72, 0x31, 0x1C, 0x30, 0x00, 0x00, 0x49, 0x04, 0x9C, 0x35, 0x90, 0x30, 0x1C, 0x30, /* FB780 */
	0x00, 0x00, 0x38, 0x00, 0x1E, 0x30, 0x76, 0x32, 0x1C, 0x30, 0x00, 0x00, 0x10, 0x00, 0x0C, 0x37, /* FB790 */
	0x1E, 0x32, 0x1C, 0x30, 0x01, 0x00, 0x13, 0x48, 0xFC, 0x36, 0x76, 0x30, 0x1C, 0x30, 0x01, 0x00, /* FB7A0 */
	0x12, 0x40, 0x6E, 0x37, 0x38, 0x34, 0x1C, 0x30, 0x00, 0x00, 0x59, 0x40, 0x84, 0x36, 0x58, 0x33, /* FB7B0 */
	0x1C, 0x30, 0x00, 0x00, 0x11, 0x40, 0x2E, 0x35, 0x42, 0x32, 0x1C, 0x30, 0x00, 0x00, 0x21, 0x45, /* FB7C0 */
	0x1E, 0x30, 0xA8, 0x32, 0x1C, 0x30, 0x00, 0x00, 0x38, 0x10, 0x64, 0x36, 0xF8, 0x32, 0x1C, 0x30, /* FB7D0 */
	0x01, 0x00, 0x90, 0x10, 0x60, 0x36, 0x34, 0x33, 0x4C, 0x38, 0x01, 0x00, 0x13, 0x2A, 0xBA, 0x34, /* FB7E0 */
	0x84, 0x30, 0x42, 0x38, 0x01, 0x00, 0x12, 0x2A, 0xBE, 0x34, 0xBE, 0x32, 0xD2, 0x37, 0xFE, 0xFF, /* FB7F0 */
	0x19, 0x10, 0x32, 0x35, 0xC4, 0x32, 0xD2, 0x37, 0xFE, 0xFF, 0x19, 0x10, 0x90, 0x36, 0xE6, 0x33, /* FB800 */
	0x1C, 0x30, 0xFE, 0xFF, 0xA1, 0x04, 0xCE, 0x36, 0x8C, 0x31, 0x1C, 0x30, 0x00, 0x00, 0x31, 0x41, /* FB810 */
	0xEA, 0x36, 0x56, 0x34, 0x1C, 0x30, 0x00, 0x00, 0x19, 0x40, 0x2A, 0x35, 0xD4, 0x33, 0x1C, 0x30, /* FB820 */
	0x00, 0x00, 0xA1, 0x44, 0x74, 0x36, 0xB2, 0x30, 0x1C, 0x30, 0x01, 0x00, 0x1A, 0x00, 0x50, 0x35, /* FB830 */
	0xAA, 0x33, 0x88, 0x39, 0x01, 0x00, 0xC0, 0x04, 0x20, 0x35, 0x1A, 0x31, 0xC4, 0x37, 0x01, 0x00, /* FB840 */
	0x12, 0x28, 0x8C, 0x36, 0x90, 0x33, 0x1C, 0x30, 0x01, 0x00, 0xC1, 0x04, 0xB4, 0x34, 0xD2, 0x32, /* FB850 */
	0x1C, 0x30, 0x00, 0x00, 0x19, 0x10, 0x8E, 0x35, 0xCA, 0x32, 0x1C, 0x30, 0x00, 0x00, 0x19, 0x10, /* FB860 */
	0x60, 0x35, 0xEE, 0x32, 0xA0, 0x38, 0x02, 0x00, 0x90, 0x10, 0x98, 0x36, 0xEE, 0x32, 0xA0, 0x38, /* FB870 */
	0x02, 0x00, 0x90, 0x10, 0x04, 0x36, 0xEE, 0x32, 0xA0, 0x38, 0x02, 0x00, 0x18, 0x10, 0x04, 0x36, /* FB880 */
	0xAA, 0x32, 0x1C, 0x30, 0x01, 0x00, 0x90, 0x10, 0x60, 0x35, 0xEE, 0x32, 0x1C, 0x30, 0xFE, 0xFF, /* FB890 */
	0x90, 0x30, 0x54, 0x36, 0x34, 0x33, 0x1C, 0x30, 0x00, 0x00, 0x70, 0x08, 0xB4, 0x37, 0xCC, 0x30, /* FB8A0 */
	0x1C, 0x30, 0x00, 0x00, 0xB0, 0x40, 0x1E, 0x30, 0x08, 0x33, 0x1C, 0x30, 0x00, 0x01, 0x10, 0x11, /* FB8B0 */
	0x1E, 0x30, 0xEE, 0x32, 0x1C, 0x30, 0x00, 0x00, 0x90, 0x10, 0x8C, 0x35, 0xDA, 0x30, 0x1C, 0x30, /* FB8C0 */
	0x01, 0x00, 0x12, 0x6A, 0x20, 0x35, 0xDA, 0x30, 0x1C, 0x30, 0x01, 0x00, 0x12, 0x68, 0xAE, 0x37, /* FB8D0 */
	0x80, 0x34, 0x1C, 0x30, 0x04, 0x00, 0x18, 0x00, 0x52, 0x36, 0xB6, 0x30, 0x1C, 0x30, 0x00, 0x00, /* FB8E0 */
	0x12, 0x40, 0x1E, 0x30, 0x84, 0x34, 0x1C, 0x30, 0x04, 0x00, 0x12, 0x20, 0x1E, 0x30, 0x1A, 0x33, /* FB8F0 */
	0x1C, 0x30, 0x01, 0x00, 0x12, 0x60, 0x1E, 0x30, 0x18, 0x33, 0x1C, 0x30, 0x00, 0x20, 0x12, 0x00, /* FB900 */
	0x1E, 0x30, 0x2A, 0x33, 0x1C, 0x30, 0x00, 0x00, 0x12, 0x00, 0x94, 0x35, 0xC0, 0x33, 0x1C, 0x30, /* FB910 */
	0x01, 0x00, 0x41, 0x44, 0x1E, 0x30, 0x44, 0x33, 0x1C, 0x30, 0x00, 0x00, 0x28, 0x04, 0x1E, 0x30, /* FB920 */
	0x3A, 0x32, 0x1C, 0x30, 0x00, 0x00, 0x20, 0x05, 0x26, 0x35, 0x0C, 0x31, 0x1C, 0x30, 0x01, 0x00, /* FB930 */
	0x13, 0x08, 0x54, 0x35, 0x22, 0x33, 0xEA, 0x37, 0x00, 0x00, 0x13, 0x40, 0x4A, 0x35, 0x7A, 0x34, /* FB940 */
	0x1C, 0x30, 0x00, 0x00, 0x19, 0x40, 0x7C, 0x36, 0xC8, 0x30, 0x1C, 0x30, 0x00, 0x00, 0xB1, 0x40, /* FB950 */
	0x36, 0x35, 0xB8, 0x31, 0x1C, 0x30, 0x00, 0x00, 0x41, 0x44, 0x72, 0x35, 0xDE, 0x32, 0x1C, 0x30, /* FB960 */
	0x02, 0x00, 0x18, 0x50, 0xE8, 0x34, 0x28, 0x34, 0x1C, 0x30, 0x01, 0x00, 0x13, 0x00, 0xD4, 0x34, /* FB970 */
	0x4C, 0x34, 0x1C, 0x30, 0x00, 0xA0, 0x18, 0x40, 0xA0, 0x34, 0x66, 0x30, 0xC4, 0x37, 0xE9, 0x95, /* FB980 */
	0x12, 0x00, 0xDA, 0x36, 0x08, 0x31, 0x10, 0x38, 0x02, 0x00, 0x12, 0x00, 0x20, 0x35, 0x10, 0x31, /* FB990 */
	0xC6, 0x38, 0x04, 0x00, 0x12, 0x40, 0x20, 0x35, 0x28, 0x34, 0xC2, 0x38, 0x02, 0x80, 0x12, 0x08, /* FB9A0 */
	0xC2, 0x34, 0x28, 0x34, 0xAA, 0x38, 0x0B, 0x81, 0x12, 0x00, 0x94, 0x36, 0x38, 0x30, 0x1C, 0x30, /* FB9B0 */
	0x01, 0x00, 0x12, 0x60, 0x64, 0x36, 0xFE, 0x32, 0x1C, 0x30, 0x01, 0x00, 0x90, 0x30, 0x68, 0x36, /* FB9C0 */
	0x64, 0x32, 0x1C, 0x30, 0x00, 0x00, 0x21, 0x45, 0x74, 0x37, 0x72, 0x32, 0x1C, 0x30, 0x80, 0x04, /* FB9D0 */
	0x20, 0x05, 0x5C, 0x36, 0x72, 0x32, 0x1C, 0x30, 0x00, 0x00, 0x21, 0x05, 0xAE, 0x37, 0x4C, 0x33, /* FB9E0 */
	0xA0, 0x38, 0x00, 0x00, 0x14, 0x00, 0x58, 0x36, 0x36, 0x32, 0x1C, 0x30, 0x00, 0x00, 0x11, 0x40, /* FB9F0 */
	0x1E, 0x30, 0x4C, 0x33, 0x1C, 0x30, 0x00, 0x00, 0x14, 0x00, 0x22, 0x35, 0x2C, 0x32, 0x06, 0x39, /* FBA00 */
	0xFE, 0xFF, 0x13, 0x00, 0x22, 0x35, 0x98, 0x34, 0x7E, 0x39, 0xFE, 0xFF, 0xC1, 0x04, 0xE8, 0x34, /* FBA10 */
	0x2C, 0x32, 0x06, 0x39, 0xFE, 0xFF, 0x13, 0x00, 0xE8, 0x34, 0x98, 0x34, 0x7E, 0x39, 0xFE, 0xFF, /* FBA20 */
	0xD1, 0x00, 0xE8, 0x34, 0x68, 0x33, 0x1C, 0x30, 0xFE, 0xFF, 0x13, 0x00, 0xE2, 0x34, 0x2C, 0x32, /* FBA30 */
	0x06, 0x39, 0xFE, 0xFF, 0x13, 0x00, 0xE2, 0x34, 0x98, 0x34, 0x7E, 0x39, 0xFE, 0xFF, 0x13, 0x00, /* FBA40 */
	0x7C, 0x37, 0x38, 0x33, 0x42, 0x38, 0x00, 0x00, 0x12, 0x2A, 0x78, 0x37, 0x38, 0x33, 0x90, 0x38, /* FBA50 */
	0x00, 0x00, 0x12, 0x28, 0x68, 0x37, 0x20, 0x34, 0xC4, 0x37, 0xFE, 0xFF, 0x02, 0x20, 0x8C, 0x35, /* FBA60 */
	0x14, 0x32, 0x6A, 0x39, 0x01, 0x00, 0x02, 0x28, 0x98, 0x35, 0x84, 0x33, 0x88, 0x39, 0x01, 0x00, /* FBA70 */
	0xC0, 0x24, 0x8C, 0x35, 0x10, 0x32, 0x1C, 0x30, 0x01, 0x02, 0x12, 0x08, 0x1E, 0x30, 0x9E, 0x34, /* FBA80 */
	0xF6, 0x38, 0x02, 0x02, 0x50, 0x00, 0x24, 0x36, 0xEC, 0x33, 0x1C, 0x30, 0x10, 0x00, 0xA1, 0x44, /* FBA90 */
	0x1E, 0x30, 0xB4, 0x33, 0x1C, 0x30, 0x00, 0x02, 0x40, 0x06, 0x1E, 0x30, 0x98, 0x34, 0x88, 0x39, /* FBAA0 */
	0x10, 0x00, 0xD0, 0x00, 0x98, 0x36, 0x68, 0x33, 0xA0, 0x38, 0x00, 0x00, 0xC0, 0x04, 0x1E, 0x30, /* FBAB0 */
	0x68, 0x33, 0x1C, 0x30, 0x00, 0x00, 0xC0, 0x04, 0xDA, 0x34, 0x04, 0x33, 0x1C, 0x30, 0x01, 0x00, /* FBAC0 */
	0x91, 0x10, 0x8C, 0x35, 0x02, 0x32, 0x1C, 0x30, 0x00, 0x02, 0x13, 0x28, 0xA0, 0x34, 0x4E, 0x30, /* FBAD0 */
	0x1C, 0x30, 0x01, 0x02, 0x13, 0x20, 0x0C, 0x37, 0x18, 0x32, 0x4C, 0x39, 0x01, 0x00, 0x13, 0x48, /* FBAE0 */
	0x36, 0x36, 0x2C, 0x31, 0xC8, 0x37, 0xFE, 0xFF, 0x12, 0x00, 0x32, 0x36, 0xD8, 0x32, 0xD2, 0x38, /* FBAF0 */
	0xFE, 0xFF, 0x09, 0x10, 0xFA, 0x36, 0x70, 0x33, 0x1C, 0x30, 0x00, 0x02, 0xC0, 0x04, 0x1E, 0x30, /* FBB00 */
	0xB4, 0x33, 0x1C, 0x30, 0x00, 0x02, 0xC0, 0x04, 0x2E, 0x36, 0x3A, 0x31, 0x42, 0x38, 0x01, 0x00, /* FBB10 */
	0x13, 0x2A, 0x2E, 0x36, 0xFA, 0x30, 0x1C, 0x30, 0x01, 0x08, 0x12, 0x28, 0x2A, 0x36, 0x34, 0x31, /* FBB20 */
	0xD8, 0x37, 0x01, 0x00, 0x12, 0x28, 0x00, 0x37, 0x4C, 0x31, 0x1C, 0x30, 0x01, 0x00, 0x13, 0x08, /* FBB30 */
	0x1C, 0x37, 0x26, 0x33, 0x24, 0x38, 0x00, 0x00, 0x12, 0x40, 0xB2, 0x36, 0xCA, 0x31, 0x1C, 0x30, /* FBB40 */
	0x00, 0x00, 0x41, 0x44, 0xE6, 0x34, 0xC6, 0x33, 0x74, 0x39, 0x00, 0x00, 0xA0, 0x04, 0x1E, 0x30, /* FBB50 */
	0xC6, 0x33, 0x1C, 0x30, 0x00, 0x00, 0xA0, 0x04, 0xC2, 0x34, 0xF8, 0x33, 0x1C, 0x30, 0xA0, 0x04, /* FBB60 */
	0x12, 0x08, 0xC2, 0x34, 0x18, 0x33, 0x1C, 0x30, 0x00, 0x00, 0x12, 0x48, 0xA0, 0x34, 0x84, 0x34, /* FBB70 */
	0x1C, 0x30, 0x00, 0x00, 0x12, 0x40, 0x20, 0x35, 0xF8, 0x33, 0x1C, 0x30, 0x00, 0x00, 0x12, 0x08, /* FBB80 */
	0x52, 0x36, 0xB6, 0x30, 0x1C, 0x30, 0x02, 0x00, 0x12, 0x40, 0x52, 0x36, 0x12, 0x34, 0x08, 0x38, /* FBB90 */
	0x04, 0x00, 0x12, 0x00, 0x52, 0x36, 0xB6, 0x30, 0x36, 0x38, 0x04, 0x00, 0x12, 0x40, 0x52, 0x36, /* FBBA0 */
	0x84, 0x34, 0xC4, 0x37, 0x04, 0x00, 0x12, 0x00, 0xA4, 0x36, 0x6A, 0x32, 0x1C, 0x30, 0x00, 0x00, /* FBBB0 */
	0x20, 0x05, 0x76, 0x35, 0x14, 0x33, 0x1C, 0x30, 0x02, 0x00, 0x10, 0x11, 0x76, 0x35, 0x10, 0x33, /* FBBC0 */
	0x1C, 0x30, 0x00, 0x00, 0x10, 0x11, 0x60, 0x35, 0x7E, 0x31, 0x1C, 0x30, 0x02, 0x00, 0x30, 0x01, /* FBBD0 */
	0xB6, 0x35, 0x30, 0x34, 0x1C, 0x30, 0x02, 0x00, 0x59, 0x40, 0x1E, 0x30, 0xF8, 0x33, 0x1C, 0x30, /* FBBE0 */
	0x02, 0x00, 0x12, 0x40, 0x52, 0x36, 0x7C, 0x31, 0x1C, 0x30, 0xC0, 0x00, 0x12, 0x00, 0x52, 0x36, /* FBBF0 */
	0x7C, 0x31, 0x1C, 0x30, 0x00, 0x00, 0x12, 0x40, 0x1E, 0x30, 0xF8, 0x33, 0x1C, 0x30, 0x00, 0x20, /* FBC00 */
	0x12, 0x00, 0x1E, 0x30, 0x12, 0x34, 0x04, 0x39, 0x00, 0x00, 0x12, 0x00, 0x1E, 0x30, 0xF8, 0x33, /* FBC10 */
	0x1C, 0x30, 0x00, 0x00, 0x12, 0x00, 0xD4, 0x36, 0x3C, 0x33, 0x1C, 0x30, 0x00, 0x00, 0x12, 0x00, /* FBC20 */
	0x1E, 0x30, 0x2E, 0x34, 0x1C, 0x30, 0x00, 0x00, 0x58, 0x00, 0xA0, 0x34, 0x84, 0x34, 0x1C, 0x30, /* FBC30 */
	0x00, 0x00, 0x12, 0x00, 0x20, 0x35, 0xF8, 0x33, 0x1C, 0x30, 0x00, 0x00, 0x12, 0x08, 0x52, 0x36, /* FBC40 */
	0x18, 0x33, 0x70, 0x38, 0x80, 0x10, 0x12, 0x40, 0x52, 0x36, 0x7C, 0x31, 0x1C, 0x30, 0x80, 0x10, /* FBC50 */
	0x12, 0x40, 0x52, 0x36, 0x18, 0x33, 0x1C, 0x30, 0x00, 0x00, 0x12, 0x00, 0x1E, 0x30, 0x40, 0x34, /* FBC60 */
	0x1C, 0x30, 0x00, 0x00, 0x18, 0x00, 0x1E, 0x30, 0x4E, 0x32, 0x1C, 0x30, 0x00, 0x02, 0x20, 0x05, /* FBC70 */
	0x1E, 0x30, 0x98, 0x34, 0xBC, 0x37, 0x00, 0x00, 0xD0, 0x00, 0x1E, 0x30, 0x52, 0x32, 0x1C, 0x30, /* FBC80 */
	0x00, 0x00, 0x20, 0x05, 0x46, 0x37, 0x54, 0x30, 0x56, 0x39, 0xFE, 0xFF, 0x13, 0x00, 0xA8, 0x36, /* FBC90 */
	0x6A, 0x30, 0x56, 0x39, 0xFE, 0xFF, 0x13, 0x40, 0xA8, 0x36, 0x70, 0x30, 0xC4, 0x37, 0xFE, 0xFF, /* FBCA0 */
	0x12, 0x40, 0x58, 0x35, 0xF4, 0x31, 0x1C, 0x30, 0xFE, 0xFF, 0x12, 0x48, 0xE0, 0x35, 0x7E, 0x32, /* FBCB0 */
	0x1C, 0x30, 0xFE, 0xFF, 0x13, 0x40, 0xDC, 0x35, 0x28, 0x32, 0x1C, 0x30, 0xFE, 0xFF, 0x11, 0x40, /* FBCC0 */
	0xFA, 0x35, 0x7E, 0x32, 0x1C, 0x30, 0xFE, 0xFF, 0x11, 0x40, 0x1E, 0x30, 0x8E, 0x34, 0xA0, 0x38, /* FBCD0 */
	0x02, 0x00, 0x10, 0x00, 0x1E, 0x30, 0xD6, 0x31, 0xC8, 0x37, 0xEC, 0xF7, 0x12, 0x08, 0x3C, 0x37, /* FBCE0 */
	0x06, 0x32, 0x1C, 0x30, 0x01, 0x00, 0x02, 0x08, 0xEE, 0x36, 0x5C, 0x32, 0x1C, 0x30, 0x00, 0x00, /* FBCF0 */
	0x21, 0x45, 0x1E, 0x30, 0xEC, 0x30, 0x3E, 0x39, 0x01, 0x00, 0x13, 0x68, 0xE6, 0x36, 0xF2, 0x33, /* FBD00 */
	0x88, 0x39, 0x01, 0x00, 0xA0, 0x44, 0xD4, 0x34, 0x42, 0x34, 0x1C, 0x30, 0x00, 0x00, 0x19, 0x40, /* FBD10 */
	0x18, 0x36, 0x1E, 0x31, 0xA0, 0x38, 0x00, 0x00, 0x13, 0x40, 0x18, 0x35, 0x9A, 0x30, 0x1C, 0x30, /* FBD20 */
	0x00, 0x00, 0x39, 0x00, 0xA6, 0x34, 0xC4, 0x30, 0x1C, 0x30, 0x00, 0x00, 0xB1, 0x40, 0xA0, 0x34, /* FBD30 */
	0x26, 0x30, 0x1C, 0x30, 0x00, 0x00, 0x12, 0x40, 0x68, 0x37, 0xD6, 0x31, 0x1C, 0x30, 0x00, 0x00, /* FBD40 */
	0x12, 0x40, 0x52, 0x36, 0x96, 0x34, 0x1C, 0x30, 0x00, 0x00, 0x12, 0x40, 0x1E, 0x30, 0xD6, 0x31, /* FBD50 */
	0xC4, 0x37, 0x00, 0x20, 0x12, 0x08, 0x46, 0x35, 0x9A, 0x34, 0x82, 0x39, 0x01, 0x00, 0xD0, 0x00, /* FBD60 */
	0x20, 0x35, 0x26, 0x30, 0x66, 0x38, 0x00, 0x00, 0x12, 0x68, 0x20, 0x35, 0xD8, 0x30, 0x1C, 0x30, /* FBD70 */
	0x00, 0x00, 0x12, 0x68, 0x1E, 0x30, 0xD8, 0x30, 0x1C, 0x30, 0x01, 0x00, 0x13, 0x68, 0x1E, 0x30, /* FBD80 */
	0xF2, 0x31, 0xC4, 0x37, 0x02, 0x80, 0x12, 0x08, 0x1E, 0x30, 0x8E, 0x34, 0x1C, 0x30, 0x00, 0x00, /* FBD90 */
	0x10, 0x00, 0x1E, 0x30, 0x98, 0x34, 0x1C, 0x30, 0x00, 0x00, 0xD0, 0x00, 0x48, 0x36, 0x1C, 0x34, /* FBDA0 */
	0x1C, 0x30, 0x00, 0x00, 0x13, 0x40, 0xB0, 0x37, 0x12, 0x31, 0xA0, 0x38, 0x02, 0x00, 0x12, 0x40, /* FBDB0 */
	0x10, 0x37, 0xD0, 0x30, 0xA0, 0x38, 0x00, 0x00, 0xB0, 0x40, 0x14, 0x37, 0xEA, 0x32, 0xA0, 0x38, /* FBDC0 */
	0x00, 0x00, 0x18, 0x50, 0x6E, 0x36, 0xE4, 0x32, 0x1C, 0x30, 0x00, 0x00, 0x18, 0x50, 0xF6, 0x34, /* FBDD0 */
	0xB4, 0x32, 0x1C, 0x30, 0x00, 0x00, 0x19, 0x10, 0x40, 0x35, 0x5E, 0x31, 0x1C, 0x30, 0x00, 0x00, /* FBDE0 */
	0xC1, 0x44, 0x7A, 0x35, 0x62, 0x31, 0x1C, 0x30, 0x00, 0x00, 0xC1, 0x44, 0xDE, 0x34, 0x18, 0x33, /* FBDF0 */
	0xA0, 0x38, 0x00, 0x00, 0x12, 0x40, 0x1E, 0x30, 0x20, 0x30, 0x1C, 0x30, 0x00, 0x00, 0x01, 0x00, /* FBE00 */
	0x8C, 0x39, 0x96, 0x39, 0x4A, 0x3A, 0x5E, 0x3A, 0xB8, 0x3A, 0x8A, 0x3B, 0x3C, 0x3E, 0x5A, 0x3E, /* FBE10 */
	0xAA, 0x3E, 0xAE, 0x3F, 0x30, 0x40, 0x3A, 0x40, 0x80, 0x40, 0x3E, 0x41, 0x7A, 0x41, 0x6A, 0x42, /* FBE20 */
	0xBA, 0x42, 0xCE, 0x42, 0xD8, 0x42, 0xAA, 0x43, 0x68, 0x44, 0x08, 0x45, 0xC6, 0x45, 0xDA, 0x45, /* FBE30 */
	0x16, 0x46, 0x34, 0x46, 0x42, 0x47, 0x4C, 0x47, 0x1F, 0x00, 0x00, 0x00, 0x01, 0x00, 0x00, 0x00, /* FBE40 */
	0x00, 0x00, 0x1F, 0x00, 0x1C, 0x00, 0x03, 0x00, 0x02, 0x00, 0x03, 0x00, 0x02, 0x00, 0x03, 0x00, /* FBE50 */
	0x1F, 0x00, 0x00, 0x00, 0x00, 0x00, 0x02, 0x00, 0x03, 0x00, 0x7F, 0x00, 0x3F, 0x00, 0x00, 0x00, /* FBE60 */
	0x01, 0x00, 0x00, 0x00, 0xC0, 0x00, 0x0F, 0x00, 0x02, 0x00, 0x02, 0x00, 0xF0, 0x00, 0x03, 0x00, /* FBE70 */
	0x03, 0x00, 0x02, 0x00, 0xFC, 0x00, 0x00, 0x00, 0x00, 0x00, 0x02, 0x00, 0x00, 0x03, 0x04, 0x04, /* FBE80 */
	0x05, 0x06, 0x07, 0x07, 0x08, 0x09, 0x0A, 0x0A, 0x0B, 0x0C, 0x0D, 0x0D, 0x0E, 0x0F, 0x10, 0x10, /* FBE90 */
	0x11, 0x12, 0x13, 0x13, 0x14, 0x15, 0x16, 0x16, 0x17, 0x18, 0x19, 0x19, 0x1A, 0x00, 0x02, 0x03, /* FBEA0 */
	0x04, 0x05, 0x05, 0x06, 0x07, 0x08, 0x08, 0x09, 0x0A, 0x0B, 0x0B, 0x0C, 0x0D, 0x0E, 0x0E, 0x0F, /* FBEB0 */
	0x10, 0x11, 0x11, 0x12, 0x13, 0x14, 0x14, 0x15, 0x16, 0x17, 0x17, 0x18, 0x19, 0x1A, 0x00, 0x03, /* FBEC0 */
	0x04, 0x05, 0x05, 0x06, 0x07, 0x08, 0x08, 0x09, 0x0A, 0x0B, 0x0B, 0x0C, 0x0D, 0x0E, 0x0E, 0x0F, /* FBED0 */
	0x10, 0x11, 0x11, 0x12, 0x13, 0x14, 0x14, 0x15, 0x16, 0x17, 0x17, 0x18, 0x19, 0x1A, 0x1A, 0xFF, /* FBEE0 */
	0xA0, 0x49, 0x7C, 0xAE, 0x7E, 0xAE, 0x7E, 0xAE, 0x9C, 0xAE, 0xC8, 0xAE, 0xE0, 0xAE, 0x00, 0x00, /* FBEF0 */
	0xBA, 0xAD, 0x00, 0x00, 0xCF, 0xAD, 0x01, 0x00, 0x02, 0x00, 0x04, 0x00, 0x08, 0x00, 0x10, 0x00, /* FBF00 */
	0x20, 0x00, 0x40, 0x00, 0x80, 0x00, 0x00, 0x01, 0x00, 0x02, 0x00, 0x04, 0x00, 0x08, 0x00, 0x10, /* FBF10 */
	0x00, 0x20, 0x00, 0x40, 0x00, 0x80, 0x00, 0xFF, 0x01, 0xFF, 0xC1, 0xB3, 0xC9, 0xB3, 0xD1, 0xB3, /* FBF20 */
	0xFF, 0xFF, 0xFF, 0xFF, 0xFF, 0xFF, 0xFF, 0xFF, 0xFF, 0xFF, 0xFF, 0xFF, 0xFF, 0xFF, 0xFF, 0xFF, /* FBF30 */
	0xFF, 0xFF, 0xFF, 0xFF, 0xFF, 0xFF, 0xFF, 0xFF, 0xFF, 0xFF, 0xFF, 0xFF, 0xFF, 0xFF, 0xFF, 0xFF, /* FBF40 */
	0xFF, 0xFF, 0xFF, 0xFF, 0xFF, 0xFF, 0xFF, 0xFF, 0xFF, 0xFF, 0xFF, 0xFF, 0xFF, 0xFF, 0xFF, 0xFF, /* FBF50 */
	0xFF, 0xFF, 0xFF, 0xFF, 0xFF, 0xFF, 0xFF, 0xFF, 0xFF, 0xFF, 0xFF, 0xFF, 0xFF, 0xFF, 0xFF, 0xFF, /* FBF60 */
	0xFF, 0xFF, 0xFF, 0xFF, 0xFF, 0xFF, 0xFF, 0xFF, 0xFF, 0xFF, 0xFF, 0xFF, 0xFF, 0xFF, 0xFF, 0xFF, /* FBF70 */
	0xFF, 0xFF, 0xFF, 0xFF, 0xFF, 0xFF, 0xFF, 0xFF, 0xFF, 0xFF, 0xFF, 0xFF, 0xFF, 0xFF, 0xFF, 0xFF, /* FBF80 */
	0xFF, 0xFF, 0xFF, 0xFF, 0xFF, 0xFF, 0xFF, 0xFF, 0xFF, 0xFF, 0xFF, 0xFF, 0xFF, 0xFF, 0xFF, 0xFF, /* FBF90 */
	0xFF, 0xFF, 0xFF, 0xFF, 0xFF, 0xFF, 0xFF, 0xFF, 0xFF, 0xFF, 0xFF, 0xFF, 0xFF, 0xFF, 0xFF, 0xFF, /* FBFA0 */
	0xFF, 0xFF, 0xFF, 0xFF, 0xFF, 0xFF, 0xFF, 0xFF, 0xFF, 0xFF, 0xFF, 0xFF, 0xFF, 0xFF, 0xFF, 0xFF, /* FBFB0 */
	0xFF, 0xFF, 0xFF, 0xFF, 0xFF, 0xFF, 0xFF, 0xFF, 0xFF, 0xFF, 0xFF, 0xFF, 0xFF, 0xFF, 0xFF, 0xFF, /* FBFC0 */
	0xFF, 0xFF, 0xFF, 0xFF, 0xFF, 0xFF, 0xFF, 0xFF, 0xFF, 0xFF, 0xFF, 0xFF, 0xFF, 0xFF, 0xFF, 0xFF, /* FBFD0 */
	0xFF, 0xFF, 0xFF, 0xFF, 0xFF, 0xFF, 0xFF, 0xFF, 0xFF, 0xFF, 0xFF, 0xFF, 0xFF, 0xFF, 0xFF, 0xFF, /* FBFE0 */
	0xFF, 0xFF, 0xFF, 0xFF, 0xFF, 0xFF, 0xFF, 0xFF, 0xFF, 0xFF, 0xFF, 0xFF, 0xFF, 0xFF, 0xFF, 0xFF, /* FBFF0 */
	0xD6, 0x49, 0xF2, 0x49, 0x08, 0x4A, 0x24, 0x4A, 0x3E, 0x4A, 0x5C, 0x4A, 0x74, 0x4A, 0x8C, 0x4A, /* FC000 */
	0xA2, 0x4A, 0xBC, 0x4A, 0xCC, 0x4A, 0xDE, 0x4A, 0xF4, 0x4A, 0x0E, 0x4B, 0x26, 0x4B, 0x3E, 0x4B, /* FC010 */
	0x58, 0x4B, 0x72, 0x4B, 0x8E, 0x4B, 0xAA, 0x4B, 0xC0, 0x4B, 0xD6, 0x4B, 0xEC, 0x4B, 0x00, 0x4C, /* FC020 */
	0x06, 0x4C, 0x16, 0x4C, 0x1C, 0x4C, 0x1E, 0x4C, 0x20, 0x4C, 0x30, 0x4C, 0x53, 0x4C, 0xA2, 0x4C, /* FC030 */
	0x41, 0x4D, 0xCE, 0x4D, 0x64, 0x4E, 0x1F, 0x4F, 0xC0, 0x4F, 0x18, 0x50, 0x5F, 0x50, 0x70, 0x50, /* FC040 */
	0x7A, 0x50, 0x85, 0x50, 0x88, 0x50, 0x90, 0x50, 0x9F, 0x50, 0xC3, 0x50, 0xFF, 0x50, 0x84, 0x51, /* FC050 */
	0xD0, 0x51, 0x12, 0x52, 0x7B, 0x52, 0x99, 0x52, 0xB7, 0x52, 0xBA, 0x52, 0xBA, 0x52, 0xCC, 0x52, /* FC060 */
	0x0F, 0x53, 0x88, 0x53, 0x4A, 0x54, 0x71, 0x55, 0xCD, 0x56, 0x61, 0x57, 0xF1, 0x57, 0xD7, 0x58, /* FC070 */
	0xF1, 0x58, 0x3A, 0x59, 0x45, 0x59, 0x48, 0x59, 0x4C, 0x59, 0x63, 0x59, 0x87, 0x59, 0xF9, 0x59, /* FC080 */
	0x6A, 0x5A, 0xC4, 0x5A, 0x4D, 0x5B, 0xAF, 0x5B, 0x17, 0x5C, 0x3B, 0x5C, 0x3B, 0x5C, 0x45, 0x5C, /* FC090 */
	0x47, 0x5C, 0x47, 0x5C, 0x53, 0x5C, 0x76, 0x5C, 0xC9, 0x5C, 0x4B, 0x5D, 0xA0, 0x5D, 0x2B, 0x5E, /* FC0A0 */
	0x93, 0x5E, 0x0A, 0x5F, 0x23, 0x5F, 0x35, 0x5F, 0x47, 0x5F, 0x47, 0x5F, 0x53, 0x5F, 0x56, 0x5F, /* FC0B0 */
	0x56, 0x5F, 0x68, 0x5F, 0x9E, 0x5F, 0xE0, 0x5F, 0x42, 0x60, 0xB2, 0x60, 0xF0, 0x60, 0x2F, 0x61, /* FC0C0 */
	0x49, 0x61, 0x65, 0x61, 0x74, 0x61, 0x77, 0x61, 0x7B, 0x61, 0x8A, 0x61, 0xB3, 0x61, 0xE4, 0x61, /* FC0D0 */
	0x15, 0x62, 0x5A, 0x62, 0x90, 0x62, 0xA3, 0x62, 0xB9, 0x62, 0xC7, 0x62, 0xD1, 0x62, 0xD4, 0x62, /* FC0E0 */
	0xD8, 0x62, 0xFE, 0x62, 0x3D, 0x63, 0x72, 0x63, 0xDB, 0x63, 0x63, 0x64, 0x93, 0x64, 0xD8, 0x64, /* FC0F0 */
	0xF4, 0x64, 0xFD, 0x64, 0xFF, 0x64, 0x0F, 0x65, 0x20, 0x65, 0x49, 0x65, 0x89, 0x65, 0xF4, 0x65, /* FC100 */
	0x5B, 0x66, 0xD9, 0x66, 0x4F, 0x67, 0x7F, 0x67, 0x98, 0x67, 0xA2, 0x67, 0xAC, 0x67, 0xAF, 0x67, /* FC110 */
	0xAF, 0x67, 0xB4, 0x67, 0xCD, 0x67, 0xDA, 0x67, 0xE2, 0x67, 0xF3, 0x67, 0xFF, 0x67, 0x02, 0x68, /* FC120 */
	0x02, 0x68, 0x07, 0x68, 0x12, 0x68, 0x12, 0x68, 0x24, 0x68, 0x24, 0x68, 0x24, 0x68, 0x2E, 0x68, /* FC130 */
	0x31, 0x68, 0x31, 0x68, 0x43, 0x68, 0x97, 0x68, 0xD1, 0x68, 0xFB, 0x68, 0x35, 0x69, 0x4D, 0x69, /* FC140 */
	0x6F, 0x69, 0xA7, 0x69, 0xC6, 0x69, 0xC9, 0x69, 0xD1, 0x69, 0xE4, 0x69, 0x37, 0x6A, 0x9B, 0x6A, /* FC150 */
	0x2F, 0x6B, 0x99, 0x6B, 0x3F, 0x6C, 0xA8, 0x6C, 0xF0, 0x6C, 0x0E, 0x6D, 0x32, 0x6D, 0x58, 0x6D, /* FC160 */
	0x5B, 0x6D, 0x5F, 0x6D, 0x75, 0x6D, 0xA0, 0x6D, 0xD5, 0x6D, 0x20, 0x6E, 0x77, 0x6E, 0xBD, 0x6E, /* FC170 */
	0xE1, 0x6E, 0xEE, 0x6E, 0x0D, 0x6F, 0x1D, 0x6F, 0x1F, 0x6F, 0x2B, 0x6F, 0x4D, 0x6F, 0x80, 0x6F, /* FC180 */
	0xBA, 0x6F, 0xE9, 0x6F, 0x16, 0x70, 0x45, 0x70, 0x5C, 0x70, 0x6C, 0x70, 0x75, 0x70, 0x7F, 0x70, /* FC190 */
	0x82, 0x70, 0x82, 0x70, 0x94, 0x70, 0xD0, 0x70, 0x1F, 0x71, 0x24, 0x72, 0x59, 0x73, 0x68, 0x74, /* FC1A0 */
	0x23, 0x75, 0xA2, 0x75, 0xDC, 0x75, 0x24, 0x76, 0x52, 0x76, 0x55, 0x76, 0x55, 0x76, 0x5A, 0x76, /* FC1B0 */
	0x5A, 0x76, 0x61, 0x76, 0x67, 0x76, 0x7B, 0x76, 0x7B, 0x76, 0x7B, 0x76, 0x7B, 0x76, 0x7B, 0x76, /* FC1C0 */
	0x85, 0x76, 0x9F, 0x76, 0xA1, 0x76, 0xA1, 0x76, 0xA5, 0x76, 0xD5, 0x76, 0x3D, 0x77, 0xDA, 0x77, /* FC1D0 */
	0x7F, 0x78, 0xF0, 0x78, 0x84, 0x79, 0x0C, 0x7A, 0x7C, 0x7A, 0x86, 0x7A, 0x98, 0x7A, 0xD7, 0x7A, /* FC1E0 */
	0xDA, 0x7A, 0xE2, 0x7A, 0x02, 0x7B, 0x59, 0x7B, 0xD0, 0x7B, 0xC8, 0x7C, 0xAB, 0x7D, 0x57, 0x7E, /* FC1F0 */
	0x47, 0x7F, 0xA0, 0x7F, 0xDB, 0x7F, 0xDB, 0x7F, 0xDB, 0x7F, 0xFA, 0x7F, 0xFD, 0x7F, 0x01, 0x80, /* FC200 */
	0x1F, 0x80, 0x7C, 0x80, 0xD9, 0x80, 0x27, 0x81, 0xD3, 0x81, 0x30, 0x82, 0x7F, 0x82, 0xBD, 0x82, /* FC210 */
	0xE8, 0x82, 0xEA, 0x82, 0xF2, 0x82, 0xFA, 0x82, 0x0C, 0x83, 0x44, 0x83, 0x4C, 0x83, 0x70, 0x83, /* FC220 */
	0x7E, 0x83, 0x86, 0x83, 0x9C, 0x83, 0xBE, 0x83, 0xC1, 0x83, 0xC1, 0x83, 0xC6, 0x83, 0xDD, 0x83, /* FC230 */
	0xFD, 0x83, 0x1E, 0x84, 0x44, 0x84, 0x67, 0x84, 0x8E, 0x84, 0x96, 0x84, 0xA6, 0x84, 0xAB, 0x84, /* FC240 */
	0xAF, 0x84, 0xD0, 0x84, 0x22, 0x85, 0x83, 0x85, 0xD5, 0x85, 0x3A, 0x86, 0x79, 0x86, 0x8F, 0x86, /* FC250 */
	0xB8, 0x86, 0xBC, 0x86, 0xBC, 0x86, 0xC2, 0x86, 0xC5, 0x86, 0xC5, 0x86, 0xD2, 0x86, 0xE2, 0x86, /* FC260 */
	0xEE, 0x86, 0xFA, 0x86, 0x03, 0x87, 0x0A, 0x87, 0x0D, 0x87, 0x0D, 0x87, 0x12, 0x87, 0x61, 0x36, /* FC270 */
	0x82, 0x93, 0x61, 0x02, 0x82, 0x94, 0x51, 0x00, 0x62, 0x8E, 0x31, 0x02, 0x22, 0x8D, 0x31, 0x01, /* FC280 */
	0x43, 0x2E, 0x84, 0x0E, 0x04, 0x21, 0x32, 0xC9, 0xE2, 0x6C, 0xDC, 0x2A, 0xE3, 0xCE, 0x95, 0x0E, /* FC290 */
	0x05, 0xC3, 0xA3, 0x84, 0x4B, 0x04, 0xC3, 0x53, 0x87, 0x13, 0x0B, 0x00, 0x67, 0x03, 0x03, 0x02, /* FC2A0 */
	0x80, 0x07, 0x1A, 0x04, 0x8C, 0x3F, 0xB7, 0x4A, 0x3F, 0x03, 0x17, 0x65, 0x40, 0x07, 0x01, 0x03, /* FC2B0 */
	0x32, 0x05, 0x2B, 0x05, 0x00, 0x00, 0x74, 0x37, 0x0C, 0x00, 0x53, 0x05, 0x0C, 0x00, 0x04, 0x35, /* FC2C0 */
	0x0C, 0x02, 0x6E, 0x16, 0x21, 0x0E, 0x00, 0x58, 0x4D, 0x0C, 0x00, 0x2C, 0x61, 0x0C, 0x00, 0x2C, /* FC2D0 */
	0x0D, 0x0C, 0x03, 0x75, 0x52, 0x21, 0x5E, 0x00, 0x03, 0x6C, 0x64, 0x21, 0x2C, 0x01, 0x00, 0x2D, /* FC2E0 */
	0x39, 0x07, 0x03, 0x22, 0x31, 0x01, 0xB2, 0x00, 0x00, 0x43, 0x11, 0x0C, 0x04, 0x0C, 0x4D, 0x00, /* FC2F0 */
	0x8C, 0x4D, 0x84, 0x62, 0x57, 0x14, 0x00, 0x9A, 0x14, 0x84, 0xA6, 0x14, 0x92, 0x11, 0x52, 0x1E, /* FC300 */
	0x04, 0x07, 0x25, 0x0E, 0x10, 0x97, 0x0E, 0x84, 0x6D, 0x3B, 0x07, 0x30, 0xD9, 0x3E, 0x84, 0x6C, /* FC310 */
	0x3B, 0x07, 0x30, 0xDC, 0x3E, 0x84, 0x62, 0x5B, 0x05, 0x00, 0xDA, 0x16, 0xC4, 0x90, 0x30, 0x19, /* FC320 */
	0x40, 0x30, 0x09, 0xC3, 0x6C, 0x3C, 0x17, 0x30, 0x98, 0x00, 0x6E, 0x13, 0x05, 0x0D, 0x05, 0x90, /* FC330 */
	0x26, 0x0C, 0x41, 0x48, 0xBC, 0x0A, 0x05, 0x2E, 0x4B, 0x99, 0xF1, 0x1E, 0x12, 0x05, 0x04, 0x2E, /* FC340 */
	0x17, 0x92, 0xF1, 0x1E, 0x1E, 0xC3, 0x32, 0x57, 0xC5, 0x12, 0x57, 0x05, 0x2E, 0x17, 0x0C, 0x31, /* FC350 */
	0x2A, 0x00, 0x0C, 0x00, 0x6C, 0x14, 0x0E, 0x0C, 0x05, 0x4C, 0x15, 0x0E, 0x31, 0x14, 0x3C, 0x0E, /* FC360 */
	0x00, 0xB4, 0x24, 0x03, 0x0C, 0x00, 0x26, 0x26, 0x18, 0x0D, 0x00, 0x4C, 0x0D, 0x05, 0x0C, 0x03, /* FC370 */
	0x92, 0x3E, 0x97, 0x41, 0x3E, 0x00, 0x93, 0x17, 0x14, 0x0D, 0x05, 0x74, 0x04, 0x93, 0x51, 0x30, /* FC380 */
	0x7C, 0x03, 0x00, 0x67, 0x3B, 0x19, 0x31, 0x00, 0x53, 0x05, 0x0E, 0x0C, 0x00, 0x90, 0x30, 0x05, /* FC390 */
	0x0C, 0x85, 0x72, 0x57, 0x2E, 0x00, 0x92, 0x36, 0x12, 0x05, 0xAC, 0x07, 0x99, 0xDF, 0x6A, 0x07, /* FC3A0 */
	0x69, 0x07, 0x6C, 0x3D, 0xB3, 0xDC, 0x2A, 0x7D, 0x3D, 0x53, 0x04, 0x85, 0x83, 0x3E, 0x93, 0x03, /* FC3B0 */
	0x4B, 0xD2, 0x4F, 0xC4, 0x8E, 0x5F, 0x85, 0x86, 0x4E, 0x73, 0x02, 0x27, 0xCE, 0x3D, 0x2E, 0x95, /* FC3C0 */
	0x0E, 0x55, 0x77, 0x36, 0x0E, 0x00, 0x6E, 0x56, 0x61, 0x00, 0x34, 0x00, 0x4E, 0x35, 0x61, 0x00, /* FC3D0 */
	0x30, 0x06, 0x2C, 0x4A, 0x25, 0x84, 0x2A, 0x46, 0x96, 0x04, 0x00, 0x86, 0x26, 0x03, 0x01, 0x30, /* FC3E0 */
	0xC3, 0x93, 0x57, 0x32, 0x01, 0xB3, 0x03, 0x00, 0x36, 0x39, 0x35, 0x01, 0x31, 0x05, 0x72, 0x14, /* FC3F0 */
	0x2E, 0xC9, 0x4C, 0x1C, 0x39, 0xC0, 0x03, 0x17, 0x93, 0x03, 0x0D, 0xC6, 0x82, 0x3F, 0x12, 0x86, /* FC400 */
	0x42, 0x7A, 0x9C, 0x02, 0x05, 0xCE, 0x21, 0xAF, 0x97, 0x0E, 0x95, 0x98, 0x06, 0x0C, 0x06, 0xCE, /* FC410 */
	0xDD, 0x2A, 0x02, 0x38, 0x05, 0x06, 0xAC, 0x35, 0x4E, 0x01, 0xCC, 0x36, 0x39, 0x09, 0x05, 0x6E, /* FC420 */
	0x53, 0x28, 0x49, 0x00, 0xDE, 0xE2, 0x1E, 0x86, 0x07, 0x25, 0x8E, 0x53, 0x00, 0x97, 0x39, 0x53, /* FC430 */
	0x04, 0x07, 0x8C, 0x16, 0x21, 0x64, 0xB7, 0x4A, 0x72, 0x25, 0x14, 0x01, 0x05, 0x36, 0x49, 0x21, /* FC440 */
	0x17, 0x61, 0x46, 0xF2, 0x0A, 0x06, 0x0E, 0x27, 0x65, 0x52, 0x01, 0x0E, 0xF3, 0x4E, 0x04, 0x08, /* FC450 */
	0xCE, 0x24, 0xA5, 0x64, 0xE1, 0x6E, 0x72, 0xC9, 0xDC, 0x14, 0x07, 0x2E, 0x17, 0x2C, 0x4D, 0x21, /* FC460 */
	0x2E, 0x02, 0xCC, 0x4C, 0x03, 0xC5, 0x90, 0x48, 0xAF, 0x16, 0x40, 0x40, 0x8A, 0x16, 0x00, 0x86, /* FC470 */
	0x26, 0x03, 0x39, 0x30, 0x00, 0x0D, 0x51, 0xA5, 0x49, 0x30, 0x00, 0x89, 0x42, 0x8F, 0x52, 0x0D, /* FC480 */
	0xC0, 0x0E, 0x31, 0xD9, 0x16, 0x31, 0x00, 0xB1, 0x15, 0xAF, 0x4D, 0x34, 0x07, 0x0C, 0x3F, 0x68, /* FC490 */
	0x33, 0xA1, 0x2A, 0x03, 0xC8, 0xA7, 0x02, 0x08, 0x76, 0x0F, 0x21, 0x3C, 0x61, 0x06, 0x2C, 0x9C, /* FC4A0 */
	0x1F, 0x3C, 0x09, 0x52, 0x69, 0x6F, 0x06, 0x9D, 0x41, 0xA6, 0x5A, 0x3C, 0x3B, 0x00, 0x00, 0x54, /* FC4B0 */
	0x30, 0xA5, 0x14, 0x0D, 0x07, 0x2D, 0x49, 0x09, 0x07, 0x0E, 0x30, 0xAD, 0x00, 0x0B, 0x38, 0xA5, /* FC4C0 */
	0xAC, 0x20, 0xAF, 0x1D, 0xC8, 0xA7, 0xE2, 0x1C, 0x0F, 0x27, 0xCE, 0x51, 0x48, 0x39, 0x87, 0x35, /* FC4D0 */
	0x16, 0x58, 0xAD, 0xF9, 0x00, 0x90, 0x04, 0x32, 0x39, 0x14, 0x0C, 0x00, 0x89, 0x0E, 0x12, 0x19, /* FC4E0 */
	0x14, 0x0D, 0x00, 0x24, 0x45, 0x15, 0x51, 0x05, 0x30, 0x06, 0xB4, 0x3C, 0x72, 0x16, 0x19, 0x50, /* FC4F0 */
	0x70, 0x1E, 0x1E, 0x01, 0x07, 0x90, 0x48, 0xAF, 0x06, 0x0C, 0x40, 0x48, 0x62, 0x06, 0xA8, 0xC6, /* FC500 */
	0x92, 0x06, 0x2E, 0x17, 0x04, 0x40, 0x06, 0x0E, 0x1A, 0x00, 0x07, 0x93, 0x17, 0x0D, 0x32, 0x19, /* FC510 */
	0x40, 0x97, 0x0D, 0x32, 0x14, 0x00, 0x03, 0x57, 0x12, 0x0D, 0x19, 0xD1, 0x00, 0x82, 0x53, 0x12, /* FC520 */
	0x0D, 0x14, 0x0E, 0x00, 0x03, 0x57, 0x12, 0x51, 0x05, 0x30, 0x06, 0x52, 0x07, 0x8E, 0x07, 0xD3, /* FC530 */
	0x22, 0xF3, 0x4E, 0xD3, 0x03, 0x00, 0x0D, 0x26, 0x54, 0x3D, 0x0E, 0x1C, 0x08, 0x0E, 0x31, 0x99, /* FC540 */
	0x17, 0x13, 0x30, 0x86, 0xEA, 0x4C, 0x17, 0x1A, 0x07, 0x44, 0x06, 0x23, 0x39, 0x14, 0x20, 0x06, /* FC550 */
	0xD3, 0x3C, 0x52, 0x00, 0xAE, 0x24, 0x62, 0x13, 0x19, 0xC9, 0x00, 0x89, 0x42, 0x0C, 0x39, 0x05, /* FC560 */
	0x0D, 0x00, 0x90, 0x14, 0x54, 0x51, 0x05, 0x31, 0x00, 0x2E, 0x0D, 0x64, 0x53, 0x05, 0x31, 0xC0, /* FC570 */
	0xA4, 0x16, 0xB2, 0x24, 0x33, 0x01, 0x35, 0x00, 0x2C, 0x61, 0x61, 0x12, 0x85, 0x02, 0x4D, 0xC8, /* FC580 */
	0x03, 0x3F, 0x8D, 0x04, 0xCE, 0x01, 0xCB, 0x36, 0x41, 0x00, 0x1E, 0x01, 0x09, 0x90, 0x04, 0x12, /* FC590 */
	0x51, 0x95, 0x87, 0x10, 0x40, 0x72, 0x61, 0xF4, 0x4C, 0x09, 0x0D, 0x26, 0xA7, 0x3D, 0x95, 0x87, /* FC5A0 */
	0x0D, 0x72, 0xA4, 0x47, 0x05, 0x4C, 0x08, 0x52, 0x4D, 0x74, 0x53, 0x2C, 0xAD, 0x7C, 0x53, 0xBC, /* FC5B0 */
	0x14, 0xA0, 0x02, 0x06, 0x93, 0x57, 0x12, 0x39, 0x23, 0x01, 0xB3, 0xF3, 0x38, 0x13, 0x06, 0x6C, /* FC5C0 */
	0x3C, 0x17, 0x39, 0x23, 0x01, 0x8C, 0x06, 0x38, 0x13, 0x00, 0x0D, 0x26, 0x54, 0x3D, 0x95, 0x03, /* FC5D0 */
	0x1C, 0xC0, 0xB4, 0x48, 0x09, 0x56, 0x34, 0x01, 0x1D, 0xC7, 0x92, 0x06, 0x2E, 0x27, 0x2E, 0x03, /* FC5E0 */
	0x12, 0x31, 0x2A, 0xFC, 0x0E, 0x0A, 0x0D, 0x26, 0xA7, 0x25, 0xD4, 0x85, 0x0D, 0xF2, 0x1C, 0x5C, /* FC5F0 */
	0xF5, 0xD0, 0x05, 0x00, 0x90, 0x30, 0x09, 0x07, 0xAE, 0x00, 0x30, 0x00, 0x44, 0x14, 0x32, 0x39, /* FC600 */
	0x23, 0x01, 0x1C, 0x09, 0xAC, 0x24, 0x2D, 0x51, 0x85, 0x86, 0x6A, 0x74, 0xA4, 0xCD, 0xDC, 0x78, /* FC610 */
	0x00, 0x74, 0x3D, 0x93, 0x20, 0x85, 0x16, 0x31, 0x08, 0x93, 0x27, 0x67, 0x36, 0x65, 0x52, 0x40, /* FC620 */
	0x23, 0x39, 0x0D, 0x30, 0x52, 0x09, 0xB5, 0x3C, 0x6D, 0x0B, 0x69, 0x14, 0x77, 0x04, 0x34, 0x00, /* FC630 */
	0x72, 0x15, 0x2A, 0x09, 0xAC, 0x3C, 0x27, 0x51, 0x28, 0x49, 0xB7, 0x5A, 0x00, 0x47, 0x9C, 0xE1, /* FC640 */
	0x1E, 0x0A, 0x4C, 0x15, 0x0E, 0x51, 0x69, 0x3B, 0x01, 0x1C, 0x01, 0x4E, 0x0C, 0xCD, 0x00, 0x0E, /* FC650 */
	0xC0, 0xAE, 0x24, 0x43, 0x41, 0xA1, 0x14, 0x71, 0x00, 0xAE, 0x04, 0x67, 0x3B, 0x89, 0x37, 0xC5, /* FC660 */
	0x00, 0x52, 0x51, 0x68, 0x15, 0x54, 0x0D, 0x31, 0x09, 0x90, 0x48, 0x8F, 0x48, 0x09, 0x51, 0x05, /* FC670 */
	0x40, 0x48, 0x4F, 0x40, 0x16, 0x40, 0x04, 0x00, 0xAC, 0x14, 0x72, 0x06, 0x54, 0x59, 0x05, 0x70, /* FC680 */
	0x00, 0x87, 0x26, 0xA3, 0x31, 0xB4, 0x49, 0x05, 0xC4, 0x00, 0x6E, 0x26, 0x36, 0x49, 0x13, 0x49, /* FC690 */
	0x19, 0x31, 0xC8, 0x43, 0x3B, 0xAF, 0x33, 0x25, 0x1C, 0x85, 0x21, 0x3B, 0x9C, 0xAF, 0xF2, 0x0A, /* FC6A0 */
	0x09, 0x12, 0x23, 0x21, 0x3D, 0x6C, 0x1F, 0xD9, 0x22, 0x17, 0x9C, 0xAF, 0xF2, 0x0A, 0x05, 0xCB, /* FC6B0 */
	0x90, 0x48, 0x8F, 0x48, 0x09, 0x51, 0x25, 0x00, 0x50, 0x32, 0x43, 0x12, 0x05, 0xD1, 0x3C, 0x04, /* FC6C0 */
	0x00, 0x03, 0x17, 0x2C, 0x49, 0x6F, 0x15, 0x34, 0x49, 0x31, 0x00, 0x64, 0x25, 0x4E, 0x4D, 0x94, /* FC6D0 */
	0x06, 0x54, 0x59, 0x05, 0xC1, 0x02, 0x02, 0x05, 0x22, 0x05, 0x12, 0x01, 0x82, 0x19, 0x22, 0x01, /* FC6E0 */
	0xA3, 0xB5, 0x08, 0x76, 0x04, 0x03, 0x29, 0x0B, 0x29, 0x07, 0x03, 0x80, 0x0B, 0x45, 0x0A, 0x23, /* FC6F0 */
	0x25, 0x39, 0x82, 0x39, 0x02, 0x03, 0x01, 0x2F, 0x82, 0x21, 0x03, 0xE3, 0xAF, 0x20, 0x02, 0x6F, /* FC700 */
	0x00, 0x04, 0x95, 0x67, 0x82, 0x69, 0x16, 0x03, 0x8F, 0x4F, 0xC2, 0x47, 0x03, 0xC4, 0x95, 0x66, /* FC710 */
	0x82, 0x45, 0x16, 0xC4, 0x45, 0x39, 0x07, 0x12, 0xA5, 0x3E, 0xC5, 0x25, 0x27, 0x0E, 0xF2, 0x1C, /* FC720 */
	0x29, 0x0E, 0x05, 0x81, 0x27, 0x03, 0x02, 0x4D, 0x29, 0x0B, 0x84, 0x65, 0x3C, 0x17, 0xF2, 0x30, /* FC730 */
	0x0F, 0x03, 0x05, 0x49, 0x04, 0x72, 0x13, 0x05, 0x99, 0x3E, 0x0E, 0x22, 0x49, 0x00, 0x0E, 0x05, /* FC740 */
	0x01, 0x3F, 0x0E, 0x02, 0x2D, 0x3C, 0x0E, 0x05, 0xA1, 0x3C, 0x0E, 0x02, 0x50, 0x2F, 0x0E, 0x84, /* FC750 */
	0x25, 0x3E, 0x32, 0x09, 0x3C, 0x96, 0x03, 0x04, 0xA5, 0x50, 0x85, 0x0A, 0x65, 0x74, 0x02, 0xC5, /* FC760 */
	0x05, 0x3F, 0x2D, 0x09, 0x3C, 0xDB, 0x36, 0x86, 0x45, 0x24, 0x2E, 0x08, 0x3C, 0x28, 0x39, 0x04, /* FC770 */
	0x87, 0xC5, 0x3D, 0x2E, 0x08, 0x69, 0x79, 0xBC, 0x0E, 0x04, 0x85, 0x85, 0x27, 0x24, 0x09, 0x7C, /* FC780 */
	0x23, 0x11, 0x00, 0x85, 0x32, 0x69, 0x02, 0x07, 0x04, 0x32, 0x05, 0x54, 0x08, 0x92, 0x65, 0x00, /* FC790 */
	0x05, 0x61, 0x30, 0xA5, 0x08, 0x21, 0x7C, 0x04, 0xC4, 0xAF, 0x20, 0x85, 0x0A, 0xEF, 0x78, 0x02, /* FC7A0 */
	0x04, 0x6F, 0x09, 0x85, 0x0A, 0x2F, 0x7D, 0x02, 0x04, 0x85, 0x1E, 0x85, 0x0A, 0x1E, 0x77, 0x02, /* FC7B0 */
	0xC0, 0x45, 0x04, 0x36, 0x01, 0x03, 0x05, 0x32, 0x05, 0xB3, 0x08, 0x92, 0x45, 0x53, 0x05, 0x95, /* FC7C0 */
	0x26, 0x61, 0x08, 0x2B, 0x05, 0xA8, 0x04, 0x35, 0x10, 0x08, 0x09, 0x22, 0x04, 0x00, 0x00, 0x12, /* FC7D0 */
	0x4D, 0x69, 0x00, 0x03, 0xA5, 0x05, 0x07, 0x95, 0x17, 0xC2, 0x2C, 0xDF, 0x1A, 0x86, 0xA5, 0x5C, /* FC7E0 */
	0x25, 0x39, 0xC2, 0x5C, 0x5C, 0x05, 0x0E, 0xC0, 0x65, 0x16, 0x46, 0x51, 0x30, 0x00, 0x35, 0x1A, /* FC7F0 */
	0x61, 0x3C, 0x31, 0xC5, 0xA1, 0x20, 0x69, 0x1E, 0x02, 0xE1, 0xF0, 0x3E, 0x00, 0xA5, 0x16, 0x72, /* FC800 */
	0x64, 0x35, 0x00, 0x81, 0x3A, 0xA5, 0x50, 0x07, 0x05, 0x81, 0x3E, 0xB1, 0x15, 0x02, 0x40, 0x3E, /* FC810 */
	0x0B, 0x00, 0x81, 0x0A, 0x81, 0x06, 0x30, 0x05, 0xAF, 0x31, 0x24, 0x49, 0x02, 0xAF, 0x12, 0x1E, /* FC820 */
	0x06, 0x95, 0x27, 0x2E, 0x4D, 0x13, 0xA2, 0x69, 0xCE, 0x4C, 0x03, 0x06, 0x81, 0x17, 0x02, 0x31, /* FC830 */
	0x0C, 0x02, 0x4D, 0xC2, 0xA7, 0x02, 0x08, 0x69, 0x3E, 0x4D, 0x05, 0x0C, 0x22, 0x39, 0x1C, 0x3F, /* FC840 */
	0x15, 0x2C, 0x00, 0x6C, 0x0F, 0x0B, 0x11, 0x05, 0x07, 0x00, 0xAF, 0x39, 0x04, 0x49, 0x19, 0x31, /* FC850 */
	0x07, 0x35, 0x10, 0x48, 0x4D, 0x0D, 0x82, 0x12, 0x69, 0x0A, 0x34, 0x00, 0x6F, 0x10, 0x06, 0x0D, /* FC860 */
	0x05, 0x0D, 0x00, 0x05, 0x55, 0x54, 0x19, 0x75, 0x00, 0x30, 0x08, 0x32, 0x05, 0x2B, 0x06, 0xB3, /* FC870 */
	0x08, 0x92, 0x25, 0x1B, 0x40, 0x53, 0x00, 0x08, 0x72, 0x3B, 0x43, 0x24, 0x61, 0x08, 0x92, 0xFF, /* FC880 */
	0x2E, 0x05, 0xA0, 0x02, 0x00, 0x61, 0x50, 0x69, 0x3D, 0x32, 0x01, 0x31, 0xC6, 0x32, 0x05, 0x54, /* FC890 */
	0x24, 0x2E, 0x0B, 0x12, 0xE5, 0xF0, 0x3E, 0x07, 0x81, 0x27, 0x03, 0x31, 0xCC, 0x09, 0x41, 0xF3, /* FC8A0 */
	0x2C, 0x0C, 0x05, 0x00, 0x72, 0x07, 0x04, 0x07, 0xB3, 0x00, 0x0D, 0x07, 0x25, 0x51, 0x68, 0x5B, /* FC8B0 */
	0x65, 0x0A, 0x41, 0x34, 0x5B, 0x3C, 0x0E, 0x07, 0xAF, 0x31, 0xA5, 0x06, 0x32, 0x08, 0xB5, 0x0A, /* FC8C0 */
	0x58, 0x32, 0x04, 0x00, 0x81, 0x3E, 0x2D, 0x51, 0x85, 0x02, 0x31, 0x09, 0x89, 0x36, 0x69, 0x1E, /* FC8D0 */
	0x08, 0x35, 0x42, 0x7C, 0x36, 0xFC, 0x2E, 0x84, 0x0D, 0x00, 0x65, 0x16, 0x46, 0x0D, 0x09, 0x31, /* FC8E0 */
	0x4C, 0x00, 0x81, 0x2F, 0xA5, 0x08, 0x61, 0x30, 0x31, 0x09, 0x95, 0x27, 0x2E, 0x4D, 0x73, 0x15, /* FC8F0 */
	0x0E, 0xA2, 0x69, 0xCE, 0x4C, 0x37, 0x25, 0x0E, 0x09, 0x95, 0x27, 0x2E, 0x4D, 0x73, 0x05, 0x0E, /* FC900 */
	0xA2, 0x69, 0xCE, 0x4C, 0x37, 0x21, 0x0E, 0x02, 0x13, 0x05, 0x23, 0x61, 0x2E, 0x21, 0x0E, 0x02, /* FC910 */
	0x81, 0x2E, 0x32, 0x02, 0xAF, 0x2F, 0x26, 0x03, 0x80, 0x4F, 0x45, 0x0A, 0xC3, 0x6F, 0x15, 0xCB, /* FC920 */
	0x36, 0x01, 0xC3, 0x61, 0x15, 0x0B, 0x31, 0x01, 0xC3, 0x61, 0x30, 0xCB, 0xA7, 0x02, 0x04, 0xA9, /* FC930 */
	0x64, 0x93, 0x59, 0x14, 0x03, 0x81, 0x17, 0x0B, 0x41, 0x03, 0x04, 0x8F, 0x53, 0xCB, 0x47, 0x53, /* FC940 */
	0xC4, 0x8F, 0x64, 0x8B, 0x4F, 0x14, 0x03, 0x61, 0x34, 0x8B, 0x3F, 0x01, 0x05, 0x21, 0x16, 0x8B, /* FC950 */
	0x11, 0x72, 0x01, 0x03, 0x61, 0x18, 0x8B, 0x11, 0x02, 0x03, 0x28, 0x19, 0xB3, 0x15, 0x02, 0x23, /* FC960 */
	0xAF, 0x31, 0x04, 0xDB, 0x11, 0xC3, 0x2C, 0x05, 0x12, 0x3B, 0x7C, 0xC4, 0xAF, 0x16, 0x12, 0xDB, /* FC970 */
	0x5A, 0x1E, 0xE4, 0x61, 0x02, 0x14, 0x8B, 0x39, 0x14, 0x02, 0x8F, 0x42, 0x13, 0x9B, 0x03, 0xC4, /* FC980 */
	0x72, 0x5F, 0x04, 0x4B, 0x9A, 0x04, 0xC4, 0x72, 0x4F, 0x13, 0x4B, 0xDE, 0x13, 0x04, 0x48, 0x39, /* FC990 */
	0x01, 0x23, 0x39, 0x00, 0x05, 0x6F, 0x1E, 0x0F, 0xBB, 0xFB, 0x07, 0x0F, 0x04, 0x08, 0x39, 0x07, /* FC9A0 */
	0x03, 0x39, 0x0A, 0xC4, 0x4C, 0x35, 0x02, 0x3B, 0x24, 0x0D, 0x04, 0x81, 0x17, 0x19, 0x0B, 0x4D, /* FC9B0 */
	0x05, 0x04, 0xA1, 0x20, 0x19, 0x8B, 0x61, 0x05, 0x04, 0x08, 0x3D, 0x13, 0x0B, 0xBD, 0x13, 0x02, /* FC9C0 */
	0x68, 0x4B, 0x05, 0x93, 0x03, 0xC3, 0x05, 0x4D, 0x45, 0x13, 0x4D, 0x00, 0x29, 0x07, 0x12, 0x07, /* FC9D0 */
	0x05, 0x41, 0x49, 0x0F, 0x2B, 0x79, 0x12, 0x0F, 0x04, 0xAF, 0x49, 0x33, 0x2D, 0x4F, 0x42, 0x03, /* FC9E0 */
	0x03, 0xA8, 0x49, 0x43, 0x0C, 0x1E, 0x03, 0xC4, 0x08, 0x39, 0x27, 0x0D, 0x01, 0x2E, 0x02, 0xE6, /* FC9F0 */
	0x61, 0x3A, 0xAF, 0x2C, 0x9D, 0x31, 0xBE, 0x14, 0x00, 0x6F, 0x35, 0x6F, 0x02, 0x0C, 0x04, 0xAF, /* FCA00 */
	0x41, 0x2C, 0x2D, 0x76, 0xB0, 0x00, 0x05, 0x88, 0x26, 0xB3, 0x2C, 0x12, 0x49, 0x53, 0xC6, 0x32, /* FCA10 */
	0x05, 0x34, 0x2D, 0x12, 0x75, 0x04, 0x14, 0xC4, 0x6C, 0x53, 0x28, 0x2D, 0x0C, 0xEF, 0x00, 0x00, /* FCA20 */
	0x2F, 0x1A, 0x25, 0x01, 0x0D, 0x05, 0x6C, 0x4F, 0x85, 0x2E, 0x0C, 0x4F, 0x7B, 0x05, 0xAF, 0x4D, /* FCA30 */
	0x69, 0x2E, 0x76, 0xFA, 0x38, 0xC5, 0xA1, 0x4D, 0x85, 0x2F, 0x6F, 0xFA, 0x68, 0x00, 0x61, 0x06, /* FCA40 */
	0x04, 0x01, 0x30, 0x00, 0x6F, 0x09, 0xA1, 0x00, 0x0D, 0x06, 0x52, 0x4D, 0x85, 0x2F, 0x12, 0x49, /* FCA50 */
	0x17, 0x1A, 0x06, 0x61, 0x5A, 0x81, 0x2F, 0x21, 0x5E, 0xF2, 0x13, 0x05, 0x2C, 0x59, 0x85, 0x2E, /* FCA60 */
	0x8C, 0x55, 0x7A, 0x00, 0x81, 0x24, 0x14, 0x01, 0x30, 0x05, 0x6C, 0x5B, 0x85, 0x2E, 0x0C, 0x5F, /* FCA70 */
	0x7A, 0x04, 0xAF, 0x0B, 0xCF, 0x2D, 0x26, 0xE2, 0x01, 0x07, 0x4C, 0x35, 0xC1, 0x2C, 0x0C, 0x39, /* FCA80 */
	0x85, 0x4B, 0x03, 0x06, 0x65, 0x15, 0xAE, 0x4C, 0x00, 0x9D, 0x39, 0x14, 0xC4, 0x81, 0x26, 0x2E, /* FCA90 */
	0x2F, 0xEB, 0xFC, 0x02, 0x00, 0x6F, 0x4A, 0x21, 0x00, 0x0D, 0x06, 0xAF, 0x39, 0x94, 0x66, 0xCB, /* FCAA0 */
	0x36, 0x52, 0x12, 0x05, 0x04, 0x85, 0x52, 0x41, 0x39, 0x53, 0x5E, 0xB8, 0x07, 0x6F, 0x41, 0x61, /* FCAB0 */
	0x66, 0xCB, 0x36, 0x41, 0x00, 0x1E, 0x01, 0xC7, 0x6F, 0x52, 0x72, 0x33, 0x0B, 0x30, 0x52, 0x12, /* FCAC0 */
	0xAF, 0x02, 0x06, 0x48, 0x0D, 0x21, 0x3F, 0x33, 0x20, 0xBF, 0x07, 0x0F, 0x00, 0x6F, 0x0E, 0x85, /* FCAD0 */
	0x50, 0x0E, 0xC0, 0x6F, 0x12, 0x15, 0x53, 0x07, 0x06, 0x6C, 0x4F, 0x65, 0x64, 0x0B, 0x3C, 0x4F, /* FCAE0 */
	0x0C, 0x05, 0xC0, 0x6F, 0x52, 0x01, 0x53, 0x0D, 0x06, 0x48, 0x39, 0x85, 0x17, 0x03, 0x39, 0x72, /* FCAF0 */
	0x45, 0x0A, 0x00, 0x6F, 0x52, 0x65, 0x52, 0x07, 0x04, 0x6C, 0x53, 0x28, 0x4D, 0x0B, 0x3C, 0x6B, /* FCB00 */
	0xC8, 0x32, 0x05, 0x34, 0x11, 0x4B, 0x12, 0x71, 0xC1, 0xF4, 0x10, 0x05, 0x08, 0x35, 0x22, 0x49, /* FCB10 */
	0x03, 0x31, 0x09, 0x1E, 0x06, 0x6F, 0x19, 0x8F, 0x52, 0xCB, 0x36, 0x19, 0x5E, 0x04, 0x00, 0x6F, /* FCB20 */
	0x35, 0x65, 0x52, 0x0D, 0x00, 0x6F, 0x0E, 0x85, 0x52, 0x0D, 0x04, 0x6F, 0x3C, 0x2E, 0x31, 0x4B, /* FCB30 */
	0x3E, 0xB2, 0x00, 0x6F, 0x52, 0xC5, 0x50, 0x0D, 0x00, 0x6F, 0x52, 0x85, 0x53, 0x07, 0x00, 0xA1, /* FCB40 */
	0x06, 0x8C, 0x66, 0x31, 0x00, 0x4C, 0x35, 0xA1, 0x14, 0x0C, 0x00, 0x8F, 0x53, 0x75, 0x15, 0x0D, /* FCB50 */
	0xC0, 0x6F, 0x30, 0x05, 0x53, 0x03, 0xC0, 0x6F, 0x4E, 0x65, 0x52, 0x03, 0xC5, 0xA1, 0x4D, 0x69, /* FCB60 */
	0x1E, 0xCB, 0x67, 0xF2, 0x3E, 0x05, 0x6F, 0x30, 0x21, 0x17, 0x03, 0x30, 0xBC, 0x3A, 0x00, 0x6F, /* FCB70 */
	0x52, 0xAF, 0x49, 0x0D, 0x07, 0x61, 0x0C, 0xA9, 0x35, 0x8B, 0xA1, 0x4E, 0x05, 0x30, 0x01, 0x06, /* FCB80 */
	0x6F, 0x41, 0x81, 0x4F, 0xCB, 0x36, 0x41, 0x40, 0x03, 0x06, 0x6F, 0x30, 0x81, 0x4C, 0x0B, 0x30, /* FCB90 */
	0x84, 0x50, 0x03, 0x00, 0x6F, 0x41, 0x01, 0x53, 0x07, 0x06, 0x6F, 0x49, 0x21, 0x14, 0x8B, 0x3F, /* FCBA0 */
	0x49, 0x21, 0x04, 0x07, 0x6C, 0x4F, 0x85, 0x53, 0x0B, 0x3C, 0x4F, 0x7C, 0x53, 0x00, 0x05, 0x6F, /* FCBB0 */
	0x3C, 0x67, 0x16, 0x0B, 0x30, 0x3C, 0x0E, 0x06, 0x72, 0x3F, 0x2B, 0x11, 0x4B, 0xD2, 0x2D, 0x3C, /* FCBC0 */
	0x04, 0xC7, 0x6F, 0x4E, 0x29, 0x14, 0x12, 0x0B, 0x38, 0x93, 0x19, 0x78, 0xE5, 0xAF, 0x31, 0x64, /* FCBD0 */
	0x02, 0x14, 0xDB, 0x11, 0x6E, 0x04, 0x00, 0xA1, 0x20, 0x6F, 0x24, 0x03, 0x31, 0x00, 0x6F, 0x1E, /* FCBE0 */
	0x32, 0x4D, 0x13, 0x0D, 0xC0, 0x61, 0x41, 0x41, 0x1D, 0x0E, 0x07, 0x00, 0x6F, 0x52, 0x12, 0x4D, /* FCBF0 */
	0x14, 0x0D, 0x00, 0x6F, 0x4E, 0x14, 0x39, 0x14, 0x0C, 0x00, 0x6F, 0x52, 0x12, 0x0D, 0x14, 0x0D, /* FCC00 */
	0x00, 0x6F, 0x35, 0x85, 0x0E, 0x05, 0x0D, 0x00, 0x6F, 0x1A, 0x4C, 0x0D, 0x14, 0x07, 0x07, 0x6F, /* FCC10 */
	0x52, 0x12, 0x49, 0x19, 0xBB, 0x3B, 0x54, 0xA2, 0x17, 0x00, 0x32, 0x05, 0x54, 0x59, 0x05, 0x1C, /* FCC20 */
	0x05, 0x68, 0x3C, 0x52, 0x39, 0x05, 0x3B, 0x9C, 0x05, 0x0E, 0xC8, 0x6F, 0x1A, 0x72, 0x3B, 0x14, /* FCC30 */
	0x0B, 0x38, 0x46, 0xD2, 0x3A, 0x14, 0x00, 0x61, 0x14, 0x2E, 0x04, 0x12, 0x30, 0x08, 0x81, 0x3E, /* FCC40 */
	0x4C, 0x39, 0x01, 0xAB, 0x03, 0x4C, 0x2C, 0x39, 0x00, 0x00, 0x0F, 0x2F, 0x14, 0x25, 0x0C, 0x0D, /* FCC50 */
	0x06, 0xAF, 0x16, 0x12, 0x1D, 0x05, 0xDB, 0x5A, 0xDE, 0x2C, 0x02, 0x00, 0xA1, 0x14, 0x67, 0x4B, /* FCC60 */
	0x19, 0xC5, 0x00, 0x89, 0x0E, 0x75, 0x04, 0x12, 0x30, 0xC8, 0x32, 0x05, 0x54, 0x39, 0x07, 0x4B, /* FCC70 */
	0x16, 0x1C, 0xD1, 0xF0, 0x3E, 0x00, 0x85, 0x16, 0x6D, 0x3B, 0x19, 0xC5, 0x00, 0x8F, 0x4A, 0x29, /* FCC80 */
	0x3C, 0x12, 0x31, 0x07, 0x79, 0x24, 0x2E, 0x14, 0x52, 0xA3, 0xA9, 0x3C, 0x1E, 0x78, 0x00, 0x6F, /* FCC90 */
	0x41, 0xAF, 0x39, 0x04, 0x07, 0xC6, 0x6F, 0x30, 0x81, 0x4C, 0x05, 0x0B, 0x30, 0x61, 0x40, 0x03, /* FCCA0 */
	0x08, 0x6F, 0x3C, 0x12, 0x11, 0x0F, 0x7B, 0xBD, 0x4C, 0xBE, 0x13, 0x0F, 0x08, 0x65, 0x15, 0x14, /* FCCB0 */
	0x49, 0x59, 0x93, 0x35, 0x7C, 0x84, 0x49, 0x05, 0xC8, 0x4F, 0x39, 0x43, 0x11, 0x05, 0x3B, 0xF3, /* FCCC0 */
	0x4E, 0x73, 0x24, 0x04, 0x04, 0x81, 0x4A, 0x09, 0x1D, 0x05, 0xAB, 0xF3, 0x0A, 0x06, 0x48, 0x31, /* FCCD0 */
	0x44, 0x4D, 0x08, 0x23, 0xA9, 0xC4, 0xCC, 0x03, 0xC5, 0x68, 0x3F, 0x53, 0x39, 0x07, 0x83, 0x6A, /* FCCE0 */
	0xFC, 0x0E, 0x08, 0x4F, 0x14, 0x53, 0x59, 0x05, 0x3B, 0x23, 0x1C, 0x45, 0xF3, 0x16, 0x07, 0x6F, /* FCCF0 */
	0x0E, 0x85, 0x52, 0x0F, 0x0B, 0x38, 0x83, 0x5B, 0x3C, 0x08, 0x52, 0x51, 0x85, 0x26, 0x01, 0x4B, /* FCD00 */
	0x26, 0x54, 0x7C, 0x17, 0x00, 0x00, 0x21, 0x24, 0x6C, 0x04, 0x03, 0x31, 0x05, 0x81, 0x16, 0x86, /* FCD10 */
	0x16, 0x05, 0xAB, 0x1B, 0x12, 0x05, 0x00, 0x6F, 0x46, 0x35, 0x4D, 0x14, 0x0D, 0x00, 0x6F, 0x35, /* FCD20 */
	0xA9, 0x50, 0x25, 0x01, 0x0D, 0x00, 0x6F, 0x35, 0x75, 0x26, 0xB3, 0x00, 0x35, 0x00, 0x6F, 0x35, /* FCD30 */
	0x75, 0x26, 0x73, 0x01, 0xD1, 0xC9, 0x6F, 0x41, 0x2C, 0x51, 0x25, 0x2C, 0x00, 0x4D, 0x30, 0xC5, /* FCD40 */
	0xF4, 0x10, 0x00, 0x6F, 0x41, 0x6F, 0x16, 0xAE, 0x00, 0x0C, 0x00, 0x6F, 0x4E, 0x43, 0x3D, 0x95, /* FCD50 */
	0x03, 0x0C, 0x09, 0x6F, 0x41, 0xA5, 0x14, 0xAE, 0x2C, 0x2F, 0x4D, 0xF0, 0x94, 0x39, 0x52, 0x00, /* FCD60 */
	0x8F, 0x42, 0x8F, 0x06, 0x34, 0x01, 0x30, 0x07, 0x61, 0x09, 0x52, 0x11, 0x27, 0x2D, 0x01, 0x0D, /* FCD70 */
	0x4A, 0x29, 0x0A, 0x07, 0x08, 0x35, 0x10, 0x1D, 0x2E, 0xCD, 0x21, 0x4D, 0x70, 0x01, 0x0E, 0x06, /* FCD80 */
	0x81, 0x4A, 0x79, 0x5B, 0x85, 0x2E, 0x2B, 0x35, 0x5B, 0x1E, 0x08, 0x6F, 0x35, 0x75, 0x26, 0x6F, /* FCD90 */
	0x2E, 0x00, 0x5D, 0x39, 0x19, 0x30, 0x02, 0xC9, 0x6F, 0x43, 0x85, 0x06, 0x34, 0x2D, 0x4F, 0x77, /* FCDA0 */
	0xBC, 0x50, 0x0E, 0x51, 0x09, 0x52, 0x51, 0x85, 0x26, 0x6F, 0x2E, 0x12, 0x59, 0x70, 0x1F, 0x05, /* FCDB0 */
	0x38, 0x00, 0x6F, 0x41, 0x81, 0x26, 0x73, 0x3B, 0x30, 0xC0, 0x6F, 0x52, 0x52, 0x09, 0xB5, 0x14, /* FCDC0 */
	0x0D, 0x00, 0x6F, 0x4E, 0x43, 0x15, 0x0E, 0x17, 0x0C, 0xC0, 0x8F, 0x4A, 0x85, 0x43, 0x6F, 0x12, /* FCDD0 */
	0x13, 0xC0, 0x6F, 0x41, 0x72, 0x37, 0x89, 0x17, 0x31, 0x00, 0x08, 0x39, 0x23, 0x31, 0x6C, 0x4B, /* FCDE0 */
	0x30, 0x0B, 0x81, 0x04, 0x42, 0x31, 0xA9, 0x64, 0x4B, 0x0D, 0x41, 0x00, 0xA2, 0xA9, 0xFC, 0x14, /* FCDF0 */
	0x01, 0xC9, 0x6F, 0x41, 0x2C, 0x51, 0x69, 0x1E, 0x0B, 0x30, 0x41, 0x0C, 0xD5, 0xF0, 0x3E, 0xC7, /* FCE00 */
	0x08, 0x31, 0x2C, 0x39, 0x27, 0x11, 0x83, 0xA1, 0xF2, 0x0E, 0x1A, 0x00, 0x0A, 0x69, 0x0E, 0x69, /* FCE10 */
	0x3A, 0xA1, 0x24, 0x53, 0xAD, 0x39, 0xD3, 0x3C, 0x86, 0x34, 0x05, 0xC9, 0x6F, 0x4B, 0x44, 0x39, /* FCE20 */
	0xA1, 0x14, 0x0B, 0x7F, 0x9C, 0xC4, 0x3C, 0x06, 0x14, 0x0C, 0x32, 0x05, 0x54, 0x59, 0xA9, 0x64, /* FCE30 */
	0x4B, 0x72, 0x15, 0x41, 0x74, 0xA4, 0xD6, 0xDC, 0x14, 0x00, 0x65, 0x52, 0x29, 0x4B, 0x21, 0x14, /* FCE40 */
	0x31, 0x08, 0x6F, 0x19, 0x8F, 0x52, 0x01, 0x32, 0x05, 0xDB, 0x36, 0x46, 0x74, 0x0A, 0x2C, 0x00, /* FCE50 */
	0x6F, 0x4E, 0x85, 0x55, 0x65, 0x0E, 0x05, 0x31, 0x0D, 0x6F, 0x43, 0x85, 0x06, 0x54, 0x3D, 0x0E, /* FCE60 */
	0x3B, 0x5F, 0x9D, 0x4F, 0x78, 0x52, 0x0C, 0xCD, 0x00, 0x0E, 0xC0, 0x6F, 0x0E, 0x65, 0x52, 0x12, /* FCE70 */
	0x51, 0x05, 0x31, 0x00, 0x6F, 0x52, 0x72, 0x5B, 0x85, 0x4E, 0x19, 0xC5, 0x0A, 0x68, 0x33, 0x85, /* FCE80 */
	0x53, 0x85, 0x3E, 0x0C, 0x0B, 0x30, 0x65, 0x53, 0x78, 0xD2, 0xA7, 0x02, 0x00, 0x6F, 0x1E, 0x32, /* FCE90 */
	0x4D, 0x73, 0x05, 0x0E, 0x30, 0x09, 0x6F, 0x3A, 0x05, 0x53, 0x09, 0x57, 0x14, 0x0B, 0x38, 0xE5, /* FCEA0 */
	0xF4, 0x2C, 0x7C, 0x04, 0x0B, 0x6F, 0x43, 0x85, 0x06, 0x54, 0x59, 0x05, 0x3B, 0x5F, 0x9C, 0x4F, /* FCEB0 */
	0x78, 0x40, 0xA4, 0x59, 0x00, 0x6F, 0x35, 0x6F, 0x42, 0x0C, 0x0D, 0x05, 0x31, 0xCB, 0x6F, 0x4B, /* FCEC0 */
	0x44, 0x39, 0xA1, 0x14, 0x04, 0x0B, 0x5C, 0x27, 0xF4, 0x38, 0x41, 0xF4, 0x10, 0x0A, 0xA1, 0x04, /* FCED0 */
	0xB3, 0x48, 0x8F, 0x20, 0x05, 0x0B, 0x50, 0x61, 0x53, 0x48, 0x00, 0x16, 0x01, 0x0C, 0x2F, 0x61, /* FCEE0 */
	0x89, 0x53, 0x65, 0x0E, 0x05, 0x3B, 0xF3, 0x47, 0x7A, 0xA4, 0x53, 0xF4, 0x38, 0x13, 0x0B, 0x4F, /* FCEF0 */
	0x39, 0x43, 0x11, 0x65, 0x0E, 0x05, 0x3B, 0x73, 0x29, 0x4E, 0xF3, 0xC4, 0x3C, 0x4E, 0x00, 0xAF, /* FCF00 */
	0x39, 0x34, 0x49, 0x10, 0x49, 0x14, 0x35, 0xC8, 0x6F, 0x30, 0x01, 0x3E, 0x12, 0x51, 0x05, 0x0B, /* FCF10 */
	0x30, 0x21, 0x72, 0x06, 0x14, 0x00, 0x6F, 0x1A, 0x25, 0x14, 0x12, 0x0D, 0x19, 0xC1, 0x00, 0xAF, /* FCF20 */
	0x39, 0x34, 0x49, 0x10, 0x49, 0x14, 0x35, 0x0A, 0x6F, 0x4E, 0x29, 0x14, 0x12, 0x09, 0x2C, 0x2D, /* FCF30 */
	0x00, 0x4E, 0xA7, 0x44, 0x0E, 0x08, 0x2C, 0x00, 0x89, 0x0E, 0x75, 0x4D, 0x14, 0x39, 0x23, 0x01, /* FCF40 */
	0x32, 0x0D, 0x6F, 0x4E, 0x29, 0x14, 0x12, 0x51, 0x69, 0x3B, 0x0B, 0x30, 0x4E, 0x9D, 0x19, 0x78, /* FCF50 */
	0x12, 0xC1, 0x03, 0x0E, 0x0B, 0x6F, 0x30, 0x01, 0x3E, 0x12, 0x51, 0x69, 0x3B, 0x0B, 0x30, 0x84, /* FCF60 */
	0x42, 0x7E, 0x04, 0x33, 0x30, 0x02, 0x0C, 0x6F, 0x52, 0x72, 0x5B, 0x85, 0x4E, 0x09, 0x31, 0x8B, /* FCF70 */
	0x3F, 0x52, 0x12, 0x50, 0x72, 0xDE, 0x03, 0xA8, 0x0C, 0x6F, 0x4E, 0x43, 0x15, 0xAE, 0x24, 0xAF, /* FCF80 */
	0x4D, 0x4B, 0xBD, 0x3B, 0x33, 0x75, 0x94, 0xCE, 0x03, 0x4C, 0x00, 0x0C, 0x4D, 0x53, 0x19, 0x09, /* FCF90 */
	0x07, 0x54, 0x3D, 0x0E, 0x0C, 0x02, 0x04, 0x05, 0x22, 0x0F, 0x84, 0x02, 0x23, 0x29, 0x10, 0x29, /* FCFA0 */
	0x04, 0x02, 0xC1, 0x11, 0x01, 0x03, 0x2F, 0x13, 0x37, 0x07, 0xC2, 0x29, 0x11, 0x09, 0x03, 0x80, /* FCFB0 */
	0x13, 0x45, 0x0A, 0x83, 0xAF, 0x3B, 0x84, 0x36, 0x02, 0x23, 0x2F, 0x4D, 0xC4, 0x66, 0x02, 0xC3, /* FCFC0 */
	0x6F, 0x16, 0xC4, 0x36, 0x02, 0xC4, 0x65, 0x66, 0xC4, 0x3C, 0x26, 0x03, 0x8F, 0x17, 0x04, 0x4F, /* FCFD0 */
	0x03, 0x03, 0x05, 0x19, 0x84, 0x15, 0x02, 0xE4, 0x6F, 0x02, 0x14, 0x34, 0x3B, 0x14, 0x03, 0x05, /* FCFE0 */
	0x51, 0x08, 0x94, 0x61, 0xC4, 0x4F, 0x39, 0x07, 0x84, 0xA6, 0x3E, 0x05, 0xCF, 0x16, 0x0E, 0xD4, /* FCFF0 */
	0x6A, 0x3C, 0x0E, 0x05, 0xA1, 0x26, 0x04, 0x04, 0x59, 0x3C, 0x04, 0x05, 0x12, 0x35, 0x01, 0x44, /* FD000 */
	0xBE, 0x0D, 0x00, 0x05, 0xA1, 0x26, 0x13, 0x04, 0x59, 0x7C, 0x03, 0x05, 0xA5, 0x26, 0x0C, 0x94, /* FD010 */
	0x59, 0xBC, 0x0A, 0xC4, 0x05, 0x31, 0x14, 0x94, 0xA9, 0x14, 0x04, 0x05, 0x56, 0x14, 0xF4, 0x08, /* FD020 */
	0x15, 0x05, 0x09, 0x39, 0x05, 0x24, 0x71, 0x21, 0x0E, 0x04, 0x85, 0x3C, 0x14, 0x14, 0x41, 0x0F, /* FD030 */
	0x05, 0x79, 0x04, 0x0E, 0xA4, 0xA9, 0x00, 0x0E, 0x05, 0x65, 0x3D, 0x0E, 0x14, 0x35, 0x00, 0x0E, /* FD040 */
	0x06, 0x29, 0x1D, 0x0F, 0x14, 0x71, 0x01, 0x37, 0x03, 0x84, 0x95, 0x26, 0x2E, 0x13, 0xA3, 0xF9, /* FD050 */
	0x02, 0xE5, 0x29, 0x38, 0xA0, 0x10, 0x29, 0xB4, 0x52, 0xC5, 0x85, 0x27, 0x67, 0x12, 0x7C, 0x2A, /* FD060 */
	0x39, 0xC5, 0x85, 0x27, 0x32, 0x11, 0x7C, 0x2A, 0x79, 0x24, 0xAF, 0x09, 0x2C, 0x11, 0x36, 0xB2, /* FD070 */
	0x00, 0x05, 0x61, 0x30, 0x81, 0x13, 0x21, 0xFC, 0x4C, 0x05, 0x61, 0x1E, 0x85, 0x12, 0x01, 0x2E, /* FD080 */
	0x7A, 0x00, 0x05, 0x07, 0x24, 0x01, 0x0D, 0xC6, 0x52, 0x59, 0x65, 0x12, 0x92, 0x59, 0xF2, 0x0E, /* FD090 */
	0xC0, 0x05, 0x06, 0x34, 0x01, 0x07, 0x05, 0x85, 0x17, 0xB2, 0x10, 0x65, 0x7A, 0x52, 0x07, 0x85, /* FD0A0 */
	0x54, 0xD4, 0x11, 0x65, 0x60, 0xD5, 0x34, 0x05, 0x06, 0x6F, 0x05, 0x69, 0x12, 0x0F, 0x7D, 0x04, /* FD0B0 */
	0x0E, 0x06, 0x41, 0x3F, 0x14, 0x11, 0x00, 0x3B, 0x53, 0x00, 0x86, 0x85, 0x43, 0xA9, 0x14, 0xC4, /* FD0C0 */
	0x4C, 0x43, 0x49, 0x04, 0x05, 0x89, 0x17, 0x81, 0x17, 0xC4, 0x6C, 0x16, 0x1A, 0x00, 0x89, 0x53, /* FD0D0 */
	0x61, 0x52, 0x0C, 0x06, 0xAF, 0x1D, 0x0C, 0x4D, 0xC4, 0x16, 0x33, 0x40, 0x03, 0x00, 0x85, 0x53, /* FD0E0 */
	0x69, 0x66, 0x31, 0x06, 0x6F, 0x3C, 0x32, 0x4D, 0x04, 0x30, 0x9C, 0x7C, 0x03, 0xC5, 0x85, 0x17, /* FD0F0 */
	0xB2, 0x16, 0xC4, 0x6C, 0x7A, 0x16, 0x00, 0x25, 0x26, 0x43, 0x51, 0x30, 0x00, 0x85, 0x0F, 0x65, /* FD100 */
	0x52, 0x03, 0x00, 0x09, 0x1D, 0x12, 0x35, 0x31, 0x00, 0x85, 0x53, 0x69, 0x16, 0x0C, 0x00, 0x65, /* FD110 */
	0x36, 0x81, 0x2E, 0x0D, 0xC7, 0x89, 0x0F, 0xAF, 0x16, 0x12, 0xF4, 0x4C, 0xCB, 0x56, 0x7A, 0x00, /* FD120 */
	0x89, 0x53, 0x52, 0x0D, 0x14, 0x0D, 0x00, 0x89, 0x53, 0x61, 0x0E, 0x05, 0x0C, 0x00, 0x6F, 0x15, /* FD130 */
	0xB3, 0x24, 0x03, 0x0C, 0x00, 0x65, 0x3D, 0x83, 0x06, 0x14, 0x32, 0x00, 0x09, 0x35, 0xA5, 0x14, /* FD140 */
	0x12, 0x71, 0x00, 0x25, 0x26, 0x4E, 0x51, 0x05, 0x30, 0x06, 0x65, 0x04, 0x17, 0x49, 0x05, 0x94, /* FD150 */
	0x31, 0x40, 0xA7, 0x03, 0x00, 0x65, 0x24, 0x03, 0x51, 0x05, 0x30, 0x00, 0xC1, 0x31, 0x29, 0x23, /* FD160 */
	0x14, 0x0D, 0xC6, 0x05, 0x4B, 0x05, 0x4D, 0x05, 0xF4, 0x2C, 0x12, 0x45, 0x03, 0xC8, 0x85, 0x17, /* FD170 */
	0xB2, 0x14, 0x04, 0xF4, 0x68, 0x5C, 0xDE, 0xF0, 0x04, 0xC6, 0x89, 0x4F, 0x6F, 0x58, 0x05, 0xF4, /* FD180 */
	0x68, 0xAF, 0x5A, 0x02, 0x06, 0x09, 0x31, 0x2F, 0x57, 0x05, 0x24, 0x01, 0x8C, 0x1F, 0x03, 0x00, /* FD190 */
	0x89, 0x0F, 0xAF, 0x39, 0x14, 0x0D, 0xC0, 0x69, 0x25, 0x4E, 0x4D, 0x08, 0x0C, 0x08, 0x89, 0x0F, /* FD1A0 */
	0xAF, 0x16, 0xD2, 0x11, 0x7C, 0x23, 0xDB, 0x56, 0x1E, 0x01, 0x08, 0x85, 0x27, 0x12, 0x09, 0x2C, /* FD1B0 */
	0x11, 0x7C, 0x2A, 0x79, 0x00, 0xB2, 0x00, 0x00, 0x81, 0x52, 0x6D, 0x57, 0x54, 0x00, 0x0C, 0x00, /* FD1C0 */
	0x85, 0x43, 0x85, 0x06, 0x34, 0x01, 0x30, 0x00, 0xA5, 0x14, 0x32, 0x17, 0xAE, 0x00, 0x0C, 0x09, /* FD1D0 */
	0x89, 0x30, 0x6F, 0x05, 0xC3, 0x11, 0x7C, 0x30, 0x3C, 0x0D, 0x40, 0x17, 0xC0, 0x85, 0x27, 0x67, /* FD1E0 */
	0x06, 0x34, 0x01, 0x31, 0x00, 0xA5, 0x26, 0xA1, 0x24, 0x6F, 0x02, 0x9C, 0x00, 0xAF, 0x3B, 0xB3, /* FD1F0 */
	0x04, 0x89, 0x02, 0x0D, 0x06, 0x89, 0x0F, 0xAF, 0x49, 0x33, 0x11, 0x69, 0x23, 0x9F, 0x13, 0x0B, /* FD200 */
	0x65, 0x3D, 0x83, 0x06, 0x54, 0x0D, 0x44, 0x9D, 0x35, 0x00, 0x4B, 0x86, 0xF4, 0x2C, 0x03, 0xC8, /* FD210 */
	0x89, 0x0F, 0xAF, 0x16, 0x32, 0x11, 0xC4, 0x4C, 0x2F, 0x76, 0x76, 0x12, 0x00, 0x25, 0x26, 0x4E, /* FD220 */
	0x51, 0x69, 0x3B, 0x8C, 0xC0, 0x89, 0x53, 0x52, 0x09, 0xB5, 0x14, 0x0D, 0x0A, 0x25, 0x24, 0x03, /* FD230 */
	0x51, 0x69, 0x3B, 0x84, 0x15, 0xF0, 0x4B, 0x0C, 0xCD, 0x00, 0x0E, 0x00, 0x89, 0x0F, 0x89, 0x30, /* FD240 */
	0x69, 0x16, 0x30, 0x09, 0x89, 0x07, 0xB3, 0x48, 0xAF, 0x4D, 0xC4, 0x6C, 0x86, 0x53, 0x44, 0x02, /* FD250 */
	0x13, 0x09, 0x89, 0x0F, 0x32, 0x51, 0x69, 0x3B, 0xC4, 0x4C, 0x2F, 0x92, 0xC5, 0x03, 0x0E, 0x00, /* FD260 */
	0x65, 0x14, 0x07, 0x51, 0x69, 0x3B, 0x4C, 0xC0, 0x65, 0x3D, 0x8E, 0x53, 0x12, 0x51, 0x05, 0x31, /* FD270 */
	0x00, 0x05, 0x33, 0x81, 0x06, 0x54, 0x3D, 0x0E, 0x8C, 0x00, 0x65, 0x3D, 0x87, 0x06, 0x50, 0x24, /* FD280 */
	0x03, 0x4C, 0x00, 0x85, 0x53, 0x69, 0x06, 0x54, 0x3D, 0x0E, 0x8C, 0x00, 0x65, 0x3D, 0x8E, 0x53, /* FD290 */
	0x12, 0x51, 0x69, 0x3B, 0x8C, 0x01, 0x05, 0xC3, 0x2E, 0x94, 0x0E, 0x04, 0x01, 0x39, 0x25, 0x02, /* FD2A0 */
	0x80, 0x17, 0x1A, 0xA4, 0x36, 0x39, 0x45, 0x06, 0x38, 0xE2, 0x01, 0x23, 0x05, 0x03, 0x03, 0x36, /* FD2B0 */
	0x49, 0x65, 0x76, 0x02, 0x04, 0x56, 0x31, 0x45, 0xF6, 0xA8, 0x03, 0x43, 0x3C, 0x25, 0x3B, 0x03, /* FD2C0 */
	0x04, 0x16, 0x39, 0x65, 0x06, 0x38, 0xE4, 0x36, 0x49, 0x99, 0x55, 0x4A, 0x05, 0x04, 0x81, 0x32, /* FD2D0 */
	0x59, 0x7C, 0x32, 0x05, 0x05, 0xB1, 0x05, 0x0C, 0x25, 0x5F, 0x80, 0x0A, 0x00, 0x36, 0x39, 0x14, /* FD2E0 */
	0x07, 0x00, 0x2E, 0x35, 0x19, 0x31, 0x00, 0xB8, 0x48, 0x01, 0x0C, 0xC0, 0xAE, 0x14, 0x12, 0x0D, /* FD2F0 */
	0x00, 0x8D, 0x50, 0x19, 0x0D, 0x00, 0xAE, 0x48, 0x19, 0x0D, 0x05, 0xC7, 0x41, 0x14, 0x25, 0xA6, /* FD300 */
	0x50, 0x04, 0x00, 0x6D, 0x4B, 0x19, 0x31, 0x03, 0x21, 0x17, 0x12, 0x15, 0x7B, 0x04, 0x4C, 0x51, /* FD310 */
	0xC5, 0x3C, 0x14, 0x14, 0x00, 0x93, 0x17, 0x18, 0x0C, 0x04, 0x6E, 0x57, 0x47, 0xF0, 0xCE, 0x16, /* FD320 */
	0x02, 0xE3, 0xA9, 0x20, 0x85, 0x16, 0x78, 0x0E, 0x00, 0x8D, 0x24, 0x32, 0x01, 0x0D, 0xA6, 0x18, /* FD330 */
	0x17, 0xB0, 0xF0, 0x4B, 0x93, 0x41, 0x14, 0x00, 0x26, 0x3E, 0xB2, 0x00, 0x0C, 0x05, 0x81, 0x27, /* FD340 */
	0xCC, 0x15, 0xDA, 0x3C, 0x14, 0x00, 0xB8, 0x14, 0xAE, 0x00, 0x03, 0x00, 0x2E, 0x49, 0xC7, 0x01, /* FD350 */
	0x35, 0x00, 0xB3, 0x04, 0x34, 0x01, 0x03, 0x00, 0x2E, 0x27, 0x2E, 0x01, 0x0C, 0x00, 0x18, 0x17, /* FD360 */
	0x93, 0x03, 0x0D, 0x07, 0x2C, 0x59, 0x65, 0x16, 0x4C, 0x9C, 0x59, 0x3C, 0x0E, 0x00, 0x98, 0x14, /* FD370 */
	0xB2, 0x00, 0x0D, 0xC0, 0x98, 0x14, 0xA3, 0x00, 0x07, 0x05, 0x69, 0x14, 0x65, 0x26, 0x4C, 0x1C, /* FD380 */
	0x39, 0x00, 0xAE, 0x24, 0xD4, 0x01, 0x31, 0x00, 0xCE, 0x66, 0x2D, 0x01, 0x0D, 0x00, 0x98, 0x3C, /* FD390 */
	0xB2, 0x00, 0x0D, 0x04, 0xB3, 0x20, 0x85, 0x96, 0x53, 0x74, 0x02, 0x06, 0x2E, 0x33, 0x89, 0x23, /* FD3A0 */
	0xE9, 0x1E, 0x33, 0xE9, 0x03, 0x05, 0x36, 0x39, 0x69, 0x1E, 0x45, 0x36, 0xA6, 0x3E, 0x07, 0x2E, /* FD3B0 */
	0x33, 0x61, 0x12, 0xE9, 0x1E, 0x33, 0x00, 0x1E, 0x00, 0x00, 0x34, 0x49, 0x0E, 0x31, 0x0C, 0x06, /* FD3C0 */
	0x8D, 0x14, 0x72, 0x4B, 0x25, 0x4D, 0x78, 0x52, 0x0E, 0x00, 0x0D, 0x06, 0x93, 0x67, 0x31, 0x00, /* FD3D0 */
	0x2C, 0x1D, 0x61, 0x52, 0x30, 0x06, 0x50, 0x4D, 0x2F, 0x14, 0x65, 0xF0, 0x4C, 0x0F, 0x04, 0x05, /* FD3E0 */
	0x2C, 0x05, 0x6E, 0x4B, 0xA5, 0xFA, 0x38, 0x1E, 0x04, 0x39, 0x09, 0x72, 0x5F, 0x09, 0x42, 0x9A, /* FD3F0 */
	0x07, 0x93, 0x14, 0x43, 0x05, 0xCC, 0x4C, 0x43, 0xE5, 0x03, 0xA8, 0x00, 0x38, 0x49, 0x43, 0x4D, /* FD400 */
	0x05, 0x35, 0x08, 0x36, 0x49, 0x79, 0x3B, 0x85, 0x55, 0x4A, 0x45, 0x77, 0xD9, 0x0E, 0x00, 0x8D, /* FD410 */
	0x20, 0x81, 0x27, 0x13, 0x31, 0x00, 0xAE, 0x48, 0x61, 0x0E, 0x05, 0x0C, 0x08, 0xB1, 0x05, 0x54, /* FD420 */
	0x3D, 0x0E, 0x25, 0x5F, 0x1C, 0xE1, 0x02, 0x0E, 0x00, 0x2C, 0x0D, 0x94, 0x3E, 0x0E, 0x1D, 0x07, /* FD430 */
	0x98, 0x3C, 0xB3, 0x49, 0xC5, 0x2C, 0x4F, 0x10, 0xEF, 0x7A, 0x00, 0xAE, 0x16, 0x6C, 0x43, 0x05, /* FD440 */
	0x31, 0x00, 0x4C, 0x1D, 0x09, 0x32, 0x05, 0xC1, 0x00, 0x2C, 0x59, 0xA1, 0x3C, 0x12, 0xC5, 0x07, /* FD450 */
	0x36, 0x49, 0x39, 0x04, 0x99, 0x55, 0x4A, 0x05, 0x74, 0x04, 0x08, 0x8E, 0x17, 0x0D, 0x32, 0x85, /* FD460 */
	0x3F, 0x4E, 0x9C, 0x3F, 0x09, 0x2C, 0x00, 0x2C, 0x1D, 0x61, 0x0E, 0x05, 0x30, 0x00, 0x2C, 0x41, /* FD470 */
	0x08, 0x39, 0x14, 0x30, 0x00, 0x26, 0x26, 0x03, 0x0D, 0x19, 0xC1, 0x00, 0x18, 0x17, 0x6C, 0x14, /* FD480 */
	0xAE, 0x00, 0x30, 0x08, 0x36, 0x49, 0x19, 0x3E, 0xC4, 0x95, 0x56, 0x12, 0x09, 0x36, 0x14, 0x01, /* FD490 */
	0xC9, 0x0C, 0x09, 0x8F, 0x06, 0x34, 0x15, 0x4C, 0x8C, 0x09, 0x5E, 0x02, 0x51, 0x00, 0x2D, 0x49, /* FD4A0 */
	0x27, 0x39, 0xC3, 0x01, 0x31, 0x09, 0x8D, 0x24, 0x52, 0x0D, 0x61, 0x94, 0x4D, 0x70, 0x7C, 0x3C, /* FD4B0 */
	0x0B, 0xA8, 0xC7, 0x8D, 0x20, 0x81, 0x27, 0x3A, 0x95, 0x0D, 0x06, 0x4C, 0x49, 0x0A, 0x00, 0x76, /* FD4C0 */
	0x33, 0xB5, 0x24, 0x6F, 0x02, 0x8C, 0x00, 0x2C, 0x35, 0x65, 0x52, 0x61, 0x00, 0x4C, 0x00, 0xB1, /* FD4D0 */
	0x25, 0x14, 0x09, 0x2C, 0x01, 0xC1, 0xC9, 0x16, 0x31, 0x15, 0x51, 0x25, 0xF0, 0x96, 0xA1, 0x56, /* FD4E0 */
	0xC1, 0xF4, 0x10, 0x28, 0x36, 0x49, 0xB9, 0x20, 0x69, 0x1E, 0x65, 0x46, 0x16, 0x58, 0xAD, 0xF9, /* FD4F0 */
	0x06, 0x36, 0x49, 0xB9, 0x23, 0x85, 0x16, 0x65, 0x46, 0x16, 0xA8, 0x0B, 0x07, 0x89, 0x17, 0x4E, /* FD500 */
	0x3C, 0x37, 0x49, 0x49, 0x0A, 0x38, 0x88, 0x76, 0x02, 0x00, 0xAE, 0x14, 0x92, 0x48, 0x89, 0x17, /* FD510 */
	0x35, 0x00, 0x8D, 0x30, 0xCF, 0x35, 0x65, 0x52, 0x0C, 0x0A, 0xAE, 0x20, 0x95, 0x27, 0x81, 0x37, /* FD520 */
	0x3C, 0x6E, 0x88, 0x1A, 0x85, 0x69, 0x00, 0x0D, 0x0A, 0x2C, 0x35, 0x65, 0x52, 0x81, 0x66, 0x9D, /* FD530 */
	0xA5, 0x02, 0x8D, 0x35, 0x52, 0x12, 0x05, 0x09, 0x2E, 0x33, 0x89, 0x23, 0x0D, 0x39, 0xE9, 0x1E, /* FD540 */
	0x33, 0xE9, 0x33, 0x01, 0x0E, 0x00, 0x18, 0x17, 0x6C, 0x14, 0x0E, 0x17, 0x30, 0xC8, 0x18, 0x1D, /* FD550 */
	0x27, 0x49, 0xA1, 0x14, 0x3C, 0x67, 0x86, 0x4A, 0x0E, 0x51, 0x0A, 0xAE, 0x26, 0x72, 0x3B, 0x2D, /* FD560 */
	0x39, 0xD4, 0x3C, 0x5A, 0x49, 0x3E, 0x36, 0x3C, 0x5E, 0x00, 0x00, 0x98, 0x14, 0xA3, 0x04, 0x54, /* FD570 */
	0x3D, 0x0E, 0x9C, 0x0C, 0xAE, 0x20, 0x95, 0x27, 0x81, 0x53, 0x09, 0xF3, 0x4E, 0x88, 0x6A, 0x45, /* FD580 */
	0x8C, 0x4D, 0xD4, 0x2C, 0x03, 0x0B, 0xB8, 0x48, 0x61, 0x4B, 0x44, 0x39, 0x81, 0x66, 0x3C, 0x4B, /* FD590 */
	0x53, 0x92, 0x17, 0xF0, 0x8E, 0x1B, 0x01, 0x00, 0x98, 0x14, 0x52, 0x35, 0x65, 0x52, 0xA1, 0x24, /* FD5A0 */
	0x6F, 0x02, 0x0C, 0x02, 0x25, 0x06, 0x63, 0x8F, 0x1A, 0x77, 0x02, 0xE2, 0xA5, 0x1B, 0x15, 0x02, /* FD5B0 */
	0x81, 0x1A, 0x32, 0x03, 0x80, 0x97, 0x46, 0x03, 0x64, 0x72, 0x37, 0x46, 0xD2, 0x36, 0x04, 0x01, /* FD5C0 */
	0x53, 0x86, 0x21, 0x53, 0xC4, 0x69, 0x12, 0x06, 0x39, 0x12, 0x03, 0x01, 0x17, 0x06, 0x41, 0x03, /* FD5D0 */
	0xC3, 0x8F, 0x36, 0x86, 0x37, 0x01, 0x03, 0x6F, 0x53, 0xC6, 0x55, 0x00, 0x03, 0x6F, 0x2C, 0x06, /* FD5E0 */
	0x2F, 0x03, 0xC4, 0x2C, 0x11, 0x06, 0x9C, 0x11, 0x04, 0x09, 0x51, 0x06, 0xB5, 0x53, 0x04, 0x89, /* FD5F0 */
	0x4E, 0x14, 0x76, 0x4E, 0x14, 0xC4, 0xAF, 0x39, 0x04, 0x96, 0x3A, 0x04, 0x05, 0x72, 0x3B, 0x14, /* FD600 */
	0x46, 0xDA, 0x4E, 0x04, 0x03, 0x6C, 0x3F, 0x12, 0x36, 0x9C, 0x04, 0x61, 0x4C, 0x05, 0xD6, 0xAB, /* FD610 */
	0x13, 0x06, 0x65, 0x24, 0x18, 0x16, 0x31, 0x3C, 0x4B, 0x03, 0x06, 0xAC, 0x25, 0x04, 0x36, 0x88, /* FD620 */
	0xD7, 0x1C, 0x00, 0x03, 0x85, 0x4A, 0x19, 0xA6, 0x17, 0x04, 0x32, 0x55, 0x04, 0x46, 0xE6, 0x04, /* FD630 */
	0x06, 0x61, 0x25, 0xCC, 0x19, 0x21, 0x0D, 0x30, 0x05, 0x05, 0x52, 0x15, 0x2E, 0x18, 0x92, 0x35, /* FD640 */
	0x12, 0x04, 0xA1, 0x20, 0x85, 0x1A, 0xEF, 0x78, 0x02, 0x05, 0x69, 0x1E, 0x85, 0x1A, 0xE9, 0x1E, /* FD650 */
	0x7B, 0x05, 0x61, 0x3D, 0x95, 0x1B, 0x01, 0x0D, 0x4C, 0xC5, 0x8F, 0x1E, 0xA5, 0x18, 0x1E, 0x97, /* FD660 */
	0x51, 0x04, 0x6C, 0x5F, 0x85, 0x1A, 0x8C, 0x76, 0x02, 0x05, 0x65, 0x05, 0x2C, 0x19, 0x05, 0x0D, /* FD670 */
	0xA9, 0x05, 0x61, 0x30, 0x65, 0x1A, 0x37, 0x0C, 0x38, 0xC5, 0x8F, 0x1E, 0xAF, 0x18, 0x1E, 0xB7, /* FD680 */
	0x53, 0x06, 0x69, 0x16, 0xB3, 0x18, 0x09, 0xFE, 0x4C, 0x14, 0x05, 0x69, 0x26, 0x34, 0x19, 0x09, /* FD690 */
	0x2E, 0x51, 0x05, 0x95, 0x52, 0x28, 0x49, 0x46, 0x7C, 0xE2, 0x1E, 0x00, 0x8F, 0x16, 0x29, 0x3B, /* FD6A0 */
	0x0C, 0x05, 0x41, 0x31, 0x95, 0x16, 0x06, 0x31, 0x64, 0x1E, 0x06, 0x8F, 0x16, 0x36, 0x49, 0x06, /* FD6B0 */
	0x40, 0x96, 0x56, 0x0E, 0x06, 0x69, 0x06, 0x0E, 0x17, 0x06, 0x39, 0x86, 0x4E, 0x03, 0x04, 0x81, /* FD6C0 */
	0x52, 0x28, 0x49, 0xC6, 0xE2, 0x78, 0x05, 0x61, 0x30, 0xAF, 0x51, 0xC6, 0xA7, 0x9A, 0x14, 0xC5, /* FD6D0 */
	0x8F, 0x1E, 0xA9, 0x16, 0x46, 0x1E, 0xA7, 0x16, 0x00, 0x6C, 0x4B, 0x29, 0x04, 0x30, 0x04, 0x05, /* FD6E0 */
	0x51, 0x28, 0x49, 0x86, 0xE5, 0x78, 0xC6, 0x0F, 0x57, 0x33, 0x11, 0x06, 0x2F, 0xF3, 0x53, 0x04, /* FD6F0 */
	0x05, 0xA1, 0x24, 0xA7, 0x15, 0x06, 0x50, 0x14, 0x07, 0xC5, 0x75, 0x18, 0x69, 0x30, 0x06, 0x10, /* FD700 */
	0xA6, 0x2A, 0x08, 0x32, 0x45, 0x35, 0x39, 0x14, 0x46, 0x16, 0x4B, 0x07, 0x38, 0x14, 0x00, 0x05, /* FD710 */
	0x4A, 0x15, 0x49, 0x19, 0xD5, 0x06, 0x6F, 0x53, 0x02, 0x31, 0x0C, 0xD6, 0x51, 0xC2, 0xA7, 0x02, /* FD720 */
	0x06, 0x72, 0x3B, 0x54, 0x15, 0x12, 0x46, 0x02, 0x4E, 0x74, 0x03, 0x05, 0x6F, 0x2C, 0x6C, 0x4B, /* FD730 */
	0x05, 0x36, 0x2F, 0x8C, 0x07, 0x06, 0x8F, 0x16, 0x6D, 0x4F, 0x14, 0x96, 0x37, 0x4F, 0x53, 0x00, /* FD740 */
	0x00, 0x8F, 0x36, 0xA1, 0x24, 0x6F, 0x02, 0x1C, 0x00, 0x8F, 0x52, 0x75, 0x06, 0x34, 0x01, 0x30, /* FD750 */
	0x09, 0x32, 0x45, 0x35, 0x39, 0xC3, 0x19, 0x12, 0x25, 0x5F, 0x3C, 0x4E, 0x17, 0x00, 0x61, 0x52, /* FD760 */
	0x81, 0x53, 0x09, 0x03, 0x1C, 0x0A, 0x8F, 0x36, 0x75, 0x04, 0x09, 0x1B, 0x27, 0x6D, 0x01, 0x4C, /* FD770 */
	0x0C, 0xF1, 0x0B, 0x07, 0x8F, 0x16, 0x67, 0x27, 0x2E, 0x1B, 0x27, 0x77, 0x3C, 0xFC, 0x0E, 0x08, /* FD780 */
	0x52, 0x15, 0x2E, 0x4C, 0x48, 0x41, 0x46, 0x92, 0x39, 0xC4, 0xA3, 0x41, 0x08, 0x41, 0x48, 0x65, /* FD790 */
	0x22, 0x45, 0x51, 0x86, 0x41, 0xA6, 0x0E, 0x28, 0x51, 0x09, 0x75, 0x18, 0x69, 0x30, 0x2D, 0x39, /* FD7A0 */
	0x14, 0x06, 0x18, 0xA9, 0x3A, 0xF1, 0x4E, 0x04, 0x07, 0x95, 0x52, 0x28, 0x49, 0x6D, 0x4B, 0x05, /* FD7B0 */
	0x76, 0x78, 0x78, 0x3E, 0x9D, 0x09, 0xAC, 0x3D, 0x32, 0x4D, 0x23, 0x39, 0x23, 0x19, 0x0C, 0x40, /* FD7C0 */
	0x96, 0xD3, 0x3C, 0x4E, 0x02, 0x0A, 0x05, 0xC2, 0x0F, 0x37, 0x03, 0x23, 0xA5, 0x1C, 0x65, 0x04, /* FD7D0 */
	0x23, 0xAF, 0x1C, 0x6F, 0x04, 0x03, 0x80, 0x2B, 0x45, 0x0A, 0x03, 0x6F, 0x13, 0xC7, 0x15, 0x00, /* FD7E0 */
	0xC3, 0xA9, 0x16, 0x87, 0x59, 0x02, 0x03, 0x89, 0x32, 0x47, 0xAE, 0x02, 0xC3, 0x6F, 0x16, 0x87, /* FD7F0 */
	0x3F, 0x02, 0x04, 0x29, 0x52, 0x87, 0x19, 0x52, 0x02, 0x05, 0x49, 0x47, 0x0F, 0x04, 0x15, 0x35, /* FD800 */
	0x47, 0xB7, 0x37, 0x04, 0x32, 0x05, 0x14, 0x47, 0x06, 0x14, 0x04, 0x72, 0x57, 0x10, 0x47, 0x8A, /* FD810 */
	0x10, 0xC4, 0x4F, 0x39, 0x07, 0x37, 0xA7, 0x3E, 0xC5, 0xA9, 0x16, 0x0E, 0xA7, 0x59, 0x00, 0x0E, /* FD820 */
	0x04, 0x72, 0x4F, 0x13, 0x47, 0x3E, 0x13, 0x04, 0x6F, 0x3A, 0x01, 0xD7, 0x3A, 0x00, 0x03, 0xA1, /* FD830 */
	0x1D, 0x05, 0x07, 0x29, 0xC4, 0xA1, 0x20, 0x85, 0x1E, 0xE1, 0x78, 0x02, 0x05, 0x81, 0x06, 0x27, /* FD840 */
	0x1D, 0x40, 0xB2, 0xEB, 0x04, 0x55, 0x51, 0x81, 0x1E, 0x7C, 0xC4, 0x02, 0x06, 0x65, 0x16, 0x16, /* FD850 */
	0x29, 0x3C, 0x1E, 0x59, 0x00, 0x05, 0x12, 0x21, 0x61, 0x1D, 0x12, 0x01, 0x34, 0x04, 0x32, 0x05, /* FD860 */
	0x33, 0x1D, 0x12, 0x45, 0x03, 0x06, 0x65, 0x16, 0x12, 0x31, 0x8A, 0x35, 0x7A, 0x80, 0x0A, 0x05, /* FD870 */
	0x32, 0x05, 0x34, 0x49, 0x47, 0x02, 0x51, 0x1E, 0x07, 0x65, 0x56, 0x69, 0x16, 0x8A, 0x35, 0x56, /* FD880 */
	0xD7, 0x3C, 0x02, 0x00, 0x65, 0x52, 0x69, 0x14, 0x0D, 0x00, 0x12, 0x39, 0x64, 0x05, 0x0D, 0x07, /* FD890 */
	0x01, 0x4A, 0x29, 0x31, 0x07, 0x01, 0x4A, 0x05, 0xA0, 0x02, 0x00, 0x2F, 0x10, 0x61, 0x39, 0x0D, /* FD8A0 */
	0x06, 0x72, 0x0F, 0x85, 0x66, 0x47, 0x32, 0x4F, 0x1E, 0x05, 0x06, 0x55, 0x11, 0x61, 0x0E, 0x05, /* FD8B0 */
	0x27, 0x11, 0x00, 0x4E, 0x03, 0x08, 0x81, 0x3F, 0x4C, 0x39, 0x05, 0x87, 0x4D, 0x00, 0x7C, 0x14, /* FD8C0 */
	0x0E, 0x00, 0x65, 0x37, 0xA5, 0x48, 0x19, 0x71, 0x09, 0x6F, 0x6A, 0x61, 0x14, 0x13, 0xB7, 0x3B, /* FD8D0 */
	0x5A, 0xBC, 0xAB, 0x7C, 0x03, 0x07, 0x32, 0x05, 0x34, 0x4D, 0x14, 0x47, 0x06, 0xF4, 0x4C, 0x53, /* FD8E0 */
	0x06, 0x32, 0x15, 0xAE, 0x27, 0x43, 0x1C, 0x92, 0x35, 0xF2, 0x03, 0x00, 0x65, 0x16, 0x12, 0x51, /* FD8F0 */
	0x8F, 0x02, 0xC5, 0x09, 0xAF, 0x16, 0x72, 0x36, 0x65, 0x52, 0xC7, 0x56, 0x7A, 0x0E, 0x0D, 0x38, /* FD900 */
	0x14, 0xC0, 0x65, 0x16, 0x12, 0x31, 0xC9, 0x16, 0xC1, 0x08, 0x12, 0x39, 0x24, 0x06, 0x54, 0x14, /* FD910 */
	0x12, 0x47, 0x86, 0x0E, 0xB6, 0xE3, 0x1E, 0x00, 0x65, 0x1F, 0x12, 0x41, 0x48, 0x0D, 0x61, 0x00, /* FD920 */
	0x30, 0x02, 0x01, 0x03, 0x22, 0x05, 0x18, 0x01, 0x23, 0x89, 0x23, 0x69, 0x0A, 0x23, 0x21, 0x20, /* FD930 */
	0x21, 0x04, 0x22, 0x85, 0x22, 0x1E, 0x23, 0x69, 0x21, 0x29, 0x0D, 0x23, 0x81, 0x23, 0x61, 0x0A, /* FD940 */
	0x02, 0xAF, 0x23, 0x26, 0x02, 0xC5, 0x21, 0x01, 0x04, 0x80, 0x07, 0xC3, 0x6C, 0x02, 0x43, 0xA1, /* FD950 */
	0x16, 0x88, 0x51, 0x02, 0x02, 0x85, 0x16, 0x48, 0x0F, 0x03, 0x6F, 0x15, 0x08, 0x3F, 0x01, 0x02, /* FD960 */
	0x29, 0x23, 0x08, 0x09, 0x04, 0x61, 0x12, 0x88, 0x31, 0x12, 0x03, 0x05, 0x11, 0x88, 0x15, 0x00, /* FD970 */
	0xC4, 0x65, 0x40, 0x88, 0xA5, 0x42, 0x23, 0x61, 0x18, 0x88, 0x11, 0x02, 0xC4, 0x65, 0x10, 0x88, /* FD980 */
	0xA5, 0x12, 0x02, 0xAF, 0x49, 0x66, 0x0E, 0x03, 0x05, 0x4C, 0x08, 0x65, 0x02, 0x05, 0x75, 0x05, /* FD990 */
	0x0E, 0x58, 0x35, 0x00, 0x0E, 0x06, 0xAF, 0x14, 0x0C, 0x38, 0x53, 0x9C, 0xA5, 0x02, 0x04, 0x05, /* FD9A0 */
	0x59, 0x19, 0x98, 0x59, 0x05, 0xC3, 0x6F, 0x3E, 0x92, 0x3F, 0x7A, 0x04, 0x6F, 0x16, 0x19, 0xD8, /* FD9B0 */
	0xBA, 0x05, 0x05, 0x65, 0x14, 0x0E, 0x98, 0xA9, 0x3C, 0x0E, 0x05, 0x2F, 0x07, 0x0E, 0x38, 0x1F, /* FD9C0 */
	0x00, 0x0E, 0x05, 0xAF, 0x4D, 0x85, 0x23, 0x66, 0xFA, 0x68, 0x05, 0x6F, 0x16, 0xB3, 0xBC, 0xCE, /* FD9D0 */
	0x4C, 0x53, 0x05, 0x05, 0x59, 0x65, 0x22, 0x65, 0x06, 0x38, 0x04, 0x6F, 0x34, 0x85, 0x23, 0x0F, /* FD9E0 */
	0x6D, 0x02, 0x03, 0x45, 0x1D, 0xA8, 0x20, 0x49, 0x04, 0x06, 0x75, 0x1E, 0xD2, 0x21, 0xF6, 0x1E, /* FD9F0 */
	0x4B, 0x05, 0x05, 0x75, 0x1E, 0x85, 0x22, 0xF6, 0x1E, 0x7B, 0x06, 0xA1, 0x48, 0x25, 0x20, 0x41, /* FDA00 */
	0x44, 0xF2, 0x04, 0x04, 0x81, 0x5A, 0xC5, 0x21, 0x72, 0x16, 0x01, 0x05, 0xA1, 0x07, 0x49, 0x21, /* FDA10 */
	0x40, 0x27, 0x15, 0xC4, 0xAF, 0x4D, 0x25, 0x20, 0x66, 0x1A, 0x00, 0x05, 0x05, 0x4A, 0xA5, 0x23, /* FDA20 */
	0x05, 0x42, 0x8A, 0xC5, 0x81, 0x53, 0x65, 0x22, 0x41, 0xF3, 0x38, 0x27, 0x69, 0x4D, 0x65, 0x18, /* FDA30 */
	0xC8, 0x3C, 0x4D, 0xA5, 0x1A, 0x02, 0xA6, 0xAF, 0x17, 0x36, 0x49, 0x88, 0x76, 0x94, 0x56, 0x0E, /* FDA40 */
	0x07, 0x75, 0x12, 0x32, 0x11, 0xC8, 0x36, 0x12, 0xD2, 0x1C, 0x00, 0x26, 0x85, 0x4E, 0x65, 0x18, /* FDA50 */
	0x48, 0x4E, 0x97, 0x2A, 0x06, 0x06, 0x05, 0x59, 0x69, 0x64, 0x88, 0x55, 0xF2, 0x0C, 0x05, 0x07, /* FDA60 */
	0x8F, 0x26, 0x7A, 0x3B, 0x08, 0x40, 0x26, 0xDA, 0x3C, 0x02, 0x06, 0xAF, 0x4D, 0x74, 0x3B, 0x48, /* FDA70 */
	0x45, 0x53, 0x3C, 0x0E, 0x06, 0x8F, 0x53, 0x69, 0x14, 0x88, 0x4F, 0x53, 0x80, 0x0A, 0x06, 0x6F, /* FDA80 */
	0x24, 0x04, 0x65, 0x88, 0x3F, 0xF0, 0x04, 0x01, 0x07, 0x81, 0x53, 0x69, 0x64, 0x08, 0x41, 0x53, /* FDA90 */
	0x3C, 0x1C, 0x01, 0x06, 0x6F, 0x15, 0x52, 0x0D, 0x08, 0x3F, 0xAD, 0x3C, 0x0B, 0x00, 0x01, 0x26, /* FDAA0 */
	0x14, 0x51, 0x31, 0x00, 0x8F, 0x36, 0x6F, 0x16, 0x0D, 0x06, 0x6F, 0x16, 0xB3, 0x64, 0x2F, 0xFE, /* FDAB0 */
	0x4C, 0x14, 0x05, 0x08, 0x39, 0x48, 0x2F, 0x17, 0x0E, 0x28, 0x11, 0x12, 0x20, 0xF2, 0x0E, 0x09, /* FDAC0 */
	0x75, 0x05, 0x4E, 0x51, 0x19, 0x58, 0x35, 0x9C, 0x31, 0xF2, 0x14, 0x05, 0x07, 0x85, 0x26, 0x14, /* FDAD0 */
	0x1D, 0x05, 0xA8, 0x4B, 0x7C, 0xF4, 0x28, 0x08, 0x61, 0x12, 0x09, 0x07, 0x10, 0x88, 0x39, 0x04, /* FDAE0 */
	0x25, 0x87, 0x10, 0x06, 0x6F, 0x3E, 0x12, 0x09, 0x2C, 0xBD, 0x4E, 0x0E, 0x08, 0x2C, 0x08, 0x69, /* FDAF0 */
	0x30, 0x13, 0x3E, 0x72, 0x23, 0x29, 0x6C, 0x0A, 0x40, 0x32, 0x03, 0x07, 0x6F, 0x16, 0x79, 0x3D, /* FDB00 */
	0x6F, 0x22, 0x36, 0x1E, 0x35, 0x22, 0x0E, 0x06, 0x29, 0x49, 0x81, 0x0E, 0xC8, 0x21, 0x49, 0xCE, /* FDB10 */
	0x2E, 0x05, 0x0A, 0x75, 0x1E, 0x81, 0x26, 0x61, 0x22, 0xF6, 0x1E, 0x73, 0x61, 0x12, 0x01, 0x0E, /* FDB20 */
	0xC0, 0x29, 0x23, 0x4C, 0x1D, 0xA8, 0x00, 0x0D, 0x0A, 0x99, 0x3C, 0x54, 0x14, 0x53, 0x4D, 0x08, /* FDB30 */
	0x49, 0x70, 0x6F, 0xF8, 0x4C, 0x7C, 0x03, 0x07, 0x65, 0x25, 0x93, 0x20, 0x85, 0x16, 0x88, 0x35, /* FDB40 */
	0xF1, 0x13, 0x76, 0x03, 0x00, 0x05, 0x11, 0xB1, 0x05, 0xB2, 0x14, 0x12, 0x35, 0x21, 0x09, 0x82, /* FDB50 */
	0x8E, 0x39, 0x02, 0x22, 0x93, 0x69, 0x02, 0x22, 0x94, 0x59, 0x00, 0xA2, 0x86, 0x19, 0x02, 0x23, /* FDB60 */
	0x94, 0xA7, 0x54, 0x03, 0x22, 0x60, 0x25, 0x0D, 0x22, 0x20, 0x24, 0x04, 0x02, 0x80, 0x27, 0x1A, /* FDB70 */
	0x84, 0xAE, 0x3C, 0x29, 0x5E, 0x88, 0x05, 0x24, 0x05, 0x09, 0x74, 0x14, 0x00, 0x22, 0x60, 0x30, /* FDB80 */
	0x89, 0x0A, 0x22, 0xA0, 0x16, 0x49, 0x06, 0x04, 0x34, 0x35, 0x49, 0xF4, 0x34, 0xC3, 0x72, 0x3B, /* FDB90 */
	0x49, 0x3E, 0x02, 0x04, 0xAF, 0x07, 0x09, 0x50, 0x03, 0x00, 0x2E, 0x14, 0x18, 0x0D, 0x05, 0x24, /* FDBA0 */
	0x05, 0x0C, 0x19, 0x70, 0x85, 0x0A, 0x00, 0x2E, 0x24, 0x01, 0x34, 0x04, 0x52, 0x4D, 0x08, 0x49, /* FDBB0 */
	0xF2, 0x33, 0xC5, 0x8E, 0x54, 0x94, 0x39, 0x42, 0x75, 0x04, 0xC5, 0x8D, 0x30, 0xD9, 0x3C, 0x41, /* FDBC0 */
	0x0C, 0x09, 0x05, 0x72, 0x3B, 0x19, 0x49, 0x02, 0x0E, 0x05, 0x04, 0x13, 0x05, 0x03, 0x69, 0xF2, /* FDBD0 */
	0x0B, 0x05, 0x04, 0x21, 0x0F, 0x19, 0x00, 0x08, 0x0F, 0x26, 0x94, 0x17, 0x2C, 0xF2, 0x54, 0x93, /* FDBE0 */
	0xA9, 0x06, 0x05, 0x73, 0x04, 0x2E, 0x24, 0x0C, 0x30, 0x12, 0x86, 0x8E, 0x27, 0x24, 0xA5, 0x4E, /* FDBF0 */
	0x73, 0x24, 0x04, 0x00, 0x0E, 0x3F, 0x2D, 0x01, 0x0D, 0x00, 0x8D, 0x04, 0xA3, 0x00, 0x0D, 0x06, /* FDC00 */
	0x2E, 0x24, 0x61, 0xA6, 0x0E, 0x14, 0x01, 0x0E, 0xC0, 0x67, 0x3E, 0x32, 0x01, 0x03, 0x00, 0x4E, /* FDC10 */
	0x56, 0xD2, 0x01, 0x31, 0x00, 0x8E, 0x17, 0xA3, 0x00, 0x0D, 0xC0, 0x4E, 0x56, 0x32, 0x01, 0x0C, /* FDC20 */
	0x00, 0x2F, 0x24, 0x2E, 0x01, 0x31, 0x00, 0xAE, 0x14, 0xAE, 0x00, 0x03, 0x00, 0x0E, 0x17, 0xB3, /* FDC30 */
	0x00, 0x0D, 0xC0, 0xAE, 0x16, 0xAE, 0x00, 0x03, 0x00, 0x2E, 0x06, 0xAE, 0x00, 0x0C, 0x00, 0xAE, /* FDC40 */
	0x07, 0x32, 0x00, 0x0C, 0xC6, 0x8D, 0x48, 0xAF, 0x16, 0x3C, 0x4D, 0x48, 0x62, 0x06, 0xC0, 0x0D, /* FDC50 */
	0x1D, 0x69, 0x16, 0x0C, 0x07, 0x14, 0x31, 0x09, 0x39, 0x7C, 0x84, 0x31, 0x19, 0x30, 0x02, 0x00, /* FDC60 */
	0x8E, 0x53, 0x61, 0x52, 0x0C, 0xC6, 0x73, 0x33, 0xA1, 0x14, 0x49, 0x03, 0x30, 0x41, 0x04, 0x00, /* FDC70 */
	0x8E, 0x27, 0x47, 0x50, 0x0D, 0xC5, 0x67, 0x3E, 0x32, 0x11, 0x3C, 0x37, 0x9E, 0x04, 0x00, 0x8D, /* FDC80 */
	0x54, 0x8C, 0x17, 0x0D, 0x08, 0x2E, 0x24, 0x61, 0x06, 0x29, 0x1E, 0x14, 0x9C, 0x31, 0x02, 0x00, /* FDC90 */
	0x2E, 0x06, 0x0E, 0x67, 0x31, 0x00, 0xAE, 0x14, 0x52, 0x35, 0x30, 0x06, 0x0D, 0x1D, 0x85, 0x66, /* FDCA0 */
	0x29, 0x0D, 0x28, 0x12, 0x05, 0x00, 0x6C, 0x14, 0x07, 0x31, 0x0C, 0x07, 0xAE, 0x14, 0x32, 0x4D, /* FDCB0 */
	0x94, 0x39, 0x52, 0x92, 0x49, 0x53, 0xC7, 0x0E, 0x4B, 0x05, 0x4D, 0x85, 0x39, 0x2E, 0x52, 0x1D, /* FDCC0 */
	0x4D, 0x00, 0x2E, 0x54, 0xB3, 0x48, 0x19, 0x31, 0x00, 0x8E, 0x53, 0x61, 0x0E, 0x05, 0x0C, 0x07, /* FDCD0 */
	0xAE, 0x14, 0x52, 0x3D, 0xD2, 0x3C, 0x52, 0x5F, 0x12, 0x79, 0x00, 0xAE, 0x14, 0x72, 0x06, 0x0C, /* FDCE0 */
	0x1C, 0x06, 0x6C, 0x24, 0x6E, 0x27, 0x53, 0xAD, 0x31, 0x3C, 0xEE, 0x01, 0x00, 0xAE, 0x14, 0xB2, /* FDCF0 */
	0x06, 0x0C, 0x34, 0x00, 0xAE, 0x24, 0x0D, 0x51, 0x05, 0x30, 0x00, 0x4E, 0x14, 0x32, 0x39, 0x14, /* FDD00 */
	0x0C, 0x00, 0x2E, 0x26, 0x4E, 0x51, 0x05, 0x30, 0x00, 0x2E, 0x06, 0xAE, 0x48, 0x19, 0x31, 0x00, /* FDD10 */
	0x8E, 0x53, 0x69, 0x0E, 0x14, 0x0D, 0x00, 0xAE, 0x14, 0x87, 0x06, 0x0C, 0x30, 0x08, 0x2E, 0x4A, /* FDD20 */
	0x81, 0x16, 0xC4, 0x3C, 0x1A, 0x12, 0x40, 0x96, 0x04, 0x00, 0x6D, 0x15, 0x44, 0x05, 0x34, 0x01, /* FDD30 */
	0x34, 0x07, 0x8E, 0x57, 0x12, 0x39, 0x23, 0xF1, 0xCE, 0x83, 0x03, 0x4E, 0x03, 0xC6, 0xAE, 0x14, /* FDD40 */
	0xB2, 0x26, 0xA5, 0xA7, 0x4E, 0x74, 0x5A, 0x15, 0x00, 0x24, 0x39, 0x54, 0x0D, 0x61, 0x00, 0x70, /* FDD50 */
	0x00, 0xAE, 0x16, 0xAE, 0x3C, 0xD2, 0x01, 0xC5, 0xC0, 0xAE, 0x14, 0x92, 0x48, 0xA5, 0x00, 0x0C, /* FDD60 */
	0x09, 0x73, 0x33, 0xA1, 0x24, 0x6F, 0x76, 0x49, 0x03, 0x30, 0xC1, 0x03, 0x38, 0xC9, 0x4E, 0x51, /* FDD70 */
	0x09, 0x51, 0x25, 0xF0, 0x8E, 0xC9, 0x17, 0xC1, 0xF4, 0x10, 0x09, 0x8E, 0x3F, 0xAC, 0x09, 0x2C, /* FDD80 */
	0xF1, 0x4E, 0xB3, 0xAB, 0x19, 0x00, 0xB2, 0x00, 0xAE, 0x48, 0x09, 0x07, 0x34, 0x01, 0x30, 0x00, /* FDD90 */
	0x6D, 0x25, 0x87, 0x06, 0xAE, 0x00, 0x30, 0x00, 0x2E, 0x24, 0x03, 0x51, 0x8F, 0x02, 0xC5, 0xC0, /* FDDA0 */
	0x6C, 0x54, 0xB3, 0x48, 0xA1, 0x14, 0x31, 0x08, 0x4E, 0x51, 0x09, 0x51, 0xA9, 0x16, 0x3C, 0xAE, /* FDDB0 */
	0xCD, 0x40, 0xA4, 0x59, 0x09, 0x2E, 0x24, 0xA3, 0x34, 0x65, 0x52, 0x3C, 0x1E, 0x24, 0x14, 0xFD, /* FDDC0 */
	0x38, 0x14, 0x08, 0x8D, 0x14, 0x12, 0x51, 0xA9, 0x16, 0x3C, 0x4D, 0xAC, 0xC0, 0xF4, 0x58, 0x0A, /* FDDD0 */
	0x8D, 0x48, 0xAF, 0x16, 0x2D, 0x39, 0xD4, 0x3C, 0x41, 0x92, 0x52, 0x36, 0x00, 0x5E, 0x00, 0xC0, /* FDDE0 */
	0x0E, 0x3F, 0x92, 0x3C, 0x12, 0x51, 0x05, 0x35, 0x00, 0xAE, 0x14, 0x72, 0x15, 0x44, 0x05, 0x34, /* FDDF0 */
	0x01, 0x74, 0xC0, 0x2E, 0x54, 0xB3, 0x48, 0x09, 0x31, 0xC9, 0x16, 0xD1, 0x02, 0x0A, 0x01, 0x03, /* FDE00 */
	0x80, 0x2B, 0x41, 0x0A, 0x04, 0x95, 0x53, 0xCA, 0x46, 0x53, 0x04, 0x75, 0x64, 0x0A, 0x30, 0x24, /* FDE10 */
	0x04, 0x2F, 0x31, 0x0A, 0x0F, 0xA8, 0x05, 0x8F, 0x17, 0x08, 0x6F, 0x72, 0x01, 0x05, 0x85, 0x57, /* FDE20 */
	0x13, 0x1A, 0x69, 0x40, 0x03, 0x00, 0x81, 0x04, 0x0E, 0x03, 0x05, 0x8F, 0x17, 0x50, 0x28, 0x4F, /* FDE30 */
	0x03, 0x18, 0x00, 0x61, 0x56, 0x81, 0x66, 0xD5, 0x07, 0x15, 0x39, 0xA9, 0x04, 0x97, 0x3F, 0x72, /* FDE40 */
	0xC5, 0x04, 0x00, 0x08, 0x81, 0x04, 0x2E, 0x4D, 0x05, 0x8A, 0x41, 0x00, 0x7E, 0x14, 0x1A, 0x02, /* FDE50 */
	0x0B, 0x01, 0x03, 0x80, 0x2F, 0x41, 0x0A, 0xC2, 0x6E, 0x5F, 0x0E, 0x0F, 0x04, 0x69, 0x3C, 0x0B, /* FDE60 */
	0xA5, 0x3E, 0x06, 0x61, 0x4E, 0x81, 0x2F, 0x21, 0x6E, 0xF2, 0x13, 0x06, 0x8F, 0x16, 0x61, 0x2E, /* FDE70 */
	0x40, 0x12, 0x01, 0x0E, 0x05, 0x6E, 0x5F, 0x2C, 0x11, 0x27, 0x39, 0x2F, 0xAC, 0x29, 0x02, 0xA5, /* FDE80 */
	0x0A, 0xC3, 0xA5, 0x30, 0x65, 0x04, 0xC2, 0x29, 0x31, 0x09, 0x02, 0xAF, 0x31, 0x22, 0x03, 0x80, /* FDE90 */
	0x97, 0x4C, 0x0A, 0x83, 0x49, 0x17, 0x0C, 0x29, 0x03, 0xC3, 0x6F, 0x2F, 0xCC, 0x25, 0x03, 0x03, /* FDEA0 */
	0x6F, 0x1E, 0xCC, 0xF7, 0x02, 0x03, 0x29, 0x16, 0x0C, 0x19, 0x02, 0xC4, 0x81, 0x53, 0x8C, 0x41, /* FDEB0 */
	0x53, 0x04, 0x25, 0x52, 0x8C, 0x15, 0x52, 0x23, 0x85, 0x4F, 0x8C, 0x45, 0x03, 0x03, 0xA1, 0x14, /* FDEC0 */
	0x0C, 0x51, 0x00, 0xC3, 0x69, 0x16, 0x0C, 0x39, 0x02, 0xC3, 0xA9, 0x16, 0x8C, 0x59, 0x02, 0x03, /* FDED0 */
	0x8F, 0x4F, 0xCC, 0x47, 0x03, 0xC3, 0x8F, 0x17, 0x8C, 0x62, 0x02, 0x04, 0x61, 0x4F, 0x8C, 0x31, /* FDEE0 */
	0x4F, 0x04, 0x55, 0x4D, 0x8C, 0xF2, 0x4C, 0x03, 0x81, 0x1E, 0x05, 0xCC, 0x2A, 0xC3, 0x29, 0x23, /* FDEF0 */
	0x14, 0x2C, 0x51, 0xC3, 0xA1, 0x1D, 0x08, 0x8C, 0x19, 0x03, 0x6F, 0x4F, 0x05, 0x8C, 0x4E, 0xC4, /* FDF00 */
	0x01, 0x16, 0x0C, 0x0C, 0x09, 0x2C, 0x04, 0x99, 0x26, 0x03, 0x7C, 0xF3, 0x0B, 0x04, 0xA5, 0x16, /* FDF10 */
	0x12, 0x9C, 0x59, 0x1E, 0xC3, 0x05, 0x4D, 0x05, 0x1C, 0x4D, 0x04, 0xA9, 0x14, 0x12, 0x1C, 0x51, /* FDF20 */
	0x1E, 0x04, 0xA9, 0x50, 0x2C, 0x31, 0xE9, 0xB4, 0x00, 0x05, 0x6F, 0x1E, 0x85, 0x32, 0xF7, 0x1E, /* FDF30 */
	0x7B, 0x06, 0x6F, 0x12, 0x6F, 0x32, 0x36, 0x1E, 0x00, 0x0E, 0x04, 0x89, 0x55, 0x8F, 0x32, 0x29, /* FDF40 */
	0x7B, 0x02, 0x06, 0xA1, 0x14, 0xB3, 0x30, 0x41, 0xF4, 0x4C, 0x14, 0x06, 0x09, 0x4A, 0x81, 0x66, /* FDF50 */
	0x0C, 0x09, 0x4A, 0x2B, 0x05, 0x06, 0x69, 0x0E, 0x6F, 0x38, 0x8C, 0x39, 0x2E, 0x00, 0x0E, 0x06, /* FDF60 */
	0x09, 0x17, 0x8E, 0x17, 0x0C, 0x49, 0xF3, 0x4E, 0x03, 0x04, 0x05, 0x51, 0x28, 0x49, 0x8C, 0xE5, /* FDF70 */
	0x78, 0x07, 0x15, 0x27, 0x6C, 0x14, 0x8C, 0x42, 0x73, 0xC5, 0xAC, 0x02, 0x05, 0x65, 0x3B, 0x81, /* FDF80 */
	0x12, 0x8C, 0x35, 0x7A, 0x04, 0x05, 0xA1, 0x1D, 0xA8, 0x14, 0x12, 0x8C, 0x19, 0x54, 0x0E, 0x00, /* FDF90 */
	0x0F, 0x07, 0x54, 0x3D, 0x0E, 0x1C, 0x00, 0x61, 0x12, 0x6C, 0x4B, 0x04, 0x0D, 0x0A, 0xAF, 0x25, /* FDFA0 */
	0x53, 0x05, 0x0E, 0x31, 0x62, 0x17, 0x69, 0x45, 0x8C, 0x39, 0x00, 0x00, 0x61, 0x12, 0x13, 0x07, /* FDFB0 */
	0x30, 0x01, 0x0D, 0x07, 0xA9, 0x16, 0xB3, 0x3C, 0x43, 0x33, 0x49, 0x46, 0x53, 0x2F, 0x0B, 0x00, /* FDFC0 */
	0xA9, 0x14, 0x12, 0x51, 0x95, 0x16, 0xC0, 0x08, 0x01, 0x3E, 0x12, 0x51, 0x8F, 0x66, 0x8C, 0x01, /* FDFD0 */
	0x4A, 0x40, 0x94, 0x17, 0x09, 0x29, 0x55, 0x34, 0x39, 0x61, 0x52, 0x8C, 0x52, 0x70, 0x25, 0x0E, /* FDFE0 */
	0x38, 0x14, 0x00, 0x25, 0x27, 0x54, 0x35, 0xA1, 0x14, 0x30, 0x08, 0x49, 0x17, 0x4C, 0x21, 0x6F, /* FDFF0 */
	0x13, 0x0C, 0x29, 0x33, 0x05, 0xD8, 0x11, 0x0A, 0x25, 0x27, 0x73, 0x04, 0x54, 0x59, 0x05, 0x9C, /* FE000 */
	0x29, 0x7C, 0x33, 0x04, 0xD4, 0x5C, 0x02, 0x09, 0x25, 0x27, 0x73, 0x04, 0xB4, 0x49, 0x05, 0x9C, /* FE010 */
	0x29, 0x7C, 0x33, 0x04, 0x43, 0x0E, 0x02, 0x25, 0x0D, 0x22, 0x19, 0x2D, 0x01, 0x22, 0x05, 0x1D, /* FE020 */
	0x01, 0x22, 0xC1, 0x35, 0x01, 0x03, 0x61, 0x36, 0x21, 0x0E, 0x03, 0x65, 0x36, 0x25, 0x0E, 0x03, /* FE030 */
	0x80, 0x97, 0x4D, 0x0A, 0x22, 0x8F, 0x16, 0x8D, 0x07, 0x24, 0x8F, 0x53, 0x0D, 0x4F, 0x53, 0xC3, /* FE040 */
	0x21, 0x14, 0x0D, 0x11, 0x00, 0xE4, 0x61, 0x66, 0x8D, 0x35, 0x16, 0xE4, 0x95, 0x53, 0xCD, 0x46, /* FE050 */
	0x53, 0x23, 0x15, 0x23, 0xCD, 0x06, 0x03, 0xC3, 0x41, 0x17, 0x0D, 0x21, 0x03, 0xC3, 0x89, 0x4F, /* FE060 */
	0x8D, 0x49, 0x03, 0xC3, 0x05, 0x39, 0x0D, 0x35, 0x02, 0xC3, 0xAF, 0x16, 0x8D, 0x52, 0x02, 0x03, /* FE070 */
	0x81, 0x66, 0x8D, 0x1B, 0x01, 0x04, 0x61, 0x05, 0x8D, 0x3F, 0x01, 0x04, 0x99, 0x06, 0x0D, 0x49, /* FE080 */
	0x02, 0x04, 0x6F, 0x2E, 0xCD, 0xF6, 0x2E, 0x23, 0x29, 0x23, 0x14, 0x2D, 0x51, 0x04, 0x6F, 0x16, /* FE090 */
	0x19, 0xDD, 0x3A, 0x05, 0x04, 0x6F, 0x52, 0x08, 0xDD, 0x3A, 0x18, 0x04, 0xC1, 0x09, 0x05, 0x0D, /* FE0A0 */
	0x09, 0x05, 0xC4, 0x05, 0x39, 0x14, 0x9D, 0x39, 0x14, 0x04, 0xA5, 0x04, 0x0C, 0x9D, 0xD1, 0x2C, /* FE0B0 */
	0x04, 0xAF, 0x26, 0x05, 0x8D, 0x5A, 0x05, 0x05, 0x81, 0x3F, 0x0E, 0x0D, 0x4D, 0x00, 0x0E, 0x06, /* FE0C0 */
	0xAF, 0x14, 0x0C, 0x3D, 0x53, 0x9C, 0xA5, 0x02, 0x06, 0x09, 0x35, 0x09, 0x2D, 0x71, 0x21, 0x1D, /* FE0D0 */
	0x01, 0x00, 0x81, 0x26, 0x01, 0x0C, 0x04, 0xA5, 0x14, 0x12, 0x1D, 0xD1, 0x1E, 0x03, 0xAF, 0x4D, /* FE0E0 */
	0x05, 0x9D, 0x4E, 0x05, 0x2F, 0x14, 0x0D, 0x3D, 0x13, 0x25, 0x0D, 0x05, 0x89, 0x53, 0x85, 0x36, /* FE0F0 */
	0x69, 0x53, 0x78, 0x05, 0x65, 0x09, 0x85, 0x36, 0x25, 0x0D, 0x7A, 0x05, 0x69, 0x56, 0x34, 0x35, /* FE100 */
	0x29, 0xAE, 0x51, 0x27, 0x99, 0x17, 0x2C, 0x36, 0x49, 0x73, 0x94, 0x0C, 0x06, 0x05, 0x65, 0x3D, /* FE110 */
	0xD2, 0x35, 0x25, 0x7D, 0x16, 0x05, 0x6F, 0x12, 0xC1, 0x35, 0x36, 0x1E, 0x04, 0x05, 0x81, 0x26, /* FE120 */
	0x2E, 0x35, 0x40, 0x12, 0x39, 0x04, 0x0F, 0x26, 0x2C, 0x35, 0x0F, 0xB2, 0x00, 0x05, 0x95, 0x0F, /* FE130 */
	0x2C, 0x35, 0x76, 0x03, 0xA8, 0x07, 0x95, 0x17, 0x75, 0x35, 0x55, 0x7A, 0x14, 0x00, 0x0D, 0x00, /* FE140 */
	0xA1, 0x54, 0x32, 0x01, 0x03, 0x05, 0xAF, 0x24, 0x36, 0x35, 0x4F, 0xF4, 0x58, 0x00, 0xC5, 0x24, /* FE150 */
	0x63, 0x03, 0x31, 0x05, 0x8F, 0x06, 0x2C, 0x35, 0x40, 0x82, 0xA9, 0x00, 0x89, 0x17, 0xD2, 0x01, /* FE160 */
	0x31, 0x00, 0x6F, 0x4A, 0x2F, 0x01, 0x03, 0x07, 0x95, 0x17, 0x75, 0x35, 0x55, 0x7A, 0x14, 0x00, /* FE170 */
	0x0D, 0x05, 0x6F, 0x2E, 0xC5, 0x35, 0xF6, 0x2E, 0x17, 0x00, 0x21, 0x48, 0x29, 0x00, 0x03, 0x04, /* FE180 */
	0x05, 0x4D, 0x95, 0x16, 0x8D, 0xE5, 0x7A, 0x05, 0x89, 0x4F, 0x69, 0x3B, 0x8D, 0xC9, 0x03, 0x0E, /* FE190 */
	0x00, 0x89, 0x4F, 0x69, 0x14, 0x0C, 0x07, 0x61, 0x2E, 0x69, 0x12, 0x8D, 0x31, 0x2E, 0x09, 0x1E, /* FE1A0 */
	0x00, 0x07, 0x21, 0x24, 0x73, 0x3B, 0x8D, 0x11, 0xF0, 0x13, 0x30, 0x02, 0x06, 0xAF, 0x06, 0x62, /* FE1B0 */
	0x14, 0x8D, 0x52, 0x02, 0x82, 0x0C, 0x06, 0x89, 0x06, 0x63, 0x14, 0x4D, 0x0F, 0x2C, 0x80, 0x0A, /* FE1C0 */
	0x05, 0x69, 0x14, 0x21, 0x17, 0x0D, 0xA9, 0xF2, 0x0A, 0x05, 0x09, 0x23, 0x21, 0x31, 0x0D, 0x29, /* FE1D0 */
	0x03, 0x2A, 0x00, 0x29, 0x5C, 0x85, 0x53, 0x07, 0x07, 0x25, 0x07, 0x74, 0x3B, 0x8D, 0x15, 0x03, /* FE1E0 */
	0xD4, 0x36, 0x02, 0x00, 0x21, 0x53, 0x81, 0x14, 0x0D, 0x05, 0x81, 0x4A, 0x09, 0x1D, 0x05, 0x8D, /* FE1F0 */
	0x49, 0x29, 0x0A, 0xC0, 0x41, 0x39, 0x14, 0x25, 0x0E, 0x07, 0x06, 0x8F, 0x16, 0xAF, 0x16, 0x12, /* FE200 */
	0x9D, 0x73, 0x4F, 0x76, 0x02, 0x00, 0x95, 0x27, 0x43, 0x05, 0x0E, 0x1C, 0x08, 0x21, 0x07, 0x5A, /* FE210 */
	0x39, 0x05, 0x7D, 0x85, 0x07, 0x60, 0x16, 0x0E, 0x00, 0x81, 0x66, 0x0C, 0x39, 0x04, 0x30, 0x07, /* FE220 */
	0x09, 0x23, 0x29, 0x07, 0x0E, 0xAD, 0xCD, 0x3C, 0x07, 0x38, 0x05, 0x89, 0x4F, 0xAF, 0x49, 0x09, /* FE230 */
	0xFD, 0x68, 0x23, 0x05, 0x00, 0x29, 0x38, 0x29, 0x23, 0x14, 0x0D, 0x05, 0x8F, 0x52, 0x07, 0x1D, /* FE240 */
	0x05, 0x9D, 0x1F, 0x3C, 0x0A, 0xC5, 0x95, 0x36, 0x95, 0x16, 0x04, 0x7D, 0x36, 0x1E, 0x04, 0x06, /* FE250 */
	0x61, 0x42, 0xAF, 0x17, 0x12, 0x8D, 0xB9, 0x90, 0x76, 0x02, 0x00, 0x61, 0x26, 0x66, 0x33, 0x04, /* FE260 */
	0x31, 0x06, 0x6F, 0x4E, 0x29, 0x55, 0x12, 0xFD, 0x4C, 0x59, 0x7C, 0x02, 0x07, 0xA5, 0x04, 0x6C, /* FE270 */
	0x24, 0x03, 0x0D, 0x50, 0xA1, 0xFA, 0x2C, 0xC7, 0xAF, 0x24, 0x16, 0x51, 0x05, 0x3D, 0xD3, 0x7C, /* FE280 */
	0x06, 0x51, 0x09, 0x6F, 0x52, 0x32, 0x05, 0x0C, 0xBD, 0x3B, 0x54, 0x12, 0x71, 0xB7, 0x0A, 0x06, /* FE290 */
	0x05, 0x39, 0x57, 0x24, 0x2C, 0x35, 0x05, 0x5E, 0x27, 0x0C, 0x00, 0x69, 0x30, 0x29, 0x4B, 0x61, /* FE2A0 */
	0x01, 0x31, 0x08, 0x69, 0x3A, 0x85, 0x3F, 0x14, 0x35, 0x3C, 0xFE, 0x4C, 0x4F, 0x04, 0x00, 0x07, /* FE2B0 */
	0x89, 0x17, 0x12, 0x09, 0x2C, 0x35, 0x69, 0x4A, 0x02, 0x82, 0x0C, 0x00, 0x6F, 0x3B, 0x4C, 0x1D, /* FE2C0 */
	0xA8, 0x00, 0x0D, 0x07, 0x65, 0x3D, 0x12, 0x09, 0x2C, 0x35, 0x25, 0x7D, 0x02, 0x82, 0x0C, 0x08, /* FE2D0 */
	0x81, 0x26, 0xAA, 0x05, 0x0E, 0x35, 0xEB, 0x5C, 0x73, 0x2F, 0x0E, 0x00, 0x07, 0x85, 0x4F, 0x65, /* FE2E0 */
	0x1E, 0x85, 0x36, 0x65, 0xF3, 0x38, 0x4A, 0x0E, 0x00, 0x69, 0x5C, 0xA1, 0x2D, 0x25, 0x01, 0x0D, /* FE2F0 */
	0x00, 0x69, 0x26, 0xA1, 0x54, 0x32, 0x01, 0xD0, 0x07, 0x89, 0x4F, 0x69, 0x3B, 0x81, 0x66, 0x8D, /* FE300 */
	0xC9, 0x03, 0x8E, 0x1B, 0x01, 0x0A, 0x6F, 0x52, 0x67, 0x37, 0x85, 0x66, 0x0D, 0x30, 0x52, 0xC7, /* FE310 */
	0x36, 0x01, 0x12, 0x05, 0x0A, 0xA5, 0x04, 0x50, 0x64, 0x53, 0x0D, 0x8D, 0xD5, 0x00, 0x46, 0xAC, /* FE320 */
	0x69, 0x3C, 0x0B, 0x0A, 0xAF, 0x24, 0x16, 0x51, 0x69, 0x3B, 0x0D, 0xDF, 0xF0, 0x56, 0x0C, 0xCD, /* FE330 */
	0x00, 0x0E, 0x09, 0x65, 0x04, 0x0E, 0x23, 0x6F, 0x64, 0x8D, 0xA5, 0x02, 0x0E, 0xBB, 0x33, 0x05, /* FE340 */
	0x08, 0x05, 0x4D, 0x95, 0x16, 0x2D, 0x39, 0x14, 0x9D, 0xE9, 0x1E, 0x0D, 0x38, 0x14, 0x0B, 0x69, /* FE350 */
	0x3A, 0x05, 0x41, 0x6F, 0x24, 0x13, 0xAD, 0x39, 0x45, 0x8C, 0x41, 0x80, 0xFA, 0x4C, 0x0C, 0x09, /* FE360 */
	0x23, 0x65, 0x04, 0x2E, 0x17, 0x6C, 0x37, 0x1D, 0x29, 0x03, 0x8C, 0x31, 0x2A, 0x80, 0x3A, 0x03, /* FE370 */
	0x0C, 0xA5, 0x04, 0x50, 0x64, 0x53, 0x0D, 0x61, 0x34, 0x65, 0x04, 0x18, 0x9C, 0x69, 0xF2, 0x0B, /* FE380 */
	0xA0, 0x02, 0x0B, 0x81, 0x4F, 0x01, 0x23, 0x95, 0x17, 0xB4, 0x4C, 0x4D, 0x8D, 0x4D, 0x00, 0x83, /* FE390 */
	0x4E, 0x7C, 0x44, 0x03, 0x00, 0x2F, 0x14, 0x72, 0x26, 0x1A, 0x51, 0x69, 0x3B, 0x4C, 0x00, 0x61, /* FE3A0 */
	0x26, 0x26, 0x4D, 0x14, 0x51, 0x69, 0x3B, 0x0C, 0x02, 0x25, 0x0E, 0xE2, 0x0F, 0x3E, 0x03, 0x03, /* FE3B0 */
	0xAF, 0x38, 0x6F, 0x04, 0x02, 0xA5, 0x3B, 0x22, 0x22, 0xAF, 0x3B, 0x26, 0xE2, 0x8F, 0x3A, 0x27, /* FE3C0 */
	0x03, 0x80, 0x97, 0x4E, 0x0A, 0xC3, 0x25, 0x11, 0x0E, 0x15, 0x00, 0x03, 0x61, 0x15, 0x0E, 0x31, /* FE3D0 */
	0x01, 0x25, 0xC5, 0x50, 0x8E, 0x25, 0x4F, 0x14, 0x82, 0x05, 0x49, 0x4E, 0x0F, 0xE3, 0x6F, 0x16, /* FE3E0 */
	0xCE, 0x36, 0x02, 0x04, 0x65, 0x3B, 0x0E, 0xB5, 0x3B, 0x05, 0xC1, 0x26, 0x8E, 0x5F, 0x4C, 0x05, /* FE3F0 */
	0x04, 0xA5, 0x16, 0x12, 0x9E, 0x59, 0x1E, 0x03, 0x29, 0x23, 0x14, 0x2E, 0x51, 0x05, 0x25, 0x4B, /* FE400 */
	0x0F, 0x1E, 0x1D, 0x12, 0x0F, 0x05, 0x41, 0x17, 0x04, 0x0E, 0x2D, 0x3C, 0x04, 0x04, 0x69, 0x52, /* FE410 */
	0x08, 0x2E, 0x39, 0x18, 0x05, 0x41, 0x59, 0x05, 0x2E, 0x71, 0x45, 0x06, 0x06, 0xC1, 0x26, 0x13, /* FE420 */
	0xBE, 0x53, 0x13, 0x65, 0x02, 0x05, 0x75, 0x09, 0x85, 0x3A, 0x36, 0x0D, 0x7A, 0x04, 0xA1, 0x54, /* FE430 */
	0x32, 0x39, 0x01, 0x73, 0x02, 0xC5, 0xAF, 0x24, 0x23, 0x39, 0x4F, 0xF4, 0x4C, 0x05, 0x05, 0x49, /* FE440 */
	0xC2, 0x39, 0x1F, 0x72, 0x24, 0x06, 0x21, 0x24, 0x2E, 0x39, 0x01, 0x74, 0x14, 0x0E, 0xC5, 0xAF, /* FE450 */
	0x24, 0x2E, 0x3B, 0xCF, 0xF4, 0xF8, 0x06, 0x15, 0x33, 0x45, 0x39, 0x22, 0x3B, 0x14, 0x09, 0x05, /* FE460 */
	0x69, 0x16, 0xD4, 0x39, 0x09, 0x5E, 0x14, 0xC6, 0xAF, 0x24, 0xC6, 0x39, 0xCF, 0xF4, 0x18, 0x09, /* FE470 */
	0xE5, 0xAF, 0x20, 0x69, 0x1E, 0xCE, 0x66, 0xA4, 0x3E, 0xE4, 0x45, 0x51, 0x28, 0x49, 0x0E, 0xE5, /* FE480 */
	0x78, 0x06, 0x15, 0x33, 0x05, 0x49, 0x8E, 0x22, 0x33, 0x45, 0x0E, 0x06, 0x25, 0x4B, 0x2F, 0x4D, /* FE490 */
	0x0E, 0x15, 0x4B, 0x4F, 0x0A, 0x06, 0xA5, 0x51, 0x12, 0x31, 0x8E, 0x52, 0x48, 0x80, 0x0A, 0x00, /* FE4A0 */
	0xA5, 0x43, 0x8F, 0x52, 0x0D, 0xC0, 0x25, 0x33, 0x05, 0x53, 0x03, 0x00, 0x09, 0x3F, 0x0C, 0x4D, /* FE4B0 */
	0x30, 0x07, 0xAF, 0x04, 0x62, 0x64, 0x0E, 0xDF, 0x00, 0x02, 0x1C, 0x01, 0x07, 0x15, 0x33, 0xA5, /* FE4C0 */
	0x4D, 0x8E, 0x22, 0x33, 0x05, 0x40, 0x03, 0x08, 0xAF, 0x16, 0x0D, 0x16, 0x12, 0x3E, 0x5B, 0x9C, /* FE4D0 */
	0x35, 0x09, 0x1E, 0x07, 0x25, 0x07, 0x54, 0x59, 0x05, 0x9E, 0x1D, 0x40, 0xF4, 0x58, 0x05, 0x8F, /* FE4E0 */
	0x52, 0x28, 0x49, 0x0E, 0x9E, 0xE3, 0x1E, 0x0E, 0x00, 0x6F, 0x4E, 0x65, 0x4E, 0x05, 0x0D, 0x08, /* FE4F0 */
	0xA9, 0x48, 0x2F, 0x17, 0x0E, 0x2E, 0x51, 0x12, 0x20, 0xF2, 0x0E, 0x06, 0xAF, 0x07, 0x04, 0x65, /* FE500 */
	0x13, 0x9E, 0x02, 0x04, 0x61, 0x02, 0x00, 0x09, 0x2F, 0x0E, 0x35, 0x05, 0x0D, 0x00, 0x05, 0x17, /* FE510 */
	0x93, 0x07, 0xD2, 0x01, 0xC5, 0x07, 0xA5, 0x4F, 0x10, 0x41, 0x85, 0x3A, 0x62, 0x43, 0x04, 0x50, /* FE520 */
	0x0E, 0x00, 0x8F, 0x52, 0xA8, 0x17, 0xB3, 0x00, 0x0B, 0x00, 0x29, 0x23, 0x74, 0x05, 0x32, 0x01, /* FE530 */
	0x0D, 0x08, 0xAF, 0x24, 0x23, 0x05, 0x62, 0x14, 0x0E, 0x5F, 0xF0, 0x13, 0x00, 0xB2, 0x0A, 0x05, /* FE540 */
	0x17, 0x93, 0x07, 0x52, 0x31, 0x19, 0x7E, 0x95, 0x13, 0x40, 0xAF, 0x3C, 0x1C, 0x01, 0x09, 0x6F, /* FE550 */
	0x16, 0x54, 0x14, 0x2C, 0x4D, 0x13, 0xDE, 0x3A, 0x38, 0x30, 0x70, 0x65, 0x03, 0x0A, 0xA5, 0x16, /* FE560 */
	0xB2, 0x20, 0x65, 0x14, 0x93, 0x3B, 0x65, 0x76, 0xE2, 0x00, 0x7C, 0x95, 0x13, 0x01, 0x0F, 0x62, /* FE570 */
	0xC6, 0x56, 0x02, 0x82, 0x8E, 0x3F, 0x02, 0xA2, 0xD2, 0x47, 0x02, 0x03, 0x2E, 0x5D, 0x36, 0x0E, /* FE580 */
	0x82, 0xB5, 0x98, 0x14, 0x22, 0x95, 0x9A, 0x1E, 0x02, 0x77, 0x3E, 0x0E, 0x03, 0x2C, 0x3C, 0x0C, /* FE590 */
	0x04, 0x82, 0x26, 0xDE, 0x06, 0x02, 0x80, 0x3F, 0x1A, 0x02, 0x68, 0x3D, 0x0D, 0x84, 0x6E, 0x64, /* FE5A0 */
	0x0F, 0x3E, 0x14, 0x83, 0x36, 0x49, 0x4F, 0x76, 0x02, 0x04, 0x0E, 0x17, 0xD7, 0x36, 0x4E, 0xC4, /* FE5B0 */
	0x30, 0x39, 0x4F, 0x00, 0x38, 0x05, 0xAE, 0x3C, 0x2F, 0x5E, 0x74, 0x22, 0x05, 0x48, 0x3D, 0x0F, /* FE5C0 */
	0x78, 0x24, 0x0F, 0x04, 0x0B, 0x65, 0x0F, 0x7B, 0x04, 0xC5, 0x4D, 0x51, 0x0F, 0x7D, 0xA4, 0x14, /* FE5D0 */
	0x03, 0x54, 0x14, 0xD2, 0xE6, 0x78, 0xC3, 0x32, 0x14, 0x92, 0x17, 0x78, 0x04, 0xA6, 0x14, 0xCE, /* FE5E0 */
	0x17, 0x02, 0x0E, 0xC3, 0x26, 0x16, 0xD2, 0x17, 0x7A, 0xC0, 0x03, 0x57, 0x12, 0x03, 0x00, 0x8E, /* FE5F0 */
	0x17, 0x14, 0x0D, 0x04, 0x23, 0x05, 0x0E, 0xCF, 0x03, 0x0E, 0x05, 0x4E, 0x3D, 0xCE, 0x36, 0x66, /* FE600 */
	0x00, 0x0E, 0x05, 0x0D, 0x21, 0x01, 0x3F, 0x01, 0x88, 0x0F, 0x04, 0x26, 0x26, 0x23, 0xDD, 0x06, /* FE610 */
	0x40, 0x03, 0xC0, 0xA2, 0x04, 0x69, 0x02, 0x07, 0xC0, 0x90, 0x3C, 0x33, 0x01, 0x03, 0xC0, 0x62, /* FE620 */
	0x24, 0x27, 0x01, 0x03, 0xC6, 0x03, 0x57, 0xD0, 0xBD, 0x4B, 0x09, 0x40, 0x09, 0x00, 0xB5, 0x4C, /* FE630 */
	0xA5, 0x00, 0x0D, 0x00, 0x26, 0x4E, 0xA5, 0x00, 0x0D, 0x86, 0xB5, 0x4C, 0x29, 0x14, 0x66, 0x44, /* FE640 */
	0x73, 0x09, 0x04, 0x07, 0xA3, 0x3C, 0x22, 0x49, 0x2F, 0x5B, 0x70, 0x0F, 0x72, 0x02, 0x00, 0x32, /* FE650 */
	0x07, 0x4E, 0x0D, 0x1C, 0x00, 0x30, 0x49, 0x61, 0x12, 0x35, 0x00, 0x82, 0x0F, 0x95, 0x16, 0x03, /* FE660 */
	0x00, 0xC4, 0x4D, 0x33, 0x65, 0x31, 0x09, 0x52, 0x15, 0xAE, 0x04, 0x4C, 0x9D, 0x17, 0x9C, 0x35, /* FE670 */
	0x52, 0x80, 0x0A, 0x00, 0x90, 0x3C, 0x2E, 0x39, 0x14, 0x0C, 0x09, 0x6B, 0x04, 0x68, 0x37, 0x41, /* FE680 */
	0x3D, 0x2F, 0x0C, 0x20, 0x3C, 0x0D, 0x00, 0xC0, 0x42, 0x16, 0xA3, 0x14, 0x04, 0x0C, 0x00, 0xB5, /* FE690 */
	0x48, 0x29, 0x23, 0x14, 0x0D, 0x07, 0x12, 0x23, 0x85, 0x53, 0x12, 0x9D, 0x0B, 0x40, 0x53, 0x12, /* FE6A0 */
	0x00, 0x06, 0x54, 0x14, 0xB2, 0x27, 0x33, 0xD9, 0x78, 0x5E, 0x27, 0x1A, 0x00, 0x32, 0x24, 0x0E, /* FE6B0 */
	0x49, 0x69, 0x64, 0x31, 0x00, 0xA2, 0x04, 0x69, 0x06, 0x62, 0x14, 0x31, 0x00, 0xB5, 0x4C, 0x14, /* FE6C0 */
	0x39, 0x44, 0x39, 0x07, 0x2C, 0x00, 0x32, 0x07, 0x4E, 0x69, 0xA1, 0x24, 0x6F, 0x02, 0x0C, 0x02, /* FE6D0 */
	0x10, 0x05, 0xC3, 0xB5, 0x40, 0x75, 0x04, 0x82, 0x85, 0x42, 0x1E, 0x03, 0x80, 0x43, 0x45, 0x0A, /* FE6E0 */
	0x02, 0x29, 0x41, 0x09, 0x03, 0x81, 0x52, 0xD0, 0x52, 0x00, 0xC3, 0x0C, 0x65, 0x10, 0x0C, 0x01, /* FE6F0 */
	0x24, 0x81, 0x53, 0x90, 0x41, 0x53, 0x04, 0x2F, 0x35, 0x10, 0xFF, 0x34, 0x04, 0x2F, 0x51, 0x10, /* FE700 */
	0xFF, 0x50, 0x04, 0x81, 0x04, 0x90, 0x4F, 0x00, 0x03, 0x61, 0x34, 0x90, 0x3F, 0x01, 0x04, 0x69, /* FE710 */
	0x52, 0x10, 0x39, 0x52, 0xC3, 0x6C, 0x5F, 0x10, 0x9C, 0x02, 0x04, 0x81, 0x3F, 0x90, 0x41, 0x3F, /* FE720 */
	0x04, 0x0C, 0x0D, 0x45, 0x30, 0x04, 0x13, 0xC4, 0x4F, 0x39, 0x54, 0xE0, 0x39, 0x14, 0x03, 0xAF, /* FE730 */
	0x17, 0x52, 0x90, 0x7A, 0xC4, 0x72, 0x5B, 0x45, 0x40, 0x8A, 0x16, 0x03, 0x08, 0x4D, 0x05, 0x06, /* FE740 */
	0x69, 0x05, 0x69, 0x3C, 0x54, 0x20, 0x31, 0x40, 0x04, 0x06, 0x09, 0x39, 0x4F, 0x10, 0x71, 0x21, /* FE750 */
	0x3E, 0x03, 0x04, 0xA5, 0x14, 0x52, 0x10, 0xD1, 0x1E, 0x05, 0x61, 0x4E, 0x59, 0x80, 0x39, 0x1A, /* FE760 */
	0x05, 0x04, 0x8F, 0x4F, 0x45, 0xB0, 0x4F, 0x05, 0x04, 0x2C, 0x05, 0x53, 0x30, 0x14, 0x1A, 0x05, /* FE770 */
	0x65, 0x43, 0x2C, 0x41, 0x45, 0x00, 0x30, 0x06, 0x15, 0x32, 0x09, 0x43, 0x36, 0x32, 0xA4, 0x0B, /* FE780 */
	0x05, 0x85, 0x26, 0x2F, 0x40, 0x1F, 0x05, 0x10, 0x00, 0x85, 0x4E, 0x6F, 0x02, 0x0C, 0x05, 0x6F, /* FE790 */
	0x24, 0x23, 0x41, 0x00, 0x1C, 0x4D, 0x05, 0x32, 0x51, 0xD4, 0x41, 0x92, 0x59, 0x14, 0x05, 0x72, /* FE7A0 */
	0x43, 0x85, 0x42, 0x92, 0x4F, 0x78, 0x06, 0x2F, 0x51, 0xD2, 0x41, 0x8F, 0x59, 0x48, 0x05, 0x06, /* FE7B0 */
	0x52, 0x4D, 0x6F, 0x42, 0x92, 0x69, 0xF2, 0x0E, 0x05, 0xA1, 0x14, 0xAE, 0x40, 0x61, 0xB4, 0x52, /* FE7C0 */
	0x04, 0x88, 0x06, 0x33, 0x19, 0x12, 0x61, 0x02, 0x07, 0x2F, 0x51, 0x09, 0x43, 0x4F, 0x9C, 0x51, /* FE7D0 */
	0x3C, 0x0B, 0x04, 0xAF, 0x13, 0x85, 0x42, 0x26, 0x74, 0x02, 0xC6, 0x72, 0x1B, 0xA9, 0x40, 0x92, /* FE7E0 */
	0x1F, 0xF2, 0x14, 0xC0, 0x32, 0x19, 0x85, 0x02, 0x03, 0xC6, 0xA1, 0x48, 0x6F, 0x40, 0x40, 0x44, /* FE7F0 */
	0x3E, 0x2A, 0xC0, 0x81, 0x06, 0x24, 0x01, 0x03, 0x04, 0x35, 0x49, 0x74, 0x43, 0xE7, 0x34, 0x03, /* FE800 */
	0x05, 0xC8, 0x4D, 0x09, 0x1B, 0x69, 0xFA, 0x2C, 0xC4, 0x95, 0x4E, 0x35, 0x41, 0x5E, 0x83, 0x02, /* FE810 */
	0x00, 0x61, 0x15, 0x0C, 0x01, 0x30, 0x06, 0x09, 0x69, 0x1A, 0x41, 0x45, 0xBC, 0x6B, 0x00, 0x04, /* FE820 */
	0x29, 0x49, 0x32, 0x41, 0x45, 0xAC, 0x03, 0x05, 0x52, 0x15, 0xB3, 0x40, 0x12, 0x45, 0x53, 0xC4, /* FE830 */
	0x32, 0x05, 0x43, 0x40, 0x12, 0x05, 0x03, 0x04, 0xAF, 0x17, 0x6C, 0x40, 0x26, 0xA0, 0x02, 0x05, /* FE840 */
	0xB9, 0x20, 0x6F, 0x42, 0x49, 0xB8, 0x3B, 0x00, 0x89, 0x06, 0x34, 0x01, 0x0C, 0x04, 0x95, 0x12, /* FE850 */
	0xA5, 0x43, 0x1E, 0x84, 0x02, 0x05, 0x6F, 0x30, 0x65, 0x42, 0xAF, 0xFA, 0x38, 0xC6, 0x72, 0x5B, /* FE860 */
	0x65, 0x42, 0x92, 0x52, 0xF2, 0x0E, 0x05, 0x4F, 0x4D, 0x6F, 0x42, 0x79, 0xFA, 0x38, 0x00, 0x6F, /* FE870 */
	0x24, 0x34, 0x01, 0x03, 0x07, 0x72, 0x1F, 0x12, 0x35, 0x50, 0x32, 0x1F, 0x92, 0x31, 0x01, 0x07, /* FE880 */
	0x32, 0x4D, 0x65, 0x52, 0x50, 0x92, 0x69, 0x25, 0x5E, 0x00, 0x07, 0x72, 0x0B, 0x2C, 0x35, 0x50, /* FE890 */
	0xB2, 0x0B, 0x0C, 0x30, 0x01, 0xC7, 0x72, 0x0F, 0x85, 0x4F, 0x50, 0xB2, 0x4F, 0x9D, 0x45, 0x03, /* FE8A0 */
	0x06, 0x52, 0x59, 0xA1, 0x14, 0x50, 0x22, 0x59, 0x40, 0x04, 0x05, 0x95, 0x42, 0x8F, 0x17, 0x50, /* FE8B0 */
	0x4E, 0x00, 0x13, 0x06, 0x52, 0x35, 0x81, 0x66, 0x50, 0x22, 0x35, 0x2B, 0x05, 0x07, 0x72, 0x13, /* FE8C0 */
	0x15, 0x53, 0x50, 0xB2, 0x13, 0x36, 0x5B, 0x00, 0xC8, 0x72, 0x2B, 0x05, 0x53, 0x50, 0xB2, 0x2B, /* FE8D0 */
	0x9C, 0x25, 0x53, 0xC6, 0x72, 0x37, 0x89, 0x17, 0x50, 0xB2, 0x37, 0x7C, 0x03, 0x00, 0x6F, 0x24, /* FE8E0 */
	0x54, 0x0D, 0x32, 0x00, 0x85, 0x1A, 0x05, 0x53, 0x0D, 0x00, 0x85, 0x0E, 0x65, 0x52, 0x07, 0xC0, /* FE8F0 */
	0x32, 0x59, 0x65, 0x52, 0x03, 0xC6, 0x32, 0x4D, 0x75, 0x15, 0x50, 0xF2, 0x68, 0x22, 0x0D, 0x06, /* FE900 */
	0x32, 0x0D, 0x89, 0x17, 0x50, 0xF2, 0x4C, 0x49, 0x03, 0x00, 0xC1, 0x49, 0x6F, 0x30, 0x0E, 0x05, /* FE910 */
	0x8F, 0x4F, 0x85, 0x4F, 0x10, 0x60, 0x96, 0x13, 0x00, 0x95, 0x4E, 0x55, 0x51, 0x07, 0xC7, 0x72, /* FE920 */
	0x53, 0x85, 0x53, 0x50, 0x32, 0x53, 0x65, 0x53, 0x00, 0xC6, 0xAC, 0x39, 0x27, 0x11, 0x10, 0xDC, /* FE930 */
	0x3A, 0x0A, 0x04, 0x06, 0x72, 0x1B, 0x69, 0x14, 0x50, 0x32, 0x1B, 0x89, 0x0A, 0x06, 0x72, 0x53, /* FE940 */
	0x45, 0x39, 0x50, 0x32, 0x53, 0x05, 0x0E, 0x08, 0x09, 0x39, 0x89, 0x53, 0x10, 0x75, 0x84, 0xCE, /* FE950 */
	0x4C, 0x53, 0x06, 0x09, 0x07, 0x93, 0x3F, 0xD0, 0x2C, 0xBF, 0x13, 0x0F, 0x05, 0x8F, 0x53, 0x95, /* FE960 */
	0x16, 0x90, 0x4F, 0x0F, 0x1E, 0x06, 0x05, 0x4D, 0x61, 0x52, 0x90, 0x65, 0x02, 0x4E, 0x04, 0x00, /* FE970 */
	0x85, 0x4E, 0x09, 0x39, 0x0C, 0x07, 0x32, 0x35, 0xA9, 0x35, 0x50, 0x12, 0x35, 0x05, 0x30, 0x01, /* FE980 */
	0x07, 0x52, 0x59, 0x01, 0x67, 0x50, 0x22, 0x59, 0x40, 0x13, 0x01, 0x06, 0xAF, 0x31, 0x94, 0x66, /* FE990 */
	0x10, 0xAF, 0x52, 0x12, 0x05, 0x06, 0x68, 0x17, 0x4E, 0x61, 0x06, 0x35, 0xF2, 0x4B, 0x03, 0x06, /* FE9A0 */
	0xCC, 0x5D, 0x6F, 0x13, 0x10, 0x2C, 0x5D, 0x35, 0x04, 0x08, 0x72, 0x0B, 0x01, 0x32, 0x59, 0x40, /* FE9B0 */
	0xBE, 0x02, 0x00, 0x32, 0x05, 0x06, 0x85, 0x4E, 0x6F, 0x06, 0x4C, 0x70, 0x4E, 0x2E, 0x30, 0x00, /* FE9C0 */
	0x05, 0x32, 0x4D, 0xB3, 0x49, 0x45, 0x40, 0x96, 0x73, 0x0E, 0x07, 0x72, 0x43, 0x85, 0x52, 0x59, /* FE9D0 */
	0x40, 0xBE, 0x50, 0x5E, 0x14, 0x07, 0x72, 0x1F, 0x32, 0x4D, 0x53, 0x40, 0xBE, 0x47, 0x92, 0x4D, /* FE9E0 */
	0x07, 0xC8, 0x4D, 0x09, 0x07, 0x0C, 0xA6, 0x69, 0x3C, 0x0B, 0xA8, 0x07, 0x32, 0x59, 0x69, 0x57, /* FE9F0 */
	0x53, 0x40, 0x16, 0x16, 0x05, 0x4C, 0x07, 0x32, 0x4D, 0x65, 0x0E, 0x45, 0x40, 0x96, 0xDA, 0x3C, /* FEA00 */
	0x4E, 0x00, 0x0C, 0x51, 0x66, 0x4B, 0x0D, 0x0D, 0x05, 0x2C, 0x05, 0xB3, 0x49, 0x45, 0x30, 0x94, /* FEA10 */
	0x7A, 0x0E, 0x00, 0x72, 0x43, 0x8F, 0x07, 0x0C, 0x0C, 0x00, 0x81, 0x06, 0x6C, 0x14, 0x0C, 0x32, /* FEA20 */
	0x07, 0x2C, 0x05, 0x13, 0x39, 0x54, 0x30, 0x94, 0x1A, 0x30, 0x52, 0xC7, 0x32, 0x4D, 0x85, 0x5A, /* FEA30 */
	0x45, 0x40, 0xF2, 0x5A, 0x7C, 0x5A, 0x06, 0x32, 0x0D, 0x69, 0x57, 0x53, 0x40, 0x96, 0xF3, 0x4C, /* FEA40 */
	0x03, 0x08, 0x32, 0x4D, 0x54, 0x1D, 0x45, 0x40, 0x96, 0x53, 0x74, 0x14, 0x3A, 0x07, 0x95, 0x4E, /* FEA50 */
	0x15, 0x39, 0x54, 0x70, 0x4E, 0x22, 0x30, 0x52, 0x07, 0x72, 0x0B, 0x01, 0x32, 0x45, 0x40, 0xBE, /* FEA60 */
	0x02, 0x00, 0xB2, 0x08, 0x72, 0x4F, 0x30, 0x0D, 0x54, 0x40, 0xBE, 0x53, 0x90, 0x2D, 0x14, 0x07, /* FEA70 */
	0x52, 0x4D, 0x6F, 0x16, 0x52, 0x40, 0xA6, 0xDA, 0x3C, 0x7A, 0x07, 0xC8, 0x4D, 0x09, 0x07, 0x0C, /* FEA80 */
	0xA6, 0x69, 0x3C, 0x0B, 0xA8, 0x00, 0x72, 0x5B, 0x69, 0x0E, 0x05, 0x0C, 0x00, 0x65, 0x52, 0x21, /* FEA90 */
	0x3F, 0x0E, 0x31, 0x00, 0xCC, 0x35, 0xAF, 0x51, 0x08, 0x0C, 0x00, 0x81, 0x06, 0x44, 0x4D, 0x05, /* FEAA0 */
	0x31, 0x08, 0x85, 0x26, 0x2F, 0x24, 0x43, 0x70, 0x17, 0x9C, 0x1F, 0xF0, 0x0B, 0xC6, 0x95, 0x4E, /* FEAB0 */
	0x55, 0x39, 0x47, 0x70, 0x4E, 0xE2, 0xFC, 0x02, 0x09, 0x32, 0x4D, 0x29, 0x14, 0xAE, 0x40, 0x92, /* FEAC0 */
	0x65, 0x02, 0x04, 0x30, 0x52, 0x08, 0x72, 0x0F, 0x25, 0x54, 0x32, 0x41, 0x12, 0x4F, 0x73, 0x05, /* FEAD0 */
	0x7A, 0x02, 0x09, 0x52, 0x35, 0x81, 0x26, 0xCC, 0x41, 0x12, 0x39, 0x71, 0xEB, 0x3C, 0x14, 0x00, /* FEAE0 */
	0x85, 0x4E, 0x6F, 0x3A, 0x65, 0x00, 0x13, 0x00, 0x28, 0x39, 0x6F, 0x15, 0x0E, 0x01, 0x30, 0x00, /* FEAF0 */
	0x81, 0x4F, 0x65, 0x1E, 0x85, 0x02, 0x31, 0x08, 0x6F, 0x24, 0x23, 0x35, 0x61, 0x42, 0x00, 0x1C, /* FEB00 */
	0x4D, 0x0D, 0x30, 0x02, 0x08, 0x6F, 0x24, 0x23, 0x35, 0x65, 0x42, 0x00, 0x1C, 0x4D, 0xCD, 0x3C, /* FEB10 */
	0x02, 0x07, 0xC8, 0x4D, 0x09, 0x27, 0x61, 0x1A, 0x7C, 0xAA, 0xCD, 0x00, 0x0E, 0xC9, 0x72, 0x2B, /* FEB20 */
	0x05, 0x53, 0x25, 0x40, 0x12, 0x20, 0x96, 0x4B, 0xF4, 0x10, 0x08, 0x81, 0x3E, 0x43, 0x24, 0x61, /* FEB30 */
	0x40, 0x40, 0x32, 0x2F, 0x05, 0xA0, 0x02, 0x09, 0xA1, 0x48, 0x6F, 0x34, 0x61, 0x42, 0x40, 0x44, /* FEB40 */
	0x3E, 0x2A, 0x0D, 0x38, 0x08, 0xA9, 0x54, 0xA9, 0x04, 0xD2, 0x41, 0x7C, 0x84, 0xF2, 0x94, 0x1B, /* FEB50 */
	0x01, 0x00, 0x32, 0x29, 0x35, 0x24, 0x23, 0x01, 0x30, 0xCA, 0x32, 0x3D, 0x03, 0x57, 0xD0, 0x41, /* FEB60 */
	0x12, 0x75, 0xBC, 0x4B, 0x09, 0x40, 0x09, 0x07, 0x69, 0x16, 0x81, 0x40, 0x2C, 0x41, 0x09, 0x8E, /* FEB70 */
	0x41, 0x80, 0x0A, 0x00, 0x48, 0x31, 0x8F, 0x3F, 0x50, 0x64, 0x71, 0x00, 0x72, 0x5B, 0x29, 0x14, /* FEB80 */
	0x0E, 0x17, 0x30, 0x00, 0x72, 0x53, 0x85, 0x53, 0x61, 0x52, 0x30, 0x00, 0x72, 0x43, 0x21, 0x07, /* FEB90 */
	0x2E, 0x04, 0x4C, 0x09, 0x75, 0x26, 0x53, 0x34, 0x65, 0x52, 0xD0, 0x36, 0xF2, 0x33, 0x0D, 0x38, /* FEBA0 */
	0x14, 0x00, 0x0C, 0x39, 0x14, 0x51, 0x69, 0x3B, 0x1C, 0xC8, 0x68, 0x53, 0x2F, 0x4B, 0x81, 0x20, /* FEBB0 */
	0x06, 0x5F, 0x00, 0x47, 0x82, 0x19, 0x08, 0x81, 0x32, 0x09, 0x35, 0x65, 0x52, 0xD0, 0x32, 0x00, /* FEBC0 */
	0x0D, 0x30, 0x52, 0x00, 0x72, 0x1B, 0xA9, 0x04, 0x62, 0x14, 0xC1, 0xC8, 0x72, 0x1F, 0x32, 0x4D, /* FEBD0 */
	0x33, 0x11, 0x50, 0x02, 0x1C, 0x92, 0x45, 0x53, 0x07, 0x81, 0x4F, 0x69, 0x3B, 0xA1, 0x14, 0x90, /* FEBE0 */
	0xC1, 0x03, 0x0E, 0x50, 0x00, 0x07, 0x8F, 0x4F, 0x85, 0x4F, 0x69, 0x3B, 0x10, 0x60, 0x96, 0x33, /* FEBF0 */
	0x30, 0x02, 0x0B, 0x32, 0x41, 0x81, 0x06, 0x54, 0x3D, 0x4E, 0x40, 0x76, 0x65, 0x00, 0x48, 0xC1, /* FEC00 */
	0x03, 0x38, 0x0C, 0x72, 0x0B, 0x01, 0x26, 0x4C, 0x51, 0x59, 0x40, 0x76, 0x2F, 0x02, 0x08, 0x29, /* FEC10 */
	0xFC, 0x50, 0x05, 0x00, 0x48, 0x31, 0x8F, 0x3F, 0x50, 0x14, 0x12, 0x71, 0x0B, 0x72, 0x43, 0x8F, /* FEC20 */
	0x27, 0x54, 0x3D, 0x4E, 0x40, 0x76, 0x6F, 0x00, 0x68, 0xE9, 0x03, 0x38, 0x0C, 0x32, 0x4D, 0x29, /* FEC30 */
	0x14, 0xAE, 0x24, 0x61, 0x40, 0x52, 0x9D, 0x69, 0x3C, 0x94, 0x39, 0x33, 0xA0, 0x02, 0x0B, 0x32, /* FEC40 */
	0x4D, 0x85, 0x5A, 0xA1, 0x24, 0x6F, 0x42, 0x52, 0x9D, 0x69, 0x5E, 0x06, 0xCD, 0x00, 0x0E, 0x00, /* FEC50 */
	0x72, 0x0F, 0x0C, 0x35, 0xA1, 0x24, 0x6F, 0x02, 0x8C, 0x00, 0x81, 0x06, 0x0D, 0x1D, 0x2E, 0x51, /* FEC60 */
	0x09, 0x03, 0x1C, 0x0B, 0x68, 0x53, 0x2F, 0x4B, 0x81, 0x20, 0x09, 0x1B, 0x1D, 0xDF, 0x00, 0x47, /* FEC70 */
	0x82, 0x19, 0x3C, 0x0B, 0x0D, 0xC8, 0x4D, 0x69, 0x33, 0x2F, 0x27, 0x03, 0x31, 0x86, 0x69, 0x16, /* FEC80 */
	0x00, 0x7C, 0xBC, 0xCA, 0x2C, 0x03, 0x2A, 0x00, 0x72, 0x53, 0x85, 0x53, 0x61, 0x52, 0x89, 0x37, /* FEC90 */
	0x05, 0x0A, 0x72, 0x43, 0x8F, 0x52, 0x69, 0x3B, 0xA1, 0x14, 0x50, 0x02, 0x40, 0xE7, 0x03, 0x38, /* FECA0 */
	0x40, 0x04, 0x02, 0x4B, 0x05, 0x03, 0x80, 0x2F, 0x55, 0x0A, 0x04, 0x15, 0x0D, 0x0B, 0x5B, 0x87, /* FECB0 */
	0x0B, 0x00, 0x35, 0x09, 0x05, 0x03, 0x07, 0x05, 0x15, 0x49, 0x34, 0x49, 0x4B, 0x97, 0x53, 0x1E, /* FECC0 */
	0x07, 0x15, 0x49, 0x34, 0x51, 0x4B, 0x97, 0x53, 0x9C, 0x55, 0x00, 0x00, 0x15, 0x39, 0x54, 0x51, /* FECD0 */
	0xA1, 0x24, 0x36, 0x01, 0xC4, 0x09, 0x35, 0x4D, 0x54, 0x3D, 0x6E, 0x06, 0x89, 0x16, 0x4B, 0x77, /* FECE0 */
	0x95, 0x13, 0x03, 0x38, 0x2B, 0x00, 0x15, 0x31, 0x29, 0x26, 0x03, 0x51, 0x69, 0x3B, 0x0C, 0x01, /* FECF0 */
	0x32, 0x02, 0x80, 0xCB, 0x1A, 0x03, 0x6F, 0x37, 0x92, 0x32, 0x01, 0x03, 0x05, 0x31, 0x12, 0x35, /* FED00 */
	0x00, 0xC3, 0x05, 0x11, 0x12, 0x15, 0x00, 0x03, 0xB5, 0x20, 0x92, 0x62, 0x00, 0x04, 0x09, 0x3F, /* FED10 */
	0x12, 0x25, 0x3F, 0xC4, 0x55, 0x39, 0x92, 0xF2, 0x38, 0xC4, 0x65, 0x64, 0x12, 0x30, 0x24, 0x03, /* FED20 */
	0x45, 0x39, 0x12, 0x31, 0x02, 0x04, 0x05, 0x11, 0x59, 0x92, 0x11, 0x05, 0x04, 0xA9, 0x16, 0x52, /* FED30 */
	0xA2, 0x59, 0x1E, 0xC5, 0x85, 0x30, 0x59, 0xF2, 0x40, 0x0C, 0x09, 0x05, 0x6F, 0x05, 0x4E, 0x32, /* FED40 */
	0x37, 0x00, 0x0E, 0x03, 0xAF, 0x1D, 0x48, 0xD2, 0x1A, 0xC0, 0x25, 0x16, 0x12, 0x03, 0x04, 0x21, /* FED50 */
	0x04, 0x52, 0x02, 0x11, 0x32, 0x04, 0x05, 0x31, 0x4D, 0x92, 0xA9, 0x0D, 0x00, 0x05, 0x16, 0x0C, /* FED60 */
	0x0C, 0xC6, 0x05, 0x0D, 0x54, 0x12, 0x71, 0x21, 0x5B, 0x00, 0x04, 0x2F, 0x17, 0x52, 0xB2, 0x2B, /* FED70 */
	0x1E, 0x00, 0x95, 0x14, 0x05, 0x0D, 0x04, 0x01, 0x0A, 0x49, 0x82, 0x09, 0x09, 0xC5, 0x89, 0x17, /* FED80 */
	0x4E, 0xA2, 0x69, 0x3C, 0x0E, 0x05, 0x85, 0x27, 0x4E, 0x92, 0x69, 0x3C, 0x0E, 0xC6, 0x85, 0x57, /* FED90 */
	0xAC, 0x48, 0x7C, 0xDA, 0x32, 0x14, 0x05, 0x05, 0x3F, 0x32, 0x48, 0x25, 0x9B, 0x13, 0x00, 0x25, /* FEDA0 */
	0x27, 0x6F, 0x02, 0x0C, 0xC0, 0x65, 0x3D, 0x36, 0x01, 0x03, 0x05, 0x01, 0x23, 0x65, 0x48, 0x01, /* FEDB0 */
	0x03, 0xA8, 0x05, 0x25, 0x27, 0x2D, 0x49, 0xFC, 0x1A, 0x35, 0xC5, 0x85, 0x57, 0x2D, 0x49, 0x7C, /* FEDC0 */
	0x8A, 0x36, 0x04, 0xC8, 0x51, 0x68, 0x49, 0xE9, 0xB8, 0x01, 0xC6, 0x85, 0x27, 0xB3, 0x48, 0x7C, /* FEDD0 */
	0xAA, 0x4D, 0x14, 0x06, 0xA1, 0x24, 0x8F, 0x4B, 0xC1, 0x13, 0x3D, 0x1A, 0x05, 0xA5, 0x04, 0x69, /* FEDE0 */
	0x48, 0x45, 0x04, 0xA9, 0x05, 0x35, 0x1F, 0x25, 0x48, 0x36, 0xF7, 0x10, 0x05, 0x05, 0x4D, 0x6F, /* FEDF0 */
	0x4A, 0x45, 0x0A, 0x38, 0xC6, 0x25, 0x56, 0x2E, 0x48, 0x05, 0xD6, 0x3A, 0x04, 0xC5, 0x61, 0x1E, /* FEE00 */
	0x25, 0x48, 0x01, 0x2E, 0x12, 0xC0, 0x85, 0x0F, 0x35, 0x01, 0x0D, 0x00, 0x65, 0x15, 0xC4, 0x01, /* FEE10 */
	0x31, 0x06, 0xAF, 0x04, 0xD2, 0x49, 0xCF, 0x04, 0x48, 0x05, 0x05, 0x21, 0x1F, 0x25, 0x48, 0x21, /* FEE20 */
	0xF7, 0x10, 0xC5, 0x85, 0x27, 0x67, 0x4A, 0x7C, 0x2A, 0x39, 0x00, 0x25, 0x57, 0x0C, 0x49, 0x30, /* FEE30 */
	0x08, 0x05, 0x31, 0xA9, 0x64, 0x12, 0x75, 0x84, 0xEA, 0xDC, 0x14, 0xC6, 0x05, 0x31, 0xC9, 0x16, /* FEE40 */
	0x12, 0x05, 0x30, 0x49, 0x0A, 0x06, 0x05, 0x11, 0x69, 0x64, 0x92, 0x15, 0xF0, 0x0C, 0x05, 0x07, /* FEE50 */
	0x65, 0x3D, 0x16, 0x31, 0xD2, 0x3C, 0x89, 0x16, 0xA0, 0x02, 0xC6, 0x85, 0x17, 0xB2, 0x16, 0xD2, /* FEE60 */
	0x6C, 0x72, 0x5E, 0x06, 0x06, 0xA5, 0x16, 0xAE, 0x15, 0x92, 0x55, 0x02, 0x8E, 0x02, 0x06, 0xAF, /* FEE70 */
	0x51, 0x69, 0x16, 0x52, 0x8D, 0x52, 0x05, 0x0E, 0xC5, 0x41, 0x4D, 0x69, 0x1E, 0x12, 0x61, 0xF2, /* FEE80 */
	0x3E, 0xC5, 0x65, 0x14, 0x81, 0x17, 0xD2, 0x3C, 0x14, 0x13, 0xC6, 0x85, 0x3F, 0xAC, 0x16, 0xD2, /* FEE90 */
	0x6C, 0xBE, 0x6A, 0x06, 0xC6, 0x61, 0x1E, 0x69, 0x1E, 0x12, 0x31, 0x2A, 0xFC, 0x0E, 0x05, 0x05, /* FEEA0 */
	0x31, 0x74, 0x4B, 0x12, 0xA5, 0x52, 0x1E, 0x06, 0x6F, 0x05, 0x0E, 0x17, 0x12, 0x3F, 0x85, 0x4E, /* FEEB0 */
	0x03, 0xC6, 0x05, 0x3F, 0x36, 0x49, 0xD2, 0x2C, 0xDB, 0x56, 0x0E, 0x07, 0xA5, 0x39, 0x69, 0x3B, /* FEEC0 */
	0xD2, 0x5C, 0x39, 0x19, 0x30, 0x02, 0x05, 0x05, 0x17, 0x89, 0x50, 0xD2, 0x4C, 0x17, 0x14, 0x07, /* FEED0 */
	0x65, 0x04, 0x54, 0x59, 0x45, 0x92, 0x31, 0x40, 0xA4, 0x59, 0x08, 0x05, 0x0D, 0x54, 0x3D, 0x4E, /* FEEE0 */
	0x12, 0x71, 0x21, 0xCB, 0x03, 0x0E, 0x07, 0x65, 0x24, 0x47, 0x3D, 0x4E, 0x02, 0x30, 0x29, 0xFA, /* FEEF0 */
	0x38, 0x07, 0x25, 0x27, 0x6F, 0x06, 0x4C, 0x12, 0x29, 0x3C, 0x0E, 0xA8, 0x07, 0x05, 0x3F, 0x36, /* FEF00 */
	0x49, 0x59, 0xF2, 0x2C, 0x76, 0x76, 0x16, 0xC0, 0x25, 0x27, 0xB3, 0x14, 0x12, 0x31, 0x07, 0xA1, /* FEF10 */
	0x24, 0x6F, 0x06, 0x4C, 0x82, 0xCD, 0x00, 0x0E, 0xA8, 0x00, 0x65, 0x14, 0x16, 0x39, 0x14, 0x30, /* FEF20 */
	0x07, 0x65, 0x24, 0x01, 0x32, 0x45, 0xF2, 0x30, 0x09, 0x00, 0xB2, 0x07, 0xA5, 0x16, 0x32, 0x39, /* FEF30 */
	0x44, 0x92, 0x59, 0x12, 0x30, 0x12, 0x05, 0xAF, 0x4D, 0x33, 0x05, 0x55, 0x82, 0x4E, 0x1C, 0x0F, /* FEF40 */
	0xC9, 0x05, 0x3F, 0x67, 0x26, 0x3A, 0x49, 0x25, 0xAB, 0x1D, 0x4E, 0x2D, 0x69, 0xCB, 0x85, 0x48, /* FEF50 */
	0x85, 0x17, 0xAE, 0x48, 0x9D, 0x45, 0x48, 0x45, 0x7A, 0x94, 0x4E, 0x04, 0x07, 0x65, 0x24, 0x47, /* FEF60 */
	0x3D, 0x95, 0x4B, 0x00, 0xAC, 0x29, 0x7C, 0x03, 0x0A, 0x05, 0x31, 0x89, 0x53, 0x09, 0x4B, 0x1D, /* FEF70 */
	0x05, 0x30, 0x69, 0x53, 0xF0, 0x0B, 0xC7, 0x05, 0x3F, 0x32, 0x24, 0x2E, 0x4B, 0x3C, 0x9B, 0xD3, /* FEF80 */
	0xFC, 0x0E, 0x00, 0x6F, 0x4F, 0xA5, 0x16, 0xAC, 0x00, 0x31, 0xC0, 0x05, 0x3F, 0x6D, 0x15, 0x2E, /* FEF90 */
	0x00, 0x23, 0x07, 0x05, 0x11, 0x69, 0x16, 0x93, 0x4B, 0xE5, 0x14, 0x39, 0x7C, 0x03, 0x00, 0x85, /* FEFA0 */
	0x3F, 0x0E, 0x39, 0x23, 0x01, 0x30, 0x09, 0x85, 0x57, 0xAC, 0x04, 0xAE, 0x48, 0x7C, 0xDA, 0xAA, /* FEFB0 */
	0x14, 0x30, 0x52, 0xC8, 0x45, 0x39, 0x66, 0x4B, 0x23, 0x49, 0xC5, 0x3C, 0x1A, 0x9C, 0x47, 0x03, /* FEFC0 */
	0x00, 0x65, 0x14, 0x16, 0x39, 0x23, 0x01, 0x30, 0x07, 0x85, 0x17, 0xB2, 0x3E, 0x89, 0x4A, 0x65, /* FEFD0 */
	0x0A, 0x58, 0xD7, 0x02, 0x09, 0x65, 0x04, 0x54, 0x59, 0x65, 0x64, 0x92, 0x35, 0x00, 0xD4, 0x5C, /* FEFE0 */
	0x32, 0x05, 0x00, 0x85, 0x3F, 0xAC, 0x51, 0x69, 0x3B, 0x8C, 0x00, 0xA5, 0x3E, 0xAC, 0x51, 0x69, /* FEFF0 */
	0x3B, 0x8C, 0x08, 0x05, 0x4D, 0x6F, 0x06, 0x62, 0x14, 0x12, 0x65, 0x02, 0x0E, 0x00, 0xB2, 0x0A, /* FF000 */
	0x05, 0x4B, 0x05, 0x51, 0x69, 0x3B, 0x92, 0x25, 0x4B, 0x45, 0x0C, 0xCD, 0x00, 0x0E, 0x09, 0x85, /* FF010 */
	0x27, 0xB3, 0x04, 0x0E, 0x17, 0xD2, 0x6C, 0xA6, 0x53, 0x04, 0x38, 0x13, 0x00, 0x85, 0x53, 0xA1, /* FF020 */
	0x49, 0x61, 0x52, 0x30, 0x00, 0x25, 0x57, 0x0C, 0x51, 0x69, 0x3B, 0x4C, 0x0B, 0x85, 0x54, 0x14, /* FF030 */
	0x51, 0x69, 0x3B, 0x92, 0x45, 0x64, 0x40, 0x74, 0x04, 0x33, 0x30, 0x02, 0x0B, 0x05, 0x0D, 0x54, /* FF040 */
	0x59, 0xA9, 0x64, 0x12, 0x85, 0x2D, 0x54, 0xAC, 0x59, 0x7C, 0x14, 0x01, 0x00, 0xA5, 0x16, 0x0C, /* FF050 */
	0x51, 0x69, 0x3B, 0x4C, 0x00, 0x85, 0x14, 0x54, 0x51, 0x69, 0x3B, 0x4C, 0x0B, 0x85, 0x27, 0x24, /* FF060 */
	0x39, 0x54, 0x05, 0x4C, 0x72, 0x95, 0xDA, 0x1C, 0x94, 0xCE, 0x03, 0xA8, 0x00, 0x05, 0x3F, 0x67, /* FF070 */
	0x26, 0x54, 0x3D, 0x0E, 0x8C, 0x0A, 0x05, 0x0D, 0x54, 0x3D, 0x0E, 0x49, 0x59, 0x12, 0x71, 0x21, /* FF080 */
	0xCB, 0x03, 0x8E, 0x1B, 0x01, 0x00, 0x85, 0x43, 0x89, 0x06, 0x74, 0x4B, 0x19, 0x45, 0x08, 0x6F, /* FF090 */
	0x14, 0x70, 0x04, 0x59, 0x39, 0x47, 0x32, 0xAB, 0x10, 0x0C, 0xF1, 0x3E, 0x08, 0x65, 0x06, 0x89, /* FF0A0 */
	0x4F, 0x61, 0x0E, 0x45, 0x92, 0x39, 0x7C, 0xB3, 0x3B, 0x13, 0x00, 0x0F, 0x2F, 0x25, 0x16, 0x6C, /* FF0B0 */
	0x14, 0x12, 0xC5, 0x00, 0x85, 0x53, 0x8F, 0x06, 0x54, 0x3D, 0x0E, 0x4C, 0x0B, 0x21, 0x24, 0x0F, /* FF0C0 */
	0x0D, 0x54, 0x59, 0x45, 0x02, 0x11, 0x05, 0x7F, 0x84, 0x4B, 0xF4, 0x58, 0x00, 0x25, 0x27, 0xB3, /* FF0D0 */
	0x48, 0xA1, 0x24, 0x6F, 0x02, 0x4C, 0x0C, 0xA5, 0x3E, 0xAC, 0x51, 0x69, 0x3B, 0x81, 0x66, 0x92, /* FF0E0 */
	0x55, 0xDA, 0x4C, 0x8C, 0xCE, 0x00, 0xAE, 0x17, 0x0E, 0x85, 0x48, 0x85, 0x17, 0xAE, 0x04, 0x54, /* FF0F0 */
	0x59, 0x45, 0x92, 0x41, 0xD2, 0x6C, 0x72, 0x25, 0x5E, 0x00, 0xD4, 0x5C, 0x02, 0x00, 0x65, 0x4B, /* FF100 */
	0x07, 0x39, 0xC9, 0x06, 0x54, 0x3D, 0x0E, 0x0C, 0x0D, 0x05, 0x3F, 0x6D, 0x15, 0x2E, 0x04, 0x54, /* FF110 */
	0x3D, 0x4E, 0x92, 0x2D, 0x00, 0x0D, 0x38, 0x44, 0x0C, 0xCD, 0x00, 0x0E, 0x00, 0x05, 0x3F, 0x6E, /* FF120 */
	0x06, 0x89, 0x4F, 0x61, 0x0E, 0x05, 0x30, 0x02, 0x65, 0x03, 0xA2, 0x4F, 0x33, 0x03, 0x02, 0x45, /* FF130 */
	0x03, 0x01, 0x22, 0x28, 0xCD, 0x05, 0xC2, 0x25, 0x4D, 0x05, 0xC2, 0xC1, 0x4D, 0x01, 0xC3, 0xA5, /* FF140 */
	0x4C, 0x65, 0x04, 0x03, 0x6F, 0x4E, 0x36, 0x0E, 0xC2, 0xA5, 0x4F, 0x0F, 0x04, 0x80, 0x97, 0xD3, /* FF150 */
	0x6C, 0x02, 0xC3, 0x41, 0x11, 0x93, 0x15, 0x00, 0x23, 0x6F, 0x15, 0xD3, 0x36, 0x01, 0xE3, 0x15, /* FF160 */
	0x23, 0xD3, 0x06, 0x03, 0x03, 0x61, 0x15, 0x13, 0x31, 0x01, 0xC3, 0x29, 0x14, 0x13, 0x19, 0x00, /* FF170 */
	0xC3, 0x25, 0x35, 0x13, 0x35, 0x01, 0xC2, 0x68, 0x5F, 0x33, 0x0F, 0x02, 0x95, 0x16, 0xB3, 0x03, /* FF180 */
	0xC3, 0xC1, 0x4D, 0x93, 0x65, 0x02, 0x03, 0x6F, 0x1E, 0xD3, 0xF7, 0x02, 0x02, 0x68, 0x17, 0xB3, /* FF190 */
	0x02, 0x03, 0xAF, 0x31, 0x13, 0xAF, 0x02, 0x03, 0xAF, 0x41, 0x93, 0x42, 0x00, 0xC3, 0x28, 0x11, /* FF1A0 */
	0xB3, 0x15, 0x00, 0xC4, 0x30, 0x11, 0x53, 0x90, 0x11, 0x04, 0x14, 0x51, 0x45, 0x53, 0x04, 0x14, /* FF1B0 */
	0x04, 0x54, 0x31, 0x4C, 0x53, 0xA4, 0x0C, 0x84, 0x69, 0x0E, 0x45, 0xA3, 0x39, 0x13, 0x04, 0x0D, /* FF1C0 */
	0x31, 0x4C, 0x33, 0xDD, 0x0C, 0xC5, 0xB4, 0x11, 0x59, 0x53, 0xD8, 0x04, 0x05, 0x23, 0x08, 0x31, /* FF1D0 */
	0xCC, 0x83, 0x31, 0x05, 0xA5, 0x16, 0x4E, 0x93, 0x59, 0x00, 0x0E, 0x04, 0x35, 0x07, 0xD2, 0xD3, /* FF1E0 */
	0x1D, 0x1E, 0x04, 0x55, 0x51, 0x45, 0x53, 0x17, 0x14, 0xC3, 0x45, 0x69, 0x45, 0x13, 0x69, 0xC4, /* FF1F0 */
	0x37, 0x05, 0x54, 0x53, 0x97, 0x14, 0x05, 0x61, 0x14, 0x4D, 0x03, 0x31, 0x3C, 0x0D, 0x04, 0x85, /* FF200 */
	0x56, 0x4D, 0x73, 0x03, 0x0D, 0x04, 0x34, 0x25, 0x4E, 0x53, 0x24, 0x0E, 0x04, 0x6F, 0x04, 0x52, /* FF210 */
	0x33, 0x33, 0x1E, 0xC3, 0x77, 0x4B, 0x45, 0x53, 0x9F, 0x04, 0x34, 0x05, 0x4B, 0x53, 0x04, 0x0B, /* FF220 */
	0x23, 0x68, 0x57, 0x2C, 0xCC, 0x35, 0x04, 0x04, 0x43, 0x3C, 0x6F, 0x4C, 0x8B, 0x32, 0x00, 0x06, /* FF230 */
	0x99, 0x53, 0x65, 0x4D, 0x69, 0x53, 0x00, 0x0D, 0x05, 0x0F, 0x27, 0x61, 0x4C, 0xCF, 0x03, 0x30, /* FF240 */
	0x06, 0x05, 0x3F, 0x2E, 0x4C, 0x25, 0x0B, 0x38, 0x04, 0xC5, 0x95, 0x40, 0xCC, 0x4D, 0x40, 0x30, /* FF250 */
	0x24, 0x07, 0xAF, 0x26, 0xA5, 0x4C, 0x4F, 0x16, 0x75, 0x65, 0x04, 0x06, 0x05, 0x4B, 0xA5, 0x4C, /* FF260 */
	0x05, 0x4B, 0x02, 0x14, 0xC0, 0x65, 0x14, 0xA3, 0x00, 0x03, 0x05, 0x50, 0x49, 0xA9, 0x4C, 0x50, /* FF270 */
	0xAF, 0x51, 0xC5, 0x90, 0x16, 0x21, 0x4C, 0x42, 0x92, 0x11, 0x05, 0x65, 0x06, 0x34, 0x4D, 0x25, /* FF280 */
	0x0E, 0x50, 0x05, 0x21, 0x16, 0xD4, 0x4D, 0x01, 0x56, 0x14, 0x00, 0x61, 0x04, 0xD2, 0x01, 0x31, /* FF290 */
	0x04, 0x6D, 0x3F, 0x54, 0x4C, 0x8D, 0xE2, 0x00, 0x06, 0x01, 0x4B, 0x25, 0x4C, 0x01, 0x4B, 0xF2, /* FF2A0 */
	0x04, 0x04, 0x43, 0x14, 0x2D, 0x4D, 0x0B, 0x35, 0x01, 0xC5, 0x55, 0x51, 0x25, 0x4C, 0xE2, 0xF4, /* FF2B0 */
	0x10, 0xC0, 0x05, 0x57, 0x32, 0x01, 0x03, 0x04, 0x15, 0x52, 0x2C, 0x4D, 0xF6, 0xB4, 0x00, 0x04, /* FF2C0 */
	0x03, 0x49, 0x23, 0x4D, 0x8B, 0x4B, 0x03, 0x05, 0x05, 0x4D, 0x6F, 0x4E, 0x45, 0x0A, 0x38, 0x05, /* FF2D0 */
	0x15, 0x56, 0x12, 0x4E, 0x36, 0x72, 0x0A, 0x06, 0x05, 0x07, 0xAE, 0x4C, 0x05, 0x0B, 0x38, 0x14, /* FF2E0 */
	0x03, 0x68, 0x5F, 0x85, 0xCE, 0x66, 0x0E, 0x00, 0x75, 0x4E, 0xA5, 0x00, 0x0D, 0x00, 0x95, 0x14, /* FF2F0 */
	0x12, 0x02, 0x07, 0x05, 0x34, 0x49, 0x65, 0x4F, 0x94, 0x1B, 0x3D, 0xC0, 0x95, 0x5A, 0xC5, 0x01, /* FF300 */
	0x07, 0x00, 0xA1, 0x24, 0x32, 0x01, 0x0D, 0x05, 0x23, 0x39, 0x09, 0x4F, 0x05, 0xFE, 0x2C, 0x06, /* FF310 */
	0x6F, 0x06, 0x14, 0x4D, 0x00, 0xBE, 0xD3, 0x00, 0x05, 0x85, 0x5A, 0x09, 0x17, 0x53, 0x5E, 0xF2, /* FF320 */
	0x13, 0xE6, 0xA5, 0x16, 0x12, 0x31, 0x93, 0x55, 0x4A, 0x00, 0x0C, 0x06, 0x30, 0x0D, 0x09, 0x31, /* FF330 */
	0x53, 0x90, 0xCD, 0x00, 0x0C, 0x08, 0x15, 0x2A, 0x05, 0x53, 0xD3, 0x06, 0x2A, 0x9D, 0x25, 0x53, /* FF340 */
	0xC7, 0x35, 0x1F, 0x85, 0x53, 0x13, 0x10, 0x2B, 0x65, 0x53, 0x00, 0x05, 0x6F, 0x10, 0x29, 0x49, /* FF350 */
	0x13, 0xAF, 0x2A, 0x1E, 0x05, 0x43, 0x15, 0x0E, 0x17, 0x13, 0x09, 0x38, 0x13, 0x07, 0x6F, 0x15, /* FF360 */
	0x6F, 0x16, 0xD3, 0x36, 0x5D, 0xDD, 0x36, 0x02, 0x05, 0x6F, 0x15, 0x68, 0x5F, 0xD3, 0x36, 0x21, /* FF370 */
	0x26, 0x06, 0x65, 0x06, 0x74, 0x4B, 0x93, 0x35, 0x02, 0x54, 0x0E, 0x06, 0x74, 0x37, 0x01, 0x23, /* FF380 */
	0x53, 0xD4, 0x36, 0x00, 0x0B, 0x06, 0x0C, 0x59, 0x85, 0x66, 0x13, 0x0C, 0x59, 0x1E, 0x05, 0x00, /* FF390 */
	0x75, 0x35, 0x81, 0x66, 0x31, 0x06, 0x55, 0x0D, 0x29, 0x14, 0x93, 0xF2, 0x4C, 0x09, 0x04, 0x06, /* FF3A0 */
	0x34, 0x41, 0x28, 0x39, 0x53, 0x14, 0x59, 0x3C, 0x0E, 0xC7, 0xA1, 0x24, 0x33, 0x66, 0x93, 0x51, /* FF3B0 */
	0xF0, 0x13, 0x26, 0x01, 0x05, 0x23, 0x39, 0x85, 0x66, 0x13, 0x35, 0x7A, 0x05, 0x06, 0x14, 0x51, /* FF3C0 */
	0xB5, 0x14, 0x53, 0x84, 0x0D, 0x62, 0x04, 0x06, 0x75, 0x4A, 0x89, 0x17, 0xD3, 0x36, 0x4A, 0x49, /* FF3D0 */
	0x0A, 0x07, 0x05, 0x4B, 0x05, 0x67, 0x13, 0x25, 0x4B, 0x7C, 0x13, 0x01, 0x07, 0x6F, 0x3C, 0x89, /* FF3E0 */
	0x53, 0x13, 0x3F, 0x3C, 0x7C, 0x53, 0x00, 0x06, 0xA5, 0x16, 0xAE, 0x64, 0x93, 0x55, 0xBA, 0x14, /* FF3F0 */
	0x05, 0x06, 0x05, 0x51, 0x74, 0x14, 0x13, 0x75, 0x84, 0xB4, 0x0C, 0x05, 0xAF, 0x51, 0x28, 0x49, /* FF400 */
	0x4E, 0xD3, 0xE2, 0x1E, 0x0E, 0x07, 0x6F, 0x15, 0x57, 0x04, 0x54, 0xD3, 0x36, 0x68, 0xDD, 0x52, /* FF410 */
	0x00, 0x95, 0x42, 0x52, 0x4D, 0x05, 0x07, 0x05, 0x68, 0x57, 0x2C, 0x14, 0xD2, 0x33, 0xAB, 0x44, /* FF420 */
	0x0E, 0x07, 0x94, 0x06, 0x2E, 0x17, 0x52, 0x53, 0x48, 0x01, 0x2E, 0x7A, 0x07, 0x95, 0x14, 0x52, /* FF430 */
	0x3D, 0x52, 0x83, 0x42, 0x5C, 0x1F, 0x79, 0x07, 0x94, 0x3E, 0x2E, 0x17, 0x52, 0x53, 0x48, 0xEF, /* FF440 */
	0x1E, 0x7B, 0x07, 0x85, 0x55, 0x65, 0x0E, 0x45, 0x13, 0x2D, 0x17, 0x30, 0x4E, 0x06, 0x85, 0x1E, /* FF450 */
	0x05, 0x39, 0x54, 0xC3, 0x2A, 0x00, 0x5E, 0x00, 0x06, 0x29, 0x14, 0x17, 0x31, 0x4B, 0x23, 0x11, /* FF460 */
	0xD7, 0x27, 0x03, 0x07, 0x61, 0x14, 0x73, 0x15, 0x4E, 0x03, 0xA9, 0x1A, 0x9D, 0x39, 0x00, 0x55, /* FF470 */
	0x51, 0x03, 0x4D, 0x05, 0x0D, 0x00, 0x75, 0x32, 0x29, 0x23, 0x14, 0x0D, 0x07, 0x61, 0x14, 0x73, /* FF480 */
	0x05, 0x4E, 0x03, 0xA9, 0x1A, 0x0D, 0x38, 0x00, 0x74, 0x0F, 0x0B, 0x11, 0x05, 0x07, 0x00, 0x65, /* FF490 */
	0x15, 0xB3, 0x14, 0x12, 0x0D, 0x06, 0x79, 0x30, 0x01, 0x32, 0x45, 0xA3, 0xA9, 0x00, 0xB2, 0x00, /* FF4A0 */
	0x00, 0x2F, 0x52, 0x17, 0x49, 0x05, 0x0D, 0x26, 0x6F, 0x15, 0x54, 0x24, 0x2E, 0x4F, 0x36, 0x6D, /* FF4B0 */
	0xA4, 0x3E, 0x08, 0x50, 0x49, 0xA9, 0x54, 0x61, 0x4C, 0x50, 0xFF, 0x0C, 0x22, 0xA0, 0x02, 0x00, /* FF4C0 */
	0x85, 0x50, 0x65, 0x09, 0x85, 0x02, 0x1D, 0x08, 0x43, 0x15, 0xAE, 0x24, 0xB3, 0x4C, 0xC9, 0x3C, /* FF4D0 */
	0x52, 0x7C, 0x53, 0x00, 0x00, 0x15, 0x4E, 0x14, 0x39, 0x23, 0x01, 0x0C, 0x00, 0x61, 0x58, 0xA1, /* FF4E0 */
	0x24, 0x6F, 0x02, 0x1C, 0x00, 0x05, 0x3F, 0x2E, 0x04, 0xD2, 0x01, 0xC5, 0x00, 0x01, 0x4B, 0x29, /* FF4F0 */
	0x26, 0x23, 0x01, 0x31, 0x06, 0xAF, 0x16, 0x32, 0x25, 0x67, 0x4E, 0x6F, 0x46, 0x02, 0x0E, 0x09, /* FF500 */
	0x15, 0x36, 0x81, 0x26, 0x2E, 0x4D, 0x36, 0x32, 0x01, 0x52, 0x1C, 0x39, 0x08, 0xA5, 0x16, 0xAE, /* FF510 */
	0x14, 0x65, 0x4E, 0x65, 0x06, 0x38, 0x14, 0x35, 0x02, 0x09, 0x94, 0x06, 0x34, 0x1D, 0x09, 0x4F, /* FF520 */
	0x54, 0x02, 0x50, 0x05, 0xFA, 0x2C, 0x09, 0x94, 0x3E, 0x2E, 0x17, 0xB3, 0x4C, 0x54, 0xD2, 0xFB, /* FF530 */
	0xC7, 0x4C, 0x53, 0x00, 0xAF, 0x51, 0xA8, 0x17, 0xB3, 0x00, 0x0D, 0x00, 0x79, 0x52, 0x28, 0x4D, /* FF540 */
	0x89, 0x03, 0x30, 0x07, 0x34, 0x25, 0x0E, 0x16, 0x32, 0x4F, 0x14, 0x39, 0x0A, 0x1E, 0x07, 0x08, /* FF550 */
	0x70, 0x2F, 0x85, 0x37, 0x61, 0x4E, 0x10, 0x2F, 0x4F, 0x0D, 0x30, 0x02, 0x08, 0x70, 0x2F, 0x85, /* FF560 */
	0x37, 0x65, 0x4E, 0x10, 0x2F, 0x4F, 0x8D, 0x35, 0x02, 0x07, 0x14, 0x51, 0xA5, 0x27, 0x24, 0x4D, /* FF570 */
	0x14, 0x51, 0x5C, 0x09, 0x04, 0x00, 0x94, 0x16, 0xA5, 0x0C, 0x81, 0x02, 0x0D, 0x08, 0x14, 0x51, /* FF580 */
	0x85, 0x37, 0x61, 0x4E, 0x14, 0x51, 0x4C, 0x0D, 0x30, 0x02, 0x08, 0x61, 0x0E, 0xB4, 0x05, 0xD2, /* FF590 */
	0x4D, 0xE1, 0x2E, 0x0F, 0xA2, 0x1B, 0x01, 0x0A, 0x43, 0x15, 0xAE, 0x24, 0x46, 0x0D, 0x13, 0x09, /* FF5A0 */
	0x38, 0x54, 0xAC, 0x19, 0x3C, 0x0B, 0x06, 0xAF, 0x51, 0x28, 0x49, 0x2E, 0x49, 0xD3, 0xE6, 0x00, /* FF5B0 */
	0x4E, 0x0E, 0x09, 0x30, 0x0D, 0x09, 0x31, 0x89, 0x53, 0x53, 0x90, 0xCD, 0x00, 0xFC, 0x4C, 0x14, /* FF5C0 */
	0xC8, 0x30, 0x0D, 0x09, 0x31, 0xC9, 0x16, 0x53, 0x90, 0xCD, 0x00, 0x2C, 0x69, 0x00, 0x15, 0x4E, /* FF5D0 */
	0x05, 0x53, 0x69, 0x3B, 0x34, 0x08, 0x34, 0x49, 0x65, 0x53, 0x99, 0x14, 0x53, 0xA4, 0x17, 0x4F, /* FF5E0 */
	0x24, 0x41, 0x09, 0x95, 0x40, 0x8F, 0x17, 0x64, 0x64, 0x13, 0x40, 0x3C, 0xDA, 0x1C, 0x30, 0x05, /* FF5F0 */
	0x0A, 0xA5, 0x16, 0xAE, 0x14, 0x65, 0x52, 0x48, 0x73, 0x95, 0xD6, 0x3C, 0x52, 0x05, 0x6E, 0x00, /* FF600 */
	0x06, 0x08, 0x2D, 0x85, 0x43, 0x05, 0x49, 0xC5, 0x03, 0x2D, 0x53, 0x70, 0x03, 0x08, 0xAF, 0x16, /* FF610 */
	0x32, 0x25, 0x67, 0x52, 0x59, 0xB3, 0x5B, 0x12, 0x30, 0x52, 0x05, 0x0B, 0x95, 0x14, 0x52, 0x3D, /* FF620 */
	0x52, 0x51, 0x59, 0x83, 0x42, 0x5D, 0x1F, 0x71, 0xE7, 0xDC, 0x14, 0x00, 0x95, 0x14, 0x52, 0x39, /* FF630 */
	0x34, 0x39, 0x24, 0x39, 0x14, 0x0C, 0x0D, 0x30, 0x0D, 0x09, 0x31, 0xC9, 0x06, 0x54, 0x3D, 0x4E, /* FF640 */
	0x43, 0x94, 0x33, 0xA0, 0xF2, 0x5A, 0x0C, 0xCD, 0x00, 0x0E, 0x02, 0x14, 0x05, 0x62, 0x4F, 0x84, /* FF650 */
	0x02, 0x42, 0x28, 0xE1, 0x36, 0x02, 0x77, 0x53, 0x22, 0x02, 0x6F, 0x53, 0x22, 0x03, 0x6F, 0x52, /* FF660 */
	0x36, 0x0E, 0x02, 0xC8, 0xE1, 0x09, 0xC2, 0x29, 0x51, 0x09, 0x03, 0x80, 0x53, 0x45, 0x0A, 0xA3, /* FF670 */
	0x08, 0x51, 0xB8, 0x51, 0x00, 0xE3, 0x48, 0x4D, 0xB8, 0x49, 0x03, 0x22, 0x28, 0x65, 0x38, 0x01, /* FF680 */
	0xA3, 0x08, 0x39, 0xB8, 0x31, 0x02, 0x23, 0x28, 0x35, 0xB8, 0x35, 0x01, 0xC3, 0x69, 0x15, 0x14, /* FF690 */
	0x39, 0x01, 0x03, 0x28, 0x39, 0xB8, 0x35, 0x02, 0xC3, 0x41, 0x17, 0x14, 0x21, 0x03, 0xC3, 0x6F, /* FF6A0 */
	0x2F, 0xD4, 0x25, 0x03, 0xC4, 0x6F, 0x10, 0x14, 0x3F, 0x10, 0xC3, 0x95, 0x3A, 0x54, 0x3E, 0x02, /* FF6B0 */
	0x03, 0xA8, 0x4D, 0xF8, 0x46, 0x03, 0x02, 0x28, 0x15, 0x38, 0x05, 0x02, 0x68, 0x57, 0xB8, 0x06, /* FF6C0 */
	0x03, 0x6F, 0x09, 0x94, 0x32, 0x01, 0x03, 0x05, 0x23, 0x94, 0x25, 0x03, 0x02, 0x28, 0x49, 0xC5, /* FF6D0 */
	0xA8, 0x03, 0x22, 0x28, 0x25, 0xD2, 0xA8, 0x03, 0xE3, 0x28, 0x4D, 0xC5, 0x18, 0x69, 0x03, 0x88, /* FF6E0 */
	0x16, 0x45, 0x48, 0x16, 0xE3, 0x68, 0x4F, 0xC5, 0x38, 0x6B, 0xC4, 0x48, 0x39, 0x4B, 0xA8, 0xF9, /* FF6F0 */
	0x0B, 0x03, 0x48, 0x39, 0x47, 0xA8, 0xF9, 0x04, 0x2F, 0x04, 0x59, 0x04, 0x10, 0x01, 0x04, 0xB2, /* FF700 */
	0x51, 0x48, 0x44, 0x8A, 0x18, 0xC3, 0xAF, 0x0D, 0x48, 0xD4, 0x0E, 0x06, 0xC5, 0x04, 0x53, 0x94, /* FF710 */
	0x2D, 0x13, 0x40, 0x03, 0x05, 0x4F, 0x67, 0x4F, 0x34, 0x2F, 0x05, 0x0F, 0x03, 0xAF, 0x17, 0x52, /* FF720 */
	0x94, 0x7A, 0x04, 0xAF, 0x17, 0x4C, 0x94, 0x02, 0x2A, 0xA2, 0x68, 0x57, 0x47, 0xE0, 0x0F, 0x84, /* FF730 */
	0xAF, 0x07, 0x32, 0x50, 0x97, 0x17, 0x00, 0x05, 0x68, 0x37, 0x81, 0x53, 0x2F, 0x0D, 0x4C, 0x05, /* FF740 */
	0x81, 0x1E, 0xA5, 0x50, 0x32, 0xF7, 0x50, 0x04, 0x88, 0x16, 0xA1, 0x60, 0x92, 0x55, 0x00, 0x06, /* FF750 */
	0x61, 0x14, 0xAE, 0x50, 0x21, 0xFC, 0x38, 0x14, 0x03, 0x6F, 0x1E, 0x35, 0x51, 0xF6, 0x0E, 0x03, /* FF760 */
	0x28, 0x65, 0x20, 0xE0, 0x01, 0x04, 0x04, 0x88, 0x16, 0x21, 0x60, 0x92, 0x15, 0x00, 0x06, 0x52, /* FF770 */
	0x41, 0x2C, 0x51, 0x92, 0x49, 0x00, 0x2A, 0x83, 0x88, 0x3E, 0x35, 0x23, 0x58, 0x82, 0x02, 0x03, /* FF780 */
	0x68, 0x57, 0x47, 0x50, 0xD8, 0x57, 0x00, 0x05, 0x72, 0x57, 0x62, 0x14, 0x54, 0xD2, 0x0A, 0x2C, /* FF790 */
	0x05, 0x28, 0x05, 0x34, 0x49, 0x18, 0x05, 0xD0, 0x1E, 0x00, 0x6F, 0x26, 0x47, 0x50, 0x03, 0x05, /* FF7A0 */
	0xC8, 0x49, 0x4F, 0x11, 0x18, 0x49, 0xE6, 0x04, 0x05, 0x28, 0x49, 0x05, 0x66, 0xB8, 0x7B, 0x08, /* FF7B0 */
	0x09, 0x07, 0x61, 0x1E, 0x65, 0x52, 0x94, 0x31, 0x2A, 0x3C, 0x5E, 0x00, 0x06, 0x28, 0x49, 0x85, /* FF7C0 */
	0x07, 0x14, 0x40, 0x16, 0x13, 0x00, 0x07, 0x12, 0x39, 0x73, 0x37, 0x54, 0x82, 0x39, 0x13, 0x30, /* FF7D0 */
	0x01, 0x05, 0x28, 0x49, 0x65, 0x1B, 0xB8, 0x7B, 0xD8, 0x16, 0x00, 0x52, 0x09, 0x75, 0x16, 0x0D, /* FF7E0 */
	0x1F, 0x25, 0x50, 0x0F, 0x31, 0x4B, 0xBC, 0x43, 0x45, 0x22, 0x51, 0x1D, 0x45, 0x95, 0x53, 0x71, /* FF7F0 */
	0x24, 0x4E, 0x2C, 0x39, 0x14, 0x35, 0x46, 0x1C, 0xD1, 0x14, 0x54, 0x8D, 0x02, 0x05, 0x28, 0x49, /* FF800 */
	0xA5, 0x3C, 0xB8, 0x5B, 0x70, 0x22, 0x07, 0x52, 0x59, 0x09, 0x31, 0x54, 0xA2, 0x59, 0x05, 0xA0, /* FF810 */
	0x02, 0x05, 0x99, 0x06, 0x6E, 0x66, 0x54, 0x0F, 0x38, 0x05, 0x05, 0x28, 0x49, 0x45, 0x39, 0xB8, /* FF820 */
	0x7B, 0xA4, 0x0E, 0x06, 0x2F, 0x17, 0x54, 0x14, 0x52, 0x04, 0x1C, 0xE5, 0x78, 0x02, 0x07, 0x32, /* FF830 */
	0x05, 0xB3, 0x49, 0x59, 0x44, 0x96, 0x7A, 0x4E, 0x16, 0x07, 0x68, 0x37, 0x90, 0x3F, 0x4E, 0xB4, /* FF840 */
	0x37, 0x50, 0x03, 0x38, 0x06, 0xA8, 0x49, 0x33, 0x04, 0x59, 0x78, 0x78, 0x1A, 0x04, 0x01, 0xC5, /* FF850 */
	0x88, 0x16, 0xA1, 0x14, 0xCE, 0x48, 0x96, 0xB1, 0x0E, 0xC0, 0x12, 0x39, 0x33, 0x16, 0x12, 0x0D, /* FF860 */
	0x07, 0x61, 0x1E, 0x09, 0x32, 0x45, 0x84, 0x39, 0xCA, 0x0C, 0xB2, 0x00, 0x28, 0x3D, 0x64, 0x4B, /* FF870 */
	0x05, 0x31, 0x00, 0xC1, 0x04, 0x54, 0x3D, 0x0E, 0x1C, 0x00, 0x65, 0x14, 0x87, 0x06, 0x0D, 0x31, /* FF880 */
	0x04, 0x28, 0x49, 0x25, 0x3E, 0x32, 0xE1, 0x2B, 0x96, 0x03, 0x00, 0x65, 0x14, 0x50, 0x3C, 0x2E, /* FF890 */
	0x01, 0x31, 0x00, 0x85, 0x53, 0x69, 0x3D, 0xCE, 0x01, 0xC9, 0xC0, 0x12, 0x39, 0x33, 0x3E, 0x72, /* FF8A0 */
	0x01, 0x07, 0x08, 0x37, 0x39, 0x54, 0x15, 0x54, 0x50, 0x97, 0x35, 0x52, 0xC5, 0x6C, 0x00, 0x00, /* FF8B0 */
	0x12, 0x39, 0x93, 0x3C, 0xB2, 0x00, 0x0D, 0x07, 0x88, 0x16, 0x53, 0x3C, 0x2C, 0x60, 0x92, 0xC5, /* FF8C0 */
	0x3F, 0x2A, 0x04, 0x07, 0x32, 0x05, 0xB3, 0x49, 0x85, 0x52, 0x92, 0xE5, 0x7A, 0x52, 0x0E, 0x29, /* FF8D0 */
	0x28, 0x35, 0x33, 0x31, 0x36, 0x4D, 0xB8, 0x35, 0x4D, 0x9C, 0x35, 0x58, 0x1A, 0x86, 0x88, 0x3E, /* FF8E0 */
	0x35, 0x23, 0xAF, 0x51, 0x58, 0x82, 0x72, 0x66, 0x04, 0x00, 0x65, 0x14, 0x56, 0x4D, 0x69, 0x3B, /* FF8F0 */
	0xC8, 0x07, 0x28, 0x49, 0x05, 0x19, 0x34, 0x49, 0xB8, 0x7B, 0x84, 0x46, 0x74, 0x02, 0x0A, 0x28, /* FF900 */
	0x05, 0x94, 0x26, 0x03, 0x31, 0x18, 0x75, 0x84, 0x54, 0xF2, 0x2C, 0x80, 0x0A, 0x00, 0x65, 0x41, /* FF910 */
	0x85, 0x06, 0xB4, 0x49, 0x05, 0xC0, 0x0B, 0x65, 0x41, 0x8F, 0x06, 0x52, 0x31, 0x59, 0x94, 0x35, /* FF920 */
	0x50, 0x4E, 0x72, 0xEB, 0x3C, 0x14, 0x00, 0x12, 0x39, 0x93, 0x04, 0x32, 0x39, 0x14, 0x1C, 0x00, /* FF930 */
	0x28, 0x49, 0x6D, 0x37, 0xA5, 0x14, 0x12, 0x71, 0x01, 0x15, 0x82, 0xD0, 0x46, 0x00, 0x22, 0xD3, /* FF940 */
	0x46, 0x03, 0xC2, 0x33, 0x55, 0x1A, 0x02, 0x80, 0x57, 0x1A, 0x23, 0x33, 0x11, 0x55, 0x1A, 0x00, /* FF950 */
	0x84, 0x70, 0x3B, 0x40, 0xB0, 0x3B, 0x04, 0xAE, 0x3C, 0x36, 0x5E, 0x88, 0x84, 0x2E, 0x14, 0xD2, /* FF960 */
	0x36, 0x12, 0x1E, 0x85, 0xAE, 0x24, 0x0C, 0x30, 0x52, 0x29, 0x0C, 0xC5, 0x4E, 0x51, 0x45, 0x35, /* FF970 */
	0x72, 0x49, 0x04, 0x04, 0x4E, 0x3D, 0x4E, 0x35, 0x66, 0x2E, 0x00, 0x0E, 0x33, 0x05, 0x0C, 0xC0, /* FF980 */
	0x90, 0x17, 0x14, 0x07, 0x04, 0x13, 0x1D, 0x45, 0x45, 0xF3, 0x0A, 0x06, 0xAE, 0x17, 0xC4, 0x36, /* FF990 */
	0x5E, 0x9C, 0x15, 0x00, 0x85, 0x6E, 0x14, 0x93, 0x03, 0x0E, 0x9C, 0x4D, 0x00, 0x4E, 0x19, 0x8F, /* FF9A0 */
	0x36, 0x31, 0x00, 0x90, 0x53, 0x41, 0x49, 0x0D, 0x05, 0x33, 0x31, 0x85, 0x4F, 0x55, 0x33, 0xF0, /* FF9B0 */
	0x13, 0x05, 0x90, 0x26, 0x47, 0x50, 0x76, 0x40, 0x26, 0x14, 0xC0, 0x2E, 0x14, 0x32, 0x3F, 0x27, /* FF9C0 */
	0x00, 0xAC, 0x24, 0x0D, 0x51, 0x05, 0x30, 0x00, 0x32, 0x51, 0x08, 0x39, 0x05, 0x31, 0x00, 0x4E, /* FF9D0 */
	0x59, 0x85, 0x4E, 0x61, 0x00, 0x8C, 0x09, 0x2E, 0x14, 0x72, 0x64, 0x69, 0x1E, 0x36, 0x1E, 0x78, /* FF9E0 */
	0x4C, 0x2D, 0xF1, 0x3E, 0x00, 0x2E, 0x14, 0xB2, 0x07, 0x34, 0x49, 0x9D, 0x00, 0x2E, 0x3E, 0xB2, /* FF9F0 */
	0x54, 0x0E, 0x51, 0x05, 0x30, 0x0B, 0xAC, 0x48, 0xA1, 0x26, 0x6F, 0x14, 0xD4, 0xA6, 0x52, 0x12, /* FFA00 */
	0x50, 0x72, 0x09, 0x0C, 0x50, 0x00, 0x0E, 0x39, 0x69, 0x3D, 0x95, 0x33, 0x19, 0xC1, 0x02, 0x16, /* FFA10 */
	0x05, 0x03, 0x80, 0x5B, 0x45, 0x0A, 0x04, 0x85, 0x66, 0x96, 0x45, 0x16, 0xC2, 0x29, 0x5D, 0x56, /* FFA20 */
	0x05, 0x03, 0x45, 0x39, 0x16, 0x31, 0x02, 0x04, 0x29, 0x51, 0x16, 0xF5, 0x50, 0xC5, 0x61, 0x54, /* FFA30 */
	0x45, 0x86, 0x31, 0x99, 0x02, 0x04, 0x29, 0x3F, 0x52, 0xA6, 0x1D, 0x1E, 0x06, 0x69, 0x33, 0x41, /* FFA40 */
	0x16, 0x71, 0x0F, 0x0C, 0x00, 0x05, 0x29, 0x14, 0x4F, 0xA6, 0x11, 0x05, 0x0F, 0x06, 0x29, 0x39, /* FFA50 */
	0x0E, 0x59, 0x45, 0x9C, 0x39, 0x00, 0x06, 0x01, 0x07, 0xAE, 0x58, 0x01, 0x0B, 0x38, 0x14, 0x00, /* FFA60 */
	0x69, 0x33, 0x69, 0x02, 0x13, 0x06, 0x21, 0x27, 0x0E, 0x59, 0x00, 0x2A, 0x39, 0x00, 0x06, 0x45, /* FFA70 */
	0x24, 0x63, 0x14, 0x16, 0x05, 0x2C, 0x80, 0x0A, 0x00, 0x85, 0x36, 0x6F, 0x52, 0x07, 0x07, 0xA9, /* FFA80 */
	0x04, 0x4D, 0x39, 0x16, 0xD9, 0x00, 0xCD, 0x3C, 0x02, 0x07, 0x29, 0x51, 0x0E, 0x35, 0x16, 0xF5, /* FFA90 */
	0x50, 0x8E, 0x31, 0x01, 0x07, 0x89, 0x1E, 0x69, 0x26, 0x41, 0x76, 0x2A, 0x29, 0x6E, 0x01, 0x06, /* FFAA0 */
	0x29, 0x3F, 0x72, 0x57, 0x53, 0xA6, 0x1D, 0x1E, 0x40, 0x03, 0x09, 0xA9, 0x04, 0x4C, 0x51, 0x59, /* FFAB0 */
	0x26, 0x51, 0x9C, 0xA1, 0xF2, 0x34, 0x05, 0x00, 0x6F, 0x54, 0xAE, 0x04, 0xD2, 0x01, 0xC5, 0x07, /* FFAC0 */
	0x25, 0x17, 0x14, 0x09, 0x2C, 0x59, 0x25, 0x5A, 0x00, 0x82, 0x0C, 0x06, 0x29, 0x5D, 0x70, 0x27, /* FFAD0 */
	0xAE, 0x58, 0x55, 0xE0, 0x39, 0x14, 0x00, 0x65, 0x1E, 0x05, 0x39, 0x23, 0x01, 0x0C, 0x00, 0x0F, /* FFAE0 */
	0x07, 0x54, 0x3D, 0x0E, 0x31, 0x70, 0x0B, 0x6F, 0x54, 0xAE, 0x04, 0x52, 0x31, 0x59, 0xB6, 0xAB, /* FFAF0 */
	0x00, 0x5E, 0x70, 0xEB, 0x3C, 0x14, 0x05, 0xC4, 0x06, 0x66, 0x22, 0x22, 0x45, 0x17, 0x01, 0x23, /* FFB00 */
	0x81, 0x5F, 0x76, 0x0A, 0xA2, 0x68, 0x23, 0x22, 0x02, 0xC1, 0x5D, 0x01, 0x02, 0x81, 0x5E, 0x27, /* FFB10 */
	0x02, 0xC8, 0xA1, 0x09, 0xC3, 0x6F, 0x5E, 0x36, 0x0E, 0x06, 0x80, 0x13, 0x36, 0x62, 0x89, 0x1A, /* FFB20 */
	0x83, 0xA9, 0x20, 0x97, 0x69, 0x00, 0x22, 0x85, 0x16, 0x57, 0x0E, 0xA3, 0x28, 0x39, 0xA8, 0x35, /* FFB30 */
	0x02, 0x23, 0x69, 0x30, 0x97, 0x39, 0x00, 0xA3, 0x08, 0x51, 0xE8, 0x56, 0x00, 0x03, 0x65, 0x30, /* FFB40 */
	0x97, 0x35, 0x00, 0xC3, 0x8F, 0x2E, 0x57, 0x2E, 0x03, 0xC4, 0x65, 0x52, 0x97, 0x35, 0x52, 0xC4, /* FFB50 */
	0x61, 0x52, 0x97, 0x3F, 0x52, 0x03, 0x25, 0x2D, 0x17, 0x25, 0x03, 0x03, 0x8F, 0x12, 0x57, 0x1E, /* FFB60 */
	0x00, 0xA3, 0x68, 0x37, 0x88, 0x32, 0x01, 0xC2, 0x8F, 0x16, 0x97, 0x07, 0x03, 0x6F, 0x33, 0xD7, /* FFB70 */
	0xA5, 0x02, 0xA3, 0x48, 0x0D, 0x88, 0xA8, 0x0D, 0x23, 0xAF, 0x31, 0x44, 0xD7, 0x11, 0xA2, 0x28, /* FFB80 */
	0x49, 0x85, 0xA8, 0x03, 0x04, 0x8F, 0x32, 0x44, 0x77, 0x32, 0x04, 0x83, 0x48, 0x31, 0x85, 0x28, /* FFB90 */
	0xA9, 0xC4, 0xA1, 0x14, 0x52, 0xD7, 0xD3, 0x1E, 0x03, 0x48, 0x51, 0x85, 0x28, 0x51, 0x03, 0x68, /* FFBA0 */
	0x33, 0x05, 0x38, 0xAB, 0x23, 0x68, 0x4F, 0x05, 0x88, 0x6A, 0x05, 0x6F, 0x05, 0x4E, 0xD7, 0x35, /* FFBB0 */
	0x00, 0x0E, 0x05, 0x6F, 0x15, 0x4E, 0xA7, 0x35, 0x00, 0x0E, 0xE4, 0x6F, 0x02, 0x54, 0x37, 0x3B, /* FFBC0 */
	0x14, 0x03, 0x72, 0x3B, 0x47, 0xD2, 0xFB, 0x03, 0x05, 0x49, 0x59, 0x77, 0x17, 0x03, 0x68, 0x03, /* FFBD0 */
	0x04, 0x88, 0x12, 0x86, 0xA9, 0x20, 0x69, 0x5E, 0x69, 0x78, 0xA4, 0x0E, 0xE5, 0x81, 0x3B, 0xA0, /* FFBE0 */
	0x5C, 0x76, 0xBA, 0x52, 0xC5, 0x6F, 0x12, 0x85, 0x5E, 0x36, 0x1E, 0x78, 0x05, 0x05, 0x41, 0x6F, /* FFBF0 */
	0x5E, 0x65, 0x00, 0x38, 0x04, 0x81, 0x4A, 0x65, 0x5E, 0x27, 0x30, 0x02, 0x05, 0x8F, 0x52, 0xC8, /* FFC00 */
	0x5D, 0x5C, 0xEE, 0x14, 0x04, 0x68, 0x33, 0xCC, 0x21, 0x0F, 0x1C, 0x01, 0x05, 0x21, 0x3B, 0x85, /* FFC10 */
	0x5E, 0x21, 0x37, 0x7A, 0xC6, 0x81, 0x53, 0x25, 0x5C, 0x41, 0x53, 0xF0, 0x04, 0x05, 0x09, 0x2F, /* FFC20 */
	0x25, 0x5C, 0x29, 0xFB, 0x10, 0x86, 0xA9, 0x20, 0xAF, 0x51, 0x97, 0x69, 0x70, 0x66, 0x04, 0x84, /* FFC30 */
	0x28, 0x51, 0x28, 0x49, 0xA8, 0xE5, 0x78, 0x04, 0x05, 0x51, 0x28, 0x49, 0x97, 0xE5, 0x78, 0x00, /* FFC40 */
	0x65, 0x18, 0x81, 0x16, 0x0D, 0x00, 0x81, 0x1A, 0x81, 0x16, 0x0D, 0x05, 0x28, 0x49, 0x05, 0x4D, /* FFC50 */
	0xA8, 0x7B, 0x84, 0x1A, 0x00, 0x25, 0x2D, 0x65, 0x12, 0x0D, 0xC6, 0xAF, 0x39, 0x24, 0x11, 0x97, /* FFC60 */
	0x32, 0x12, 0x3C, 0x04, 0x04, 0x28, 0x49, 0x05, 0x66, 0xA8, 0x0B, 0x26, 0xC5, 0x81, 0x4A, 0x61, /* FFC70 */
	0x52, 0x97, 0xF7, 0x38, 0x14, 0x06, 0x68, 0x17, 0x36, 0x49, 0x88, 0x72, 0x94, 0x56, 0x0E, 0x07, /* FFC80 */
	0x79, 0x37, 0x69, 0x1E, 0x17, 0x79, 0x3C, 0xCD, 0xFC, 0x02, 0xE5, 0xAF, 0x31, 0x64, 0x02, 0x54, /* FFC90 */
	0xD7, 0x11, 0x6E, 0x04, 0xA6, 0x08, 0x51, 0xA5, 0x16, 0x92, 0x08, 0xD0, 0x65, 0x76, 0x02, 0x07, /* FFCA0 */
	0x28, 0x39, 0xA5, 0x16, 0x92, 0x78, 0x95, 0x8E, 0x55, 0x7A, 0x05, 0x28, 0x49, 0xA5, 0x16, 0x92, /* FFCB0 */
	0xA8, 0x97, 0x56, 0x0E, 0x00, 0x8F, 0x2E, 0x53, 0x3C, 0x10, 0x0D, 0xC0, 0xA9, 0x20, 0x84, 0x16, /* FFCC0 */
	0x17, 0x07, 0xC0, 0xA9, 0x20, 0x84, 0x06, 0x17, 0x07, 0x06, 0x25, 0x38, 0x85, 0x13, 0xC1, 0x5D, /* FFCD0 */
	0x25, 0x6E, 0x12, 0x01, 0x06, 0x68, 0x33, 0x85, 0x3F, 0x2D, 0x21, 0x8F, 0x4A, 0x03, 0x0D, 0x09, /* FFCE0 */
	0x29, 0x14, 0x93, 0x48, 0x05, 0x11, 0x17, 0x19, 0x4C, 0x50, 0x72, 0x94, 0x04, 0x09, 0xA1, 0x14, /* FFCF0 */
	0x32, 0x4A, 0x6F, 0x52, 0xD7, 0xD7, 0x78, 0x46, 0xD2, 0x3A, 0x14, 0x07, 0xA1, 0x16, 0x2C, 0x39, /* FFD00 */
	0xA7, 0x20, 0x17, 0x51, 0x32, 0x01, 0x6E, 0x00, 0x03, 0x25, 0x4B, 0x03, 0x05, 0x80, 0x97, 0x4B, /* FFD10 */
	0xF3, 0x68, 0x02, 0x17, 0x09, 0x21, 0xAF, 0x55, 0xA3, 0xA5, 0x64, 0x65, 0x04, 0x03, 0x80, 0x5F, /* FFD20 */
	0x49, 0x0A, 0x22, 0xAF, 0x49, 0x99, 0x03, 0x02, 0x05, 0x49, 0x59, 0x0F, 0x03, 0x05, 0x21, 0x99, /* FFD30 */
	0x05, 0x00, 0x02, 0xAF, 0x51, 0x48, 0x65, 0x00, 0xC3, 0xAF, 0x01, 0x44, 0x89, 0x12, 0x22, 0xAF, /* FFD40 */
	0x01, 0x32, 0x65, 0x23, 0x00, 0x61, 0x2E, 0x25, 0x01, 0x0D, 0x05, 0xAF, 0x39, 0x27, 0x49, 0xD9, /* FFD50 */
	0xF6, 0x1E, 0x1E, 0x00, 0xAF, 0x49, 0x33, 0x31, 0x06, 0x03, 0x02, 0x1A, 0x05, 0x03, 0x80, 0x6B, /* FFD60 */
	0x45, 0x0A, 0x00, 0xFF, 0xFF, 0xFF, 0xFF, 0xFF, 0xFF, 0xFF, 0xFF, 0xFF, 0xFF, 0xFF, 0xFF, 0xFF, /* FFD70 */
	0xFF, 0xFF, 0xFF, 0xFF, 0xFF, 0xFF, 0xFF, 0xFF, 0xFF, 0xFF, 0xFF, 0xFF, 0xFF, 0xFF, 0xFF, 0xFF, /* FFD80 */
	0xFF, 0xFF, 0xFF, 0xFF, 0xFF, 0xFF, 0xFF, 0xFF, 0xFF, 0xFF, 0xFF, 0xFF, 0xFF, 0xFF, 0xFF, 0xFF, /* FFD90 */
	0xFF, 0xFF, 0xFF, 0xFF, 0xFF, 0xFF, 0xFF, 0xFF, 0xFF, 0xFF, 0xFF, 0xFF, 0xFF, 0xFF, 0xFF, 0xFF, /* FFDA0 */
	0xFF, 0xFF, 0xFF, 0xFF, 0xFF, 0xFF, 0xFF, 0xFF, 0xFF, 0xFF, 0xFF, 0xFF, 0xFF, 0xFF, 0xFF, 0xFF, /* FFDB0 */
	0xFF, 0xFF, 0xFF, 0xFF, 0xFF, 0xFF, 0xFF, 0xFF, 0xFF, 0xFF, 0xFF, 0xFF, 0xFF, 0xFF, 0xFF, 0xFF, /* FFDC0 */
	0xFF, 0xFF, 0xFF, 0xFF, 0xFF, 0xFF, 0xFF, 0xFF, 0xFF, 0xFF, 0xFF, 0xFF, 0xFF, 0xFF, 0xFF, 0xFF, /* FFDD0 */
	0xFF, 0xFF, 0xFF, 0xFF, 0xFF, 0xFF, 0xFF, 0xFF, 0xFF, 0xFF, 0xFF, 0xFF, 0xFF, 0xFF, 0xFF, 0xFF, /* FFDE0 */
	0xFF, 0xFF, 0xFF, 0xFF, 0xFF, 0xFF, 0xFF, 0xFF, 0xFF, 0xFF, 0xFF, 0xFF, 0xFF, 0xFF, 0xFF, 0xFF, /* FFDF0 */
	0xFF, 0xFF, 0xFF, 0xFF, 0xFF, 0xFF, 0xFF, 0xFF, 0xFF, 0xFF, 0xFF, 0xFF, 0xFF, 0xFF, 0xFF, 0xFF, /* FFE00 */
	0xFF, 0xFF, 0xFF, 0xFF, 0xFF, 0xFF, 0xFF, 0xFF, 0xFF, 0xFF, 0xFF, 0xFF, 0xFF, 0xFF, 0xFF, 0xFF, /* FFE10 */
	0xFF, 0xFF, 0xFF, 0xFF, 0xFF, 0xFF, 0xFF, 0xFF, 0xFF, 0xFF, 0xFF, 0xFF, 0xFF, 0xFF, 0xFF, 0xFF, /* FFE20 */
	0xFF, 0xFF, 0xFF, 0xFF, 0xFF, 0xFF, 0xFF, 0xFF, 0xFF, 0xFF, 0xFF, 0xFF, 0xFF, 0xFF, 0xFF, 0xFF, /* FFE30 */
	0xFF, 0xFF, 0xFF, 0xFF, 0xFF, 0xFF, 0xFF, 0xFF, 0xFF, 0xFF, 0xFF, 0xFF, 0xFF, 0xFF, 0xFF, 0xFF, /* FFE40 */
	0xFF, 0xFF, 0xFF, 0xFF, 0xFF, 0xFF, 0xFF, 0xFF, 0xFF, 0xFF, 0xFF, 0xFF, 0xFF, 0xFF, 0xFF, 0xFF, /* FFE50 */
	0xFF, 0xFF, 0xFF, 0xFF, 0xFF, 0xFF, 0xFF, 0xFF, 0xFF, 0xFF, 0xFF, 0xFF, 0xFF, 0xFF, 0xFF, 0xFF, /* FFE60 */
	0xFF, 0xFF, 0xFF, 0xFF, 0xFF, 0xFF, 0xFF, 0xFF, 0xFF, 0xFF, 0xFF, 0xFF, 0xFF, 0xFF, 0xFF, 0xFF, /* FFE70 */
	0xFF, 0xFF, 0xFF, 0xFF, 0xFF, 0xFF, 0xFF, 0xFF, 0xFF, 0xFF, 0xFF, 0xFF, 0xFF, 0xFF, 0xFF, 0xFF, /* FFE80 */
	0xFF, 0xFF, 0xFF, 0xFF, 0xFF, 0xFF, 0xFF, 0xFF, 0xFF, 0xFF, 0xFF, 0xFF, 0xFF, 0xFF, 0xFF, 0xFF, /* FFE90 */
	0xFF, 0xFF, 0xFF, 0xFF, 0xFF, 0xFF, 0xFF, 0xFF, 0xFF, 0xFF, 0xFF, 0xFF, 0xFF, 0xFF, 0xFF, 0xFF, /* FFEA0 */
	0xFF, 0xFF, 0xFF, 0xFF, 0xFF, 0xFF, 0xFF, 0xFF, 0xFF, 0xFF, 0xFF, 0xFF, 0xFF, 0xFF, 0xFF, 0xFF, /* FFEB0 */
	0xFF, 0xFF, 0xFF, 0xFF, 0xFF, 0xFF, 0xFF, 0xFF, 0xFF, 0xFF, 0xFF, 0xFF, 0xFF, 0xFF, 0xFF, 0xFF, /* FFEC0 */
	0xFF, 0xFF, 0xFF, 0xFF, 0xFF, 0xFF, 0xFF, 0xFF, 0xFF, 0xFF, 0xFF, 0xFF, 0xFF, 0xFF, 0xFF, 0xFF, /* FFED0 */
	0xFF, 0xFF, 0xFF, 0xFF, 0xFF, 0xFF, 0xFF, 0xFF, 0xFF, 0xFF, 0xFF, 0xFF, 0xFF, 0xFF, 0xFF, 0xFF, /* FFEE0 */
	0xFF, 0xFF, 0xFF, 0xFF, 0xFF, 0xFF, 0xFF, 0xFF, 0xFF, 0xFF, 0xFF, 0xFF, 0xFF, 0xFF, 0xFF, 0xFF, /* FFEF0 */
	0xFF, 0xFF, 0xFF, 0xFF, 0xFF, 0xFF, 0xFF, 0xFF, 0xFF, 0xFF, 0xFF, 0xFF, 0xFF, 0xFF, 0xFF, 0xFF, /* FFF00 */
	0xFF, 0xFF, 0xFF, 0xFF, 0xFF, 0xFF, 0xFF, 0xFF, 0xFF, 0xFF, 0xFF, 0xFF, 0xFF, 0xFF, 0xFF, 0xFF, /* FFF10 */
	0xFF, 0xFF, 0xFF, 0xFF, 0xFF, 0xFF, 0xFF, 0xFF, 0xFF, 0xFF, 0xFF, 0xFF, 0xFF, 0xFF, 0xFF, 0xFF, /* FFF20 */
	0xFF, 0xFF, 0xFF, 0xFF, 0xFF, 0xFF, 0xFF, 0xFF, 0xFF, 0xFF, 0xFF, 0xFF, 0xFF, 0xFF, 0xFF, 0xFF, /* FFF30 */
	0xFF, 0xFF, 0xFF, 0xFF, 0xFF, 0xFF, 0xFF, 0xFF, 0xFF, 0xFF, 0xFF, 0xFF, 0xFF, 0xFF, 0xFF, 0xFF, /* FFF40 */
	0xFF, 0xFF, 0xFF, 0xFF, 0xFF, 0xFF, 0xFF, 0xFF, 0xFF, 0xFF, 0xFF, 0xFF, 0xFF, 0xFF, 0xFF, 0xFF, /* FFF50 */
	0xFF, 0xFF, 0xFF, 0xFF, 0xFF, 0xFF, 0xFF, 0xFF, 0xFF, 0xFF, 0xFF, 0xFF, 0xFF, 0xFF, 0xFF, 0xFF, /* FFF60 */
	0xFF, 0xFF, 0xFF, 0xFF, 0xFF, 0xFF, 0xFF, 0xFF, 0xFF, 0xFF, 0xFF, 0xFF, 0xFF, 0xFF, 0xFF, 0xFF, /* FFF70 */
	0xFF, 0xFF, 0xFF, 0xFF, 0xFF, 0xFF, 0xFF, 0xFF, 0xFF, 0xFF, 0xFF, 0xFF, 0xFF, 0xFF, 0xFF, 0xFF, /* FFF80 */
	0xFF, 0xFF, 0xFF, 0xFF, 0xFF, 0xFF, 0xFF, 0xFF, 0xFF, 0xFF, 0xFF, 0xFF, 0xFF, 0xFF, 0xFF, 0xFF, /* FFF90 */
	0xFF, 0xFF, 0xFF, 0xFF, 0xFF, 0xFF, 0xFF, 0xFF, 0xFF, 0xFF, 0xFF, 0xFF, 0xFF, 0xFF, 0xFF, 0xFF, /* FFFA0 */
	0xFF, 0xFF, 0xFF, 0xFF, 0xFF, 0xFF, 0xFF, 0xFF, 0xFF, 0xFF, 0xFF, 0xFF, 0xFF, 0xFF, 0xFF, 0xFF, /* FFFB0 */
	0xFF, 0xFF, 0xFF, 0xFF, 0xFF, 0xFF, 0xFF, 0xFF, 0xFF, 0xFF, 0xFF, 0xFF, 0xFF, 0xFF, 0xFF, 0xFF, /* FFFC0 */
	0xFF, 0xFF, 0xFF, 0xFF, 0xFF, 0xFF, 0xFF, 0xFF, 0xFF, 0xFF, 0xFF, 0xFF, 0xFF, 0xFF, 0xFF, 0xFF, /* FFFD0 */
	0xFF, 0xFF, 0xFF, 0xFF, 0xFF, 0xFF, 0xFF, 0xFF, 0xFF, 0xFF, 0xFF, 0xFF, 0xFF, 0xFF, 0xFF, 0xFF, /* FFFE0 */
	0xEA, 0x00, 0x00, 0x00, 0xEC, 0xFF, 0xFF, 0xFF, 0xFF, 0xFF, 0xFF, 0xFF, 0xFF, 0xFF, 0xFF, 0xFF, /* FFFF0 */
};
