/* Generated by tools/rom_extract.py from the Prose 2000 ROM dumps; do not edit.
 * Sources (SHA-1):
 *   549ef1aa28d5664d4198cbc1826b31020d6c4870  v3.4.1__2000__2.u22
 *   2b90b3c227012f2085719e6283da08afb36f394f  v3.4.1__2000__3.u45
 *   e1d3e7ba309b29a9c3edbe3d22becf82eae50a31  v3.4.1__2000__0.u21
 *   6512a8c2641e032ef6bb0889490d82f5d4399575  v3.4.1__2000__1.u44
 *   6e184747db2f26e45d0e02907105ff192e51baba  v3.12__8-9-88__dsp_data.u29
 */
#include "prose_data.h"

/* segment E900 (linear E9000-F268D): the pronunciation lexicon, index at E900:0200 (REFERENCE 9.3-9.6) */
const uint8_t prose_lexicon[0x968E] = {
	0x36, 0x00, 0x52, 0x00, 0x6A, 0x00, 0x88, 0x00, 0xA6, 0x00, 0xC4, 0x00, 0xDE, 0x00, 0xFA, 0x00, /* E9000 */
	0x18, 0x01, 0x36, 0x01, 0x50, 0x01, 0x66, 0x01, 0x7E, 0x01, 0x9A, 0x01, 0xB4, 0x01, 0xD0, 0x01, /* E9010 */
	0xEE, 0x01, 0x08, 0x02, 0x24, 0x02, 0x42, 0x02, 0x5C, 0x02, 0x76, 0x02, 0x90, 0x02, 0xA4, 0x02, /* E9020 */
	0xAE, 0x02, 0xC2, 0x02, 0xD0, 0x02, 0xD2, 0x02, 0xD4, 0x02, 0xE7, 0x02, 0x26, 0x03, 0xE5, 0x03, /* E9030 */
	0xBF, 0x05, 0xC4, 0x07, 0xCB, 0x09, 0xB3, 0x0B, 0xB2, 0x0D, 0x4B, 0x0E, 0xB2, 0x0E, 0x39, 0x0F, /* E9040 */
	0x72, 0x0F, 0x7D, 0x0F, 0x80, 0x0F, 0x88, 0x0F, 0x9F, 0x0F, 0x1A, 0x10, 0x0B, 0x11, 0x6D, 0x12, /* E9050 */
	0xB3, 0x13, 0xFE, 0x14, 0xEE, 0x15, 0xAC, 0x16, 0xF7, 0x16, 0x0F, 0x17, 0x12, 0x17, 0x12, 0x17, /* E9060 */
	0x31, 0x17, 0xA2, 0x17, 0x00, 0x19, 0x78, 0x1B, 0xFF, 0x1E, 0x8D, 0x21, 0xBD, 0x23, 0xD0, 0x24, /* E9070 */
	0xC8, 0x25, 0x2A, 0x26, 0x75, 0x26, 0xB2, 0x26, 0xD3, 0x26, 0xD6, 0x26, 0xDA, 0x26, 0xF9, 0x26, /* E9080 */
	0x69, 0x27, 0x64, 0x28, 0x20, 0x2A, 0xA4, 0x2B, 0xF3, 0x2C, 0x40, 0x2E, 0xE3, 0x2E, 0x51, 0x2F, /* E9090 */
	0x6D, 0x2F, 0x9F, 0x2F, 0x9F, 0x2F, 0xAB, 0x2F, 0xAD, 0x2F, 0xAD, 0x2F, 0xD2, 0x2F, 0x2C, 0x30, /* E90A0 */
	0x39, 0x31, 0x72, 0x32, 0x93, 0x33, 0xBD, 0x34, 0xAB, 0x35, 0x4B, 0x36, 0x7E, 0x36, 0xB4, 0x36, /* E90B0 */
	0xDA, 0x36, 0xDA, 0x36, 0xE6, 0x36, 0xE9, 0x36, 0xF1, 0x36, 0x0A, 0x37, 0x56, 0x37, 0xB3, 0x37, /* E90C0 */
	0x64, 0x38, 0x12, 0x39, 0x22, 0x3A, 0xC2, 0x3A, 0xFD, 0x3A, 0x1A, 0x3B, 0x1A, 0x3B, 0x24, 0x3B, /* E90D0 */
	0x27, 0x3B, 0x2B, 0x3B, 0x43, 0x3B, 0x78, 0x3B, 0x06, 0x3C, 0xD1, 0x3C, 0x9D, 0x3D, 0x81, 0x3E, /* E90E0 */
	0x1E, 0x3F, 0x53, 0x3F, 0x81, 0x3F, 0x81, 0x3F, 0x9E, 0x3F, 0xB2, 0x3F, 0xB5, 0x3F, 0xB9, 0x3F, /* E90F0 */
	0xDB, 0x3F, 0x53, 0x40, 0xF7, 0x40, 0x05, 0x42, 0x65, 0x43, 0x0C, 0x44, 0xB7, 0x44, 0x2F, 0x45, /* E9100 */
	0x49, 0x45, 0x7A, 0x45, 0x98, 0x45, 0x98, 0x45, 0xAD, 0x45, 0xAF, 0x45, 0xBF, 0x45, 0xE8, 0x45, /* E9110 */
	0x54, 0x46, 0xD7, 0x46, 0xBD, 0x47, 0xBC, 0x48, 0xA7, 0x49, 0x8C, 0x4A, 0xB9, 0x4A, 0x04, 0x4B, /* E9120 */
	0x49, 0x4B, 0x49, 0x4B, 0x7D, 0x4B, 0xAB, 0x4B, 0xAE, 0x4B, 0xAE, 0x4B, 0xB3, 0x4B, 0xD8, 0x4B, /* E9130 */
	0x56, 0x4C, 0xF2, 0x4C, 0x68, 0x4D, 0xCC, 0x4D, 0xE2, 0x4D, 0xFC, 0x4D, 0x0D, 0x4E, 0x0D, 0x4E, /* E9140 */
	0x2B, 0x4E, 0x2E, 0x4E, 0x2E, 0x4E, 0x38, 0x4E, 0x49, 0x4E, 0x7D, 0x4E, 0xD0, 0x4E, 0x12, 0x4F, /* E9150 */
	0x4D, 0x4F, 0x69, 0x4F, 0x71, 0x4F, 0x7A, 0x4F, 0x7D, 0x4F, 0x85, 0x4F, 0xA7, 0x4F, 0x63, 0x50, /* E9160 */
	0x33, 0x51, 0x4C, 0x52, 0x26, 0x53, 0x1F, 0x54, 0x9E, 0x54, 0xEB, 0x54, 0x16, 0x55, 0x25, 0x55, /* E9170 */
	0x28, 0x55, 0x30, 0x55, 0x43, 0x55, 0xA8, 0x55, 0x01, 0x57, 0x4E, 0x59, 0xD0, 0x5A, 0x31, 0x5D, /* E9180 */
	0x0C, 0x5E, 0xCC, 0x5E, 0x17, 0x5F, 0x6E, 0x5F, 0xB2, 0x5F, 0xBD, 0x5F, 0xC0, 0x5F, 0xC4, 0x5F, /* E9190 */
	0xDA, 0x5F, 0x0A, 0x60, 0x7D, 0x60, 0x53, 0x61, 0xF7, 0x61, 0xC9, 0x62, 0xFE, 0x62, 0x30, 0x63, /* E91A0 */
	0x48, 0x63, 0x88, 0x63, 0x92, 0x63, 0x94, 0x63, 0xA8, 0x63, 0xCA, 0x63, 0x2A, 0x64, 0xAD, 0x64, /* E91B0 */
	0x39, 0x65, 0xEC, 0x65, 0x79, 0x66, 0xAA, 0x66, 0xC6, 0x66, 0xF7, 0x66, 0x0B, 0x67, 0x0B, 0x67, /* E91C0 */
	0x1F, 0x67, 0x22, 0x67, 0x22, 0x67, 0x3D, 0x67, 0xA5, 0x67, 0x74, 0x68, 0x5F, 0x6A, 0x19, 0x6D, /* E91D0 */
	0xE1, 0x6E, 0x0B, 0x70, 0xF1, 0x70, 0x85, 0x71, 0xFB, 0x71, 0x2A, 0x72, 0x4A, 0x72, 0x6B, 0x72, /* E91E0 */
	0x6F, 0x72, 0x6F, 0x72, 0x75, 0x72, 0x75, 0x72, 0x81, 0x72, 0x8D, 0x72, 0xA4, 0x72, 0xA4, 0x72, /* E91F0 */
	0xB1, 0x72, 0xB1, 0x72, 0xBA, 0x72, 0xC4, 0x72, 0xDE, 0x72, 0xE0, 0x72, 0xE4, 0x72, 0xF1, 0x72, /* E9200 */
	0x45, 0x73, 0x8B, 0x74, 0x75, 0x76, 0x04, 0x78, 0x0F, 0x79, 0xF5, 0x79, 0xAF, 0x7A, 0x5E, 0x7B, /* E9210 */
	0x98, 0x7B, 0xA2, 0x7B, 0xE3, 0x7B, 0xE6, 0x7B, 0xEE, 0x7B, 0x21, 0x7C, 0xB3, 0x7C, 0xD8, 0x7D, /* E9220 */
	0x1C, 0x80, 0x41, 0x82, 0xDE, 0x83, 0x42, 0x85, 0xE6, 0x85, 0x8F, 0x86, 0xA1, 0x86, 0xC7, 0x86, /* E9230 */
	0xE5, 0x86, 0xFD, 0x86, 0x00, 0x87, 0x04, 0x87, 0x2A, 0x87, 0xB5, 0x87, 0x71, 0x88, 0x9D, 0x89, /* E9240 */
	0xBA, 0x8A, 0xA0, 0x8B, 0x41, 0x8C, 0xC7, 0x8C, 0x1E, 0x8D, 0x28, 0x8D, 0x32, 0x8D, 0x35, 0x8D, /* E9250 */
	0x3D, 0x8D, 0x4C, 0x8D, 0x6A, 0x8D, 0xA5, 0x8D, 0xDB, 0x8D, 0x4D, 0x8E, 0x75, 0x8E, 0x9B, 0x8E, /* E9260 */
	0xB0, 0x8E, 0xB9, 0x8E, 0xC3, 0x8E, 0xCD, 0x8E, 0xD0, 0x8E, 0xD0, 0x8E, 0xD9, 0x8E, 0xFE, 0x8E, /* E9270 */
	0x39, 0x8F, 0x83, 0x8F, 0xDB, 0x8F, 0x45, 0x90, 0xB7, 0x90, 0x0E, 0x91, 0x20, 0x91, 0x3C, 0x91, /* E9280 */
	0x50, 0x91, 0x55, 0x91, 0x59, 0x91, 0x7A, 0x91, 0xEE, 0x91, 0x80, 0x92, 0x10, 0x93, 0xDE, 0x93, /* E9290 */
	0x64, 0x94, 0xFC, 0x94, 0x7D, 0x95, 0x81, 0x95, 0x81, 0x95, 0x87, 0x95, 0x87, 0x95, 0x90, 0x95, /* E92A0 */
	0x93, 0x95, 0x93, 0x95, 0xA1, 0x95, 0xB0, 0x95, 0xD7, 0x95, 0xFE, 0x95, 0x07, 0x96, 0x2C, 0x96, /* E92B0 */
	0x2C, 0x96, 0x49, 0x96, 0x4C, 0x96, 0x4C, 0x96, 0x56, 0x96, 0x62, 0x96, 0x72, 0x96, 0x7A, 0x96, /* E92C0 */
	0x8D, 0x96, 0x31, 0x00, 0xA2, 0x93, 0x61, 0x02, 0xA2, 0x94, 0x51, 0x00, 0x32, 0x8E, 0x31, 0x02, /* E92D0 */
	0x32, 0x8D, 0x31, 0x01, 0x01, 0x88, 0x0F, 0xE3, 0x2E, 0x84, 0x0E, 0x04, 0xC1, 0x32, 0xC9, 0x72, /* E92E0 */
	0x6C, 0xDC, 0x2A, 0x73, 0xCE, 0x95, 0x0E, 0x05, 0x63, 0xA3, 0x84, 0x4B, 0x04, 0x63, 0x53, 0x87, /* E92F0 */
	0x13, 0x0B, 0x00, 0x67, 0x03, 0x03, 0x03, 0x64, 0x03, 0x84, 0x02, 0x02, 0x43, 0x04, 0x0B, 0x00, /* E9300 */
	0x93, 0x03, 0x03, 0x02, 0x80, 0x07, 0x1A, 0x03, 0x04, 0x05, 0x04, 0x00, 0x03, 0x16, 0x05, 0x16, /* E9310 */
	0x00, 0x03, 0x4D, 0x05, 0x0D, 0x05, 0x04, 0x8C, 0x3F, 0xB7, 0x4A, 0x3F, 0x43, 0x17, 0x65, 0x40, /* E9320 */
	0x07, 0x01, 0x04, 0x32, 0x05, 0x6B, 0x12, 0x01, 0x03, 0x62, 0x14, 0x01, 0xB2, 0x00, 0x05, 0x58, /* E9330 */
	0x4D, 0x21, 0x4B, 0xF3, 0x13, 0x00, 0x74, 0x37, 0x0C, 0x00, 0x53, 0x05, 0x0C, 0x00, 0x04, 0x35, /* E9340 */
	0x0C, 0x00, 0x2C, 0x61, 0x0C, 0x00, 0x2C, 0x0D, 0x0C, 0x03, 0x75, 0x52, 0x21, 0x5E, 0x00, 0x03, /* E9350 */
	0x6C, 0x64, 0x21, 0x2C, 0x01, 0x63, 0x6C, 0x64, 0x00, 0x2C, 0x01, 0x00, 0x2D, 0x39, 0x07, 0x03, /* E9360 */
	0x22, 0x31, 0x01, 0xB2, 0x00, 0x00, 0x43, 0x11, 0x0C, 0x00, 0x12, 0x09, 0x0C, 0x04, 0x0C, 0x4D, /* E9370 */
	0x00, 0x8C, 0x4D, 0x62, 0x43, 0x14, 0x01, 0x0B, 0x04, 0x0C, 0x39, 0x21, 0x0C, 0x38, 0x00, 0x86, /* E9380 */
	0x3E, 0x0D, 0x05, 0x30, 0x61, 0x41, 0x90, 0x2D, 0x13, 0x00, 0x23, 0x65, 0x0D, 0x04, 0xAC, 0x3C, /* E9390 */
	0xA1, 0x5A, 0x3C, 0x00, 0x39, 0x49, 0x0C, 0x04, 0x76, 0x3B, 0x41, 0x06, 0x38, 0x04, 0x6D, 0x4F, /* E93A0 */
	0x01, 0x0D, 0x4C, 0x04, 0x56, 0x4D, 0x41, 0xF6, 0x4C, 0x00, 0x4B, 0x39, 0x0C, 0x00, 0x0A, 0x49, /* E93B0 */
	0x03, 0x00, 0x72, 0x3B, 0x0C, 0x04, 0x5A, 0x69, 0x40, 0x1A, 0x69, 0x05, 0xB2, 0x39, 0x6F, 0x72, /* E93C0 */
	0x89, 0x0E, 0x02, 0x6E, 0x16, 0x21, 0x0E, 0x04, 0x63, 0x15, 0x21, 0x3B, 0x15, 0x00, 0xAC, 0x35, /* E93D0 */
	0x0C, 0x00, 0xB3, 0x24, 0x0D, 0x44, 0x62, 0x57, 0x14, 0x00, 0x9A, 0x14, 0x44, 0xA6, 0x14, 0x92, /* E93E0 */
	0x11, 0x52, 0x1F, 0x04, 0x07, 0x25, 0x0E, 0x10, 0x97, 0x0E, 0x44, 0x6D, 0x3B, 0x07, 0x30, 0xD9, /* E93F0 */
	0x3E, 0x44, 0x6C, 0x3B, 0x07, 0x30, 0xBC, 0x3E, 0x44, 0x62, 0x5B, 0x05, 0x00, 0xDA, 0x16, 0x64, /* E9400 */
	0x90, 0x30, 0x19, 0x40, 0x30, 0x09, 0x63, 0x6C, 0x3C, 0x17, 0x30, 0x98, 0x00, 0x4C, 0x59, 0x05, /* E9410 */
	0x03, 0x05, 0x90, 0x26, 0x0C, 0x41, 0x48, 0xBC, 0x0A, 0x04, 0x2E, 0x17, 0x92, 0xF1, 0x1E, 0x1F, /* E9420 */
	0x64, 0x32, 0x57, 0xC5, 0x12, 0x67, 0x22, 0x04, 0x2E, 0x17, 0x0C, 0x31, 0x2A, 0x2C, 0x60, 0xA2, /* E9430 */
	0x4D, 0x05, 0x03, 0x05, 0xA2, 0x4D, 0x05, 0x00, 0x66, 0x62, 0x03, 0x04, 0x6C, 0x14, 0x8E, 0xA1, /* E9440 */
	0xF2, 0x0E, 0x05, 0x4C, 0x15, 0x0E, 0x31, 0x14, 0x3C, 0x0E, 0x00, 0xB4, 0x24, 0x03, 0x0C, 0x00, /* E9450 */
	0x26, 0x26, 0x18, 0x0D, 0x60, 0x26, 0x26, 0x18, 0x03, 0x00, 0x4C, 0x0D, 0x05, 0x0C, 0x00, 0x92, /* E9460 */
	0x3E, 0x17, 0x0D, 0x00, 0x93, 0x17, 0x14, 0x0D, 0x00, 0x74, 0x04, 0x13, 0x0C, 0x02, 0x89, 0x33, /* E9470 */
	0x05, 0xB9, 0x00, 0x00, 0x67, 0x3B, 0x19, 0x31, 0x00, 0x53, 0x05, 0x0E, 0x0C, 0x05, 0x4C, 0x09, /* E9480 */
	0x89, 0xA1, 0xF2, 0x02, 0x09, 0x00, 0x6C, 0x14, 0x19, 0x0D, 0x04, 0x2C, 0x07, 0x85, 0xA1, 0x2A, /* E9490 */
	0x05, 0x05, 0x90, 0x3E, 0x0E, 0x41, 0x48, 0x00, 0x0E, 0x05, 0x32, 0x39, 0x01, 0x40, 0x16, 0x0E, /* E94A0 */
	0x00, 0x00, 0x32, 0x3F, 0x0E, 0x0D, 0x05, 0x16, 0x39, 0x94, 0x51, 0xBE, 0x4E, 0x04, 0x04, 0xB5, /* E94B0 */
	0x3C, 0xD3, 0x57, 0x3C, 0x1A, 0x63, 0x43, 0x14, 0x13, 0x21, 0x4F, 0x64, 0x44, 0x14, 0x12, 0x10, /* E94C0 */
	0x20, 0x20, 0x05, 0x64, 0x33, 0x06, 0x11, 0xBC, 0x2A, 0x06, 0x64, 0x47, 0x39, 0x07, 0x21, 0xF2, /* E94D0 */
	0x3E, 0x00, 0x6C, 0x04, 0x0E, 0x0C, 0x55, 0xAC, 0x20, 0xCF, 0xA7, 0xE2, 0x1D, 0x0F, 0x00, 0x04, /* E94E0 */
	0x1D, 0x05, 0x0C, 0x00, 0x2C, 0x3F, 0x0C, 0x0D, 0x00, 0x6C, 0x3C, 0x19, 0x0D, 0x00, 0xAC, 0x04, /* E94F0 */
	0x12, 0x0C, 0x00, 0x93, 0x14, 0x0E, 0x0C, 0x00, 0xB3, 0x3C, 0x0E, 0x0C, 0x04, 0x13, 0x27, 0x89, /* E9500 */
	0x41, 0x2F, 0x05, 0x04, 0x89, 0x16, 0x93, 0x4B, 0x16, 0x1A, 0x00, 0x47, 0x31, 0x05, 0x0C, 0x00, /* E9510 */
	0x6C, 0x24, 0x13, 0x0C, 0x05, 0x36, 0x49, 0x19, 0x51, 0x7E, 0x12, 0x05, 0x05, 0x82, 0x06, 0x0D, /* E9520 */
	0x01, 0x4A, 0x00, 0x0D, 0x04, 0x81, 0x3E, 0x8E, 0x4B, 0x02, 0x0E, 0x00, 0x67, 0x16, 0x13, 0x0C, /* E9530 */
	0x05, 0x6D, 0x4B, 0x19, 0x31, 0x01, 0x12, 0x05, 0x04, 0x24, 0x31, 0x05, 0x10, 0x94, 0x2A, 0x00, /* E9540 */
	0x64, 0x14, 0x12, 0x0C, 0x05, 0x52, 0x05, 0x93, 0x4F, 0x16, 0x40, 0x0A, 0x00, 0x53, 0x17, 0x17, /* E9550 */
	0x03, 0x00, 0xAE, 0x3C, 0x0E, 0x0D, 0x00, 0x24, 0x24, 0x05, 0x0D, 0x05, 0x22, 0x54, 0x8C, 0x01, /* E9560 */
	0x12, 0xB5, 0x0A, 0x00, 0x68, 0x15, 0x04, 0x0D, 0x00, 0x76, 0x16, 0x14, 0x0D, 0x00, 0x6C, 0x24, /* E9570 */
	0x05, 0x0D, 0x05, 0x52, 0x15, 0x8C, 0x4B, 0x16, 0x80, 0x0A, 0x04, 0x63, 0x4B, 0x0E, 0x21, 0x9F, /* E9580 */
	0x0E, 0x05, 0x64, 0x0B, 0x05, 0x10, 0x3C, 0x02, 0x05, 0x00, 0x4D, 0x51, 0x19, 0x31, 0x00, 0x0C, /* E9590 */
	0x35, 0x0F, 0x31, 0x06, 0x2E, 0x48, 0x85, 0x3F, 0x12, 0x52, 0x0D, 0x01, 0x04, 0x69, 0x15, 0x05, /* E95A0 */
	0x31, 0x75, 0x01, 0x00, 0x13, 0x3F, 0x14, 0x0D, 0x04, 0x2C, 0x17, 0x92, 0xA1, 0x2A, 0x1F, 0x40, /* E95B0 */
	0x72, 0x57, 0x2E, 0x00, 0x03, 0x05, 0xAC, 0x07, 0x99, 0xDF, 0x6A, 0x07, 0x69, 0x07, 0x6C, 0x3D, /* E95C0 */
	0xB3, 0xDC, 0x2A, 0x7D, 0x3E, 0x53, 0x04, 0x45, 0x83, 0x3E, 0x93, 0x03, 0x4B, 0xB2, 0x4F, 0x64, /* E95D0 */
	0x8E, 0x5F, 0x85, 0x86, 0x4E, 0x73, 0x03, 0x16, 0xCE, 0x3D, 0x2E, 0x95, 0x0E, 0x55, 0xDB, 0x0E, /* E95E0 */
	0x00, 0xB4, 0x04, 0x43, 0x03, 0x03, 0x00, 0x93, 0x14, 0xA3, 0x00, 0x0D, 0x00, 0x2C, 0x4A, 0x25, /* E95F0 */
	0x00, 0x0C, 0x60, 0x87, 0x16, 0x25, 0x00, 0x03, 0x65, 0x92, 0x06, 0x2E, 0x03, 0x12, 0x31, 0x2A, /* E9600 */
	0x05, 0x35, 0x57, 0xB3, 0xDC, 0xC7, 0x4C, 0x53, 0x06, 0x35, 0x57, 0xB3, 0xDC, 0x47, 0xDD, 0x4E, /* E9610 */
	0x14, 0x00, 0xB5, 0x20, 0x8F, 0x02, 0x0C, 0x00, 0x86, 0x26, 0x03, 0x01, 0x30, 0x00, 0x36, 0x39, /* E9620 */
	0x35, 0x01, 0x31, 0x60, 0x03, 0x17, 0x93, 0x03, 0x0D, 0x65, 0x73, 0x14, 0x85, 0x00, 0x13, 0x1C, /* E9630 */
	0x41, 0x05, 0xCE, 0x21, 0xAF, 0x97, 0x0E, 0x95, 0x98, 0x00, 0x53, 0x04, 0x2D, 0x01, 0x03, 0x64, /* E9640 */
	0x6C, 0x14, 0x27, 0x01, 0x8C, 0x25, 0x02, 0x05, 0x25, 0x17, 0x61, 0x02, 0x0A, 0x05, 0x38, 0x04, /* E9650 */
	0x0E, 0x23, 0x8F, 0x86, 0x3E, 0x7B, 0x03, 0x06, 0x0C, 0x06, 0xCE, 0xDD, 0x2A, 0x02, 0x38, 0x05, /* E9660 */
	0x60, 0x24, 0x24, 0xA3, 0x00, 0x03, 0x00, 0x24, 0x24, 0xA3, 0x00, 0x0C, 0x06, 0xAC, 0x35, 0x4E, /* E9670 */
	0x01, 0xCC, 0x36, 0x39, 0x09, 0x00, 0x03, 0x17, 0xAE, 0x00, 0x0D, 0x00, 0x54, 0x14, 0x8E, 0x03, /* E9680 */
	0x0C, 0x00, 0x12, 0x09, 0x09, 0x03, 0x30, 0xF4, 0x57, 0x24, 0x2C, 0x01, 0x17, 0xA9, 0x02, 0x06, /* E9690 */
	0x84, 0x26, 0x61, 0x06, 0x44, 0x12, 0x01, 0x0E, 0x06, 0x4C, 0x07, 0x4C, 0x85, 0x2A, 0x0B, 0xA8, /* E96A0 */
	0x09, 0x00, 0x2E, 0x48, 0x05, 0x01, 0x34, 0x60, 0x93, 0x17, 0xAE, 0x00, 0x03, 0x00, 0x10, 0x51, /* E96B0 */
	0xC8, 0x01, 0x31, 0x00, 0x13, 0x17, 0xAE, 0x00, 0x03, 0x00, 0x53, 0x3C, 0x32, 0x01, 0x03, 0x00, /* E96C0 */
	0x47, 0x04, 0xB3, 0x00, 0x03, 0x00, 0x2E, 0x17, 0x6C, 0x03, 0x31, 0x00, 0x16, 0x31, 0x6F, 0x02, /* E96D0 */
	0x31, 0x00, 0x8C, 0x24, 0x2E, 0x01, 0x0D, 0x00, 0x0C, 0x26, 0x6F, 0x02, 0x34, 0x06, 0xB2, 0x06, /* E96E0 */
	0x04, 0xC9, 0x56, 0x8D, 0x11, 0x00, 0x00, 0x07, 0x51, 0x08, 0x01, 0x30, 0x00, 0x6C, 0x04, 0x32, /* E96F0 */
	0x00, 0x0C, 0x00, 0x2E, 0x17, 0x0C, 0x01, 0x30, 0x00, 0x12, 0x1D, 0x6F, 0x02, 0x31, 0x05, 0x26, /* E9700 */
	0x23, 0x61, 0x86, 0x06, 0x87, 0x39, 0x05, 0x10, 0x0D, 0x28, 0x01, 0x90, 0x01, 0x17, 0x00, 0x72, /* E9710 */
	0x16, 0xB4, 0x00, 0x07, 0x06, 0x4C, 0x0D, 0x05, 0x01, 0x0C, 0x45, 0x17, 0x00, 0x00, 0x56, 0x31, /* E9720 */
	0x85, 0x03, 0x0C, 0x05, 0x6C, 0x48, 0x25, 0xDC, 0x6A, 0x92, 0x11, 0x05, 0x64, 0x33, 0x50, 0x04, /* E9730 */
	0x84, 0xAF, 0x1A, 0x03, 0x12, 0x23, 0x29, 0xC9, 0x03, 0x05, 0x07, 0x2E, 0x48, 0x85, 0xBF, 0x0E, /* E9740 */
	0x44, 0x76, 0x41, 0x03, 0x00, 0x07, 0x5D, 0x61, 0x01, 0x31, 0x00, 0x2C, 0x24, 0x2E, 0x01, 0x07, /* E9750 */
	0x00, 0x95, 0x3E, 0x12, 0x01, 0x0C, 0x00, 0xAC, 0x35, 0xC1, 0x00, 0x35, 0x00, 0x2D, 0x51, 0x45, /* E9760 */
	0x03, 0x31, 0x05, 0x69, 0x14, 0x65, 0x26, 0x4C, 0x1D, 0x39, 0x00, 0x2C, 0x3E, 0x8E, 0x03, 0x07, /* E9770 */
	0x00, 0x0D, 0x11, 0x8F, 0x02, 0x31, 0x00, 0xB3, 0x48, 0x29, 0x00, 0x0C, 0x06, 0xD3, 0x31, 0x75, /* E9780 */
	0x01, 0x13, 0x39, 0x00, 0x0D, 0x00, 0x53, 0x0C, 0x61, 0x02, 0x0D, 0x06, 0x12, 0x07, 0x14, 0xC9, /* E9790 */
	0x4B, 0x0D, 0x51, 0x00, 0x00, 0x4C, 0x4D, 0x6F, 0x02, 0x30, 0x05, 0x72, 0x24, 0x2E, 0xC9, 0x4C, /* E97A0 */
	0x1D, 0x39, 0x00, 0x90, 0x24, 0x61, 0x02, 0x34, 0x60, 0x17, 0x2D, 0x65, 0x02, 0x0C, 0x00, 0x6E, /* E97B0 */
	0x56, 0x61, 0x00, 0x34, 0x05, 0x6E, 0x53, 0x28, 0x49, 0x00, 0xDE, 0xE2, 0x1F, 0x46, 0x07, 0x25, /* E97C0 */
	0x8E, 0x53, 0x00, 0x97, 0x39, 0x53, 0x04, 0x07, 0x8C, 0x16, 0x21, 0x64, 0xB7, 0x4A, 0x76, 0x25, /* E97D0 */
	0x14, 0x01, 0x05, 0x36, 0x49, 0x21, 0x17, 0x61, 0x46, 0xF2, 0x0A, 0x06, 0x0E, 0x27, 0x65, 0x52, /* E97E0 */
	0x01, 0x0E, 0xF3, 0x4E, 0x04, 0x08, 0xCE, 0x24, 0xA5, 0x64, 0xE1, 0x6E, 0x76, 0xC9, 0xDC, 0x14, /* E97F0 */
	0x60, 0x24, 0x48, 0x85, 0x4F, 0x03, 0x00, 0x24, 0x48, 0x85, 0x4F, 0x0D, 0x00, 0x2E, 0x17, 0x2C, /* E9800 */
	0x4D, 0x30, 0x65, 0x90, 0x48, 0xAF, 0x16, 0x40, 0x40, 0x8A, 0x16, 0x00, 0x86, 0x26, 0x03, 0x39, /* E9810 */
	0x30, 0x00, 0x0D, 0x51, 0xA5, 0x49, 0x30, 0x00, 0x52, 0x69, 0x6F, 0x06, 0x8C, 0x05, 0x83, 0x16, /* E9820 */
	0x21, 0x17, 0x01, 0x4B, 0xF2, 0x0A, 0x60, 0x0E, 0x31, 0xD9, 0x16, 0x31, 0x00, 0x0C, 0x3F, 0x68, /* E9830 */
	0x33, 0x31, 0x00, 0x12, 0x23, 0xA9, 0x16, 0x0D, 0x60, 0x35, 0x37, 0x65, 0x52, 0x07, 0x00, 0x54, /* E9840 */
	0x30, 0xA5, 0x14, 0x0D, 0x06, 0x85, 0x3E, 0x73, 0x33, 0x6B, 0x02, 0x4C, 0xAF, 0x0A, 0x00, 0x22, /* E9850 */
	0x3C, 0x2D, 0x39, 0x30, 0x07, 0x82, 0x06, 0x08, 0x35, 0x01, 0x42, 0x02, 0xA4, 0x31, 0x01, 0x60, /* E9860 */
	0x4E, 0x35, 0xA1, 0x14, 0x31, 0x00, 0x4E, 0x35, 0xA1, 0x14, 0x30, 0x09, 0x56, 0x3D, 0x4E, 0x0D, /* E9870 */
	0x1E, 0x51, 0x16, 0x9D, 0x3F, 0xF2, 0x0B, 0x00, 0x04, 0x35, 0x61, 0x52, 0x30, 0x00, 0x12, 0x26, /* E9880 */
	0x34, 0x49, 0x30, 0x06, 0x35, 0x54, 0x62, 0x3B, 0x37, 0x04, 0x08, 0x2F, 0x0E, 0x00, 0x23, 0x51, /* E9890 */
	0x6F, 0x16, 0x31, 0x46, 0x6D, 0x3B, 0x87, 0x53, 0x00, 0xDD, 0xFA, 0x53, 0x04, 0x00, 0x82, 0x0F, /* E98A0 */
	0x85, 0x4F, 0x0D, 0x60, 0x67, 0x3B, 0xC9, 0x16, 0x31, 0x00, 0x93, 0x20, 0x61, 0x50, 0x0D, 0x06, /* E98B0 */
	0x54, 0x14, 0x89, 0x53, 0x41, 0x18, 0xF1, 0x53, 0x04, 0x00, 0x93, 0x24, 0x52, 0x39, 0x30, 0x07, /* E98C0 */
	0x4C, 0x07, 0x4C, 0x4D, 0xA1, 0x2A, 0x03, 0x0C, 0x69, 0x02, 0x66, 0x0E, 0x31, 0x99, 0x17, 0x21, /* E98D0 */
	0x0E, 0x30, 0x49, 0x0A, 0x00, 0x6C, 0x14, 0x32, 0x67, 0x31, 0x00, 0x2C, 0x17, 0x82, 0x06, 0x30, /* E98E0 */
	0x07, 0x90, 0x26, 0x63, 0x53, 0x45, 0x40, 0xF2, 0x8B, 0x5F, 0x00, 0x00, 0x12, 0x4F, 0x69, 0x16, /* E98F0 */
	0x0D, 0x00, 0xAC, 0x06, 0x32, 0x69, 0x31, 0x00, 0x47, 0x31, 0xA9, 0x64, 0x31, 0x08, 0x0C, 0x35, /* E9900 */
	0x25, 0x04, 0x9E, 0xA1, 0x02, 0x0D, 0x15, 0x00, 0x07, 0xAC, 0x3C, 0x6F, 0x06, 0xA1, 0x5A, 0x74, /* E9910 */
	0x22, 0x0E, 0x00, 0x00, 0x42, 0x31, 0x65, 0x16, 0x23, 0x00, 0x6C, 0x24, 0x73, 0x3B, 0x30, 0x00, /* E9920 */
	0x24, 0x24, 0x73, 0x3B, 0x30, 0x00, 0x42, 0x1D, 0x41, 0x31, 0x31, 0x06, 0x24, 0x31, 0x69, 0x16, /* E9930 */
	0x21, 0xF4, 0x30, 0x09, 0x0E, 0x00, 0x12, 0x56, 0xB4, 0x4D, 0x1C, 0x00, 0xB4, 0x07, 0x34, 0x49, /* E9940 */
	0x35, 0x05, 0xA7, 0x25, 0x92, 0x16, 0x00, 0x87, 0x48, 0x01, 0x08, 0x2E, 0x48, 0x05, 0x4D, 0x21, /* E9950 */
	0x1E, 0x48, 0x1D, 0x01, 0x4C, 0x00, 0xA7, 0x25, 0x0C, 0x49, 0x31, 0x06, 0xAE, 0x3C, 0x69, 0x16, /* E9960 */
	0x21, 0x5E, 0x5C, 0x2F, 0x0E, 0x07, 0x72, 0x56, 0x2C, 0x3E, 0x32, 0x7E, 0xD5, 0x2A, 0x36, 0x03, /* E9970 */
	0x00, 0x2D, 0x49, 0x09, 0x3F, 0x31, 0x09, 0x84, 0x26, 0x61, 0x06, 0x1E, 0x11, 0x48, 0x45, 0x8D, /* E9980 */
	0x39, 0x00, 0x00, 0x64, 0x25, 0x12, 0x31, 0x30, 0x05, 0x4C, 0x1D, 0x2E, 0x49, 0x00, 0x2C, 0x39, /* E9990 */
	0x1F, 0x05, 0x12, 0x23, 0x85, 0x66, 0x32, 0x03, 0x48, 0x05, 0x00, 0x74, 0x37, 0xC9, 0x16, 0x31, /* E99A0 */
	0x06, 0xAE, 0x24, 0x0F, 0x23, 0x21, 0x5E, 0x14, 0x2F, 0x0B, 0x07, 0x72, 0x05, 0x2E, 0x3C, 0x32, /* E99B0 */
	0x7D, 0xBD, 0x0E, 0x34, 0x03, 0x00, 0x36, 0x49, 0x74, 0x3B, 0x30, 0x08, 0x2D, 0x49, 0x09, 0x07, /* E99C0 */
	0x0E, 0x30, 0xAD, 0xD2, 0x2C, 0x03, 0x0E, 0x55, 0xAC, 0x20, 0xAF, 0x1D, 0xC8, 0xA7, 0xE2, 0x1D, /* E99D0 */
	0x0F, 0x76, 0xCE, 0x51, 0x48, 0x39, 0x87, 0x35, 0x16, 0x98, 0xF9, 0x02, 0x08, 0x8C, 0x20, 0x01, /* E99E0 */
	0x16, 0x54, 0x8D, 0xA9, 0x06, 0x00, 0x96, 0x14, 0x00, 0x90, 0x04, 0x32, 0x39, 0x14, 0x0C, 0x00, /* E99F0 */
	0x24, 0x45, 0x15, 0x51, 0x05, 0x30, 0x06, 0xB4, 0x3C, 0x72, 0x16, 0x19, 0x50, 0xD8, 0x12, 0x1E, /* E9A00 */
	0x01, 0x06, 0x90, 0x48, 0xAF, 0x06, 0x0C, 0x40, 0x48, 0x62, 0xB6, 0x00, 0x00, 0x93, 0x17, 0x0D, /* E9A10 */
	0x32, 0x19, 0x0D, 0x00, 0x03, 0x57, 0x12, 0x0D, 0x19, 0xD1, 0x00, 0x82, 0x53, 0x12, 0x0D, 0x14, /* E9A20 */
	0x0D, 0x00, 0x82, 0x53, 0x12, 0x0D, 0x14, 0x07, 0x00, 0x03, 0x57, 0x12, 0x51, 0x05, 0x30, 0x60, /* E9A30 */
	0x02, 0x39, 0x64, 0x3B, 0x05, 0x0C, 0x06, 0x52, 0x07, 0x8E, 0x07, 0xD3, 0x22, 0xF3, 0x4E, 0xD3, /* E9A40 */
	0x03, 0x00, 0xB5, 0x3C, 0x6E, 0x37, 0x19, 0x71, 0x60, 0xA4, 0x3E, 0x03, 0x51, 0x05, 0x31, 0x00, /* E9A50 */
	0xA4, 0x3E, 0x03, 0x51, 0x05, 0x30, 0x08, 0x0E, 0x31, 0x99, 0x17, 0x13, 0x30, 0x86, 0xEA, 0x4C, /* E9A60 */
	0x17, 0x1A, 0x07, 0x44, 0x06, 0x23, 0x39, 0x14, 0x20, 0x06, 0xD3, 0x3C, 0x52, 0x00, 0x90, 0x14, /* E9A70 */
	0x54, 0x51, 0x05, 0x31, 0x00, 0x24, 0x45, 0x15, 0x0D, 0x19, 0xC1, 0x00, 0x56, 0x05, 0x54, 0x3D, /* E9A80 */
	0x0E, 0x9C, 0x00, 0xB4, 0x14, 0x2E, 0x14, 0x05, 0x0D, 0x00, 0x2E, 0x0D, 0x64, 0x53, 0x05, 0x31, /* E9A90 */
	0x00, 0x30, 0x49, 0xB4, 0x49, 0x05, 0x30, 0x67, 0x4C, 0x15, 0x0E, 0x51, 0x05, 0x31, 0x14, 0x00, /* E9AA0 */
	0x0E, 0x51, 0x00, 0x24, 0x24, 0x54, 0x59, 0x05, 0x30, 0x00, 0x44, 0x14, 0x32, 0x39, 0x14, 0x0C, /* E9AB0 */
	0x07, 0x6C, 0x25, 0x47, 0x50, 0xD9, 0xA7, 0x36, 0x1D, 0xD9, 0x14, 0x06, 0x6C, 0x4C, 0x14, 0x51, /* E9AC0 */
	0xC5, 0xA7, 0x4E, 0x14, 0x51, 0x00, 0x07, 0xAC, 0x24, 0xB4, 0x11, 0x85, 0xA1, 0x52, 0x69, 0x84, /* E9AD0 */
	0x12, 0x00, 0xA4, 0x3E, 0x03, 0x0D, 0x19, 0xC1, 0x00, 0x6C, 0x14, 0x67, 0x4B, 0x19, 0xC5, 0x00, /* E9AE0 */
	0x2D, 0x39, 0x01, 0x32, 0x05, 0x31, 0x00, 0x92, 0x3E, 0x07, 0x39, 0x14, 0x30, 0x00, 0xB3, 0x14, /* E9AF0 */
	0x52, 0x4D, 0x0B, 0x31, 0x07, 0x63, 0x57, 0xB3, 0x24, 0x03, 0x20, 0x8B, 0x53, 0xF4, 0x2C, 0x00, /* E9B00 */
	0x42, 0x39, 0xA7, 0x3C, 0x0E, 0x30, 0x00, 0x24, 0x31, 0x41, 0x11, 0x05, 0x31, 0x06, 0x0C, 0x4A, /* E9B10 */
	0x29, 0x23, 0xD4, 0xA7, 0x0A, 0x12, 0x59, 0x00, 0x07, 0x0C, 0x4A, 0x05, 0x23, 0xD4, 0xA7, 0x0A, /* E9B20 */
	0x92, 0x25, 0x53, 0x00, 0x8C, 0x20, 0x6F, 0x4E, 0x05, 0x07, 0x06, 0x84, 0x26, 0x65, 0x3A, 0x05, /* E9B30 */
	0x11, 0x48, 0xC5, 0x3C, 0x02, 0x09, 0x6C, 0x67, 0x53, 0x55, 0x53, 0x8E, 0xA9, 0x40, 0xA7, 0xCD, /* E9B40 */
	0x40, 0x03, 0x06, 0x4E, 0x14, 0x95, 0x17, 0x92, 0x31, 0x22, 0x49, 0x7A, 0x03, 0x06, 0x02, 0x51, /* E9B50 */
	0x74, 0x27, 0x92, 0x01, 0x02, 0x54, 0xC7, 0x02, 0x00, 0x13, 0x16, 0xB3, 0x3C, 0x13, 0x0C, 0x06, /* E9B60 */
	0xB5, 0x3C, 0x17, 0x4D, 0xC8, 0x57, 0x3C, 0x97, 0xCF, 0x03, 0x07, 0x2E, 0x17, 0x4C, 0x39, 0x85, /* E9B70 */
	0x31, 0x2A, 0x3C, 0x1C, 0x39, 0x06, 0x43, 0x24, 0x6C, 0x14, 0x13, 0x20, 0xA7, 0x0C, 0x65, 0x02, /* E9B80 */
	0x06, 0x83, 0x16, 0x53, 0x51, 0x05, 0x21, 0x7F, 0x13, 0x59, 0x00, 0x67, 0xA3, 0x24, 0x16, 0x51, /* E9B90 */
	0x85, 0x21, 0x53, 0x7C, 0x06, 0x51, 0x09, 0xB5, 0x3C, 0xC5, 0x14, 0x43, 0xDD, 0x53, 0xCF, 0x1C, /* E9BA0 */
	0x6B, 0x25, 0x0B, 0x00, 0x8D, 0x14, 0x92, 0x07, 0x2E, 0x00, 0x31, 0x00, 0xB5, 0x20, 0x8F, 0x26, /* E9BB0 */
	0xD4, 0x01, 0x31, 0x60, 0xA4, 0x16, 0xB2, 0x24, 0x33, 0x01, 0x35, 0x0A, 0x2C, 0x61, 0x61, 0x12, /* E9BC0 */
	0x85, 0x7A, 0xA1, 0xFA, 0x1C, 0x9A, 0x31, 0x12, 0x1F, 0x68, 0x03, 0x3F, 0x8D, 0x04, 0xCE, 0x01, /* E9BD0 */
	0xCB, 0x36, 0x41, 0x00, 0x1E, 0x01, 0x09, 0x90, 0x04, 0x12, 0x51, 0x95, 0x7B, 0x61, 0x00, 0x48, /* E9BE0 */
	0x61, 0xF4, 0x4C, 0x0A, 0x0D, 0x26, 0xA7, 0x3D, 0x95, 0x87, 0x0D, 0x72, 0xA5, 0x47, 0x89, 0x02, /* E9BF0 */
	0x13, 0x60, 0x93, 0x3F, 0x43, 0x05, 0x34, 0x01, 0x35, 0x00, 0x93, 0x3F, 0x43, 0x05, 0x34, 0x01, /* E9C00 */
	0x34, 0x07, 0xA6, 0x14, 0xB2, 0x07, 0x32, 0x84, 0x46, 0x74, 0x5F, 0x1F, 0x04, 0x08, 0x6E, 0x06, /* E9C10 */
	0x70, 0x33, 0x89, 0x03, 0x8E, 0x41, 0x00, 0xCC, 0x4C, 0x03, 0x06, 0x6C, 0x3C, 0x17, 0x39, 0x23, /* E9C20 */
	0x01, 0x8C, 0x06, 0x38, 0x13, 0x60, 0xB4, 0x48, 0x09, 0x56, 0x34, 0x01, 0x0D, 0x00, 0xB4, 0x48, /* E9C30 */
	0x09, 0x56, 0x34, 0x01, 0x31, 0x0B, 0x0D, 0x26, 0xA7, 0x25, 0xD4, 0x79, 0x21, 0x0D, 0xF2, 0x47, /* E9C40 */
	0x89, 0xF2, 0x34, 0x05, 0x60, 0x03, 0x57, 0xB3, 0x3C, 0x2D, 0x01, 0x0C, 0x60, 0x13, 0x17, 0xB2, /* E9C50 */
	0x04, 0x69, 0x02, 0x23, 0x09, 0xD5, 0x24, 0x4C, 0x05, 0xD2, 0xDD, 0x47, 0x7A, 0xA5, 0x2A, 0x40, /* E9C60 */
	0x16, 0x00, 0x90, 0x30, 0x09, 0x07, 0xAE, 0x00, 0x30, 0x60, 0xAC, 0x14, 0x72, 0x06, 0x34, 0x01, /* E9C70 */
	0x31, 0x00, 0xAC, 0x14, 0x72, 0x06, 0x34, 0x01, 0x30, 0x0A, 0x62, 0x4B, 0x29, 0x27, 0x2E, 0x79, /* E9C80 */
	0x21, 0x02, 0x48, 0x29, 0xFA, 0x38, 0x05, 0x00, 0xA4, 0x16, 0x92, 0x07, 0xD2, 0x01, 0xC5, 0x09, /* E9C90 */
	0xAC, 0x24, 0x2D, 0x51, 0x85, 0x86, 0x6A, 0x74, 0xA5, 0xCD, 0xDC, 0x7C, 0x60, 0x26, 0x26, 0x4C, /* E9CA0 */
	0x05, 0x34, 0x01, 0x35, 0x07, 0x26, 0x26, 0x4C, 0x05, 0x34, 0x01, 0x86, 0xA9, 0x16, 0x40, 0x04, /* E9CB0 */
	0x00, 0x90, 0x3C, 0x69, 0x52, 0x25, 0x01, 0x07, 0x00, 0x72, 0x25, 0xB3, 0x24, 0x23, 0x01, 0x30, /* E9CC0 */
	0x68, 0x83, 0x55, 0x29, 0x4D, 0x23, 0x79, 0x21, 0x5B, 0x17, 0x9D, 0x45, 0x03, 0x00, 0x0C, 0x09, /* E9CD0 */
	0x81, 0x53, 0x85, 0x02, 0xC4, 0x00, 0x8D, 0x53, 0x85, 0x12, 0x61, 0x01, 0x31, 0x00, 0xAE, 0x24, /* E9CE0 */
	0x10, 0x51, 0xC8, 0x01, 0x71, 0x06, 0x10, 0x49, 0x54, 0x14, 0x29, 0x00, 0xD0, 0x52, 0x24, 0x04, /* E9CF0 */
	0x00, 0xB3, 0x48, 0x6F, 0x06, 0xB5, 0x00, 0x31, 0x00, 0x85, 0x3E, 0x93, 0x04, 0x23, 0x01, 0x31, /* E9D00 */
	0x00, 0x6C, 0x3C, 0x50, 0x3C, 0x2E, 0x01, 0x31, 0x00, 0x44, 0x16, 0xA3, 0x24, 0x36, 0x01, 0x30, /* E9D10 */
	0x07, 0xD3, 0x35, 0xB0, 0x3C, 0x34, 0x85, 0xD3, 0x3C, 0x51, 0x4F, 0x04, 0x00, 0xB5, 0x3C, 0x0D, /* E9D20 */
	0x51, 0x6F, 0x02, 0x71, 0x0A, 0x68, 0x15, 0x04, 0x09, 0x21, 0x00, 0x08, 0x30, 0x05, 0x04, 0x00, /* E9D30 */
	0xBE, 0x04, 0x00, 0x47, 0x51, 0xA1, 0x24, 0x6F, 0x02, 0x8C, 0x07, 0x22, 0x49, 0x0E, 0x51, 0xC8, /* E9D40 */
	0x85, 0x42, 0x3F, 0x86, 0x18, 0x05, 0x08, 0x6C, 0x14, 0x47, 0x14, 0xCE, 0x79, 0xA1, 0x0A, 0x1C, /* E9D50 */
	0x01, 0x1E, 0x01, 0x07, 0x90, 0x30, 0x25, 0x07, 0x34, 0x85, 0x10, 0xA0, 0x1E, 0x41, 0x04, 0x0A, /* E9D60 */
	0x2C, 0x29, 0x61, 0x12, 0x72, 0x7B, 0xA1, 0x0A, 0x20, 0x2F, 0x1E, 0x48, 0x0F, 0x00, 0x2D, 0x49, /* E9D70 */
	0xA9, 0x17, 0xB3, 0x00, 0x31, 0x00, 0x23, 0x51, 0x79, 0x14, 0x2E, 0x01, 0x31, 0x07, 0x6E, 0x16, /* E9D80 */
	0x0D, 0x49, 0x29, 0x79, 0x21, 0x3E, 0x01, 0x12, 0x05, 0x07, 0x12, 0x23, 0x09, 0x06, 0x2C, 0xC8, /* E9D90 */
	0xC3, 0x0C, 0xDE, 0x2A, 0x04, 0x09, 0x12, 0x3E, 0x32, 0x51, 0x75, 0x75, 0x32, 0x02, 0x48, 0x45, /* E9DA0 */
	0x04, 0x34, 0x09, 0xB5, 0x3C, 0x6D, 0x0B, 0x69, 0x14, 0x77, 0x04, 0x34, 0x00, 0x72, 0x16, 0x2A, /* E9DB0 */
	0x09, 0xAC, 0x3C, 0x27, 0x51, 0x28, 0x49, 0xDE, 0xA7, 0x52, 0x00, 0x97, 0xE1, 0x1F, 0x0B, 0x4C, /* E9DC0 */
	0x15, 0x0E, 0x51, 0x69, 0x3B, 0x1E, 0x31, 0x14, 0x00, 0x7E, 0x05, 0x33, 0x30, 0x02, 0x00, 0x0D, /* E9DD0 */
	0x06, 0x93, 0x07, 0x64, 0x4B, 0x70, 0x00, 0x52, 0x51, 0x68, 0x15, 0x54, 0x0D, 0x31, 0x09, 0x70, /* E9DE0 */
	0x4F, 0x94, 0x3E, 0x50, 0x14, 0x40, 0xB0, 0x4F, 0x54, 0x02, 0x18, 0x05, 0x0A, 0xD3, 0x35, 0x2D, /* E9DF0 */
	0x51, 0x52, 0x0D, 0x1E, 0x41, 0xF3, 0x8D, 0x55, 0x48, 0x3C, 0x0B, 0x00, 0x44, 0x16, 0xA3, 0x24, /* E9E00 */
	0x16, 0x31, 0x8C, 0x00, 0xAE, 0x24, 0x54, 0x14, 0x53, 0x4D, 0x70, 0x00, 0x0C, 0x3F, 0x68, 0x33, /* E9E10 */
	0x89, 0x37, 0x11, 0x00, 0x92, 0x3E, 0x97, 0x23, 0x21, 0x52, 0x31, 0x0C, 0x2C, 0x61, 0x61, 0x12, /* E9E20 */
	0x52, 0x05, 0x9E, 0xA1, 0xF2, 0x47, 0x8A, 0x39, 0x44, 0x12, 0x01, 0x00, 0x2D, 0x49, 0xA9, 0x48, /* E9E30 */
	0x95, 0x53, 0x31, 0x00, 0x0C, 0x35, 0x2F, 0x3F, 0x32, 0x3C, 0x0D, 0x09, 0x90, 0x48, 0x8F, 0x48, /* E9E40 */
	0x09, 0x51, 0x05, 0x40, 0x48, 0x4F, 0x40, 0x16, 0x40, 0x04, 0x69, 0x90, 0x48, 0x8F, 0x48, 0x09, /* E9E50 */
	0x51, 0x05, 0x40, 0x48, 0x4F, 0x40, 0x16, 0x41, 0x04, 0x00, 0x6E, 0x26, 0x36, 0x49, 0x13, 0x49, /* E9E60 */
	0x19, 0x31, 0x0A, 0x12, 0x23, 0x21, 0x3D, 0x6C, 0x1F, 0x59, 0xCE, 0x2E, 0x45, 0xBD, 0xAB, 0x3C, /* E9E70 */
	0x1A, 0x01, 0xF9, 0xAC, 0x14, 0x72, 0x06, 0x34, 0x31, 0xD9, 0xA7, 0x52, 0x1F, 0x0E, 0x50, 0x0C, /* E9E80 */
	0x05, 0x00, 0x90, 0x48, 0xCF, 0x24, 0x0D, 0x51, 0x05, 0x30, 0x60, 0x90, 0x48, 0xCF, 0x24, 0x0D, /* E9E90 */
	0x51, 0x05, 0x31, 0x09, 0x0C, 0x56, 0xB1, 0x15, 0x92, 0x55, 0x85, 0xA1, 0x0A, 0x00, 0xDB, 0x4A, /* E9EA0 */
	0x0B, 0x05, 0x6B, 0x90, 0x48, 0x8F, 0x48, 0x09, 0x51, 0x25, 0x00, 0x50, 0x32, 0x43, 0x12, 0x05, /* E9EB0 */
	0xD1, 0x3C, 0x04, 0x00, 0x12, 0x23, 0xA9, 0x14, 0xA3, 0x54, 0x32, 0x01, 0xC4, 0x00, 0xB4, 0x48, /* E9EC0 */
	0x09, 0x56, 0x14, 0x09, 0x2C, 0x01, 0xC1, 0x0A, 0x6E, 0x26, 0x48, 0x31, 0xA1, 0x24, 0x6F, 0x02, /* E9ED0 */
	0x4E, 0x2E, 0x01, 0x0C, 0xC1, 0x03, 0x0E, 0x60, 0x64, 0x25, 0x4E, 0x4D, 0x94, 0x06, 0x34, 0x01, /* E9EE0 */
	0x31, 0x0D, 0xA4, 0x26, 0x13, 0x09, 0x69, 0x24, 0xD4, 0x01, 0x44, 0x76, 0x26, 0x1A, 0x00, 0xA6, /* E9EF0 */
	0xEA, 0xDC, 0x14, 0x00, 0x6D, 0x4B, 0x54, 0x69, 0xA1, 0x24, 0x6F, 0x02, 0x0C, 0x00, 0x8C, 0x20, /* E9F00 */
	0x61, 0x56, 0x2D, 0x49, 0x09, 0x03, 0x1C, 0x0B, 0xD3, 0x39, 0x43, 0x48, 0x6F, 0x3E, 0x95, 0x07, /* E9F10 */
	0x53, 0xAD, 0xF9, 0x4B, 0x02, 0x38, 0x40, 0x03, 0x0B, 0x12, 0x23, 0x21, 0x3D, 0x6C, 0x1F, 0x09, /* E9F20 */
	0x7B, 0x32, 0x1B, 0x01, 0x4C, 0xBD, 0x2B, 0x3C, 0x0B, 0x00, 0xB5, 0x20, 0x8F, 0x26, 0x1A, 0x51, /* E9F30 */
	0x69, 0x3B, 0x0C, 0x0D, 0x90, 0x48, 0x8F, 0x48, 0x09, 0x51, 0x69, 0x3B, 0x40, 0x40, 0x7A, 0x4F, /* E9F40 */
	0x40, 0x16, 0x1D, 0xC1, 0x03, 0x0E, 0x00, 0xB5, 0x20, 0x8F, 0x26, 0x14, 0x51, 0xA9, 0x16, 0x8C, /* E9F50 */
	0x0C, 0x03, 0x3F, 0x8D, 0x04, 0x4E, 0x35, 0x65, 0x52, 0x00, 0xDB, 0x36, 0x10, 0x30, 0x16, 0xCD, /* E9F60 */
	0x3C, 0x52, 0x00, 0x64, 0x25, 0x4E, 0x4D, 0x94, 0x06, 0x54, 0x59, 0x05, 0xC1, 0x02, 0x02, 0x05, /* E9F70 */
	0x22, 0x05, 0x12, 0x01, 0xA2, 0x19, 0x22, 0x01, 0xE3, 0xB5, 0x08, 0x76, 0x04, 0x03, 0x29, 0x0B, /* E9F80 */
	0x29, 0x07, 0x03, 0x80, 0x0B, 0x45, 0x0A, 0x62, 0xAF, 0x0B, 0x26, 0x02, 0xAF, 0x0B, 0x0F, 0xC3, /* E9F90 */
	0x25, 0x39, 0x82, 0x39, 0x02, 0x03, 0x01, 0x2F, 0x82, 0x21, 0x03, 0x73, 0xAF, 0x20, 0x02, 0x6F, /* E9FA0 */
	0x00, 0x04, 0x95, 0x67, 0x82, 0x69, 0x16, 0x03, 0xAF, 0x33, 0x02, 0xAF, 0x02, 0x03, 0x8F, 0x4F, /* E9FB0 */
	0x82, 0x4F, 0x03, 0x03, 0x81, 0x4F, 0x02, 0x41, 0x03, 0x03, 0x81, 0x4F, 0x82, 0x41, 0x03, 0x00, /* E9FC0 */
	0x09, 0x4D, 0x0C, 0x03, 0x72, 0x5F, 0x42, 0x92, 0x02, 0x04, 0x65, 0x64, 0x02, 0x30, 0x24, 0x60, /* E9FD0 */
	0x2C, 0x11, 0x03, 0x04, 0x75, 0x1C, 0xC2, 0xA6, 0x2A, 0x04, 0xA5, 0x04, 0x02, 0x51, 0x00, 0x04, /* E9FE0 */
	0x0F, 0x69, 0x02, 0x8F, 0x69, 0x04, 0x32, 0x05, 0x42, 0x02, 0x01, 0x04, 0x01, 0x07, 0x82, 0x2F, /* E9FF0 */
	0x03, 0x05, 0x21, 0x69, 0x02, 0x79, 0x95, 0x1A, 0x03, 0x61, 0x34, 0x82, 0x3F, 0x01, 0x03, 0x4F, /* EA000 */
	0x4D, 0x42, 0xB7, 0x03, 0x03, 0x75, 0x67, 0x82, 0x12, 0x01, 0x64, 0x45, 0x39, 0x07, 0x12, 0xA5, /* EA010 */
	0x3E, 0x65, 0x25, 0x27, 0x0E, 0xF2, 0x1C, 0x29, 0x0E, 0x64, 0x52, 0x39, 0x07, 0x42, 0xA6, 0x3E, /* EA020 */
	0x64, 0x32, 0x05, 0x0B, 0x42, 0x06, 0x0B, 0x05, 0x81, 0x27, 0x13, 0x02, 0x4D, 0x7C, 0x03, 0x05, /* EA030 */
	0x81, 0x27, 0x03, 0x02, 0x4D, 0x29, 0x0B, 0x40, 0x65, 0x3C, 0x17, 0x03, 0x03, 0x05, 0x49, 0x04, /* EA040 */
	0x82, 0x10, 0x04, 0x6C, 0x3F, 0x0D, 0x32, 0x88, 0x0D, 0x05, 0x99, 0x3E, 0x0E, 0x22, 0x49, 0x00, /* EA050 */
	0x0E, 0x05, 0x01, 0x3F, 0x0E, 0x02, 0x2D, 0x3C, 0x0E, 0x03, 0xB5, 0x0C, 0x08, 0xD2, 0x0D, 0x04, /* EA060 */
	0x8F, 0x3F, 0x0D, 0xD2, 0x69, 0x2D, 0x04, 0x81, 0x27, 0x0E, 0x02, 0x4D, 0x2E, 0x04, 0x2F, 0x17, /* EA070 */
	0x19, 0x32, 0x1F, 0x05, 0x63, 0xA1, 0x20, 0x05, 0x02, 0xE1, 0x02, 0xAF, 0x1D, 0x08, 0x92, 0x02, /* EA080 */
	0x04, 0x75, 0x30, 0x19, 0xD2, 0xA9, 0x05, 0x00, 0xA5, 0x16, 0x0C, 0x0C, 0x05, 0x09, 0x17, 0x10, /* EA090 */
	0x22, 0x4D, 0x65, 0x00, 0x05, 0x55, 0x0D, 0x0B, 0x62, 0x89, 0x3C, 0x0B, 0x04, 0x4F, 0x4D, 0x05, /* EA0A0 */
	0xE2, 0x69, 0x05, 0x05, 0x52, 0x15, 0x0E, 0x42, 0x26, 0x3C, 0x0E, 0x00, 0xAF, 0x17, 0x12, 0x0C, /* EA0B0 */
	0x03, 0xA1, 0x15, 0x12, 0x92, 0x7E, 0x00, 0xC5, 0x16, 0x0C, 0x0C, 0x04, 0x81, 0x4A, 0x05, 0xA2, /* EA0C0 */
	0x4B, 0x05, 0x05, 0x85, 0x66, 0x0C, 0xA2, 0x4B, 0x80, 0x0A, 0x03, 0x95, 0x0F, 0x08, 0xD2, 0xCD, /* EA0D0 */
	0x03, 0xAF, 0x27, 0x05, 0x82, 0x16, 0x05, 0x65, 0x25, 0x13, 0x12, 0x35, 0x7C, 0x03, 0x03, 0xC1, /* EA0E0 */
	0x3D, 0x15, 0x22, 0x89, 0x04, 0xB9, 0x39, 0x07, 0x62, 0xD5, 0x3E, 0x00, 0xA1, 0x3C, 0x0E, 0x0C, /* EA0F0 */
	0x00, 0xA1, 0x3C, 0x0E, 0x03, 0x03, 0x45, 0x1D, 0x05, 0x02, 0xE9, 0x44, 0x25, 0x3E, 0x32, 0x09, /* EA100 */
	0x3C, 0x96, 0x03, 0x04, 0xA5, 0x50, 0x85, 0x0A, 0x65, 0x74, 0x03, 0x65, 0x05, 0x3F, 0x2D, 0x09, /* EA110 */
	0x3C, 0xDB, 0x36, 0x46, 0x45, 0x24, 0x2E, 0x08, 0x3C, 0x28, 0x39, 0x04, 0x46, 0xC5, 0x3D, 0x2E, /* EA120 */
	0x08, 0x7C, 0xB9, 0x3B, 0x04, 0x45, 0x85, 0x27, 0x24, 0x09, 0x7C, 0x23, 0x11, 0x00, 0x85, 0x32, /* EA130 */
	0x69, 0x02, 0x07, 0x04, 0x32, 0x05, 0x54, 0x08, 0x92, 0x65, 0x00, 0x05, 0x95, 0x16, 0xA1, 0x09, /* EA140 */
	0x99, 0x43, 0x3E, 0x05, 0x61, 0x30, 0xA5, 0x08, 0x21, 0x7C, 0x05, 0x64, 0xAF, 0x20, 0x85, 0x0A, /* EA150 */
	0xEF, 0x78, 0x03, 0x04, 0x6F, 0x09, 0x85, 0x0A, 0x2F, 0x7D, 0x03, 0x64, 0x8F, 0x4A, 0xAF, 0x0B, /* EA160 */
	0x72, 0x32, 0x03, 0x60, 0x45, 0x04, 0x36, 0x01, 0x03, 0x05, 0x32, 0x05, 0xB3, 0x08, 0x92, 0x45, /* EA170 */
	0x53, 0x05, 0x95, 0x26, 0x61, 0x08, 0x6B, 0x12, 0xB1, 0x04, 0x35, 0x10, 0x08, 0x09, 0x22, 0x04, /* EA180 */
	0x00, 0x00, 0x2F, 0x24, 0xCC, 0x01, 0x31, 0xF6, 0x95, 0x27, 0xCC, 0x09, 0x69, 0xFA, 0x30, 0x05, /* EA190 */
	0x04, 0x89, 0x47, 0x35, 0x09, 0x69, 0x23, 0x03, 0x00, 0x35, 0x1A, 0xA5, 0x00, 0x0C, 0x04, 0x35, /* EA1A0 */
	0x1A, 0xA5, 0x08, 0x00, 0x06, 0x01, 0x06, 0x69, 0x06, 0xD2, 0x09, 0x09, 0xAE, 0x4B, 0x05, 0x65, /* EA1B0 */
	0x99, 0x04, 0x93, 0x0B, 0x49, 0x80, 0x4D, 0x00, 0x25, 0x1F, 0x81, 0x02, 0x0C, 0x00, 0x85, 0x06, /* EA1C0 */
	0x34, 0x01, 0x03, 0x04, 0x4C, 0x51, 0x28, 0x09, 0x0C, 0xE9, 0x00, 0x00, 0x12, 0x69, 0x69, 0x00, /* EA1D0 */
	0x03, 0x06, 0x2F, 0x3F, 0x14, 0x09, 0x0F, 0x07, 0x50, 0x2F, 0x00, 0x6F, 0x09, 0xC1, 0x01, 0x07, /* EA1E0 */
	0x00, 0xA5, 0x20, 0x65, 0x00, 0x0C, 0x04, 0xC1, 0x05, 0x32, 0x08, 0x41, 0x1F, 0x00, 0x00, 0x81, /* EA1F0 */
	0x0A, 0x25, 0x01, 0x0D, 0x06, 0x41, 0x17, 0xD2, 0x09, 0x01, 0x7B, 0x4B, 0x05, 0x04, 0xAF, 0x33, /* EA200 */
	0x85, 0x0B, 0x8F, 0x6A, 0x02, 0x06, 0x35, 0x33, 0x85, 0x0A, 0x99, 0x12, 0x33, 0x1F, 0x00, 0x8F, /* EA210 */
	0x53, 0x6F, 0x02, 0x0C, 0x04, 0xAF, 0x4F, 0x85, 0x0A, 0x66, 0x7A, 0x03, 0x06, 0x6F, 0x04, 0x2E, /* EA220 */
	0x08, 0x0F, 0x0C, 0x38, 0x04, 0x05, 0xA1, 0x35, 0x61, 0x0A, 0x26, 0x0D, 0x38, 0x05, 0x85, 0x1E, /* EA230 */
	0x65, 0x0A, 0x1F, 0xF7, 0x38, 0x00, 0xC1, 0x06, 0x81, 0x02, 0x03, 0x00, 0x95, 0x32, 0x81, 0x00, /* EA240 */
	0x0D, 0x05, 0x08, 0x49, 0xA1, 0x08, 0x72, 0x02, 0x50, 0x00, 0x89, 0x0B, 0x25, 0x01, 0x0D, 0x04, /* EA250 */
	0xAF, 0x33, 0x85, 0x0A, 0x0F, 0x7C, 0x03, 0x00, 0xA9, 0x34, 0x81, 0x00, 0x0D, 0x55, 0x05, 0x07, /* EA260 */
	0x95, 0x17, 0xC2, 0x2C, 0xDB, 0x1A, 0x46, 0xA5, 0x5C, 0x25, 0x39, 0xC2, 0x5C, 0x5C, 0x05, 0x0E, /* EA270 */
	0x60, 0x65, 0x16, 0x46, 0x51, 0x30, 0x06, 0x25, 0x48, 0x6F, 0x37, 0x82, 0x15, 0x48, 0x22, 0x0D, /* EA280 */
	0x00, 0x35, 0x1A, 0x61, 0x3C, 0x31, 0x06, 0x65, 0x1C, 0xA9, 0x35, 0x82, 0xA5, 0x2A, 0x3C, 0x0D, /* EA290 */
	0x00, 0xA5, 0x16, 0x72, 0x64, 0x35, 0x00, 0x81, 0x3A, 0xA5, 0x50, 0x07, 0x00, 0x81, 0x0A, 0x81, /* EA2A0 */
	0x06, 0x30, 0x60, 0x05, 0x2F, 0x6F, 0x16, 0x0C, 0x00, 0xC9, 0x06, 0x92, 0x16, 0x03, 0x00, 0x81, /* EA2B0 */
	0x52, 0x65, 0x12, 0x0D, 0x00, 0xC1, 0x3D, 0x2E, 0x51, 0x23, 0x00, 0x81, 0x0A, 0x65, 0x30, 0x0D, /* EA2C0 */
	0x06, 0x09, 0x67, 0x63, 0x14, 0x02, 0x49, 0xF3, 0x8B, 0x0C, 0x06, 0x75, 0x5C, 0x81, 0x2E, 0xC2, /* EA2D0 */
	0xA5, 0x5E, 0x1F, 0x0B, 0x60, 0xAF, 0x50, 0x6F, 0x15, 0x0C, 0x05, 0xAF, 0x45, 0x35, 0x51, 0x82, /* EA2E0 */
	0x22, 0x77, 0x01, 0x07, 0x12, 0x59, 0x85, 0x66, 0x42, 0x02, 0x59, 0x5F, 0x12, 0x01, 0x00, 0x81, /* EA2F0 */
	0x4A, 0x01, 0x2F, 0x0C, 0x00, 0x95, 0x3A, 0xA5, 0x50, 0x03, 0x06, 0x45, 0x29, 0x69, 0x1E, 0x02, /* EA300 */
	0x21, 0x76, 0xE9, 0x0E, 0x06, 0x21, 0x23, 0x04, 0x11, 0x82, 0x11, 0x13, 0x21, 0x04, 0x06, 0xC1, /* EA310 */
	0x3D, 0x6E, 0x16, 0x02, 0x61, 0x75, 0x0F, 0x0E, 0x05, 0x81, 0x0E, 0x0C, 0x65, 0xC2, 0x22, 0x33, /* EA320 */
	0x05, 0x00, 0x65, 0x18, 0x81, 0x53, 0x0D, 0x07, 0x85, 0x36, 0x35, 0x04, 0x42, 0x3F, 0x65, 0x22, /* EA330 */
	0x04, 0x00, 0x06, 0x29, 0x17, 0x6C, 0x5F, 0x82, 0x19, 0x03, 0x0C, 0x0F, 0x00, 0x95, 0x12, 0xA5, /* EA340 */
	0x50, 0x03, 0x05, 0xAF, 0x0D, 0x28, 0x49, 0x82, 0xC2, 0x77, 0x01, 0x00, 0x12, 0x39, 0x24, 0x4D, /* EA350 */
	0x0C, 0x00, 0x95, 0x1E, 0x0C, 0x49, 0x0C, 0x07, 0xA1, 0x24, 0xB3, 0x04, 0x02, 0x50, 0x14, 0x53, /* EA360 */
	0x04, 0x00, 0x05, 0x85, 0x3A, 0x09, 0x17, 0x42, 0x3F, 0x16, 0x13, 0x07, 0x05, 0x51, 0x52, 0x69, /* EA370 */
	0x02, 0x05, 0x50, 0xD2, 0x4C, 0x03, 0x05, 0x05, 0x49, 0x24, 0x39, 0x82, 0x10, 0xF0, 0x0E, 0x06, /* EA380 */
	0x85, 0x5F, 0x09, 0x2F, 0x82, 0x45, 0x5F, 0x3C, 0x0B, 0x00, 0x0F, 0x4E, 0x2C, 0x11, 0x0D, 0x06, /* EA390 */
	0x8F, 0x5F, 0x65, 0x30, 0x82, 0x6F, 0x5E, 0xA5, 0x0A, 0x06, 0x95, 0x5F, 0x65, 0x30, 0xC2, 0x46, /* EA3A0 */
	0x5F, 0xA5, 0x0A, 0x06, 0x95, 0x27, 0x2E, 0x4D, 0x13, 0xA2, 0x69, 0xCE, 0x4C, 0x03, 0x06, 0x72, /* EA3B0 */
	0x0F, 0xA8, 0x49, 0x05, 0x42, 0x3E, 0x73, 0x8D, 0x03, 0x08, 0x69, 0x3E, 0x4D, 0x05, 0x0C, 0x22, /* EA3C0 */
	0x39, 0x1D, 0x3F, 0x15, 0x2C, 0x00, 0x6C, 0x0F, 0x0B, 0x11, 0x05, 0x07, 0x00, 0xAF, 0x39, 0x04, /* EA3D0 */
	0x49, 0x19, 0x31, 0x07, 0x35, 0x10, 0x48, 0x4D, 0x0D, 0x82, 0x12, 0x69, 0x0A, 0x34, 0x07, 0x32, /* EA3E0 */
	0x51, 0x88, 0x16, 0x0E, 0x42, 0x96, 0x78, 0xF2, 0x38, 0x08, 0x35, 0x04, 0x30, 0x4D, 0x14, 0x82, /* EA3F0 */
	0x12, 0x40, 0x90, 0x4D, 0x14, 0x67, 0xA5, 0x27, 0x2C, 0x14, 0x12, 0xF2, 0x5C, 0xA9, 0x1A, 0x7C, /* EA400 */
	0x00, 0x95, 0x1E, 0x75, 0x12, 0x19, 0x31, 0x00, 0xA5, 0x16, 0x12, 0x1D, 0x05, 0x30, 0x06, 0xB5, /* EA410 */
	0x0C, 0x28, 0x49, 0x19, 0xD2, 0x0D, 0x5F, 0x12, 0x01, 0x06, 0x35, 0x10, 0x48, 0x4D, 0x14, 0x82, /* EA420 */
	0x12, 0x7C, 0x53, 0x00, 0x06, 0x61, 0x30, 0x70, 0x04, 0x19, 0xD2, 0xAB, 0x10, 0x0C, 0x01, 0x00, /* EA430 */
	0x6F, 0x10, 0x06, 0x0D, 0x05, 0x0D, 0x09, 0x15, 0x23, 0x61, 0x06, 0x0E, 0x62, 0x89, 0x4B, 0x8D, /* EA440 */
	0x39, 0x00, 0x0E, 0x06, 0x65, 0x30, 0xA5, 0x56, 0x05, 0x92, 0xA9, 0x56, 0x89, 0x02, 0x00, 0x61, /* EA450 */
	0x34, 0x8F, 0x06, 0x0C, 0x1C, 0x00, 0x65, 0x16, 0x44, 0x0D, 0x14, 0x31, 0x07, 0x65, 0x04, 0x2E, /* EA460 */
	0x17, 0x12, 0x92, 0xA9, 0x3C, 0x2E, 0x7E, 0x06, 0xAF, 0x0D, 0x08, 0x49, 0x04, 0x82, 0xCE, 0xDD, /* EA470 */
	0x12, 0x00, 0x07, 0x05, 0x51, 0x52, 0x0D, 0x05, 0x12, 0x01, 0x54, 0xF2, 0x4C, 0x00, 0x65, 0x30, /* EA480 */
	0x41, 0x49, 0x05, 0x07, 0x07, 0x85, 0x16, 0x4E, 0x0D, 0x05, 0xA2, 0x4B, 0x3C, 0x1E, 0x4D, 0x07, /* EA490 */
	0x41, 0x17, 0x4C, 0x51, 0x05, 0x02, 0x2D, 0x00, 0x2C, 0x51, 0x00, 0x65, 0x50, 0x0C, 0x0D, 0x05, /* EA4A0 */
	0x0D, 0x07, 0x6F, 0x2F, 0x42, 0x39, 0x04, 0xD2, 0x2D, 0x02, 0x39, 0x12, 0x06, 0x6F, 0x2F, 0x03, /* EA4B0 */
	0x4D, 0x05, 0xD2, 0x2D, 0x0B, 0x41, 0x03, 0x00, 0x89, 0x37, 0x81, 0x0E, 0x0B, 0x0D, 0x00, 0x6F, /* EA4C0 */
	0x24, 0x2E, 0x17, 0x12, 0x30, 0x05, 0x05, 0x55, 0x4C, 0x15, 0x15, 0x32, 0x33, 0x99, 0x02, 0x00, /* EA4D0 */
	0xA5, 0x16, 0x72, 0x14, 0x19, 0x31, 0x08, 0x29, 0x39, 0x4E, 0x05, 0x0C, 0x22, 0x75, 0x25, 0x1E, /* EA4E0 */
	0x01, 0x0C, 0x08, 0xA9, 0x17, 0x45, 0x33, 0x19, 0x22, 0x5D, 0x1D, 0x25, 0x33, 0x05, 0x08, 0x32, /* EA4F0 */
	0x05, 0x2B, 0x06, 0xB3, 0x08, 0x92, 0x25, 0x1B, 0x40, 0x53, 0x00, 0x07, 0x72, 0x3B, 0x43, 0x24, /* EA500 */
	0x61, 0x08, 0x92, 0xFF, 0x2E, 0x85, 0x0C, 0x06, 0x32, 0x05, 0x54, 0x24, 0x2E, 0x0B, 0x12, 0xE5, /* EA510 */
	0xF0, 0x3E, 0x00, 0x72, 0x07, 0x04, 0x07, 0xB3, 0x00, 0x0D, 0x06, 0x25, 0x51, 0x68, 0x5B, 0x65, /* EA520 */
	0x0A, 0x41, 0x34, 0x5B, 0x2E, 0x07, 0xAF, 0x31, 0xA5, 0x06, 0x32, 0x08, 0xB5, 0x0A, 0x58, 0x32, /* EA530 */
	0x04, 0x00, 0x52, 0x1D, 0x21, 0x24, 0x85, 0x02, 0x23, 0x60, 0x6F, 0x53, 0xB3, 0x48, 0x81, 0x00, /* EA540 */
	0x0D, 0x00, 0x81, 0x4A, 0x09, 0x07, 0x24, 0x01, 0x31, 0x00, 0x6C, 0x3F, 0x84, 0x23, 0x25, 0x00, /* EA550 */
	0x0D, 0x07, 0xB5, 0x50, 0x85, 0x1A, 0xCC, 0x09, 0xF6, 0x74, 0x1B, 0x0C, 0x09, 0x00, 0x01, 0x2F, /* EA560 */
	0x93, 0x04, 0x23, 0x01, 0x0D, 0x00, 0x61, 0x0E, 0x53, 0x04, 0x32, 0x01, 0x0D, 0x00, 0x61, 0x2E, /* EA570 */
	0x53, 0x04, 0x32, 0x01, 0x0D, 0x07, 0x72, 0x57, 0x93, 0x07, 0x32, 0x08, 0x92, 0x42, 0x77, 0x32, /* EA580 */
	0x04, 0x05, 0x05, 0x55, 0x43, 0x04, 0x8D, 0x08, 0x05, 0x03, 0x34, 0x09, 0x81, 0x52, 0x6F, 0x3C, /* EA590 */
	0x2D, 0x09, 0x72, 0x74, 0x3D, 0x0C, 0x3F, 0x15, 0x08, 0x25, 0x4C, 0x90, 0x16, 0x21, 0x08, 0x25, /* EA5A0 */
	0x44, 0x43, 0x92, 0x15, 0x00, 0x00, 0x65, 0x50, 0x84, 0x16, 0x93, 0x03, 0x0D, 0x08, 0x72, 0x2F, /* EA5B0 */
	0x85, 0x06, 0x27, 0x09, 0x12, 0x2F, 0x7F, 0xD2, 0x2C, 0x02, 0x06, 0x52, 0x11, 0x27, 0x51, 0x34, /* EA5C0 */
	0x09, 0x92, 0x29, 0xF2, 0x14, 0x07, 0x45, 0x04, 0x56, 0x3D, 0x95, 0x0A, 0x3C, 0x08, 0x59, 0x59, /* EA5D0 */
	0x0F, 0x09, 0x69, 0x3D, 0xAE, 0x20, 0xCC, 0x09, 0x09, 0x7D, 0xD9, 0x4E, 0x38, 0x14, 0x00, 0x65, /* EA5E0 */
	0x16, 0x46, 0x0D, 0x09, 0x31, 0x4C, 0x00, 0x61, 0x2E, 0xB2, 0x41, 0x14, 0x67, 0x31, 0x0A, 0x45, /* EA5F0 */
	0x04, 0x56, 0x3D, 0x12, 0x31, 0xC2, 0x2C, 0x04, 0x56, 0x79, 0x4B, 0x80, 0x0A, 0x00, 0x65, 0x16, /* EA600 */
	0x06, 0x0D, 0x74, 0x4B, 0xC4, 0x00, 0x6F, 0x2F, 0x53, 0x14, 0xAC, 0x16, 0x0D, 0x08, 0x52, 0x11, /* EA610 */
	0x25, 0x4B, 0x6F, 0x37, 0x42, 0x22, 0x11, 0x47, 0x82, 0x36, 0x07, 0xAF, 0x50, 0x2C, 0x39, 0x05, /* EA620 */
	0x2F, 0x82, 0xDF, 0xB0, 0x8E, 0x25, 0x03, 0x07, 0x65, 0x30, 0x66, 0x3C, 0x37, 0x49, 0x82, 0xA5, /* EA630 */
	0x1A, 0x8C, 0x76, 0x03, 0x00, 0x95, 0x32, 0x69, 0x1E, 0x61, 0x15, 0x31, 0x00, 0xA1, 0x35, 0x07, /* EA640 */
	0x49, 0x34, 0x39, 0x34, 0x08, 0xA5, 0x04, 0x0E, 0x3F, 0x95, 0x52, 0x82, 0x55, 0x00, 0x0E, 0x9B, /* EA650 */
	0x53, 0x0B, 0x81, 0x4A, 0x29, 0x39, 0x74, 0x4F, 0x42, 0xBE, 0x4B, 0x45, 0x9D, 0x39, 0x14, 0x4F, /* EA660 */
	0x03, 0x08, 0x81, 0x4A, 0x69, 0x1E, 0x74, 0x3B, 0x82, 0x4B, 0xF2, 0x7E, 0x04, 0x38, 0x00, 0x61, /* EA670 */
	0x30, 0x6F, 0x3B, 0x89, 0x53, 0x0C, 0x09, 0x05, 0x55, 0x54, 0x0D, 0x09, 0x39, 0x42, 0x89, 0x52, /* EA680 */
	0x9D, 0xC9, 0x03, 0x0E, 0x0B, 0x69, 0x0F, 0x28, 0x35, 0x89, 0x53, 0x42, 0x2E, 0x3D, 0x4B, 0x9D, /* EA690 */
	0x35, 0x7C, 0x53, 0x00, 0x00, 0xAC, 0x35, 0x65, 0x1E, 0x6F, 0x10, 0x31, 0x0A, 0x95, 0x16, 0xA1, /* EA6A0 */
	0x0D, 0x12, 0x0D, 0x19, 0x62, 0x01, 0x92, 0x2F, 0x4B, 0x40, 0x13, 0x01, 0x00, 0x65, 0x16, 0x46, /* EA6B0 */
	0x0D, 0x09, 0x49, 0x19, 0xD5, 0x09, 0x41, 0x17, 0x92, 0x1B, 0x29, 0x31, 0x04, 0x02, 0x2D, 0x5F, /* EA6C0 */
	0x1A, 0x16, 0x2A, 0x04, 0x0C, 0x69, 0x37, 0x05, 0x23, 0x61, 0x26, 0x03, 0x72, 0x26, 0x0F, 0xFD, /* EA6D0 */
	0x2C, 0x9D, 0x31, 0xF2, 0x0B, 0x00, 0xAC, 0x35, 0x65, 0x4E, 0x74, 0x0F, 0x0B, 0x31, 0x00, 0xA1, /* EA6E0 */
	0x35, 0x07, 0x49, 0x74, 0x16, 0x12, 0x34, 0x07, 0x32, 0x05, 0xAB, 0x20, 0x72, 0x57, 0x47, 0x08, /* EA6F0 */
	0x12, 0x21, 0x63, 0x92, 0x02, 0x00, 0xAC, 0x35, 0x65, 0x2E, 0x12, 0x39, 0xD4, 0x02, 0x31, 0x02, /* EA700 */
	0x13, 0x05, 0x23, 0x61, 0x2E, 0x21, 0x0E, 0x02, 0x81, 0x2E, 0x32, 0x63, 0xB5, 0x2C, 0x76, 0x04, /* EA710 */
	0x02, 0xAF, 0x2F, 0x26, 0x03, 0x80, 0x4F, 0x45, 0x0A, 0x02, 0x48, 0x2D, 0x09, 0x02, 0x99, 0x4E, /* EA720 */
	0x20, 0x63, 0x6F, 0x15, 0xCB, 0x36, 0x01, 0x63, 0x61, 0x15, 0x0B, 0x31, 0x01, 0x63, 0x61, 0x30, /* EA730 */
	0xCB, 0xA7, 0x02, 0x04, 0xA9, 0x64, 0x93, 0x59, 0x14, 0x03, 0x81, 0x17, 0x0B, 0x41, 0x03, 0x04, /* EA740 */
	0x8F, 0x53, 0x8B, 0x4F, 0x53, 0x64, 0x8F, 0x64, 0x8B, 0x4F, 0x14, 0x03, 0x61, 0x34, 0x8B, 0x3F, /* EA750 */
	0x01, 0x05, 0x21, 0x16, 0x8B, 0x11, 0x76, 0x01, 0x03, 0x61, 0x18, 0x8B, 0x11, 0x02, 0x03, 0x28, /* EA760 */
	0x19, 0xB3, 0x15, 0x02, 0x03, 0x48, 0x0D, 0x33, 0x25, 0x03, 0x03, 0x6F, 0x09, 0x0B, 0x3F, 0x01, /* EA770 */
	0x02, 0xAF, 0x41, 0x8B, 0x02, 0x02, 0x68, 0x5F, 0x83, 0x06, 0x04, 0xB2, 0x69, 0x4B, 0x82, 0x6A, /* EA780 */
	0x02, 0x68, 0x57, 0x03, 0x0F, 0x03, 0x6F, 0x30, 0x8B, 0xAF, 0x02, 0x05, 0x2F, 0x11, 0x0B, 0x7F, /* EA790 */
	0x95, 0x04, 0xC3, 0xAF, 0x31, 0x04, 0xDB, 0x11, 0x63, 0x2C, 0x05, 0x12, 0x3B, 0x80, 0x60, 0xAF, /* EA7A0 */
	0x16, 0x12, 0x0C, 0x60, 0x6C, 0x4F, 0x05, 0x03, 0x64, 0x6C, 0x4F, 0x05, 0x3B, 0x3C, 0x13, 0x84, /* EA7B0 */
	0x61, 0x02, 0x14, 0x8B, 0x39, 0x14, 0x02, 0x8F, 0x42, 0x13, 0x9B, 0x03, 0x64, 0x72, 0x4F, 0x13, /* EA7C0 */
	0x4B, 0xBE, 0x13, 0x66, 0x32, 0x05, 0x14, 0x4B, 0x16, 0x1D, 0x51, 0x00, 0x04, 0x48, 0x39, 0x01, /* EA7D0 */
	0x23, 0x39, 0x00, 0x64, 0x4C, 0x35, 0x02, 0x3B, 0x24, 0x0D, 0x05, 0xA9, 0x26, 0x43, 0xA3, 0x59, /* EA7E0 */
	0x3C, 0x0B, 0x04, 0x81, 0x17, 0x19, 0x0B, 0x4D, 0x05, 0x04, 0xA1, 0x20, 0x19, 0x8B, 0x61, 0x05, /* EA7F0 */
	0x05, 0xB2, 0x15, 0x0C, 0x4B, 0x8A, 0xBC, 0x0A, 0x04, 0x08, 0x3D, 0x13, 0x0B, 0xBD, 0x13, 0x05, /* EA800 */
	0x0F, 0x3E, 0x0C, 0x3B, 0x0B, 0xAF, 0x0A, 0x63, 0x05, 0x4D, 0x45, 0x13, 0x4D, 0x04, 0x29, 0x07, /* EA810 */
	0x52, 0xF3, 0x1C, 0x32, 0x04, 0x68, 0x27, 0x12, 0x5B, 0x27, 0x1F, 0x63, 0xAF, 0x1D, 0x08, 0xBB, /* EA820 */
	0x1B, 0x04, 0x48, 0x31, 0x09, 0xA3, 0xA9, 0x05, 0x03, 0x61, 0x58, 0x05, 0x8B, 0x59, 0x04, 0x61, /* EA830 */
	0x3E, 0x05, 0x0B, 0x38, 0x22, 0x00, 0x21, 0x14, 0x14, 0x03, 0x00, 0x61, 0x06, 0x0C, 0x03, 0x05, /* EA840 */
	0x0F, 0x4A, 0x01, 0x3B, 0x0B, 0x12, 0x00, 0x04, 0x4F, 0x14, 0x0E, 0x3B, 0xA7, 0x0E, 0x05, 0x52, /* EA850 */
	0x39, 0x07, 0x4B, 0xA6, 0x0E, 0x0A, 0x04, 0x0F, 0x3F, 0x01, 0x3B, 0x2F, 0x0F, 0x05, 0x41, 0x49, /* EA860 */
	0x0F, 0x2B, 0x7D, 0x12, 0x0F, 0x05, 0x6F, 0x3C, 0x0E, 0x3B, 0xAB, 0x00, 0x0E, 0x04, 0x48, 0x31, /* EA870 */
	0x05, 0xA3, 0x31, 0x05, 0x03, 0x01, 0x23, 0x05, 0x8B, 0xCD, 0x03, 0x99, 0x26, 0x4C, 0x83, 0xB0, /* EA880 */
	0x05, 0x85, 0x16, 0x53, 0x83, 0x48, 0x45, 0x0A, 0x05, 0x61, 0x52, 0x15, 0x8B, 0x39, 0x94, 0x02, /* EA890 */
	0x05, 0x0C, 0x49, 0x01, 0x3B, 0xAC, 0x12, 0x00, 0x04, 0x28, 0x49, 0xC9, 0xA3, 0x4B, 0x05, 0x00, /* EA8A0 */
	0xAF, 0x07, 0x0E, 0x0C, 0x04, 0xA1, 0x14, 0x12, 0x0B, 0x51, 0x1F, 0x04, 0x28, 0x59, 0xD9, 0x93, /* EA8B0 */
	0x59, 0x05, 0x00, 0x8F, 0x4A, 0x19, 0x0D, 0x04, 0x8F, 0x52, 0x05, 0x9B, 0x53, 0x00, 0x02, 0x2F, /* EA8C0 */
	0x55, 0x12, 0x9B, 0x03, 0x03, 0xA8, 0x51, 0xC5, 0x83, 0x52, 0x05, 0x81, 0x3F, 0x0E, 0x0B, 0x4D, /* EA8D0 */
	0x00, 0x0E, 0x04, 0x68, 0x3C, 0x05, 0x3B, 0x3C, 0x05, 0x04, 0x61, 0x30, 0x05, 0x2B, 0x65, 0x01, /* EA8E0 */
	0x05, 0x61, 0x15, 0x0F, 0x8B, 0x35, 0x05, 0x0F, 0x05, 0x6C, 0x5B, 0x05, 0x3B, 0x74, 0x4F, 0x06, /* EA8F0 */
	0x04, 0xAF, 0x49, 0x33, 0x2D, 0x4F, 0x42, 0x03, 0x03, 0xA8, 0x49, 0x43, 0x0C, 0x1F, 0x03, 0x64, /* EA900 */
	0x08, 0x39, 0x27, 0x0D, 0x01, 0x2E, 0x02, 0x80, 0x61, 0x3A, 0xAF, 0x00, 0x0D, 0x00, 0x6F, 0x35, /* EA910 */
	0x6F, 0x02, 0x0C, 0x04, 0xAF, 0x41, 0x2C, 0x2D, 0x76, 0xB0, 0x00, 0x05, 0x88, 0x26, 0xB3, 0x2C, /* EA920 */
	0x12, 0x49, 0x53, 0x66, 0x6F, 0x41, 0xCC, 0x2D, 0x00, 0x4D, 0x30, 0x09, 0x64, 0x6C, 0x53, 0x28, /* EA930 */
	0x2D, 0x0C, 0xEF, 0x00, 0x00, 0x2F, 0x1A, 0x25, 0x01, 0x0D, 0x05, 0x6C, 0x4F, 0x85, 0x2E, 0x0C, /* EA940 */
	0x4F, 0x7F, 0x04, 0xAF, 0x4D, 0x69, 0x2E, 0x76, 0xBA, 0x02, 0x06, 0x52, 0x4D, 0x89, 0x2F, 0x12, /* EA950 */
	0x49, 0xF3, 0x13, 0x06, 0x61, 0x06, 0x04, 0x2D, 0x21, 0x0E, 0x10, 0x00, 0x60, 0x6F, 0x41, 0x65, /* EA960 */
	0x00, 0x03, 0x06, 0x52, 0x4D, 0x85, 0x2F, 0x12, 0x49, 0x17, 0x1A, 0x00, 0x6F, 0x09, 0xA1, 0x00, /* EA970 */
	0x0D, 0x60, 0x6F, 0x09, 0xA1, 0x00, 0x03, 0x00, 0x61, 0x5A, 0x81, 0x03, 0x0C, 0x00, 0x2C, 0x59, /* EA980 */
	0x85, 0x02, 0x0C, 0x66, 0x81, 0x24, 0x14, 0x2D, 0x61, 0xF0, 0x50, 0x00, 0x05, 0x6C, 0x5B, 0x85, /* EA990 */
	0x2E, 0x0C, 0x5F, 0x7E, 0x66, 0x6F, 0x41, 0xA5, 0x2C, 0x00, 0x4D, 0x14, 0x14, 0x05, 0x08, 0x41, /* EA9A0 */
	0x65, 0x0C, 0x61, 0x00, 0xA8, 0x07, 0x4C, 0x35, 0xC1, 0x2C, 0x0C, 0x39, 0x85, 0x4B, 0x03, 0x06, /* EA9B0 */
	0x65, 0x15, 0xAE, 0x4C, 0x00, 0x9D, 0x39, 0x14, 0x65, 0x81, 0x26, 0x2E, 0x2F, 0x6B, 0xF2, 0xF8, /* EA9C0 */
	0x00, 0x6F, 0x4A, 0x21, 0x00, 0x0D, 0x06, 0x6F, 0x06, 0xAE, 0x2C, 0x0F, 0x0E, 0x38, 0x14, 0x04, /* EA9D0 */
	0x21, 0x4D, 0x81, 0x4E, 0x45, 0x7A, 0x03, 0x05, 0x4C, 0x0D, 0x28, 0x2D, 0xCC, 0xCC, 0x07, 0x06, /* EA9E0 */
	0xAC, 0x35, 0xD3, 0x2D, 0xCC, 0x36, 0x69, 0x05, 0x05, 0xB5, 0x3C, 0x26, 0x2E, 0xF6, 0xB4, 0x1B, /* EA9F0 */
	0x60, 0x81, 0x16, 0x93, 0x03, 0x03, 0x00, 0xC5, 0x31, 0x6F, 0x02, 0x03, 0x06, 0x2F, 0x3B, 0x01, /* EAA00 */
	0x2F, 0x0F, 0x6E, 0x85, 0x0B, 0x00, 0x69, 0x16, 0x0D, 0x01, 0x30, 0x00, 0x6F, 0x1A, 0x85, 0x02, /* EAA10 */
	0x03, 0x00, 0x6F, 0x4E, 0x75, 0x00, 0x0C, 0x00, 0x6F, 0x5A, 0xCF, 0x01, 0x0D, 0x05, 0x8F, 0x27, /* EAA20 */
	0x2E, 0x2D, 0x4F, 0x23, 0x39, 0x04, 0xA8, 0x05, 0x2E, 0x0F, 0x97, 0xFF, 0x02, 0x00, 0x09, 0x17, /* EAA30 */
	0x72, 0x03, 0x31, 0x00, 0x61, 0x15, 0x12, 0x01, 0x30, 0x00, 0xA5, 0x14, 0x12, 0x01, 0x30, 0x00, /* EAA40 */
	0x81, 0x36, 0x65, 0x00, 0x07, 0x04, 0x0F, 0x51, 0x85, 0x2F, 0x4F, 0x44, 0x03, 0x04, 0x28, 0x39, /* EAA50 */
	0xC5, 0x0D, 0x01, 0x1E, 0x01, 0x05, 0x28, 0x49, 0x79, 0xCC, 0x6B, 0x02, 0xA8, 0x03, 0x68, 0x07, /* EAA60 */
	0x34, 0x0D, 0x4F, 0x04, 0x04, 0x6C, 0x57, 0x47, 0x2C, 0xCC, 0x16, 0x02, 0x06, 0x6C, 0x5B, 0x89, /* EAA70 */
	0x2F, 0x0C, 0x5F, 0xF2, 0x13, 0x00, 0x6F, 0x12, 0x6F, 0x02, 0x0C, 0x00, 0x8F, 0x4A, 0x05, 0x01, /* EAA80 */
	0x0C, 0x00, 0x8F, 0x52, 0x85, 0x03, 0x07, 0x06, 0x35, 0x04, 0xC8, 0x2D, 0x36, 0x04, 0x20, 0x05, /* EAA90 */
	0x05, 0x41, 0x24, 0x6C, 0x2C, 0x2F, 0xA8, 0xA9, 0x06, 0x72, 0x3B, 0x69, 0x2E, 0x12, 0x3F, 0xF2, /* EAAA0 */
	0x0E, 0x00, 0x81, 0x3E, 0x2C, 0x01, 0x0C, 0x00, 0x81, 0x43, 0x81, 0x02, 0x0C, 0x05, 0xAC, 0x15, /* EAAB0 */
	0xB4, 0x2C, 0x8C, 0xF2, 0x50, 0x06, 0x6F, 0x14, 0x63, 0x2F, 0x00, 0x1C, 0x2D, 0x0F, 0x06, 0x19, /* EAAC0 */
	0x33, 0x8F, 0x4C, 0x09, 0x3B, 0xBC, 0x10, 0x00, 0x61, 0x18, 0x25, 0x00, 0x0B, 0x04, 0x28, 0x49, /* EAAD0 */
	0x29, 0xCD, 0x6B, 0x12, 0x01, 0x04, 0xA1, 0x20, 0x29, 0x2D, 0x61, 0x18, 0x01, 0x00, 0x6F, 0x52, /* EAAE0 */
	0x12, 0x01, 0x0C, 0x05, 0x61, 0x26, 0x2E, 0x2F, 0x01, 0xFE, 0xF8, 0x05, 0x8F, 0x26, 0x2E, 0x2D, /* EAAF0 */
	0x40, 0x12, 0x39, 0x05, 0x0F, 0x56, 0x72, 0x2E, 0x0F, 0x72, 0x3B, 0x06, 0x2C, 0x35, 0x65, 0x2E, /* EAB00 */
	0x8C, 0x35, 0xF1, 0x0E, 0x05, 0x6F, 0x66, 0x85, 0x2E, 0x2F, 0x6E, 0x7D, 0x05, 0x61, 0x06, 0x61, /* EAB10 */
	0x2E, 0x01, 0x0E, 0x38, 0x06, 0x61, 0x06, 0x2C, 0x2D, 0x00, 0xBE, 0x33, 0x05, 0x05, 0x08, 0x0D, /* EAB20 */
	0x6F, 0xCE, 0x00, 0x3B, 0x3B, 0x04, 0x89, 0x20, 0x85, 0x4E, 0x09, 0x76, 0x03, 0x04, 0x99, 0x20, /* EAB30 */
	0x85, 0x4E, 0x09, 0x76, 0x03, 0x04, 0xAF, 0x07, 0x32, 0x2C, 0x66, 0x1F, 0x00, 0x05, 0x68, 0x43, /* EAB40 */
	0x69, 0xCE, 0x4F, 0x80, 0x39, 0x06, 0x0F, 0x06, 0xAC, 0x2C, 0x0F, 0xD2, 0xAB, 0x14, 0x06, 0x35, /* EAB50 */
	0x4D, 0x14, 0x2D, 0x97, 0x45, 0x53, 0x00, 0x66, 0x32, 0x05, 0x34, 0x2D, 0x12, 0x75, 0x05, 0x14, /* EAB60 */
	0x04, 0x6F, 0x3C, 0x95, 0x2E, 0x36, 0x7C, 0x03, 0x06, 0xAF, 0x39, 0x94, 0x66, 0xCB, 0x36, 0x52, /* EAB70 */
	0x12, 0x05, 0x05, 0x85, 0x52, 0x41, 0x39, 0x53, 0xCF, 0x01, 0x0E, 0x07, 0x6F, 0x41, 0x61, 0x66, /* EAB80 */
	0xCB, 0x36, 0x41, 0x00, 0x1E, 0x01, 0x67, 0x6F, 0x52, 0x72, 0x33, 0x0B, 0x30, 0x52, 0x12, 0xAF, /* EAB90 */
	0x02, 0x06, 0x48, 0x0D, 0x21, 0x3F, 0xF3, 0x2C, 0xBF, 0x07, 0x0F, 0x00, 0x6F, 0x0E, 0x85, 0x50, /* EABA0 */
	0x0D, 0x60, 0x6F, 0x12, 0x15, 0x53, 0x03, 0x00, 0x6F, 0x12, 0x15, 0x53, 0x0D, 0xF5, 0x08, 0x39, /* EABB0 */
	0x27, 0x11, 0x03, 0x31, 0x2A, 0x04, 0x05, 0x08, 0x39, 0x27, 0x49, 0x03, 0x31, 0x2A, 0x1F, 0xF6, /* EABC0 */
	0x6C, 0x4F, 0x65, 0x64, 0x0B, 0x3C, 0x4F, 0x0C, 0x05, 0x60, 0x6F, 0x52, 0x01, 0x53, 0x0D, 0x06, /* EABD0 */
	0x48, 0x39, 0x85, 0x17, 0x03, 0x39, 0x76, 0x45, 0x0A, 0x00, 0x6F, 0x52, 0x65, 0x52, 0x0D, 0x00, /* EABE0 */
	0x6F, 0x52, 0x65, 0x52, 0x03, 0x00, 0x6F, 0x41, 0x2C, 0x61, 0x07, 0x00, 0x6F, 0x41, 0x2C, 0x61, /* EABF0 */
	0x0D, 0x04, 0x6C, 0x53, 0x28, 0x4D, 0x0B, 0x3C, 0x6B, 0x67, 0x6F, 0x41, 0x2C, 0x51, 0x0B, 0x30, /* EAC00 */
	0x41, 0x0C, 0x55, 0x00, 0x60, 0x6F, 0x09, 0x69, 0x16, 0x03, 0x00, 0x6F, 0x09, 0x69, 0x16, 0x0D, /* EAC10 */
	0x00, 0x6F, 0x30, 0x25, 0x17, 0x0C, 0x05, 0x08, 0x35, 0x22, 0x49, 0x03, 0x31, 0x09, 0x1F, 0x06, /* EAC20 */
	0x6F, 0x19, 0x8F, 0x52, 0xCB, 0x36, 0x19, 0x5F, 0x04, 0x00, 0x6F, 0x35, 0x65, 0x52, 0x0D, 0x00, /* EAC30 */
	0x6F, 0x0E, 0x85, 0x52, 0x0C, 0x60, 0x6F, 0x0E, 0x85, 0x52, 0x03, 0x04, 0x6F, 0x3C, 0x2E, 0x31, /* EAC40 */
	0x4B, 0x3F, 0xB2, 0x00, 0x6F, 0x52, 0xC5, 0x50, 0x0D, 0x00, 0x95, 0x53, 0x6F, 0x15, 0x0C, 0x60, /* EAC50 */
	0x6F, 0x5A, 0x85, 0x52, 0x03, 0x00, 0x6F, 0x5A, 0x85, 0x52, 0x0C, 0x00, 0x6F, 0x52, 0x85, 0x53, /* EAC60 */
	0x0D, 0x60, 0x6F, 0x52, 0x85, 0x53, 0x03, 0x00, 0xA1, 0x06, 0x8C, 0x66, 0x31, 0x00, 0x4C, 0x35, /* EAC70 */
	0xA1, 0x14, 0x0C, 0x60, 0x6F, 0x1A, 0x69, 0x16, 0x03, 0x00, 0x6F, 0x1A, 0x69, 0x16, 0x0D, 0x00, /* EAC80 */
	0x8F, 0x53, 0x75, 0x15, 0x0D, 0x60, 0x6F, 0x30, 0x05, 0x53, 0x03, 0x60, 0x6F, 0x4E, 0x65, 0x52, /* EAC90 */
	0x03, 0x05, 0x6F, 0x30, 0x21, 0x17, 0x0B, 0x30, 0xBC, 0x3A, 0x00, 0x6F, 0x52, 0xAF, 0x49, 0x0D, /* EACA0 */
	0x07, 0x61, 0x0C, 0xA9, 0x35, 0x8B, 0xA1, 0x4E, 0x05, 0x30, 0x01, 0x06, 0x6F, 0x41, 0x81, 0x4F, /* EACB0 */
	0xCB, 0x36, 0x41, 0x40, 0x03, 0x00, 0x6F, 0x30, 0x81, 0x4C, 0x03, 0x00, 0x6F, 0x41, 0x01, 0x53, /* EACC0 */
	0x0D, 0x60, 0x6F, 0x41, 0x01, 0x53, 0x03, 0x04, 0x8F, 0x12, 0x09, 0x31, 0x8B, 0x27, 0xB2, 0x06, /* EACD0 */
	0x61, 0x3C, 0x52, 0x15, 0x8B, 0xA1, 0x02, 0x12, 0x05, 0x06, 0x6F, 0x49, 0x21, 0x14, 0x8B, 0x3F, /* EACE0 */
	0x49, 0x21, 0x04, 0x07, 0x6C, 0x4F, 0x85, 0x53, 0x0B, 0x3C, 0x4F, 0x7C, 0x53, 0x00, 0x05, 0x6F, /* EACF0 */
	0x3C, 0x67, 0x16, 0x0B, 0x30, 0x3C, 0x0E, 0x00, 0x6F, 0x41, 0x8F, 0x53, 0x0D, 0x07, 0xB2, 0x4D, /* EAD00 */
	0x21, 0x14, 0x4B, 0x82, 0x4E, 0x1D, 0x11, 0x00, 0x07, 0x19, 0x33, 0x89, 0x53, 0x13, 0x29, 0x33, /* EAD10 */
	0x7C, 0x53, 0x00, 0x00, 0x81, 0x06, 0x16, 0x39, 0x31, 0x07, 0x0F, 0x3F, 0xAE, 0x51, 0x0B, 0x2F, /* EAD20 */
	0x03, 0xCE, 0x56, 0x00, 0x06, 0x99, 0x48, 0x85, 0x4F, 0x13, 0x49, 0x48, 0x7C, 0x03, 0x00, 0x81, /* EAD30 */
	0x0A, 0x69, 0x16, 0x0D, 0x05, 0x0C, 0x35, 0x22, 0x49, 0x0B, 0x8C, 0x35, 0x1F, 0x60, 0x6F, 0x5A, /* EAD40 */
	0x09, 0x53, 0x03, 0x00, 0x6F, 0x5A, 0x09, 0x53, 0x0D, 0x06, 0x4C, 0x0D, 0x28, 0x4D, 0x0B, 0xFC, /* EAD50 */
	0xCC, 0x41, 0x0A, 0xF6, 0x2C, 0x05, 0x6E, 0x64, 0x0B, 0x9C, 0x39, 0x0C, 0x05, 0x07, 0x08, 0x3D, /* EAD60 */
	0x54, 0x0D, 0x0B, 0x71, 0xBD, 0xF4, 0x2C, 0x03, 0x00, 0x6F, 0x35, 0x75, 0x16, 0x07, 0x06, 0x08, /* EAD70 */
	0x1D, 0x52, 0x39, 0x33, 0x10, 0x4B, 0x29, 0x0E, 0x60, 0x28, 0x49, 0x89, 0x23, 0x0C, 0x65, 0x2C, /* EAD80 */
	0x05, 0x8E, 0x17, 0x0B, 0x9C, 0x39, 0x1A, 0x00, 0x6F, 0x0E, 0xA1, 0x16, 0x07, 0x65, 0x6F, 0x46, /* EAD90 */
	0x35, 0x49, 0x8B, 0xFF, 0x2E, 0x1F, 0x00, 0x8F, 0x3E, 0x2E, 0x49, 0x30, 0x05, 0xAF, 0x41, 0x2C, /* EADA0 */
	0x49, 0xCB, 0x46, 0x30, 0x1F, 0x06, 0xAF, 0x23, 0x61, 0x12, 0x8B, 0x26, 0x84, 0x0E, 0x04, 0x60, /* EADB0 */
	0x95, 0x52, 0x41, 0x31, 0x03, 0x04, 0x68, 0x4B, 0x74, 0x14, 0x83, 0xD7, 0xB0, 0x00, 0x6F, 0x4E, /* EADC0 */
	0x6F, 0x14, 0x0D, 0x60, 0x6F, 0x4E, 0x6F, 0x14, 0x03, 0x00, 0x72, 0x3F, 0x2B, 0x11, 0x0C, 0x06, /* EADD0 */
	0x6F, 0x0E, 0x89, 0x17, 0x0B, 0x30, 0x4E, 0x49, 0x03, 0x00, 0x6F, 0x3A, 0x05, 0x53, 0x03, 0x00, /* EADE0 */
	0x6F, 0x3A, 0xA9, 0x16, 0x03, 0x00, 0x6F, 0x3A, 0xAF, 0x14, 0x03, 0x00, 0x6F, 0x0E, 0x8F, 0x12, /* EADF0 */
	0x0C, 0x00, 0x6F, 0x12, 0x6F, 0x16, 0x03, 0x00, 0x61, 0x1C, 0x81, 0x66, 0x31, 0x04, 0x08, 0x4D, /* EAE00 */
	0x53, 0x4D, 0x83, 0x41, 0x17, 0x05, 0x6F, 0x30, 0x29, 0x49, 0x8B, 0xAF, 0x16, 0x1F, 0x07, 0x61, /* EAE10 */
	0x20, 0xAF, 0x39, 0x8B, 0xA1, 0x22, 0x9D, 0x32, 0x02, 0x00, 0x72, 0x5F, 0x2C, 0x65, 0x0D, 0x00, /* EAE20 */
	0x61, 0x54, 0x2D, 0x51, 0x31, 0x05, 0x28, 0x31, 0x33, 0x05, 0x83, 0xA5, 0x4E, 0x05, 0x00, 0x81, /* EAE30 */
	0x32, 0x79, 0x14, 0x0D, 0x05, 0x08, 0x51, 0x08, 0x35, 0x83, 0x51, 0x00, 0x0D, 0x00, 0x81, 0x4F, /* EAE40 */
	0x65, 0x30, 0x03, 0x07, 0x81, 0x0A, 0x6F, 0x16, 0xCB, 0x02, 0x76, 0x0F, 0x1E, 0x01, 0x00, 0x6F, /* EAE50 */
	0x30, 0xA5, 0x50, 0x03, 0x07, 0x81, 0x12, 0x65, 0x06, 0xCB, 0x12, 0x74, 0x01, 0x0E, 0x00, 0x06, /* EAE60 */
	0x81, 0x27, 0x4D, 0x49, 0x8B, 0x61, 0xF2, 0x8D, 0x00, 0x00, 0x65, 0x14, 0xB3, 0x14, 0x03, 0x05, /* EAE70 */
	0x61, 0x25, 0x6C, 0x14, 0x0B, 0x30, 0x15, 0x2A, 0x00, 0x8F, 0x26, 0x6E, 0x16, 0x03, 0x06, 0x0C, /* EAE80 */
	0x49, 0x09, 0x17, 0x0B, 0x0C, 0x48, 0x45, 0x03, 0x06, 0x28, 0x59, 0x72, 0x3B, 0xB3, 0x55, 0x4A, /* EAE90 */
	0x2F, 0x0E, 0x00, 0xA9, 0x04, 0x24, 0x31, 0x31, 0x07, 0xA9, 0x64, 0x26, 0x11, 0x93, 0x59, 0x14, /* EAEA0 */
	0x86, 0x15, 0x00, 0x07, 0x8F, 0x06, 0x7A, 0x3B, 0x8B, 0x47, 0x02, 0x1A, 0x3F, 0x02, 0x06, 0x8F, /* EAEB0 */
	0x4E, 0x21, 0x17, 0x8B, 0x47, 0x77, 0xEF, 0x0A, 0x07, 0x6F, 0x12, 0x55, 0x51, 0x8B, 0x3F, 0x12, /* EAEC0 */
	0xE2, 0x5C, 0x00, 0x05, 0x8F, 0x4A, 0x69, 0x16, 0x0B, 0x40, 0x16, 0x0E, 0x05, 0x81, 0x4A, 0x69, /* EAED0 */
	0x1E, 0x8B, 0x4B, 0xF2, 0x3E, 0x00, 0x61, 0x15, 0x6C, 0x53, 0x31, 0x06, 0x55, 0x4D, 0x69, 0x16, /* EAEE0 */
	0x4B, 0xF7, 0x68, 0x05, 0x0E, 0x06, 0x6F, 0x0E, 0x45, 0x51, 0x0B, 0x30, 0x4E, 0x45, 0x04, 0x60, /* EAEF0 */
	0x6F, 0x4E, 0x29, 0x14, 0x12, 0x0C, 0x85, 0xAF, 0x31, 0x64, 0x02, 0x14, 0xDB, 0x11, 0x6E, 0x04, /* EAF00 */
	0x07, 0xA1, 0x20, 0x6F, 0x24, 0x03, 0x7B, 0x85, 0x18, 0xAC, 0x2D, 0x60, 0x61, 0x41, 0x41, 0x1D, /* EAF10 */
	0x0E, 0x07, 0x00, 0x6F, 0x52, 0x12, 0x4D, 0x14, 0x0D, 0x60, 0x6F, 0x52, 0x12, 0x4D, 0x14, 0x03, /* EAF20 */
	0x00, 0x6F, 0x4E, 0x14, 0x39, 0x14, 0x0C, 0x00, 0x6F, 0x52, 0x12, 0x0D, 0x14, 0x0D, 0x60, 0x6F, /* EAF30 */
	0x52, 0x12, 0x0D, 0x14, 0x03, 0x00, 0x6F, 0x35, 0x85, 0x0E, 0x05, 0x0D, 0x06, 0x08, 0x39, 0x47, /* EAF40 */
	0x39, 0x07, 0x03, 0x39, 0xCA, 0xFC, 0x02, 0x60, 0x6F, 0x1A, 0x4C, 0x0D, 0x14, 0x03, 0x00, 0x6F, /* EAF50 */
	0x1A, 0x4C, 0x0D, 0x14, 0x0D, 0x00, 0x6F, 0x52, 0x12, 0x49, 0x19, 0x35, 0x08, 0x32, 0x05, 0x54, /* EAF60 */
	0x3D, 0x0E, 0x4B, 0x16, 0x1D, 0xC1, 0x03, 0x0E, 0x08, 0x32, 0x05, 0x54, 0x59, 0x05, 0x4B, 0x16, /* EAF70 */
	0x1D, 0xD1, 0xF0, 0x16, 0x06, 0x68, 0x3C, 0x52, 0x39, 0x05, 0x3B, 0x9C, 0x12, 0x35, 0x02, 0x00, /* EAF80 */
	0x61, 0x14, 0x2E, 0x04, 0x12, 0x30, 0x09, 0x81, 0x3E, 0x4C, 0x39, 0x01, 0x7B, 0xAE, 0x12, 0x30, /* EAF90 */
	0x24, 0x0E, 0x00, 0x00, 0x8F, 0x4A, 0x29, 0x3C, 0x12, 0x31, 0x00, 0x6F, 0x41, 0xAF, 0x39, 0x04, /* EAFA0 */
	0x0D, 0x60, 0x6F, 0x41, 0xAF, 0x39, 0x04, 0x03, 0x07, 0xAF, 0x49, 0x34, 0x4D, 0x19, 0xDB, 0x4A, /* EAFB0 */
	0x14, 0x40, 0x17, 0x08, 0x65, 0x15, 0x34, 0x49, 0x59, 0x93, 0x35, 0x40, 0xA4, 0x4B, 0x05, 0x60, /* EAFC0 */
	0x6F, 0x30, 0x81, 0x4C, 0x05, 0x03, 0x09, 0x6F, 0x3C, 0x12, 0x11, 0x0F, 0x7B, 0xBE, 0x0C, 0x40, /* EAFD0 */
	0x86, 0x04, 0x0F, 0x68, 0x4F, 0x39, 0x43, 0x11, 0x05, 0x7B, 0x3E, 0x3C, 0x4E, 0x27, 0x04, 0x05, /* EAFE0 */
	0x81, 0x4A, 0x09, 0x1D, 0x05, 0xAB, 0x4B, 0x3C, 0x0A, 0x08, 0x4F, 0x14, 0x53, 0x59, 0x05, 0x3B, /* EAFF0 */
	0x23, 0x1D, 0x45, 0xF3, 0x16, 0x07, 0x6F, 0x0E, 0x85, 0x52, 0x0F, 0x0B, 0x38, 0x83, 0x5B, 0x3C, /* EB000 */
	0x09, 0x52, 0x51, 0x85, 0x26, 0x01, 0x4B, 0x26, 0x54, 0x8D, 0x48, 0x05, 0x00, 0x60, 0x6F, 0x41, /* EB010 */
	0x32, 0x4D, 0x13, 0x03, 0x00, 0x6F, 0x41, 0x32, 0x4D, 0x13, 0x0D, 0x00, 0x21, 0x24, 0x6C, 0x04, /* EB020 */
	0x03, 0x31, 0x60, 0x6F, 0x35, 0x65, 0x0E, 0x05, 0x03, 0x00, 0x6F, 0x46, 0x35, 0x4D, 0x14, 0x0D, /* EB030 */
	0x60, 0x6F, 0x5A, 0x85, 0x4E, 0x05, 0x03, 0x00, 0x6F, 0x5A, 0x85, 0x4E, 0x05, 0x0D, 0x09, 0x4F, /* EB040 */
	0x14, 0x32, 0x39, 0x14, 0x3B, 0x23, 0x9D, 0x40, 0xF2, 0x4E, 0x04, 0x08, 0xA9, 0x04, 0x54, 0x3D, /* EB050 */
	0x4E, 0x23, 0x51, 0x1D, 0xC1, 0x03, 0x0E, 0x06, 0x61, 0x41, 0x22, 0x31, 0x0C, 0x8B, 0x35, 0x02, /* EB060 */
	0xA0, 0x02, 0x07, 0x65, 0x30, 0x75, 0x04, 0x52, 0x93, 0xA9, 0x19, 0x30, 0x7C, 0x06, 0x88, 0x66, /* EB070 */
	0x73, 0x14, 0x12, 0x4B, 0x26, 0x13, 0x7C, 0x03, 0x00, 0x6F, 0x2A, 0x35, 0x07, 0x0C, 0x30, 0x00, /* EB080 */
	0x6F, 0x0E, 0x0C, 0x59, 0x05, 0x0D, 0x00, 0x6F, 0x0E, 0x32, 0x51, 0x05, 0x0D, 0x0A, 0x61, 0x30, /* EB090 */
	0x34, 0x61, 0x14, 0x7B, 0xDD, 0x6A, 0x74, 0x96, 0x4B, 0x53, 0x00, 0x00, 0x28, 0x0D, 0x8B, 0x57, /* EB0A0 */
	0x0D, 0x0D, 0x00, 0x6F, 0x3A, 0x65, 0x14, 0x19, 0x31, 0x00, 0x28, 0x49, 0x4F, 0x17, 0x05, 0x31, /* EB0B0 */
	0x08, 0xAF, 0x16, 0xAE, 0x48, 0x19, 0xDB, 0x5A, 0x00, 0x5E, 0x48, 0x05, 0x05, 0x48, 0x4D, 0x68, /* EB0C0 */
	0x33, 0x0D, 0xA3, 0x69, 0x00, 0x0D, 0x05, 0x81, 0x32, 0x89, 0x33, 0x05, 0xCB, 0x32, 0x89, 0x0A, /* EB0D0 */
	0x06, 0x08, 0x49, 0x2C, 0x39, 0xC5, 0xC3, 0x32, 0x1D, 0x35, 0x02, 0x05, 0x28, 0x65, 0x65, 0x3A, /* EB0E0 */
	0xC5, 0x23, 0x75, 0x21, 0x0E, 0x07, 0x2C, 0x49, 0x6D, 0x3B, 0x14, 0x3B, 0xAC, 0x8D, 0x3F, 0x52, /* EB0F0 */
	0x08, 0x61, 0x0C, 0xB5, 0x50, 0x01, 0x8B, 0xA9, 0x4B, 0xDD, 0x52, 0x00, 0x00, 0x01, 0x4A, 0x61, /* EB100 */
	0x14, 0x13, 0x0C, 0x06, 0xAF, 0x1D, 0x68, 0x24, 0x0E, 0xBB, 0x1B, 0xCC, 0x3C, 0x02, 0x06, 0x81, /* EB110 */
	0x3A, 0x25, 0x27, 0x05, 0xCB, 0x3A, 0x3C, 0x17, 0x01, 0x06, 0xA9, 0x24, 0x63, 0x4B, 0x50, 0xA3, /* EB120 */
	0x51, 0x05, 0x9B, 0x03, 0x07, 0x0C, 0x55, 0x44, 0x39, 0x05, 0x3B, 0xDC, 0x44, 0x1D, 0x39, 0x06, /* EB130 */
	0x6C, 0x53, 0x48, 0x15, 0x12, 0x3B, 0x3C, 0x38, 0x75, 0x03, 0x06, 0x4F, 0x19, 0x26, 0x55, 0x12, /* EB140 */
	0x5B, 0xBF, 0x46, 0x7D, 0x03, 0x00, 0x81, 0x32, 0x13, 0x06, 0x04, 0x0D, 0x00, 0x48, 0x41, 0x30, /* EB150 */
	0x5D, 0x01, 0x31, 0x07, 0x8F, 0x4A, 0x61, 0x14, 0x13, 0x0B, 0x48, 0x21, 0xFC, 0x4C, 0x00, 0x8F, /* EB160 */
	0x4A, 0x29, 0x07, 0x0E, 0x30, 0x09, 0x6F, 0x24, 0x33, 0x55, 0x0D, 0x7B, 0xBE, 0xEA, 0x4C, 0x17, /* EB170 */
	0x36, 0x0D, 0x07, 0x01, 0x16, 0x72, 0x16, 0x14, 0x7B, 0x86, 0x42, 0x3F, 0x06, 0x00, 0x6F, 0x35, /* EB180 */
	0xA9, 0x50, 0x25, 0x01, 0x0D, 0x06, 0x08, 0x49, 0x01, 0x53, 0x85, 0x2E, 0x2B, 0x20, 0x53, 0x1F, /* EB190 */
	0x00, 0x6F, 0x35, 0x75, 0x26, 0xB3, 0x00, 0x30, 0x00, 0x6F, 0x35, 0x75, 0x26, 0x73, 0x01, 0xC1, /* EB1A0 */
	0x00, 0x6F, 0x41, 0x6F, 0x16, 0xAE, 0x00, 0x0C, 0x60, 0x6F, 0x4E, 0x94, 0x56, 0xA3, 0x00, 0x03, /* EB1B0 */
	0x00, 0x6F, 0x4E, 0x94, 0x56, 0xA3, 0x00, 0x0D, 0x00, 0x6F, 0x4E, 0x43, 0x3D, 0x95, 0x03, 0x0C, /* EB1C0 */
	0x00, 0x6F, 0x41, 0xA5, 0x14, 0xAE, 0x00, 0x30, 0x09, 0x6F, 0x41, 0x61, 0x26, 0x6F, 0x2E, 0x00, /* EB1D0 */
	0x4D, 0x84, 0x4E, 0x09, 0x38, 0x08, 0x6F, 0x41, 0x8F, 0x27, 0x34, 0x2D, 0x00, 0x4D, 0xBC, 0xDA, /* EB1E0 */
	0x5C, 0x00, 0x00, 0x8F, 0x42, 0x8F, 0x06, 0x34, 0x01, 0x30, 0x07, 0x61, 0x09, 0x52, 0x11, 0x27, /* EB1F0 */
	0x2D, 0x01, 0x0D, 0x4A, 0x29, 0x0A, 0x07, 0x08, 0x35, 0x10, 0x1D, 0x2E, 0xCD, 0x21, 0x4D, 0x74, /* EB200 */
	0x01, 0x0E, 0x08, 0x81, 0x4A, 0x79, 0x5B, 0x85, 0x2E, 0x6B, 0x12, 0x79, 0x4F, 0x76, 0x03, 0x69, /* EB210 */
	0x6F, 0x43, 0x85, 0x06, 0x34, 0x2D, 0x4F, 0xBD, 0x43, 0x5F, 0x02, 0x51, 0x0A, 0x52, 0x51, 0x85, /* EB220 */
	0x26, 0x6F, 0x2E, 0x12, 0x59, 0x74, 0x60, 0x12, 0x01, 0x0E, 0x00, 0x68, 0x0F, 0x6F, 0x04, 0x34, /* EB230 */
	0x01, 0x30, 0x07, 0xA1, 0x04, 0x6C, 0x1F, 0x35, 0x2D, 0xE1, 0x04, 0x30, 0x2F, 0x07, 0x0A, 0x6F, /* EB240 */
	0x41, 0x2C, 0x61, 0x85, 0x2F, 0x2F, 0x4D, 0x30, 0x25, 0x4B, 0xF3, 0x1A, 0x07, 0xAF, 0x49, 0x34, /* EB250 */
	0x3D, 0x95, 0x2F, 0x76, 0xD2, 0x14, 0x40, 0x03, 0x07, 0x8F, 0x64, 0x52, 0x1D, 0xA8, 0x2C, 0x6F, /* EB260 */
	0x10, 0x49, 0x49, 0x04, 0x04, 0x08, 0x55, 0x26, 0x16, 0x95, 0xCE, 0x0F, 0x76, 0x03, 0x08, 0x28, /* EB270 */
	0x59, 0x72, 0x33, 0xA5, 0xCC, 0x9E, 0x55, 0x4A, 0x00, 0x0C, 0x01, 0x09, 0xB9, 0x3C, 0x70, 0x04, /* EB280 */
	0x73, 0x4D, 0xC9, 0x04, 0x40, 0x8C, 0x61, 0xB6, 0x07, 0x2C, 0x05, 0x8E, 0x27, 0x2E, 0x2F, 0x8C, /* EB290 */
	0x35, 0x6A, 0xFC, 0x0E, 0x08, 0xA1, 0x20, 0x25, 0x48, 0x61, 0x2C, 0x40, 0x18, 0x11, 0x12, 0xA0, /* EB2A0 */
	0x02, 0x09, 0x4C, 0x15, 0xAE, 0x14, 0x2C, 0x2D, 0x0C, 0x09, 0x38, 0x54, 0x9D, 0xA9, 0x00, 0x6F, /* EB2B0 */
	0x35, 0x2F, 0x3C, 0x32, 0x01, 0x31, 0x00, 0x6F, 0x0E, 0x85, 0x52, 0x25, 0x00, 0x0C, 0x00, 0x6F, /* EB2C0 */
	0x54, 0x6D, 0x26, 0xB3, 0x00, 0x30, 0x08, 0x29, 0x07, 0x32, 0x51, 0x34, 0x4D, 0x29, 0x07, 0x48, /* EB2D0 */
	0x9D, 0x55, 0x00, 0x00, 0x6F, 0x4E, 0x6F, 0x06, 0xAE, 0x00, 0x30, 0x66, 0x6F, 0x46, 0x35, 0x49, /* EB2E0 */
	0x25, 0x2C, 0xEF, 0x2E, 0x7F, 0x04, 0x05, 0x08, 0x49, 0x6C, 0x53, 0x34, 0xCD, 0x32, 0x0C, 0x50, /* EB2F0 */
	0x06, 0x68, 0x3B, 0x87, 0x55, 0x29, 0x0F, 0xEF, 0x0E, 0x17, 0x3E, 0x07, 0x08, 0x35, 0x10, 0x25, /* EB300 */
	0x67, 0xCE, 0x21, 0x4D, 0x74, 0x01, 0x0E, 0x0A, 0x15, 0x07, 0x6D, 0x3B, 0x07, 0x2D, 0x9E, 0x22, /* EB310 */
	0x03, 0xCD, 0xF6, 0x1E, 0x00, 0x00, 0xAF, 0x26, 0x2E, 0x53, 0x6F, 0x02, 0x30, 0x08, 0x08, 0x39, /* EB320 */
	0x54, 0x31, 0xCC, 0xCD, 0x21, 0x5E, 0x74, 0xA9, 0x1A, 0x01, 0x08, 0x6F, 0x54, 0x0D, 0x26, 0x2E, /* EB330 */
	0x2D, 0xAF, 0x0A, 0x34, 0x02, 0x39, 0x02, 0x08, 0x85, 0x5A, 0x61, 0x52, 0x85, 0x4F, 0x5F, 0xB6, /* EB340 */
	0x3B, 0x14, 0x65, 0x02, 0x00, 0x88, 0x26, 0xB3, 0x24, 0x2E, 0x01, 0x03, 0x08, 0x61, 0x0C, 0x69, /* EB350 */
	0x25, 0x2E, 0x2D, 0xA1, 0x4A, 0xF3, 0x0D, 0x39, 0x02, 0x08, 0x48, 0x49, 0x8F, 0x3C, 0xC4, 0x2D, /* EB360 */
	0x7C, 0xB2, 0x43, 0x00, 0x14, 0x01, 0x07, 0x6F, 0x43, 0x85, 0x06, 0x27, 0x2D, 0x62, 0x70, 0x4B, /* EB370 */
	0x3C, 0x0A, 0x08, 0x8F, 0x4E, 0xA5, 0x24, 0x85, 0x2E, 0x9E, 0x47, 0x03, 0x54, 0x09, 0x01, 0x09, /* EB380 */
	0x32, 0x35, 0xA1, 0x3C, 0xD2, 0x2D, 0x12, 0x35, 0x01, 0x94, 0x47, 0x16, 0x09, 0x81, 0x12, 0x69, /* EB390 */
	0x06, 0x2C, 0x2D, 0xDE, 0x12, 0xF0, 0x8E, 0x31, 0x14, 0x00, 0x6F, 0x0E, 0xAF, 0x49, 0x33, 0x01, /* EB3A0 */
	0x0D, 0x07, 0x72, 0x27, 0x93, 0x07, 0xAE, 0x2C, 0x12, 0x40, 0xBF, 0x4E, 0x04, 0x60, 0x6F, 0x52, /* EB3B0 */
	0x52, 0x09, 0xB5, 0x14, 0x0D, 0x60, 0x8F, 0x4A, 0x85, 0x43, 0x6F, 0x12, 0x13, 0x00, 0x6F, 0x41, /* EB3C0 */
	0x81, 0x06, 0x62, 0x14, 0xC1, 0x00, 0x6F, 0x4E, 0x85, 0x55, 0x65, 0x52, 0x31, 0x60, 0x6F, 0x41, /* EB3D0 */
	0x72, 0x37, 0x89, 0x17, 0x31, 0x0B, 0x81, 0x04, 0x42, 0x31, 0xA9, 0x64, 0x4B, 0x0E, 0x41, 0x00, /* EB3E0 */
	0xA2, 0xA9, 0xFC, 0x14, 0x01, 0x00, 0x08, 0x39, 0x23, 0x31, 0x6C, 0x4B, 0x30, 0x0A, 0x69, 0x0E, /* EB3F0 */
	0x69, 0x3A, 0xA1, 0x24, 0x53, 0xAE, 0x39, 0xD3, 0x3C, 0x86, 0x34, 0x05, 0x69, 0x6F, 0x4B, 0x44, /* EB400 */
	0x39, 0xA1, 0x14, 0x0B, 0x7F, 0x9D, 0xC4, 0x3C, 0x06, 0x14, 0x69, 0x6F, 0x4B, 0x44, 0x39, 0xA1, /* EB410 */
	0x14, 0x0B, 0x7F, 0x9D, 0xC4, 0x3C, 0x02, 0x14, 0x0C, 0x32, 0x05, 0x54, 0x59, 0xA9, 0x64, 0x4B, /* EB420 */
	0x72, 0x16, 0x41, 0x74, 0xA5, 0xD6, 0xDC, 0x14, 0x00, 0x6F, 0x35, 0x65, 0x52, 0x81, 0x66, 0xC5, /* EB430 */
	0x09, 0x65, 0x52, 0x69, 0x15, 0x34, 0x49, 0x93, 0x35, 0x52, 0x3C, 0x1D, 0xD1, 0x1F, 0x00, 0x65, /* EB440 */
	0x52, 0x52, 0x19, 0x35, 0x17, 0x31, 0x08, 0x75, 0x3A, 0x69, 0x1E, 0x08, 0x35, 0xCB, 0x36, 0xF2, /* EB450 */
	0xBE, 0x84, 0x35, 0x00, 0x6F, 0x30, 0x25, 0x27, 0xA1, 0x14, 0x0C, 0x00, 0x6F, 0x41, 0x0C, 0x0D, /* EB460 */
	0x65, 0x52, 0x0C, 0x60, 0x6F, 0x52, 0x12, 0x11, 0x09, 0x53, 0x23, 0x00, 0x65, 0x52, 0x29, 0x4B, /* EB470 */
	0x21, 0x14, 0x31, 0x07, 0x81, 0x36, 0x09, 0x23, 0x21, 0x31, 0xCB, 0x32, 0x25, 0x0B, 0xA0, 0x02, /* EB480 */
	0x08, 0x88, 0x3E, 0x0D, 0x31, 0x6C, 0x67, 0x4B, 0x32, 0x37, 0x9D, 0xA1, 0xE6, 0x00, 0x8F, 0x40, /* EB490 */
	0x85, 0x5E, 0x65, 0x10, 0x31, 0x09, 0x2C, 0x35, 0x65, 0x52, 0x69, 0x16, 0x0B, 0x9C, 0x35, 0x3C, /* EB4A0 */
	0x5E, 0x24, 0x0E, 0x08, 0x81, 0x0A, 0x95, 0x16, 0x74, 0x4B, 0xCB, 0x02, 0x02, 0x12, 0x51, 0x7C, /* EB4B0 */
	0x00, 0x6F, 0x35, 0x89, 0x4F, 0x81, 0x66, 0xC5, 0x00, 0x65, 0x30, 0x8F, 0x20, 0x61, 0x16, 0x31, /* EB4C0 */
	0x00, 0x85, 0x52, 0x29, 0x26, 0x03, 0x51, 0x05, 0x70, 0x08, 0x6F, 0x19, 0x8F, 0x52, 0x01, 0x32, /* EB4D0 */
	0x05, 0xDB, 0x36, 0x46, 0x74, 0x0B, 0x2C, 0x00, 0x6F, 0x4E, 0x85, 0x55, 0x65, 0x0E, 0x05, 0x31, /* EB4E0 */
	0x00, 0x6F, 0x52, 0x72, 0x5B, 0x85, 0x4E, 0x19, 0xC5, 0x0A, 0x68, 0x33, 0x85, 0x53, 0x85, 0x3E, /* EB4F0 */
	0x0C, 0x0B, 0x30, 0x65, 0x53, 0x00, 0x92, 0xAF, 0x02, 0x09, 0x6F, 0x3A, 0x05, 0x53, 0x09, 0x57, /* EB500 */
	0x14, 0x0B, 0x38, 0xE5, 0xF4, 0x2C, 0x7C, 0x04, 0x00, 0x8F, 0x4A, 0x65, 0x04, 0x54, 0x3D, 0x0E, /* EB510 */
	0x8C, 0x00, 0x6F, 0x35, 0x6F, 0x42, 0x0C, 0x0D, 0x05, 0x31, 0x0A, 0xA1, 0x04, 0xB3, 0x48, 0x8F, /* EB520 */
	0x20, 0x05, 0x0B, 0x50, 0x61, 0x53, 0x48, 0x00, 0x16, 0x01, 0x0B, 0x4F, 0x39, 0x43, 0x11, 0x65, /* EB530 */
	0x0E, 0x05, 0x3B, 0x77, 0x29, 0x4E, 0xF3, 0xC4, 0x3C, 0x4E, 0x00, 0xAF, 0x39, 0x34, 0x49, 0x10, /* EB540 */
	0x49, 0x14, 0x35, 0x0A, 0x2F, 0x19, 0x46, 0x0D, 0x29, 0x39, 0x14, 0x7B, 0x3E, 0x3C, 0xA6, 0xCD, /* EB550 */
	0x3C, 0x5E, 0x00, 0x00, 0x68, 0x4B, 0x65, 0x1F, 0x12, 0x41, 0x08, 0xD1, 0x07, 0x6F, 0x3A, 0x4F, /* EB560 */
	0x4D, 0x33, 0x55, 0x12, 0xBB, 0x3B, 0x40, 0x73, 0x7D, 0x00, 0x6F, 0x4E, 0x29, 0x14, 0x12, 0x51, /* EB570 */
	0x05, 0x30, 0x00, 0x6F, 0x4E, 0x50, 0x49, 0xA1, 0x3C, 0x12, 0x30, 0x00, 0x88, 0x26, 0xB3, 0x14, /* EB580 */
	0x2E, 0x3C, 0x0D, 0x30, 0x00, 0xD2, 0x4D, 0x14, 0x31, 0x4C, 0x51, 0x05, 0x31, 0x08, 0x08, 0x35, /* EB590 */
	0x22, 0x49, 0x0C, 0x25, 0x0E, 0x03, 0x35, 0x42, 0x3F, 0x00, 0x0E, 0x06, 0x28, 0x4D, 0x05, 0x4A, /* EB5A0 */
	0xAF, 0x1D, 0x08, 0x13, 0x69, 0x42, 0x32, 0x03, 0x0A, 0x48, 0x49, 0x8F, 0x3C, 0x44, 0x4D, 0x14, /* EB5B0 */
	0xFB, 0x48, 0x6F, 0x00, 0x10, 0x7C, 0x53, 0x00, 0x00, 0x6F, 0x35, 0x6F, 0x5E, 0x05, 0x31, 0x54, /* EB5C0 */
	0x00, 0x31, 0x00, 0xAF, 0x39, 0x34, 0x49, 0x70, 0x27, 0xAE, 0x00, 0x31, 0x69, 0x08, 0x49, 0x01, /* EB5D0 */
	0x53, 0x85, 0x26, 0x3A, 0x2D, 0x2B, 0x20, 0x53, 0x40, 0x22, 0x69, 0x00, 0x6F, 0x35, 0x65, 0x4E, /* EB5E0 */
	0x95, 0x06, 0x34, 0x01, 0x30, 0x00, 0x81, 0x24, 0x14, 0x31, 0x89, 0x53, 0x09, 0x03, 0x0C, 0x0A, /* EB5F0 */
	0x48, 0x49, 0x8F, 0x48, 0x01, 0x53, 0x8F, 0x2E, 0x49, 0x02, 0x40, 0x92, 0x21, 0x53, 0x1F, 0x0B, /* EB600 */
	0x48, 0x49, 0x8F, 0x48, 0x01, 0x53, 0x09, 0x2F, 0x49, 0x02, 0x40, 0x92, 0x21, 0x53, 0x3C, 0x0B, /* EB610 */
	0x00, 0xA9, 0x26, 0x4C, 0x69, 0xA1, 0x24, 0x6F, 0x02, 0x0C, 0x00, 0x0C, 0x49, 0x29, 0x26, 0x03, /* EB620 */
	0x51, 0x69, 0x3B, 0x0C, 0x00, 0x85, 0x52, 0x29, 0x26, 0x03, 0x51, 0x69, 0x3B, 0x0C, 0x0D, 0x6F, /* EB630 */
	0x52, 0x72, 0x5B, 0x85, 0x4E, 0x09, 0x31, 0x4B, 0xBE, 0x3B, 0x54, 0x02, 0x58, 0x5D, 0x4F, 0x17, /* EB640 */
	0x2C, 0x0C, 0x6F, 0x4E, 0x43, 0x15, 0xAE, 0x24, 0xAF, 0x4D, 0x4B, 0xBE, 0x3B, 0x33, 0x75, 0x95, /* EB650 */
	0xCE, 0x03, 0x4C, 0x0C, 0x6F, 0x1A, 0x05, 0x53, 0x69, 0x3B, 0x85, 0x66, 0x0B, 0x30, 0x1A, 0x25, /* EB660 */
	0xCB, 0x03, 0x8E, 0x4B, 0x16, 0x0C, 0x08, 0x49, 0x01, 0x53, 0x85, 0x26, 0xB3, 0x24, 0x03, 0x7B, /* EB670 */
	0xAE, 0x00, 0x5B, 0x7C, 0x69, 0x53, 0xF0, 0x0B, 0x00, 0x0C, 0x4D, 0x53, 0x19, 0x09, 0x07, 0x54, /* EB680 */
	0x3D, 0x0E, 0x0C, 0x0D, 0x3A, 0x0D, 0x68, 0x4F, 0x6C, 0x5B, 0x41, 0x27, 0x01, 0x73, 0x96, 0x0B, /* EB690 */
	0x40, 0x33, 0x40, 0xB6, 0x2F, 0x05, 0x00, 0x00, 0x65, 0x52, 0x12, 0x31, 0xC9, 0x06, 0x54, 0x3D, /* EB6A0 */
	0x0E, 0x0C, 0x00, 0xD2, 0x4D, 0x14, 0x31, 0x4C, 0x69, 0xA1, 0x24, 0x6F, 0x02, 0x0C, 0x0E, 0x69, /* EB6B0 */
	0x16, 0x0D, 0x51, 0x2F, 0x4B, 0x81, 0x20, 0x85, 0x4E, 0x9E, 0x39, 0xF2, 0x0D, 0x50, 0xBC, 0x47, /* EB6C0 */
	0x02, 0x18, 0x1F, 0x02, 0x04, 0x05, 0x92, 0x0F, 0x84, 0x02, 0x93, 0x29, 0x10, 0x29, 0x04, 0x02, /* EB6D0 */
	0xC1, 0x11, 0x01, 0x62, 0x29, 0x11, 0x09, 0x02, 0xAF, 0x13, 0x26, 0x12, 0x85, 0x13, 0x36, 0x03, /* EB6E0 */
	0x80, 0x13, 0x45, 0x0A, 0x03, 0x6F, 0x12, 0x2F, 0x0E, 0xA3, 0xAF, 0x3B, 0x84, 0x36, 0x02, 0x93, /* EB6F0 */
	0x2F, 0x4D, 0xC4, 0x66, 0x02, 0x63, 0x6F, 0x16, 0xC4, 0x36, 0x02, 0x04, 0xA1, 0x04, 0x04, 0x51, /* EB700 */
	0x00, 0x04, 0xA1, 0x04, 0x84, 0x51, 0x00, 0x64, 0x65, 0x66, 0xC4, 0x3C, 0x26, 0x03, 0xAF, 0x1D, /* EB710 */
	0xC4, 0x16, 0x03, 0x03, 0x8F, 0x17, 0x04, 0x4F, 0x03, 0x03, 0x05, 0x19, 0x84, 0x15, 0x02, 0x03, /* EB720 */
	0x6F, 0x30, 0x84, 0xAF, 0x02, 0x64, 0x25, 0x66, 0xC4, 0x1C, 0x26, 0x04, 0x29, 0x35, 0x04, 0x05, /* EB730 */
	0x34, 0x63, 0x39, 0x11, 0x04, 0x19, 0x00, 0x04, 0x61, 0x06, 0x04, 0x31, 0x02, 0x03, 0xAF, 0x16, /* EB740 */
	0xC4, 0x56, 0x02, 0x60, 0xAF, 0x16, 0x03, 0x04, 0x09, 0x69, 0x04, 0x05, 0x68, 0x03, 0x2F, 0x49, /* EB750 */
	0x84, 0x72, 0x03, 0x04, 0x65, 0x06, 0x04, 0x35, 0x02, 0x84, 0x6F, 0x02, 0x14, 0x34, 0x3B, 0x14, /* EB760 */
	0x03, 0x05, 0x51, 0x08, 0x94, 0x61, 0x64, 0x4F, 0x39, 0x07, 0x84, 0xA6, 0x3E, 0x04, 0xCF, 0x16, /* EB770 */
	0x0E, 0xD4, 0x6A, 0x2E, 0x05, 0xA1, 0x26, 0x04, 0x04, 0x59, 0x3C, 0x04, 0x05, 0x65, 0x14, 0x14, /* EB780 */
	0x04, 0x30, 0x45, 0x04, 0x05, 0x12, 0x35, 0x01, 0x44, 0xBE, 0x0D, 0x00, 0x04, 0xA5, 0x26, 0x0C, /* EB790 */
	0x94, 0x59, 0x2C, 0x64, 0x05, 0x31, 0x14, 0x94, 0xA9, 0x14, 0x05, 0xA1, 0x26, 0x13, 0x04, 0x59, /* EB7A0 */
	0x7C, 0x03, 0x60, 0x05, 0x26, 0x14, 0x0C, 0x06, 0x05, 0x56, 0x14, 0x04, 0x09, 0x5D, 0x89, 0x02, /* EB7B0 */
	0x05, 0x09, 0x39, 0x05, 0x24, 0x75, 0x21, 0x0E, 0x04, 0x85, 0x3C, 0x14, 0x14, 0x41, 0x0F, 0x05, /* EB7C0 */
	0x79, 0x04, 0x0E, 0xA4, 0xA9, 0x00, 0x0E, 0x60, 0x25, 0x16, 0x12, 0x03, 0x00, 0x6F, 0x3E, 0x12, /* EB7D0 */
	0x0C, 0x05, 0x65, 0x3D, 0x0E, 0x14, 0x35, 0x00, 0x0E, 0x05, 0x05, 0x3F, 0x12, 0x04, 0x2D, 0x9D, /* EB7E0 */
	0x07, 0x04, 0x85, 0x07, 0x09, 0x04, 0x4C, 0x09, 0x04, 0x45, 0x30, 0x09, 0x94, 0xA9, 0x05, 0x00, /* EB7F0 */
	0xA5, 0x3E, 0x0E, 0x0C, 0x05, 0x61, 0x52, 0x05, 0xB4, 0x3B, 0x14, 0x01, 0x00, 0xA5, 0x17, 0x19, /* EB800 */
	0x0D, 0x04, 0x15, 0x39, 0x05, 0x54, 0x07, 0x0E, 0x05, 0x65, 0x24, 0x01, 0x14, 0x31, 0x05, 0x00, /* EB810 */
	0x06, 0xB5, 0x06, 0x0C, 0x84, 0x5A, 0xDD, 0xA7, 0x02, 0x05, 0x75, 0x05, 0x13, 0x84, 0x36, 0x9D, /* EB820 */
	0x0F, 0x00, 0x05, 0x4A, 0x01, 0x0C, 0x00, 0x65, 0x26, 0x13, 0x0C, 0x04, 0x69, 0x06, 0x08, 0x24, /* EB830 */
	0x39, 0x00, 0x00, 0x85, 0x16, 0x0B, 0x0C, 0x05, 0xB2, 0x25, 0x04, 0x44, 0x8A, 0x3C, 0x04, 0x04, /* EB840 */
	0xAF, 0x16, 0x12, 0x34, 0x5B, 0x1F, 0x05, 0x61, 0x3D, 0x0E, 0x04, 0x35, 0x00, 0x0E, 0x63, 0x45, /* EB850 */
	0x1D, 0x0E, 0x04, 0x39, 0x44, 0x95, 0x26, 0x2E, 0x13, 0xA3, 0xF9, 0x02, 0x85, 0x29, 0x38, 0xA0, /* EB860 */
	0x10, 0x29, 0xB4, 0x52, 0x74, 0xAF, 0x09, 0x2C, 0x11, 0x36, 0xB2, 0x00, 0x60, 0xA5, 0x04, 0x69, /* EB870 */
	0x00, 0x03, 0x05, 0xA5, 0x04, 0x69, 0x10, 0x45, 0x04, 0xA9, 0x00, 0x61, 0x30, 0x81, 0x03, 0x0C, /* EB880 */
	0x05, 0x61, 0x1E, 0x85, 0x12, 0x01, 0x2E, 0x7E, 0x00, 0x05, 0x07, 0x24, 0x01, 0x0D, 0x65, 0x52, /* EB890 */
	0x59, 0x65, 0x12, 0x92, 0x59, 0xBA, 0x60, 0x05, 0x06, 0x34, 0x01, 0x03, 0x00, 0x65, 0x3E, 0x34, /* EB8A0 */
	0x01, 0x03, 0x60, 0x85, 0x17, 0xB2, 0x00, 0x03, 0x00, 0x85, 0x17, 0xB2, 0x00, 0x0C, 0x00, 0x85, /* EB8B0 */
	0x54, 0xD4, 0x01, 0x31, 0x60, 0x25, 0x16, 0xA3, 0x00, 0x03, 0x06, 0x25, 0x16, 0xA3, 0x10, 0x05, /* EB8C0 */
	0x96, 0x2D, 0x14, 0x05, 0x61, 0x26, 0x53, 0x10, 0x01, 0xFE, 0xCC, 0x06, 0x29, 0x17, 0xB3, 0x10, /* EB8D0 */
	0x09, 0x9A, 0x4D, 0x14, 0x60, 0x29, 0x17, 0xB3, 0x00, 0x03, 0x03, 0x12, 0x5D, 0x85, 0x12, 0x92, /* EB8E0 */
	0x07, 0x06, 0x6F, 0x05, 0x69, 0x12, 0x0F, 0x7D, 0x05, 0x0E, 0x00, 0x89, 0x53, 0x61, 0x00, 0x0C, /* EB8F0 */
	0x05, 0x05, 0x4A, 0x89, 0x13, 0x3C, 0x42, 0x16, 0x00, 0x89, 0x37, 0x61, 0x00, 0x0C, 0x05, 0x35, /* EB900 */
	0x3F, 0xB5, 0x10, 0x36, 0x97, 0x52, 0x60, 0x69, 0x54, 0x34, 0x01, 0x03, 0x05, 0x89, 0x3C, 0x2C, /* EB910 */
	0x11, 0x49, 0x30, 0xAB, 0x06, 0x65, 0x54, 0x27, 0x11, 0x25, 0x6C, 0x89, 0x0A, 0x05, 0x8F, 0x07, /* EB920 */
	0x27, 0x11, 0x4F, 0xF3, 0x28, 0xF5, 0xAF, 0x09, 0xCC, 0x11, 0x36, 0xB2, 0x14, 0x00, 0x61, 0x56, /* EB930 */
	0x22, 0x01, 0x0D, 0x65, 0x29, 0x1A, 0x95, 0x13, 0x3C, 0x56, 0x69, 0x66, 0x61, 0x26, 0x65, 0x10, /* EB940 */
	0x21, 0x6E, 0x01, 0x2A, 0x05, 0x75, 0x54, 0x54, 0x10, 0x00, 0x8C, 0x62, 0x00, 0x75, 0x32, 0x81, /* EB950 */
	0x00, 0x0D, 0x00, 0x95, 0x06, 0xAE, 0x00, 0x03, 0x05, 0x15, 0x49, 0x34, 0x11, 0xD7, 0x52, 0x04, /* EB960 */
	0x06, 0x15, 0x3E, 0x89, 0x13, 0x22, 0x52, 0x77, 0x2F, 0x00, 0x65, 0x25, 0x2E, 0x03, 0x0C, 0x06, /* EB970 */
	0xB5, 0x06, 0x6C, 0x10, 0x62, 0x76, 0xDD, 0x2A, 0x07, 0x65, 0x14, 0x6F, 0x12, 0x01, 0x1C, 0x75, /* EB980 */
	0x0F, 0x0E, 0x05, 0xAF, 0x1D, 0x61, 0x10, 0x22, 0x07, 0xA8, 0x00, 0xC1, 0x09, 0x25, 0x00, 0x0D, /* EB990 */
	0x05, 0x65, 0x26, 0x33, 0x11, 0x3C, 0x1E, 0x4D, 0x00, 0x8F, 0x16, 0x65, 0x02, 0x07, 0x06, 0x05, /* EB9A0 */
	0x39, 0x0E, 0x11, 0x45, 0x8D, 0x39, 0x00, 0x04, 0x29, 0x51, 0x85, 0x12, 0x45, 0x74, 0x03, 0x00, /* EB9B0 */
	0x89, 0x3B, 0xC5, 0x01, 0x0D, 0x00, 0x05, 0x3E, 0x12, 0x01, 0x30, 0x05, 0x81, 0x20, 0x2E, 0x11, /* EB9C0 */
	0x21, 0x36, 0x16, 0x00, 0x69, 0x16, 0x53, 0x00, 0x03, 0x06, 0x81, 0x26, 0x65, 0x12, 0x6B, 0x12, /* EB9D0 */
	0xF1, 0x0E, 0x06, 0x09, 0x39, 0x0E, 0x11, 0x49, 0x8D, 0x39, 0x00, 0x05, 0x45, 0x11, 0x32, 0x11, /* EB9E0 */
	0x05, 0x44, 0x02, 0x00, 0x95, 0x3C, 0xAE, 0x00, 0x07, 0x04, 0xA5, 0x3C, 0x95, 0x12, 0x45, 0x84, /* EB9F0 */
	0x03, 0x06, 0x61, 0x25, 0x65, 0x12, 0x01, 0x1D, 0xF1, 0x0E, 0x65, 0x05, 0x19, 0x65, 0x12, 0x25, /* EBA00 */
	0x06, 0x38, 0x05, 0x05, 0x17, 0xA9, 0x10, 0x7C, 0x13, 0x51, 0x60, 0xA5, 0x14, 0xB3, 0x00, 0x03, /* EBA10 */
	0x46, 0x85, 0x43, 0xA9, 0x14, 0xC4, 0x4C, 0x0B, 0x49, 0x04, 0x05, 0x89, 0x17, 0x81, 0x17, 0xC4, /* EBA20 */
	0x6C, 0x16, 0x1A, 0x00, 0x89, 0x53, 0x61, 0x52, 0x0C, 0x06, 0xAF, 0x1D, 0x0C, 0x4D, 0xC4, 0x16, /* EBA30 */
	0x33, 0x40, 0x03, 0x00, 0x85, 0x53, 0x69, 0x66, 0x31, 0x00, 0x6F, 0x3C, 0x32, 0x4D, 0x0C, 0x00, /* EBA40 */
	0x25, 0x26, 0x43, 0x51, 0x30, 0x00, 0x85, 0x0F, 0x65, 0x52, 0x03, 0x00, 0x85, 0x53, 0x69, 0x16, /* EBA50 */
	0x0C, 0x06, 0x85, 0x4F, 0x85, 0x52, 0xC4, 0x6C, 0x76, 0x5F, 0x04, 0x60, 0x89, 0x0F, 0x81, 0x12, /* EBA60 */
	0x03, 0x00, 0x89, 0x0F, 0x81, 0x12, 0x0D, 0x60, 0x29, 0x1A, 0x95, 0x17, 0x03, 0x66, 0x29, 0x1A, /* EBA70 */
	0x95, 0x17, 0xC4, 0x1C, 0x66, 0x62, 0x03, 0x00, 0x05, 0x27, 0x0D, 0x31, 0x30, 0x00, 0xA5, 0x26, /* EBA80 */
	0x61, 0x52, 0x34, 0x00, 0x89, 0x4F, 0x65, 0x52, 0x03, 0x60, 0x09, 0x31, 0xD9, 0x16, 0x31, 0x07, /* EBA90 */
	0x12, 0x41, 0x85, 0x66, 0x44, 0x02, 0x41, 0x40, 0x12, 0x01, 0x06, 0xD2, 0x5D, 0x61, 0x30, 0x44, /* EBAA0 */
	0x22, 0x5D, 0xB7, 0x0A, 0x00, 0x85, 0x2F, 0x74, 0x43, 0x0D, 0x06, 0x05, 0x07, 0xB4, 0x49, 0x04, /* EBAB0 */
	0x20, 0x07, 0x54, 0x0F, 0x06, 0x15, 0x56, 0xB1, 0x15, 0x04, 0x00, 0x66, 0x22, 0x0B, 0x00, 0x85, /* EBAC0 */
	0x37, 0x6F, 0x12, 0x0C, 0x07, 0xA1, 0x26, 0x73, 0x3B, 0x04, 0x51, 0xF2, 0x13, 0x30, 0x02, 0x00, /* EBAD0 */
	0x05, 0x3E, 0x12, 0x21, 0x30, 0x05, 0x4F, 0x14, 0xB2, 0x64, 0x04, 0x7F, 0x53, 0x05, 0x06, 0xAF, /* EBAE0 */
	0x0D, 0xA5, 0x50, 0x84, 0x42, 0x77, 0x65, 0x04, 0x00, 0x65, 0x3C, 0x32, 0x4D, 0x0C, 0x00, 0x6F, /* EBAF0 */
	0x25, 0x4E, 0x0D, 0x30, 0x00, 0x81, 0x4A, 0x65, 0x30, 0x0C, 0x00, 0x65, 0x08, 0x85, 0x52, 0x0C, /* EBB00 */
	0x06, 0x75, 0x16, 0x44, 0x39, 0x04, 0x30, 0x16, 0x84, 0x0E, 0x00, 0x29, 0x09, 0x6F, 0x10, 0x0D, /* EBB10 */
	0x07, 0x85, 0x27, 0x32, 0x15, 0x44, 0x9E, 0x69, 0x7C, 0x02, 0x01, 0x07, 0x6F, 0x15, 0x4E, 0x0D, /* EBB20 */
	0x84, 0x3F, 0xF1, 0xCE, 0x2C, 0x03, 0x05, 0x45, 0x49, 0x84, 0x16, 0x84, 0x10, 0x48, 0x00, 0x07, /* EBB30 */
	0x69, 0x25, 0x94, 0x26, 0xC4, 0x3C, 0x15, 0x54, 0x12, 0x01, 0x07, 0x79, 0x06, 0x6D, 0x4F, 0x04, /* EBB40 */
	0x39, 0x02, 0x0D, 0x6F, 0x02, 0x07, 0x65, 0x26, 0x73, 0x3B, 0x84, 0x35, 0xF2, 0x13, 0x30, 0x02, /* EBB50 */
	0x09, 0x61, 0x1E, 0x65, 0x3C, 0x04, 0x75, 0x85, 0x0E, 0x0A, 0x30, 0x0F, 0x00, 0xA5, 0x4A, 0x29, /* EBB60 */
	0x4D, 0x03, 0x06, 0x75, 0x06, 0x17, 0x65, 0xC4, 0x36, 0x02, 0x17, 0x01, 0x05, 0x15, 0x23, 0x85, /* EBB70 */
	0x4F, 0xC4, 0x06, 0xF3, 0x13, 0x06, 0x25, 0x06, 0x75, 0x50, 0x04, 0x15, 0xDE, 0x6A, 0x04, 0x66, /* EBB80 */
	0x25, 0x06, 0x75, 0x50, 0xC4, 0x1C, 0xDE, 0x6A, 0x04, 0x07, 0xA5, 0x14, 0xAE, 0x14, 0x04, 0x51, /* EBB90 */
	0x74, 0x2F, 0x5E, 0x00, 0x68, 0x89, 0x43, 0xA1, 0x0C, 0x08, 0xF4, 0x4C, 0x42, 0x8D, 0x0D, 0x33, /* EBBA0 */
	0x00, 0x89, 0x43, 0xA1, 0x0C, 0x08, 0x0D, 0x60, 0x89, 0x0F, 0xAF, 0x16, 0x12, 0x0C, 0x00, 0x89, /* EBBB0 */
	0x53, 0x52, 0x0D, 0x14, 0x0D, 0x60, 0xA5, 0x16, 0x6C, 0x43, 0x05, 0x0C, 0x06, 0x85, 0x27, 0x67, /* EBBC0 */
	0x16, 0x12, 0xF4, 0x68, 0x09, 0x7E, 0x03, 0x00, 0x25, 0x26, 0x4E, 0x51, 0x05, 0x30, 0x00, 0x89, /* EBBD0 */
	0x07, 0xB3, 0x14, 0x12, 0x0C, 0x00, 0x65, 0x24, 0x03, 0x51, 0x05, 0x30, 0x60, 0x65, 0x14, 0x07, /* EBBE0 */
	0x51, 0x05, 0x31, 0x00, 0x65, 0x14, 0x07, 0x51, 0x05, 0x30, 0x06, 0x09, 0x31, 0x2F, 0x57, 0x05, /* EBBF0 */
	0x24, 0x01, 0x8C, 0x1F, 0x03, 0x07, 0x05, 0x27, 0x53, 0x59, 0x05, 0xF4, 0x4C, 0x49, 0xF3, 0x58, /* EBC00 */
	0x00, 0x89, 0x53, 0x61, 0x0E, 0x05, 0x0C, 0x06, 0x05, 0x4B, 0x05, 0x4D, 0x05, 0x14, 0x2D, 0x12, /* EBC10 */
	0x45, 0x03, 0x66, 0x05, 0x4B, 0x05, 0x4D, 0x05, 0xF4, 0x2C, 0x12, 0x45, 0x03, 0x66, 0x89, 0x4F, /* EBC20 */
	0x6F, 0x58, 0x05, 0xF4, 0x68, 0xAF, 0x5A, 0x02, 0x00, 0x89, 0x0F, 0xAF, 0x39, 0x14, 0x0D, 0x60, /* EBC30 */
	0x89, 0x0F, 0xAF, 0x39, 0x14, 0x07, 0x60, 0x69, 0x25, 0x4E, 0x4D, 0x08, 0x0C, 0x00, 0xA9, 0x26, /* EBC40 */
	0x24, 0x39, 0x04, 0x31, 0x07, 0x09, 0x49, 0x52, 0x14, 0x01, 0x74, 0x26, 0x40, 0x12, 0x01, 0x68, /* EBC50 */
	0x09, 0x1D, 0x6E, 0x4F, 0x05, 0x74, 0x26, 0x00, 0x37, 0x3E, 0x13, 0x00, 0x65, 0x24, 0x03, 0x0D, /* EBC60 */
	0x19, 0xC1, 0x07, 0xA9, 0x26, 0x53, 0x59, 0x05, 0xF4, 0x58, 0x49, 0xF3, 0x58, 0x09, 0x09, 0x09, /* EBC70 */
	0xA5, 0x14, 0x13, 0x74, 0x26, 0x00, 0x12, 0xD1, 0x45, 0x0A, 0x00, 0xA5, 0x26, 0x4C, 0x4D, 0x08, /* EBC80 */
	0x30, 0x05, 0x6F, 0x4B, 0x6B, 0x3E, 0x02, 0x94, 0x3B, 0x2F, 0x02, 0x00, 0xAF, 0x3B, 0x70, 0x57, /* EBC90 */
	0x12, 0x0D, 0x00, 0x05, 0x17, 0x24, 0x39, 0x14, 0x0C, 0x00, 0x05, 0x49, 0x62, 0x4B, 0x0E, 0x0D, /* EBCA0 */
	0x04, 0x6F, 0x3A, 0xAF, 0x1D, 0x08, 0xD4, 0x3A, 0x00, 0x07, 0x61, 0x26, 0x65, 0x30, 0x05, 0x84, /* EBCB0 */
	0x39, 0x59, 0x9D, 0xA9, 0x06, 0x89, 0x23, 0x17, 0x4D, 0x08, 0xA4, 0xCD, 0x97, 0xCF, 0x03, 0x06, /* EBCC0 */
	0x12, 0x55, 0x47, 0x50, 0x13, 0x44, 0x86, 0x46, 0x44, 0x03, 0x07, 0x85, 0x06, 0x2E, 0x17, 0x04, /* EBCD0 */
	0xF4, 0x48, 0x01, 0x2E, 0x12, 0x00, 0x85, 0x16, 0x4C, 0x0D, 0x14, 0x30, 0x60, 0x85, 0x54, 0x54, /* EBCE0 */
	0x69, 0x05, 0x31, 0x07, 0x29, 0x1A, 0x85, 0x16, 0xAE, 0x10, 0x29, 0x46, 0xF2, 0x4E, 0x04, 0x68, /* EBCF0 */
	0x95, 0x30, 0x09, 0x07, 0x34, 0x11, 0x62, 0x30, 0xF0, 0x0B, 0x51, 0x00, 0x08, 0x95, 0x30, 0x09, /* EBD00 */
	0x07, 0x34, 0x11, 0x62, 0x30, 0xF0, 0x0B, 0x50, 0x00, 0x00, 0x85, 0x43, 0x85, 0x06, 0x34, 0x01, /* EBD10 */
	0x30, 0x66, 0x89, 0x0F, 0x08, 0x49, 0x27, 0x11, 0x7C, 0x03, 0xCB, 0x0A, 0x06, 0x89, 0x0F, 0x08, /* EBD20 */
	0x49, 0x27, 0x11, 0x69, 0x03, 0xCB, 0x0A, 0x69, 0x05, 0x4B, 0x65, 0x15, 0xAE, 0x10, 0x25, 0x4B, /* EBD30 */
	0x02, 0x8D, 0x35, 0x52, 0x09, 0x89, 0x30, 0x6F, 0x05, 0xC3, 0x11, 0x7C, 0x30, 0x3C, 0x0D, 0x40, /* EBD40 */
	0x17, 0x00, 0xA5, 0x26, 0xA1, 0x24, 0x6F, 0x02, 0x9C, 0x00, 0x89, 0x0F, 0xAF, 0x49, 0x33, 0x01, /* EBD50 */
	0x0D, 0x08, 0xA5, 0x14, 0x92, 0x16, 0xAE, 0x10, 0x7C, 0xD4, 0x4A, 0x3C, 0x5E, 0x00, 0x07, 0x09, /* EBD60 */
	0x41, 0x88, 0x06, 0x67, 0x11, 0x09, 0x10, 0x4A, 0x21, 0x0D, 0x09, 0x05, 0x56, 0x14, 0x39, 0x34, /* EBD70 */
	0x11, 0x25, 0x62, 0x01, 0x94, 0x3F, 0x52, 0x00, 0x85, 0x43, 0xAF, 0x24, 0x73, 0x01, 0xC5, 0x08, /* EBD80 */
	0xA1, 0x16, 0x8E, 0x3C, 0xB2, 0x10, 0x61, 0x06, 0x38, 0x90, 0x57, 0x00, 0x00, 0x89, 0x43, 0x81, /* EBD90 */
	0x06, 0x34, 0x01, 0x0C, 0x09, 0xC9, 0x24, 0x65, 0x04, 0x2E, 0x10, 0x29, 0x4B, 0x17, 0x8C, 0x31, /* EBDA0 */
	0x12, 0x07, 0xB2, 0x1D, 0xB3, 0x3C, 0x32, 0x11, 0xD2, 0x16, 0x4F, 0x94, 0x07, 0x60, 0xAF, 0x3B, /* EBDB0 */
	0x87, 0x06, 0x24, 0x01, 0x0D, 0x00, 0x57, 0x39, 0x64, 0x24, 0x2E, 0x03, 0x0C, 0x05, 0xA1, 0x1D, /* EBDC0 */
	0x28, 0x49, 0xD4, 0x11, 0x66, 0x5F, 0x14, 0x05, 0xAF, 0x1D, 0x28, 0x49, 0xD4, 0x11, 0x66, 0x5F, /* EBDD0 */
	0x14, 0x00, 0x75, 0x09, 0x81, 0x52, 0x6F, 0x02, 0x34, 0x09, 0x69, 0x25, 0x94, 0x26, 0x8F, 0x13, /* EBDE0 */
	0x3C, 0x1D, 0x51, 0x12, 0x35, 0x4F, 0x09, 0x65, 0x15, 0x94, 0x26, 0x8F, 0x13, 0x3C, 0x1D, 0x51, /* EBDF0 */
	0x12, 0x35, 0x4F, 0x09, 0x65, 0x15, 0x94, 0x26, 0x95, 0x13, 0x3C, 0x1D, 0x51, 0x12, 0x05, 0x4C, /* EBE00 */
	0x68, 0x65, 0x24, 0x2E, 0x05, 0x34, 0x11, 0x3C, 0xAC, 0x39, 0x05, 0x51, 0x00, 0x60, 0x65, 0x05, /* EBE10 */
	0x12, 0x07, 0x34, 0x01, 0x0D, 0x0A, 0x65, 0x13, 0x8F, 0x06, 0xAE, 0x10, 0x45, 0x3D, 0x13, 0x5F, /* EBE20 */
	0x02, 0x38, 0x14, 0x09, 0x61, 0x12, 0x65, 0x24, 0x6F, 0x12, 0x21, 0x1E, 0xF0, 0x0C, 0x09, 0x38, /* EBE30 */
	0x6A, 0x89, 0x53, 0x52, 0x09, 0xB5, 0x14, 0xC4, 0x4C, 0x53, 0x92, 0x09, 0x66, 0x62, 0x04, 0x00, /* EBE40 */
	0x89, 0x0F, 0x89, 0x30, 0x69, 0x16, 0x30, 0x00, 0x65, 0x24, 0x22, 0x49, 0xA1, 0x14, 0x30, 0x60, /* EBE50 */
	0x65, 0x24, 0x22, 0x49, 0xA1, 0x14, 0x31, 0x09, 0x89, 0x07, 0xB3, 0x48, 0xAF, 0x4D, 0xC4, 0x6C, /* EBE60 */
	0x86, 0x53, 0x44, 0x02, 0x13, 0x09, 0x89, 0x0F, 0x32, 0x51, 0x69, 0x3B, 0xC4, 0x4C, 0x2F, 0x92, /* EBE70 */
	0xC5, 0x03, 0x0E, 0x00, 0x05, 0x3F, 0x12, 0x51, 0xA9, 0x16, 0xC0, 0x00, 0x89, 0x0F, 0x6F, 0x52, /* EBE80 */
	0x65, 0x52, 0x23, 0x0B, 0x29, 0x31, 0x05, 0x53, 0x52, 0x0D, 0x44, 0x2E, 0x01, 0x8C, 0x25, 0x53, /* EBE90 */
	0xD2, 0x2C, 0x03, 0x00, 0x89, 0x0F, 0x6F, 0x0E, 0x85, 0x52, 0x23, 0x07, 0x41, 0x4D, 0xB9, 0x23, /* EBEA0 */
	0x25, 0x31, 0x04, 0x61, 0x16, 0x17, 0xA5, 0x02, 0x09, 0x79, 0x06, 0x4D, 0x51, 0x69, 0x1E, 0x04, /* EBEB0 */
	0x39, 0x02, 0x0D, 0x59, 0xF0, 0x3E, 0x09, 0x6F, 0x25, 0x0E, 0x51, 0x65, 0x64, 0x84, 0x3F, 0xF1, /* EBEC0 */
	0x0E, 0x50, 0x30, 0x05, 0x6A, 0x05, 0x0D, 0x54, 0x59, 0xA1, 0x14, 0x04, 0x75, 0x85, 0x4B, 0xF4, /* EBED0 */
	0x58, 0x41, 0x04, 0x00, 0x89, 0x16, 0xA3, 0x3C, 0x12, 0x51, 0x05, 0x30, 0x0B, 0x95, 0x30, 0x09, /* EBEE0 */
	0x07, 0x54, 0x3D, 0x0E, 0x74, 0x8A, 0x10, 0xFC, 0x2C, 0xC1, 0x03, 0x38, 0x6B, 0x85, 0x17, 0x87, /* EBEF0 */
	0x16, 0x07, 0x51, 0x05, 0x14, 0x4D, 0x9D, 0x15, 0x4B, 0x00, 0x07, 0x51, 0x6A, 0xA5, 0x14, 0x52, /* EBF00 */
	0x3D, 0x12, 0x51, 0x05, 0xF4, 0x50, 0x60, 0x12, 0x7D, 0x12, 0x51, 0x00, 0x00, 0xA5, 0x14, 0x72, /* EBF10 */
	0x25, 0x0E, 0x51, 0x05, 0x30, 0x00, 0xA5, 0x06, 0xB3, 0x04, 0x54, 0x3D, 0x0E, 0x8C, 0x0C, 0x65, /* EBF20 */
	0x24, 0x2E, 0x05, 0x54, 0x3D, 0x0E, 0x04, 0x30, 0x9E, 0x39, 0x16, 0x1D, 0xC1, 0x03, 0x0E, 0x00, /* EBF30 */
	0x25, 0x3E, 0x72, 0x05, 0x54, 0x3D, 0x0E, 0x8C, 0x00, 0x85, 0x27, 0x67, 0x06, 0x54, 0x3D, 0x0E, /* EBF40 */
	0x8C, 0x0D, 0x85, 0x27, 0x12, 0x09, 0x69, 0x24, 0xD4, 0x11, 0x7C, 0x7A, 0x26, 0x12, 0x00, 0xA6, /* EBF50 */
	0xEA, 0xDC, 0x14, 0x00, 0x65, 0x24, 0x03, 0x51, 0x85, 0x4F, 0x65, 0x02, 0x0C, 0x0E, 0x65, 0x3D, /* EBF60 */
	0x8E, 0x53, 0x12, 0x51, 0x69, 0x3B, 0x44, 0x9E, 0x35, 0x3C, 0x4E, 0x53, 0x52, 0x0D, 0xCD, 0x3C, /* EBF70 */
	0x0E, 0x00, 0x0F, 0x57, 0x2D, 0x39, 0x14, 0x51, 0x69, 0x3B, 0x0C, 0x00, 0xA9, 0x26, 0xA4, 0x05, /* EBF80 */
	0x4C, 0x4D, 0x54, 0x0D, 0x4C, 0x00, 0xA5, 0x14, 0x52, 0x3D, 0x12, 0x51, 0x69, 0x3B, 0x4C, 0x00, /* EBF90 */
	0xA9, 0x16, 0x92, 0x27, 0x46, 0x0D, 0xA1, 0x24, 0x6F, 0x02, 0x0C, 0x01, 0x05, 0x63, 0x2E, 0x94, /* EBFA0 */
	0x0E, 0x04, 0x01, 0x39, 0x25, 0x03, 0x67, 0x17, 0x07, 0x0F, 0x03, 0x14, 0x05, 0x34, 0x00, 0x02, /* EBFB0 */
	0x80, 0x17, 0x1A, 0x03, 0x17, 0x95, 0x16, 0x00, 0x03, 0xCC, 0x15, 0x0C, 0x09, 0x03, 0x16, 0x15, /* EBFC0 */
	0x16, 0x00, 0x53, 0x36, 0x39, 0x45, 0xB6, 0x02, 0x72, 0x01, 0x23, 0x05, 0x03, 0x03, 0x36, 0x49, /* EBFD0 */
	0x65, 0x76, 0x03, 0x03, 0x56, 0x31, 0x45, 0xB6, 0x00, 0x06, 0x58, 0x51, 0x9D, 0x15, 0x6B, 0x7C, /* EBFE0 */
	0x04, 0x06, 0x58, 0x51, 0x9D, 0x25, 0x4F, 0x7C, 0x04, 0x03, 0x43, 0x3C, 0x25, 0x3B, 0x03, 0x00, /* EBFF0 */
	0x16, 0x39, 0x0C, 0x00, 0x52, 0x0D, 0x0C, 0x05, 0x18, 0x35, 0x3C, 0x67, 0x86, 0x0D, 0x04, 0x4E, /* EC000 */
	0x11, 0x05, 0xFE, 0x10, 0x04, 0x0C, 0x35, 0x05, 0x0C, 0x34, 0x04, 0x4D, 0x31, 0x01, 0x0D, 0xA8, /* EC010 */
	0x00, 0x52, 0x2D, 0x0C, 0x00, 0x52, 0x39, 0x0C, 0x00, 0x52, 0x15, 0x0D, 0x74, 0x36, 0x49, 0x99, /* EC020 */
	0x55, 0x4A, 0x05, 0xF4, 0x81, 0x32, 0xD9, 0x46, 0x32, 0x05, 0x04, 0xB1, 0x05, 0x0C, 0x25, 0x5F, /* EC030 */
	0x2C, 0x00, 0x36, 0x39, 0x14, 0x07, 0x00, 0x2E, 0x35, 0x19, 0x31, 0x00, 0xB8, 0x48, 0x01, 0x0C, /* EC040 */
	0x60, 0xAE, 0x14, 0x12, 0x0D, 0x60, 0x8D, 0x50, 0x19, 0x0D, 0x60, 0xB1, 0x25, 0x10, 0x03, 0x06, /* EC050 */
	0x18, 0x0D, 0xD4, 0x1C, 0x6B, 0x21, 0x5B, 0x00, 0x05, 0xC7, 0x41, 0x14, 0x25, 0xA6, 0x50, 0x04, /* EC060 */
	0x05, 0x6D, 0x4B, 0x99, 0x35, 0x01, 0x12, 0x05, 0x03, 0x21, 0x17, 0x12, 0x15, 0x7F, 0x04, 0x4C, /* EC070 */
	0x51, 0xC5, 0x3C, 0x14, 0x14, 0x00, 0x93, 0x17, 0x18, 0x0C, 0x04, 0x70, 0x0F, 0x88, 0x45, 0xF0, /* EC080 */
	0x0B, 0x04, 0x44, 0x51, 0x08, 0x15, 0xF0, 0x18, 0x05, 0x4C, 0x3D, 0x94, 0x35, 0x14, 0x40, 0x04, /* EC090 */
	0x60, 0x58, 0x31, 0x05, 0x0D, 0x07, 0x98, 0x14, 0xCC, 0x2C, 0x4F, 0x50, 0x9D, 0xA9, 0x05, 0xB3, /* EC0A0 */
	0x14, 0x93, 0x45, 0x53, 0x45, 0x0A, 0x00, 0x2D, 0x49, 0x19, 0x31, 0x00, 0x6E, 0x26, 0x13, 0x0C, /* EC0B0 */
	0x05, 0x4C, 0x05, 0xD3, 0x3C, 0x24, 0x40, 0x03, 0x04, 0x24, 0x07, 0x92, 0x15, 0x1C, 0x1F, 0x00, /* EC0C0 */
	0x26, 0x26, 0x05, 0x0D, 0x05, 0x4C, 0x69, 0x01, 0x30, 0x24, 0x1A, 0x00, 0x04, 0x4D, 0x31, 0x05, /* EC0D0 */
	0x30, 0x15, 0x2A, 0x02, 0x81, 0x32, 0x45, 0xAF, 0x02, 0x00, 0x4D, 0x31, 0x19, 0x31, 0x04, 0x52, /* EC0E0 */
	0x0D, 0x88, 0x4B, 0xF2, 0x0B, 0x05, 0x4C, 0x4D, 0xC1, 0x3C, 0xA4, 0x13, 0x00, 0x00, 0x52, 0x2D, /* EC0F0 */
	0x01, 0x30, 0x05, 0xD8, 0x3C, 0x8E, 0x25, 0x4F, 0x2F, 0x0E, 0x04, 0x4C, 0x4D, 0xC5, 0x3C, 0x14, /* EC100 */
	0x13, 0x00, 0x52, 0x0D, 0x0B, 0x0C, 0x00, 0x52, 0x0D, 0x01, 0x30, 0x00, 0x6D, 0x15, 0x14, 0x0C, /* EC110 */
	0x04, 0x6E, 0x0F, 0x08, 0x35, 0x02, 0x0B, 0x05, 0x17, 0x31, 0x04, 0x51, 0xDF, 0x2A, 0x04, 0x00, /* EC120 */
	0x8C, 0x3E, 0x04, 0x0D, 0x00, 0x6D, 0x3D, 0x0E, 0x0C, 0x04, 0x6E, 0x57, 0x47, 0xF0, 0xCE, 0x16, /* EC130 */
	0x02, 0x73, 0xA9, 0x20, 0x85, 0x16, 0x78, 0x0F, 0x40, 0x18, 0x17, 0xB0, 0x00, 0x03, 0x00, 0x26, /* EC140 */
	0x3E, 0xB2, 0x00, 0x0C, 0x00, 0xB8, 0x14, 0xAE, 0x00, 0x03, 0x00, 0x95, 0x3E, 0x30, 0x01, 0x0C, /* EC150 */
	0x00, 0x2E, 0x49, 0xC7, 0x01, 0x35, 0x00, 0xB3, 0x04, 0x34, 0x01, 0x03, 0x00, 0x2E, 0x27, 0x2E, /* EC160 */
	0x01, 0x0C, 0x00, 0x18, 0x17, 0x93, 0x03, 0x0D, 0x06, 0x2C, 0x59, 0x65, 0x16, 0x4C, 0x9D, 0x59, /* EC170 */
	0x2E, 0x00, 0x98, 0x14, 0xB2, 0x00, 0x0D, 0x00, 0x8D, 0x24, 0x32, 0x01, 0x0D, 0x05, 0x69, 0x14, /* EC180 */
	0x65, 0x26, 0x4C, 0x1D, 0x39, 0x07, 0x18, 0x57, 0x33, 0xF1, 0x4B, 0x23, 0x67, 0x62, 0x03, 0x60, /* EC190 */
	0x18, 0x57, 0x33, 0x01, 0x03, 0x00, 0xAE, 0x24, 0xD4, 0x01, 0x31, 0x00, 0xCE, 0x66, 0x2D, 0x01, /* EC1A0 */
	0x0D, 0x60, 0x13, 0x3F, 0xB2, 0x00, 0x03, 0x00, 0x13, 0x3F, 0xB2, 0x00, 0x0D, 0x00, 0x98, 0x3C, /* EC1B0 */
	0xB2, 0x00, 0x0D, 0x60, 0x98, 0x3C, 0xB2, 0x00, 0x07, 0x04, 0xB3, 0x20, 0x85, 0x96, 0x53, 0x74, /* EC1C0 */
	0x03, 0x60, 0xB1, 0x05, 0x34, 0x01, 0x03, 0x64, 0x43, 0x3C, 0x25, 0x94, 0x0B, 0x1F, 0x00, 0x05, /* EC1D0 */
	0x93, 0x48, 0xA9, 0xF0, 0x53, 0x40, 0x16, 0x00, 0x63, 0x24, 0x90, 0x03, 0x03, 0x00, 0x53, 0x27, /* EC1E0 */
	0x6D, 0x03, 0x31, 0x06, 0xCC, 0x49, 0x09, 0x01, 0x8C, 0x40, 0x16, 0x00, 0x00, 0x2C, 0x48, 0x25, /* EC1F0 */
	0x00, 0x0C, 0x07, 0x6C, 0x25, 0x12, 0x95, 0x2A, 0x7D, 0x25, 0x12, 0x00, 0x06, 0x95, 0x16, 0x0B, /* EC200 */
	0x65, 0x40, 0x12, 0x2D, 0x00, 0x05, 0x4C, 0x29, 0x41, 0x00, 0x0C, 0x29, 0x02, 0x00, 0x6D, 0x15, /* EC210 */
	0xB4, 0x00, 0x0C, 0x06, 0x6C, 0x27, 0x33, 0x95, 0x2A, 0x50, 0x17, 0x1A, 0x07, 0xAC, 0x26, 0x12, /* EC220 */
	0x95, 0x6A, 0x76, 0x25, 0x12, 0x00, 0x04, 0x81, 0x33, 0xC5, 0x15, 0x1A, 0x1C, 0x01, 0x00, 0x4C, /* EC230 */
	0x39, 0x8F, 0x02, 0x31, 0x00, 0x6D, 0x25, 0xB4, 0x00, 0x0C, 0x00, 0x4D, 0x31, 0x29, 0x01, 0x31, /* EC240 */
	0x04, 0xC4, 0x51, 0x28, 0x15, 0xC4, 0x6C, 0x00, 0x00, 0x8E, 0x27, 0x67, 0x02, 0x0C, 0x00, 0x0D, /* EC250 */
	0x32, 0x65, 0x01, 0x0C, 0x00, 0x13, 0x4B, 0xAF, 0x03, 0x0D, 0x05, 0x6D, 0x05, 0x95, 0x03, 0x0D, /* EC260 */
	0x01, 0x4C, 0x06, 0x2E, 0x33, 0x89, 0x23, 0xE9, 0x1E, 0x33, 0xE9, 0x03, 0x05, 0x36, 0x39, 0x69, /* EC270 */
	0x1E, 0x45, 0x36, 0xA6, 0x3E, 0x06, 0x36, 0x39, 0x69, 0x1E, 0x45, 0xF6, 0x38, 0xE9, 0x0E, 0x07, /* EC280 */
	0x2E, 0x33, 0x61, 0x12, 0xE9, 0x1E, 0x33, 0x00, 0x1E, 0x00, 0x08, 0x18, 0x0D, 0x74, 0x64, 0x3C, /* EC290 */
	0x67, 0x86, 0x4B, 0x34, 0x14, 0x08, 0x98, 0x30, 0x41, 0x39, 0x3C, 0x4B, 0x0B, 0x4C, 0x0D, 0x39, /* EC2A0 */
	0x00, 0x8D, 0x14, 0x72, 0x4B, 0x30, 0x00, 0x0D, 0x06, 0x93, 0x67, 0x31, 0x60, 0x98, 0x30, 0x4F, /* EC2B0 */
	0x51, 0x03, 0x00, 0x98, 0x30, 0x4F, 0x51, 0x0D, 0x60, 0xB8, 0x48, 0x01, 0x53, 0x07, 0x00, 0xB8, /* EC2C0 */
	0x48, 0x01, 0x53, 0x0D, 0x00, 0x2C, 0x1D, 0x61, 0x52, 0x30, 0x00, 0x2C, 0x05, 0x6E, 0x4B, 0x31, /* EC2D0 */
	0x04, 0x39, 0x09, 0x72, 0x5F, 0x09, 0x42, 0x9A, 0x00, 0x50, 0x51, 0x28, 0x51, 0x31, 0x00, 0x18, /* EC2E0 */
	0x17, 0x92, 0x50, 0x0C, 0x07, 0xAE, 0x26, 0x72, 0x3B, 0x3C, 0x5E, 0x26, 0x12, 0x30, 0x02, 0x00, /* EC2F0 */
	0x63, 0x24, 0x90, 0x17, 0x03, 0x00, 0xAE, 0x48, 0x8F, 0x64, 0x31, 0x00, 0x50, 0x51, 0x81, 0x20, /* EC300 */
	0x31, 0x07, 0x67, 0x53, 0x89, 0x37, 0x05, 0x07, 0x50, 0x69, 0xBA, 0x01, 0x00, 0x2D, 0x49, 0x61, /* EC310 */
	0x10, 0x30, 0x00, 0xB2, 0x11, 0xA9, 0x14, 0x35, 0x00, 0x93, 0x55, 0x89, 0x16, 0x0D, 0x07, 0x18, /* EC320 */
	0x23, 0x61, 0x1E, 0x3C, 0x4B, 0x0F, 0x01, 0x2E, 0x02, 0x00, 0x6C, 0x24, 0x90, 0x17, 0x03, 0x00, /* EC330 */
	0x2E, 0x26, 0x65, 0x10, 0x0D, 0x07, 0x8E, 0x26, 0xB1, 0x15, 0x25, 0x4E, 0x76, 0x05, 0x0B, 0x01, /* EC340 */
	0x07, 0xA4, 0x05, 0x32, 0x3C, 0x25, 0x54, 0x77, 0x32, 0x34, 0x03, 0x00, 0x2D, 0x49, 0x73, 0x3B, /* EC350 */
	0x30, 0x07, 0x24, 0x07, 0x32, 0x3C, 0x25, 0x14, 0x77, 0x32, 0x34, 0x03, 0x08, 0x64, 0x55, 0x2E, /* EC360 */
	0x3C, 0x25, 0x34, 0x75, 0x35, 0x1E, 0x3C, 0x08, 0x3A, 0x2D, 0x29, 0x31, 0x7C, 0x7A, 0x15, 0x0B, /* EC370 */
	0x05, 0xA8, 0x07, 0xB3, 0x14, 0x02, 0x39, 0x7C, 0x53, 0x04, 0x82, 0x3F, 0x02, 0x00, 0x36, 0x4D, /* EC380 */
	0x08, 0x35, 0x30, 0x07, 0x93, 0x14, 0x43, 0x05, 0xCC, 0x4C, 0x43, 0xE5, 0x03, 0xA8, 0x00, 0x38, /* EC390 */
	0x49, 0x43, 0x4D, 0x05, 0x35, 0x00, 0x2E, 0x27, 0x2E, 0x15, 0x12, 0x23, 0x17, 0x36, 0x49, 0x79, /* EC3A0 */
	0x3B, 0x85, 0x55, 0x4A, 0x45, 0xD7, 0x3A, 0x00, 0x8D, 0x20, 0x81, 0x27, 0x13, 0x31, 0x00, 0xAE, /* EC3B0 */
	0x48, 0x61, 0x0E, 0x05, 0x0C, 0x00, 0x95, 0x3E, 0x30, 0x05, 0x0E, 0x8C, 0x60, 0xB3, 0x24, 0x0D, /* EC3C0 */
	0x51, 0x05, 0x31, 0x00, 0xB3, 0x24, 0x0D, 0x51, 0x05, 0x30, 0x07, 0xB1, 0x05, 0x54, 0x3D, 0xCE, /* EC3D0 */
	0x2C, 0x5F, 0xC1, 0x0A, 0x38, 0x00, 0x2C, 0x0D, 0x94, 0x3E, 0x0E, 0x1D, 0x00, 0xAE, 0x16, 0x6C, /* EC3E0 */
	0x43, 0x05, 0x31, 0x60, 0x98, 0x14, 0x44, 0x51, 0x05, 0x31, 0x07, 0x2E, 0x14, 0xA1, 0x3E, 0x92, /* EC3F0 */
	0x35, 0x12, 0x9D, 0x55, 0x7E, 0x60, 0x16, 0x31, 0x15, 0x51, 0x05, 0x35, 0x00, 0x4C, 0x1D, 0x09, /* EC400 */
	0x32, 0x05, 0xC1, 0x10, 0x36, 0x49, 0x39, 0x04, 0x19, 0x27, 0x08, 0x8E, 0x17, 0x0D, 0x32, 0x85, /* EC410 */
	0x3F, 0x4E, 0x9D, 0x3F, 0x09, 0x2C, 0x00, 0x2C, 0x41, 0x08, 0x39, 0x14, 0x30, 0x00, 0x26, 0x26, /* EC420 */
	0x03, 0x0D, 0x19, 0xC1, 0x07, 0xAE, 0x24, 0x32, 0x51, 0xD9, 0x3C, 0x52, 0x49, 0xDF, 0x14, 0x67, /* EC430 */
	0x6C, 0x3B, 0x07, 0x51, 0xC5, 0x3C, 0xBC, 0x3E, 0x07, 0x51, 0x09, 0x58, 0x4D, 0x34, 0x39, 0xD4, /* EC440 */
	0x1C, 0x6B, 0x69, 0x53, 0xF0, 0x4E, 0x04, 0x00, 0xAE, 0x26, 0x01, 0x32, 0x05, 0xD1, 0x67, 0x2E, /* EC450 */
	0x04, 0x2E, 0x17, 0xD2, 0x3C, 0x12, 0x01, 0x2E, 0x7E, 0x00, 0x98, 0x3C, 0x2E, 0x39, 0x14, 0x1C, /* EC460 */
	0x00, 0x4D, 0x1D, 0x12, 0x39, 0x14, 0x30, 0x00, 0x52, 0x0D, 0x8B, 0x3F, 0x0E, 0x30, 0x00, 0x52, /* EC470 */
	0x0D, 0x93, 0x3F, 0x0E, 0x30, 0x06, 0x6D, 0x15, 0x4C, 0x39, 0x85, 0x35, 0x01, 0x0C, 0x35, 0x02, /* EC480 */
	0x05, 0x2C, 0x05, 0x6E, 0x4B, 0x85, 0xA5, 0xF2, 0x8E, 0x07, 0x09, 0x13, 0x07, 0x0E, 0x09, 0x41, /* EC490 */
	0x9E, 0x4D, 0x0B, 0x30, 0xBE, 0x02, 0x00, 0x07, 0x8E, 0x3E, 0x6C, 0x14, 0xC5, 0x3C, 0x4A, 0x1E, /* EC4A0 */
	0x3F, 0x14, 0x06, 0x54, 0x14, 0x72, 0x16, 0x14, 0x65, 0x7C, 0x8E, 0x55, 0x00, 0x09, 0x98, 0x14, /* EC4B0 */
	0xB2, 0x24, 0x33, 0x79, 0x25, 0x4B, 0x43, 0x5F, 0x14, 0x69, 0x00, 0x18, 0x17, 0x6C, 0x14, 0xAE, /* EC4C0 */
	0x00, 0x30, 0x00, 0x0C, 0x09, 0x8F, 0x06, 0x34, 0x01, 0x30, 0x60, 0x0C, 0x09, 0x8F, 0x06, 0x34, /* EC4D0 */
	0x01, 0x31, 0x60, 0x8D, 0x20, 0x81, 0x27, 0x3A, 0x01, 0x31, 0x00, 0x2E, 0x54, 0x12, 0x39, 0x23, /* EC4E0 */
	0x01, 0x0C, 0x00, 0x76, 0x33, 0xB5, 0x24, 0x6F, 0x02, 0x8C, 0x00, 0x2C, 0x35, 0x65, 0x52, 0x61, /* EC4F0 */
	0x00, 0x4C, 0x0A, 0xB8, 0x09, 0x85, 0x06, 0xAE, 0xF0, 0x47, 0x8A, 0x0A, 0x5F, 0x02, 0x38, 0x14, /* EC500 */
	0x00, 0x2C, 0x59, 0xA1, 0x24, 0x6F, 0x02, 0x8C, 0x08, 0x93, 0x24, 0x6F, 0x06, 0x27, 0x95, 0x53, /* EC510 */
	0x10, 0x01, 0x8E, 0xEF, 0x02, 0x08, 0x18, 0x23, 0x85, 0x55, 0x85, 0x96, 0x4B, 0x03, 0x77, 0x25, /* EC520 */
	0x7B, 0x03, 0x09, 0x8D, 0x20, 0x99, 0x17, 0x0D, 0x79, 0x25, 0x1D, 0x02, 0x13, 0x35, 0x01, 0x08, /* EC530 */
	0x18, 0x17, 0x8C, 0x27, 0x8F, 0xF2, 0x4B, 0x93, 0xA9, 0x13, 0x75, 0x03, 0x0A, 0xB8, 0x48, 0x65, /* EC540 */
	0x25, 0xB3, 0xF0, 0x4B, 0x53, 0x48, 0x05, 0xFD, 0x4C, 0x14, 0x60, 0x63, 0x3B, 0x6F, 0x25, 0x3A, /* EC550 */
	0x01, 0x31, 0x60, 0x50, 0x51, 0x6F, 0x25, 0x3A, 0x01, 0x31, 0x08, 0xB3, 0x48, 0x61, 0x1E, 0x25, /* EC560 */
	0xF0, 0x53, 0x44, 0x06, 0x0E, 0x1A, 0x00, 0x06, 0x54, 0x45, 0x35, 0x51, 0x34, 0x95, 0xF4, 0x2C, /* EC570 */
	0xF3, 0x14, 0x09, 0x98, 0x55, 0x89, 0x27, 0x34, 0xF1, 0x4B, 0x23, 0x5F, 0x69, 0xFA, 0x50, 0x00, /* EC580 */
	0x0D, 0x39, 0xA1, 0x24, 0x6F, 0x02, 0x8C, 0x00, 0x13, 0x3F, 0x2E, 0x24, 0x64, 0x03, 0x8D, 0x07, /* EC590 */
	0x2E, 0x14, 0xA1, 0x3E, 0x95, 0x96, 0x0E, 0x74, 0x95, 0x56, 0x0F, 0x77, 0x36, 0x49, 0xB9, 0x20, /* EC5A0 */
	0x69, 0x1E, 0x65, 0x46, 0x16, 0x98, 0xF9, 0x02, 0xF0, 0x36, 0x49, 0xB9, 0x23, 0x85, 0x16, 0x35, /* EC5B0 */
	0x07, 0x89, 0x17, 0x4E, 0x3C, 0x37, 0x49, 0x49, 0x0A, 0x38, 0x88, 0x76, 0x03, 0x09, 0xAE, 0x20, /* EC5C0 */
	0x95, 0x27, 0x81, 0x37, 0x3C, 0x6E, 0x88, 0x1A, 0x85, 0x69, 0x2D, 0x0A, 0x2C, 0x35, 0x65, 0x52, /* EC5D0 */
	0x81, 0x66, 0x9E, 0x35, 0x00, 0x8D, 0x35, 0x52, 0x12, 0x05, 0x69, 0x18, 0x1D, 0x27, 0x49, 0xA1, /* EC5E0 */
	0x14, 0x3C, 0x67, 0x86, 0x4A, 0x4F, 0x06, 0x14, 0x00, 0x13, 0x07, 0x0C, 0x51, 0x69, 0x3B, 0x8C, /* EC5F0 */
	0x00, 0xB3, 0x24, 0x0D, 0x51, 0x69, 0x3B, 0x8C, 0x0A, 0x18, 0x27, 0x14, 0x51, 0x8F, 0x66, 0x3C, /* EC600 */
	0x4B, 0x27, 0x34, 0x50, 0x9C, 0x12, 0x05, 0x09, 0xAE, 0x20, 0x95, 0x27, 0x81, 0x53, 0x3C, 0x6E, /* EC610 */
	0x88, 0x1A, 0x85, 0x4D, 0x14, 0x00, 0x4D, 0x1D, 0x12, 0x51, 0x69, 0x3B, 0x8C, 0x00, 0x2C, 0x0D, /* EC620 */
	0x94, 0x3E, 0x4E, 0x0D, 0x2C, 0x00, 0xAE, 0x14, 0x92, 0x48, 0x89, 0x17, 0x31, 0x09, 0x16, 0x39, /* EC630 */
	0x27, 0x31, 0x69, 0x16, 0x7C, 0x86, 0x39, 0x0A, 0x30, 0x14, 0x0E, 0x0C, 0x4C, 0x1D, 0x09, 0x26, /* EC640 */
	0x4C, 0x51, 0x59, 0x9E, 0xA9, 0x3C, 0xFA, 0x08, 0xA9, 0xFA, 0x50, 0x05, 0x0C, 0x2C, 0x0D, 0x94, /* EC650 */
	0x26, 0x43, 0x51, 0xD9, 0x3C, 0x94, 0x4B, 0x44, 0x76, 0x69, 0xF3, 0x50, 0x05, 0x0C, 0xB1, 0x25, /* EC660 */
	0x4C, 0x09, 0x52, 0x55, 0x4D, 0x1E, 0x2D, 0x17, 0x30, 0xA4, 0x42, 0x12, 0x01, 0x0D, 0x0C, 0xAE, /* EC670 */
	0x48, 0x85, 0x48, 0x65, 0x16, 0x95, 0x7A, 0x2F, 0x5E, 0x48, 0x40, 0x40, 0x02, 0xCE, 0x46, 0x02, /* EC680 */
	0x0D, 0x98, 0x14, 0x52, 0x15, 0xAE, 0x24, 0x61, 0xF0, 0x4B, 0x43, 0x78, 0x60, 0x12, 0x75, 0x25, /* EC690 */
	0xCE, 0xB3, 0x0D, 0x0E, 0x67, 0x63, 0x3C, 0x30, 0x11, 0x09, 0xF1, 0x4E, 0x73, 0x26, 0x0B, 0x0C, /* EC6A0 */
	0x40, 0x05, 0x14, 0x01, 0x0C, 0xB8, 0x48, 0x61, 0x4B, 0x44, 0x39, 0x81, 0x66, 0x3C, 0x4B, 0x53, /* EC6B0 */
	0x92, 0x17, 0xF0, 0x8E, 0x4B, 0x16, 0x0E, 0xAE, 0x26, 0x72, 0x3B, 0x2D, 0x39, 0x14, 0x31, 0x3C, /* EC6C0 */
	0x5E, 0x7A, 0x49, 0x02, 0x38, 0x8D, 0x35, 0xD2, 0x80, 0x0A, 0x00, 0x98, 0x14, 0x52, 0x35, 0x65, /* EC6D0 */
	0x52, 0xA1, 0x24, 0x6F, 0x02, 0x0C, 0x02, 0x25, 0x06, 0x02, 0x05, 0x06, 0x01, 0x02, 0x15, 0x86, /* EC6E0 */
	0x02, 0xA3, 0x8F, 0x1A, 0x77, 0x02, 0x73, 0xA5, 0x1B, 0x99, 0x02, 0x02, 0x81, 0x1A, 0x32, 0x04, /* EC6F0 */
	0x95, 0x1B, 0x99, 0x62, 0x02, 0x03, 0x80, 0x97, 0x46, 0x03, 0x34, 0x72, 0x37, 0x46, 0xD2, 0x36, /* EC700 */
	0x04, 0x01, 0x53, 0x86, 0x21, 0x53, 0x64, 0x69, 0x12, 0x06, 0x39, 0x12, 0x03, 0x01, 0x17, 0x06, /* EC710 */
	0x41, 0x03, 0x63, 0x8F, 0x36, 0x86, 0x37, 0x01, 0x63, 0x61, 0x30, 0xC6, 0xA7, 0x02, 0x63, 0x69, /* EC720 */
	0x30, 0x86, 0xA9, 0x02, 0x63, 0x89, 0x16, 0x06, 0x79, 0x03, 0x64, 0x2C, 0x11, 0x06, 0x9C, 0x11, /* EC730 */
	0x04, 0x09, 0x51, 0x06, 0xB5, 0x53, 0x00, 0x95, 0x4F, 0x03, 0x03, 0x32, 0x65, 0x46, 0x22, 0x01, /* EC740 */
	0x04, 0x15, 0x23, 0x46, 0x89, 0x2E, 0x04, 0x89, 0x4E, 0x14, 0x76, 0x4F, 0x14, 0x64, 0xAF, 0x39, /* EC750 */
	0x04, 0x96, 0x3A, 0x04, 0x03, 0x6C, 0x3F, 0x12, 0x36, 0x9C, 0x06, 0x65, 0x24, 0x18, 0x16, 0x31, /* EC760 */
	0x3C, 0x4B, 0x03, 0x05, 0xAC, 0x25, 0x04, 0x36, 0x88, 0x3C, 0x04, 0x04, 0x32, 0x55, 0x04, 0x46, /* EC770 */
	0xE6, 0x04, 0x04, 0x6C, 0x57, 0x12, 0x36, 0x98, 0x1F, 0x04, 0x32, 0x15, 0x12, 0x46, 0x16, 0x1F, /* EC780 */
	0x04, 0xA1, 0x4D, 0x14, 0x96, 0x4E, 0x14, 0x00, 0x29, 0x14, 0x0C, 0x03, 0x05, 0x95, 0x55, 0x01, /* EC790 */
	0x86, 0x2E, 0x17, 0x00, 0x05, 0x65, 0x24, 0x1A, 0xF6, 0x30, 0x45, 0x03, 0x04, 0xA1, 0x31, 0x14, /* EC7A0 */
	0xD6, 0xAB, 0x14, 0x06, 0x61, 0x25, 0xCC, 0x19, 0x21, 0x0D, 0x30, 0x05, 0x05, 0x52, 0x15, 0x2E, /* EC7B0 */
	0x18, 0x92, 0x35, 0x12, 0x04, 0xA1, 0x20, 0x85, 0x1A, 0xEF, 0x78, 0x03, 0x05, 0x69, 0x1E, 0x85, /* EC7C0 */
	0x1A, 0xE9, 0x1E, 0x7F, 0x05, 0x61, 0x3D, 0x95, 0x1B, 0x01, 0x0D, 0x4C, 0x65, 0x8F, 0x1E, 0xA5, /* EC7D0 */
	0x18, 0x1F, 0x97, 0x51, 0x00, 0x6C, 0x5F, 0x85, 0x02, 0x0C, 0x05, 0x65, 0x05, 0x2C, 0x19, 0x05, /* EC7E0 */
	0x0D, 0xA9, 0x65, 0x61, 0x30, 0x65, 0x1A, 0xB7, 0xFA, 0x38, 0x65, 0x8F, 0x16, 0x67, 0x1B, 0x27, /* EC7F0 */
	0x77, 0x3D, 0x65, 0x0F, 0x57, 0x33, 0x19, 0x0F, 0xFB, 0x4C, 0x05, 0x01, 0x07, 0x24, 0x19, 0x40, /* EC800 */
	0xB3, 0x13, 0x06, 0x69, 0x06, 0x2C, 0x19, 0x3C, 0x8E, 0x31, 0x05, 0x05, 0x65, 0x24, 0x23, 0x19, /* EC810 */
	0x00, 0x1C, 0x4D, 0x07, 0x09, 0x4D, 0x63, 0x1B, 0x45, 0x8D, 0x4D, 0x0B, 0x0F, 0x05, 0xA1, 0x20, /* EC820 */
	0x6F, 0x19, 0xE1, 0x08, 0x34, 0x00, 0x6C, 0x4B, 0x85, 0x03, 0x0C, 0x05, 0x12, 0x4D, 0x85, 0x1A, /* EC830 */
	0x12, 0x61, 0x7E, 0x06, 0x65, 0x24, 0x30, 0x19, 0x3C, 0x1C, 0x41, 0x01, 0x05, 0x52, 0x15, 0x04, /* EC840 */
	0x19, 0x12, 0x15, 0x00, 0x05, 0x32, 0x25, 0x04, 0x19, 0x12, 0x15, 0x00, 0x04, 0xA1, 0x3E, 0x95, /* EC850 */
	0x1A, 0x41, 0x76, 0x03, 0x00, 0x8F, 0x16, 0x29, 0x3B, 0x0C, 0x05, 0x41, 0x31, 0x95, 0x16, 0x06, /* EC860 */
	0x31, 0x64, 0x1F, 0x00, 0x8F, 0x52, 0x12, 0x39, 0x0D, 0xF0, 0x8F, 0x16, 0x36, 0x49, 0x0C, 0x06, /* EC870 */
	0x69, 0x06, 0x0E, 0x17, 0x06, 0x39, 0x86, 0x4E, 0x03, 0x05, 0x61, 0x30, 0xAF, 0x51, 0xC6, 0xA7, /* EC880 */
	0x9A, 0x14, 0x00, 0x6C, 0x4B, 0x29, 0x04, 0x30, 0x04, 0x05, 0x51, 0x28, 0x49, 0x86, 0xE5, 0x7C, /* EC890 */
	0x05, 0xA1, 0x24, 0xA7, 0x15, 0x06, 0x50, 0x14, 0x07, 0x65, 0x75, 0x18, 0x69, 0x30, 0x06, 0x10, /* EC8A0 */
	0xA6, 0x2A, 0x05, 0x89, 0x16, 0x81, 0x36, 0x06, 0x79, 0xCB, 0x0D, 0x60, 0x85, 0x36, 0x65, 0x52, /* EC8B0 */
	0x03, 0x06, 0x81, 0x0F, 0x89, 0x37, 0x86, 0xC1, 0xA7, 0x9A, 0x0D, 0x60, 0x8F, 0x1A, 0x45, 0x51, /* EC8C0 */
	0x0C, 0x60, 0x8F, 0x32, 0x8F, 0x3A, 0x03, 0x00, 0x2C, 0x35, 0x69, 0x1E, 0x0C, 0x05, 0x12, 0x69, /* EC8D0 */
	0x29, 0x49, 0x46, 0x02, 0xE9, 0x1F, 0x00, 0x8F, 0x36, 0xA1, 0x50, 0x0D, 0x00, 0x12, 0x39, 0x23, /* EC8E0 */
	0x4D, 0x0C, 0x00, 0x81, 0x4A, 0x65, 0x30, 0x0C, 0x07, 0x29, 0x14, 0x4C, 0x05, 0xC6, 0x1C, 0x04, /* EC8F0 */
	0x0C, 0x05, 0x00, 0x00, 0x52, 0x4D, 0x22, 0x15, 0x0D, 0x05, 0x0C, 0x59, 0xAF, 0x49, 0x06, 0x0C, /* EC900 */
	0x59, 0x1F, 0x08, 0x32, 0x45, 0x35, 0x39, 0x14, 0x46, 0x16, 0x4B, 0xF7, 0x38, 0x14, 0x60, 0x32, /* EC910 */
	0x45, 0x35, 0x39, 0x14, 0x03, 0x00, 0xA1, 0x3E, 0x52, 0x51, 0x05, 0x30, 0x06, 0x72, 0x3B, 0x54, /* EC920 */
	0x15, 0x12, 0x46, 0x02, 0x4E, 0x84, 0x00, 0x00, 0x8F, 0x16, 0x28, 0x05, 0x04, 0x0D, 0x06, 0x8F, /* EC930 */
	0x16, 0x6D, 0x4F, 0x14, 0x96, 0x37, 0x4F, 0x53, 0x00, 0x66, 0x8F, 0x16, 0x03, 0x4D, 0x14, 0x96, /* EC940 */
	0x2F, 0x61, 0x53, 0x00, 0x09, 0x09, 0x4A, 0x8F, 0x27, 0x13, 0x26, 0x09, 0x52, 0x3D, 0x4F, 0x7C, /* EC950 */
	0x03, 0x66, 0x6C, 0x57, 0x52, 0x4D, 0x08, 0x36, 0xD8, 0xD2, 0xCC, 0x03, 0x00, 0x8F, 0x4E, 0xB9, /* EC960 */
	0x20, 0x05, 0x0D, 0x07, 0x8F, 0x36, 0x75, 0x04, 0x05, 0x96, 0x37, 0x19, 0x30, 0x14, 0x08, 0x0C, /* EC970 */
	0x1D, 0x12, 0x39, 0x14, 0x36, 0x04, 0x47, 0x02, 0x38, 0x14, 0x08, 0x12, 0x1D, 0x12, 0x39, 0x14, /* EC980 */
	0x46, 0x06, 0x47, 0x02, 0x38, 0x14, 0x08, 0x85, 0x1E, 0x95, 0x3F, 0x0E, 0xD6, 0x4A, 0x07, 0x40, /* EC990 */
	0x03, 0x0E, 0x09, 0x01, 0x27, 0x4C, 0x51, 0x19, 0xF6, 0x4C, 0x9D, 0xA9, 0xF2, 0x34, 0x05, 0x07, /* EC9A0 */
	0x0C, 0x21, 0x85, 0x52, 0x19, 0x36, 0xAC, 0x12, 0x50, 0x14, 0x05, 0xAF, 0x49, 0x4E, 0x15, 0x12, /* EC9B0 */
	0x86, 0x3B, 0x19, 0x01, 0x07, 0x6F, 0x52, 0x65, 0x3E, 0x14, 0xB6, 0x3B, 0xD4, 0x3C, 0x3E, 0x08, /* EC9C0 */
	0x12, 0x39, 0x43, 0x39, 0x05, 0x46, 0x86, 0x4E, 0x73, 0x15, 0x0E, 0x07, 0x32, 0x11, 0x85, 0x26, /* EC9D0 */
	0x03, 0x46, 0x96, 0x44, 0xF2, 0x2C, 0x00, 0xA1, 0x31, 0x6B, 0x16, 0x12, 0x0C, 0x08, 0x65, 0x24, /* EC9E0 */
	0x43, 0x51, 0x01, 0xF6, 0x30, 0x69, 0xF3, 0x50, 0x00, 0x08, 0x12, 0x39, 0x63, 0x27, 0x13, 0x46, /* EC9F0 */
	0x86, 0x4E, 0x53, 0x77, 0x2F, 0x05, 0x6F, 0x53, 0x37, 0x05, 0x12, 0xD6, 0x51, 0x97, 0x0B, 0x00, /* ECA00 */
	0x6F, 0x52, 0x41, 0x39, 0x05, 0x07, 0x08, 0x69, 0x14, 0x0E, 0x35, 0x05, 0x76, 0x25, 0x2A, 0x7E, /* ECA10 */
	0x06, 0x0D, 0x00, 0x8F, 0x52, 0x75, 0x06, 0x34, 0x01, 0x30, 0x06, 0x8F, 0x16, 0x29, 0x3B, 0x85, /* ECA20 */
	0x1A, 0x4F, 0xF2, 0x38, 0x1F, 0x0A, 0x8F, 0x36, 0x75, 0x04, 0x09, 0x1B, 0x9E, 0x37, 0x65, 0x00, /* ECA30 */
	0x0C, 0xF1, 0x0B, 0x05, 0x8F, 0x16, 0x53, 0x1D, 0xA8, 0x18, 0x67, 0x23, 0x51, 0x08, 0x12, 0x1D, /* ECA40 */
	0x12, 0x39, 0x23, 0x19, 0x12, 0x11, 0x4B, 0x00, 0x4E, 0x03, 0x00, 0x12, 0x39, 0x43, 0x24, 0x33, /* ECA50 */
	0x01, 0x0D, 0x06, 0x6C, 0x5F, 0x43, 0x04, 0xB2, 0x18, 0x0C, 0x0F, 0xCB, 0x14, 0x0A, 0x01, 0x4F, /* ECA60 */
	0x69, 0x25, 0x2C, 0x19, 0x21, 0x4B, 0x77, 0x29, 0xFD, 0x30, 0x05, 0x00, 0x85, 0x12, 0x69, 0x06, /* ECA70 */
	0x2E, 0x00, 0x31, 0x0B, 0x65, 0x24, 0x43, 0x51, 0x81, 0x1B, 0x00, 0x7C, 0xA6, 0x13, 0x55, 0x74, /* ECA80 */
	0x6F, 0x03, 0x0A, 0x12, 0x39, 0x23, 0x4D, 0x63, 0x1B, 0x92, 0x31, 0x0E, 0x9D, 0x45, 0x2F, 0x0F, /* ECA90 */
	0x0A, 0x12, 0x39, 0x23, 0x4D, 0x03, 0x19, 0x92, 0x31, 0x0E, 0x9D, 0x45, 0x2F, 0x00, 0x07, 0x52, /* ECAA0 */
	0x15, 0x84, 0x26, 0x43, 0x18, 0x12, 0x15, 0x48, 0x3C, 0x0B, 0x00, 0x0C, 0x1D, 0xB3, 0x04, 0x26, /* ECAB0 */
	0x02, 0x0D, 0x07, 0x8F, 0x16, 0x46, 0x39, 0x27, 0x49, 0x86, 0x17, 0xA6, 0x3E, 0x77, 0x03, 0x08, /* ECAC0 */
	0x09, 0x16, 0x32, 0x33, 0x81, 0x4F, 0x06, 0x09, 0x7E, 0x07, 0x8C, 0x4D, 0x06, 0x6C, 0x3F, 0x12, /* ECAD0 */
	0x3E, 0x81, 0x12, 0x06, 0x9C, 0x0B, 0x27, 0x04, 0x00, 0x0C, 0x35, 0x62, 0x67, 0x61, 0x52, 0x1C, /* ECAE0 */
	0x08, 0x41, 0x48, 0x65, 0x22, 0x45, 0x51, 0x86, 0x4B, 0xA6, 0x0E, 0x28, 0x51, 0x57, 0x95, 0x52, /* ECAF0 */
	0x28, 0x49, 0x6D, 0x4B, 0x05, 0x76, 0x7D, 0x78, 0x3F, 0x9D, 0x0A, 0x69, 0x1E, 0x85, 0x42, 0x52, /* ECB00 */
	0x39, 0x14, 0xA6, 0xF9, 0x47, 0x4F, 0x48, 0x29, 0x5E, 0x00, 0x00, 0x85, 0x52, 0x69, 0x24, 0x1A, /* ECB10 */
	0x51, 0x69, 0x3B, 0x0C, 0x02, 0x0A, 0x05, 0x62, 0x0F, 0x37, 0x03, 0x63, 0xA5, 0x1C, 0x65, 0x04, /* ECB20 */
	0x63, 0xAF, 0x1C, 0x6F, 0x04, 0x00, 0x81, 0x03, 0x03, 0x03, 0x69, 0x2A, 0x29, 0x0E, 0x03, 0x80, /* ECB30 */
	0x2B, 0x45, 0x0A, 0x03, 0x6F, 0x13, 0xC7, 0x15, 0x00, 0x63, 0xA9, 0x16, 0x87, 0x59, 0x02, 0x64, /* ECB40 */
	0x89, 0x32, 0xC7, 0x46, 0x32, 0x63, 0x6F, 0x16, 0x87, 0x3F, 0x02, 0x02, 0x05, 0x49, 0x87, 0x00, /* ECB50 */
	0x64, 0x65, 0x10, 0x87, 0xA5, 0x12, 0x64, 0x89, 0x53, 0x8A, 0x49, 0x53, 0x04, 0x99, 0x3E, 0x0A, /* ECB60 */
	0x49, 0x3E, 0x04, 0x65, 0x3E, 0x0A, 0x35, 0x3E, 0x04, 0x32, 0x05, 0x14, 0x47, 0x06, 0x14, 0x04, /* ECB70 */
	0x72, 0x57, 0x10, 0x47, 0x8A, 0x10, 0x64, 0x4F, 0x39, 0x07, 0x37, 0xA7, 0x3E, 0x64, 0xA9, 0x16, /* ECB80 */
	0x0E, 0xA7, 0x59, 0x2E, 0x04, 0x72, 0x4F, 0x13, 0x47, 0x3E, 0x13, 0x64, 0x6F, 0x3A, 0x01, 0xD7, /* ECB90 */
	0x3A, 0x00, 0x03, 0xA1, 0x1D, 0x05, 0x07, 0x29, 0x05, 0x81, 0x17, 0x13, 0x87, 0x4D, 0x7C, 0x0A, /* ECBA0 */
	0x04, 0x55, 0x49, 0x05, 0x57, 0x27, 0x1F, 0x05, 0x95, 0x50, 0x01, 0x87, 0x42, 0x14, 0x00, 0x04, /* ECBB0 */
	0xAF, 0x31, 0x04, 0x87, 0xAA, 0x04, 0x00, 0x65, 0x3E, 0x01, 0x34, 0x04, 0xA5, 0x50, 0x19, 0x97, /* ECBC0 */
	0x51, 0x05, 0x00, 0xAF, 0x07, 0x0E, 0x0C, 0x04, 0x2F, 0x51, 0x1A, 0x97, 0x51, 0x13, 0x05, 0x32, /* ECBD0 */
	0x51, 0x01, 0x47, 0x96, 0x14, 0x00, 0x03, 0x65, 0x1B, 0x06, 0x9A, 0x19, 0x03, 0x6F, 0x4F, 0x05, /* ECBE0 */
	0x87, 0x4E, 0x03, 0x25, 0x4D, 0x05, 0x17, 0x4D, 0x04, 0x05, 0x49, 0x19, 0x87, 0x48, 0x05, 0x04, /* ECBF0 */
	0x69, 0x3A, 0x19, 0xAA, 0x39, 0x05, 0x06, 0x81, 0x06, 0x27, 0x1D, 0x40, 0xB2, 0x2B, 0x3A, 0x00, /* ECC00 */
	0x55, 0x51, 0x81, 0x02, 0x03, 0x06, 0x65, 0x16, 0x16, 0x29, 0x3C, 0x1E, 0x59, 0x00, 0x05, 0x12, /* ECC10 */
	0x21, 0x61, 0x1D, 0x12, 0x01, 0x34, 0x04, 0x32, 0x05, 0x33, 0x1D, 0x12, 0x45, 0x03, 0x05, 0x41, /* ECC20 */
	0x15, 0xD4, 0x1D, 0xC1, 0xDC, 0x14, 0x05, 0x32, 0x05, 0xD3, 0x1D, 0x12, 0x45, 0x17, 0x00, 0x61, /* ECC30 */
	0x04, 0xD8, 0x01, 0x31, 0x05, 0x0C, 0x35, 0x8F, 0x1E, 0x8C, 0x31, 0x7D, 0x05, 0x69, 0x1E, 0x85, /* ECC40 */
	0x2A, 0x29, 0x2E, 0x7E, 0x04, 0x72, 0x5F, 0x54, 0x1C, 0x12, 0x6F, 0x00, 0x06, 0x81, 0x0E, 0x09, /* ECC50 */
	0x1D, 0x72, 0x73, 0x15, 0x00, 0x06, 0xD5, 0x36, 0x61, 0x1E, 0x75, 0x3A, 0x01, 0x0E, 0x00, 0x0C, /* ECC60 */
	0x11, 0x99, 0x03, 0x0C, 0x04, 0x2F, 0x51, 0x28, 0x1D, 0x5F, 0x04, 0x00, 0x04, 0x45, 0x1D, 0x85, /* ECC70 */
	0x1E, 0x09, 0x77, 0x03, 0x00, 0x89, 0x06, 0x32, 0x00, 0x03, 0x00, 0x85, 0x06, 0x32, 0x00, 0x03, /* ECC80 */
	0x06, 0x72, 0x53, 0x6F, 0x1E, 0x12, 0x5F, 0x00, 0x0E, 0x04, 0x85, 0x0A, 0x85, 0x1E, 0x1F, 0x72, /* ECC90 */
	0x03, 0x00, 0x69, 0x30, 0x85, 0x03, 0x0C, 0x06, 0x95, 0x53, 0x21, 0x1E, 0x62, 0x53, 0xBC, 0x06, /* ECCA0 */
	0x06, 0x95, 0x53, 0xA1, 0x1E, 0x62, 0x53, 0xBC, 0x16, 0x04, 0x75, 0x3A, 0x81, 0x1E, 0x35, 0xCE, /* ECCB0 */
	0x02, 0x05, 0x85, 0x52, 0x29, 0x1D, 0x76, 0x52, 0x14, 0x04, 0x72, 0x4F, 0x33, 0x1D, 0x12, 0x4F, /* ECCC0 */
	0x03, 0x06, 0x65, 0x16, 0x12, 0x31, 0x8A, 0x35, 0x4A, 0x80, 0x0A, 0x07, 0x65, 0x56, 0x69, 0x16, /* ECCD0 */
	0x8A, 0x35, 0x66, 0xE2, 0x3C, 0x02, 0x00, 0x65, 0x52, 0x69, 0x14, 0x0D, 0x00, 0x12, 0x39, 0x64, /* ECCE0 */
	0x05, 0x0D, 0x06, 0x01, 0x4A, 0x29, 0x31, 0x07, 0x01, 0x4A, 0x85, 0x0C, 0x07, 0x72, 0x0F, 0x85, /* ECCF0 */
	0x66, 0x47, 0x32, 0x4F, 0x5F, 0x12, 0x01, 0x06, 0x65, 0x52, 0x2C, 0x49, 0x8A, 0x35, 0x52, 0x4C, /* ECD00 */
	0x0F, 0x05, 0x81, 0x17, 0xAF, 0x4D, 0x87, 0xC1, 0x03, 0x13, 0x06, 0x6F, 0x13, 0xC2, 0x15, 0xC7, /* ECD10 */
	0x15, 0x08, 0x1D, 0x09, 0x00, 0x65, 0x52, 0x25, 0x31, 0x07, 0x06, 0x12, 0x39, 0xA9, 0x14, 0x47, /* ECD20 */
	0x82, 0x39, 0x7C, 0x04, 0x00, 0x12, 0x35, 0x0D, 0x49, 0x0C, 0x00, 0x89, 0x06, 0x26, 0x16, 0x03, /* ECD30 */
	0x07, 0x81, 0x12, 0x65, 0x06, 0xC7, 0x12, 0x74, 0x05, 0x0E, 0x00, 0x05, 0x85, 0x22, 0x81, 0x52, /* ECD40 */
	0x87, 0x2B, 0xC8, 0x14, 0x05, 0x85, 0x22, 0x81, 0x12, 0x87, 0x2B, 0xC8, 0x04, 0x06, 0x12, 0x39, /* ECD50 */
	0x27, 0x49, 0x47, 0x02, 0x39, 0x4A, 0x0F, 0x08, 0x95, 0x53, 0xA1, 0x3E, 0xC7, 0x45, 0x53, 0x9D, /* ECD60 */
	0x5F, 0x3E, 0x00, 0xC1, 0x31, 0x8F, 0x12, 0x0D, 0x06, 0x95, 0x53, 0xA1, 0x16, 0xC7, 0x45, 0x53, /* ECD70 */
	0x6F, 0x06, 0x06, 0xA1, 0x51, 0x29, 0x49, 0x07, 0x5F, 0x64, 0x1D, 0x01, 0x00, 0xA1, 0x30, 0x69, /* ECD80 */
	0x1E, 0x0C, 0x07, 0x12, 0x0D, 0x09, 0x4D, 0x47, 0xB2, 0x4F, 0x85, 0x4F, 0x03, 0x06, 0x55, 0x11, /* ECD90 */
	0x61, 0x0E, 0x05, 0x27, 0x11, 0x00, 0x4E, 0x03, 0x00, 0x12, 0x11, 0x15, 0x51, 0x05, 0x34, 0x60, /* ECDA0 */
	0x12, 0x11, 0x15, 0x51, 0x05, 0x35, 0x08, 0x81, 0x3F, 0x4C, 0x39, 0x05, 0x87, 0x4D, 0x00, 0x7C, /* ECDB0 */
	0x15, 0x0E, 0x08, 0x6F, 0x6A, 0x61, 0x14, 0x13, 0x07, 0x38, 0x9A, 0xAF, 0xF2, 0x13, 0x07, 0x85, /* ECDC0 */
	0x52, 0xB2, 0x11, 0x05, 0xD7, 0x4A, 0x54, 0x82, 0x12, 0x06, 0x12, 0x41, 0x48, 0x51, 0x05, 0x47, /* ECDD0 */
	0x86, 0x06, 0x59, 0x00, 0x06, 0xA9, 0x16, 0xA1, 0x07, 0x19, 0xA7, 0x59, 0x40, 0x07, 0x01, 0x05, /* ECDE0 */
	0xB5, 0x50, 0x95, 0x06, 0x0C, 0xD7, 0xD2, 0x9F, 0x0C, 0x09, 0x29, 0x07, 0xAE, 0x24, 0x03, 0x2A, /* ECDF0 */
	0x1D, 0x9D, 0x31, 0x52, 0x3C, 0x0B, 0x00, 0x81, 0x12, 0x69, 0x16, 0x12, 0x30, 0x05, 0x65, 0x1B, /* ECE00 */
	0x86, 0x16, 0x19, 0x9A, 0x19, 0x12, 0x05, 0x05, 0x69, 0x30, 0xA5, 0x50, 0x05, 0xFA, 0x30, 0x65, /* ECE10 */
	0x04, 0x07, 0x69, 0x4B, 0x04, 0x39, 0x0F, 0x9A, 0x13, 0x9D, 0x3F, 0x3E, 0x06, 0xA1, 0x51, 0x48, /* ECE20 */
	0x15, 0x12, 0x37, 0x53, 0x59, 0x0D, 0x01, 0x06, 0xA9, 0x4D, 0x85, 0x40, 0x05, 0x0A, 0x4C, 0x65, /* ECE30 */
	0x10, 0x01, 0x07, 0x69, 0x5B, 0x61, 0x3A, 0x09, 0x3A, 0x5B, 0x9D, 0x3F, 0x16, 0x08, 0x6F, 0x4E, /* ECE40 */
	0x61, 0x14, 0x13, 0x07, 0x38, 0x93, 0xAF, 0xF2, 0x13, 0x05, 0x6F, 0x13, 0x39, 0x05, 0x12, 0xD7, /* ECE50 */
	0x11, 0x99, 0x00, 0x06, 0x12, 0x25, 0x2E, 0x17, 0x12, 0x47, 0x06, 0x0E, 0x7A, 0x03, 0x08, 0x15, /* ECE60 */
	0x49, 0x61, 0x52, 0x19, 0x77, 0xAE, 0x12, 0x30, 0x52, 0x05, 0x00, 0x85, 0x36, 0x41, 0x39, 0x05, /* ECE70 */
	0x03, 0x06, 0x32, 0x15, 0xAE, 0x27, 0x43, 0x1C, 0x92, 0x35, 0xF2, 0x03, 0x08, 0x72, 0x53, 0x85, /* ECE80 */
	0x47, 0x35, 0x1D, 0x12, 0x5F, 0x74, 0x65, 0x23, 0x03, 0x06, 0x61, 0x30, 0x21, 0x23, 0x85, 0x1E, /* ECE90 */
	0xA1, 0x0A, 0x1C, 0x1F, 0x06, 0x61, 0x30, 0x25, 0x23, 0x85, 0x1E, 0xA1, 0x0A, 0x1C, 0x1F, 0x69, /* ECEA0 */
	0xB5, 0x24, 0x85, 0x4A, 0xC5, 0x1E, 0x62, 0x64, 0x75, 0x6B, 0x92, 0x69, 0x08, 0x15, 0x49, 0x61, /* ECEB0 */
	0x52, 0x25, 0x1D, 0x9E, 0x4B, 0x02, 0x4E, 0x14, 0x01, 0x0A, 0x15, 0x51, 0x65, 0x05, 0x0C, 0x1D, /* ECEC0 */
	0x57, 0xBE, 0x53, 0x00, 0xBD, 0xAB, 0x00, 0x09, 0x6F, 0x4E, 0x61, 0x58, 0x85, 0x1F, 0x00, 0x4E, /* ECED0 */
	0xBF, 0x6A, 0xF6, 0x4C, 0x06, 0x55, 0x31, 0x2C, 0x49, 0x6D, 0x1F, 0x45, 0xAD, 0x37, 0x0F, 0x0A, /* ECEE0 */
	0x15, 0x11, 0x61, 0x54, 0x30, 0x1D, 0x57, 0xBE, 0x13, 0x00, 0x8C, 0x42, 0x01, 0x08, 0x09, 0x4A, /* ECEF0 */
	0x61, 0x50, 0x81, 0x2A, 0x3C, 0x42, 0xDE, 0x6A, 0x74, 0x03, 0x00, 0x32, 0x15, 0x8E, 0x43, 0x61, /* ECF00 */
	0x02, 0x0D, 0x07, 0x12, 0x41, 0xA5, 0x26, 0x2E, 0x1D, 0x12, 0x41, 0x58, 0x09, 0x0E, 0x09, 0x15, /* ECF10 */
	0x49, 0x61, 0x52, 0x25, 0x11, 0x47, 0xAE, 0x4B, 0x00, 0x5E, 0x14, 0x04, 0x06, 0x6C, 0x57, 0x23, /* ECF20 */
	0x4D, 0x34, 0x49, 0x07, 0xBC, 0x4F, 0x54, 0x0F, 0x08, 0x52, 0x39, 0x84, 0x53, 0x6F, 0x16, 0x47, /* ECF30 */
	0x22, 0x39, 0x53, 0x34, 0x3B, 0x09, 0x89, 0x32, 0x86, 0x26, 0x65, 0x12, 0x47, 0x7D, 0xAB, 0x46, /* ECF40 */
	0x92, 0x39, 0x04, 0x08, 0x12, 0x39, 0x24, 0x06, 0x54, 0x14, 0x12, 0x47, 0x86, 0x0E, 0xB6, 0xE3, /* ECF50 */
	0x1F, 0x08, 0x12, 0x4D, 0x53, 0x3C, 0x90, 0x14, 0x12, 0x47, 0x86, 0x13, 0xB8, 0x43, 0x1F, 0x0D, /* ECF60 */
	0x65, 0x16, 0x61, 0x3C, 0x47, 0x4D, 0x14, 0x7A, 0x16, 0x0E, 0x75, 0xBD, 0x2A, 0x20, 0xF2, 0x53, /* ECF70 */
	0x04, 0x0D, 0x15, 0x16, 0x72, 0x06, 0x74, 0x4B, 0x09, 0x31, 0x47, 0x8E, 0x0A, 0x1F, 0x0E, 0x50, /* ECF80 */
	0x67, 0x12, 0x01, 0x2A, 0x00, 0x12, 0x51, 0x29, 0x26, 0x03, 0x51, 0x69, 0x3B, 0x0C, 0x0D, 0x65, /* ECF90 */
	0x16, 0x12, 0x31, 0xC9, 0x06, 0x54, 0x3D, 0x0E, 0x7A, 0x96, 0x4E, 0x02, 0xA8, 0x7C, 0x0A, 0xCD, /* ECFA0 */
	0x00, 0x0E, 0x02, 0x01, 0x03, 0x12, 0x05, 0x18, 0x01, 0x13, 0x89, 0x23, 0x69, 0x0A, 0xC3, 0x21, /* ECFB0 */
	0x20, 0x21, 0x04, 0x12, 0x85, 0x22, 0x1F, 0x13, 0x69, 0x21, 0x29, 0x0D, 0xC3, 0x81, 0x23, 0x61, /* ECFC0 */
	0x0A, 0xD2, 0xAF, 0x23, 0x26, 0x04, 0x80, 0x07, 0xC3, 0x6C, 0x02, 0x23, 0xA1, 0x16, 0x88, 0x51, /* ECFD0 */
	0x02, 0x02, 0x85, 0x16, 0x88, 0x00, 0x03, 0x6F, 0x15, 0x08, 0x3F, 0x01, 0x02, 0x29, 0x23, 0x08, /* ECFE0 */
	0x09, 0x64, 0x61, 0x12, 0x88, 0x31, 0x12, 0x03, 0x05, 0x11, 0x88, 0x15, 0x00, 0x64, 0x65, 0x40, /* ECFF0 */
	0x88, 0xA5, 0x42, 0x73, 0x61, 0x18, 0x88, 0x11, 0x02, 0x64, 0x65, 0x10, 0x88, 0xA5, 0x12, 0x64, /* ED000 */
	0x6F, 0x10, 0x08, 0xAF, 0x12, 0x63, 0x8F, 0x14, 0x08, 0x4F, 0x00, 0x02, 0xAF, 0x49, 0x66, 0x0F, /* ED010 */
	0x13, 0x05, 0x4C, 0x08, 0x65, 0x02, 0x00, 0x89, 0x4F, 0x03, 0x03, 0x6F, 0x30, 0x88, 0xAF, 0x02, /* ED020 */
	0x04, 0x85, 0x3E, 0x88, 0x40, 0x3E, 0x02, 0x85, 0x4A, 0x88, 0x0B, 0x02, 0xAF, 0x17, 0x88, 0x06, /* ED030 */
	0x03, 0x01, 0x4D, 0x88, 0x4F, 0x03, 0x05, 0x35, 0x3F, 0x48, 0x89, 0x1E, 0x0F, 0x04, 0x81, 0x06, /* ED040 */
	0x88, 0x4B, 0x02, 0x00, 0x75, 0x05, 0x0E, 0x0C, 0x03, 0xAF, 0x4D, 0x05, 0x98, 0x4E, 0x63, 0xAF, /* ED050 */
	0x4D, 0x05, 0x98, 0x6A, 0x06, 0xAF, 0x14, 0x0C, 0x38, 0x53, 0x9D, 0xA5, 0x02, 0x04, 0x05, 0x59, /* ED060 */
	0x19, 0x98, 0x59, 0x05, 0x63, 0x6F, 0x3E, 0x92, 0x3F, 0x7E, 0x00, 0x65, 0x30, 0x0F, 0x07, 0x05, /* ED070 */
	0x65, 0x14, 0x0E, 0x98, 0xA9, 0x3C, 0x0E, 0x05, 0x81, 0x53, 0x19, 0x08, 0x4D, 0x14, 0x05, 0x60, /* ED080 */
	0xAF, 0x16, 0x12, 0x0C, 0x00, 0xA1, 0x3E, 0x03, 0x0C, 0x05, 0x69, 0x12, 0x15, 0xA8, 0x39, 0x84, /* ED090 */
	0x02, 0x05, 0x95, 0x2F, 0x19, 0xD8, 0x4E, 0x0B, 0x05, 0x03, 0xAF, 0x03, 0x04, 0x98, 0x12, 0x00, /* ED0A0 */
	0x6F, 0x30, 0x19, 0x0D, 0x03, 0xAF, 0x1D, 0x08, 0xD8, 0x1A, 0x05, 0x79, 0x05, 0x0E, 0x28, 0x35, /* ED0B0 */
	0x00, 0x0E, 0x04, 0x21, 0x17, 0x12, 0x08, 0x1D, 0x1F, 0x05, 0x89, 0x06, 0x0D, 0x28, 0x49, 0x00, /* ED0C0 */
	0x0D, 0x05, 0x81, 0x07, 0x0E, 0x08, 0x4C, 0x2F, 0x0E, 0x06, 0x65, 0x24, 0x18, 0x18, 0x31, 0x3C, /* ED0D0 */
	0x4B, 0x03, 0x04, 0x8F, 0x40, 0x05, 0xB8, 0x43, 0x05, 0x04, 0x15, 0x39, 0x07, 0x58, 0x87, 0x3E, /* ED0E0 */
	0x04, 0xC1, 0x11, 0x0E, 0x28, 0x11, 0x2E, 0x05, 0xAF, 0x4D, 0x85, 0x23, 0x66, 0xFA, 0x68, 0x05, /* ED0F0 */
	0x6F, 0x16, 0xB3, 0xBC, 0xCE, 0x4C, 0x53, 0x04, 0x05, 0x59, 0x65, 0x22, 0x65, 0xB6, 0x02, 0x04, /* ED100 */
	0x85, 0x16, 0xC2, 0x21, 0x20, 0x22, 0x01, 0x03, 0x45, 0x1D, 0xA8, 0x20, 0x49, 0x04, 0x04, 0x35, /* ED110 */
	0x23, 0x85, 0x23, 0x99, 0x62, 0x02, 0x05, 0x75, 0x1E, 0x85, 0x22, 0xF6, 0x1E, 0x7F, 0x06, 0xA1, /* ED120 */
	0x48, 0x25, 0x20, 0x41, 0x44, 0xF2, 0x04, 0x05, 0xA1, 0x07, 0x49, 0x21, 0x40, 0x27, 0x15, 0x64, /* ED130 */
	0xAF, 0x4D, 0x25, 0x20, 0x66, 0x1A, 0x00, 0x05, 0x05, 0x4A, 0xA5, 0x23, 0x05, 0x42, 0x8A, 0x64, /* ED140 */
	0x81, 0x53, 0x65, 0x22, 0x41, 0xB3, 0x02, 0x05, 0x85, 0x16, 0x69, 0x22, 0x60, 0xAD, 0x39, 0x00, /* ED150 */
	0x75, 0x05, 0x2E, 0x01, 0x07, 0x04, 0x05, 0x49, 0xD4, 0x21, 0x72, 0x14, 0x01, 0x03, 0x05, 0x49, /* ED160 */
	0x54, 0x20, 0x72, 0x08, 0xF0, 0x75, 0x09, 0xCC, 0x01, 0x0D, 0x00, 0x95, 0x4A, 0xC1, 0x01, 0x03, /* ED170 */
	0x04, 0xAF, 0x07, 0x32, 0x20, 0x66, 0x1F, 0x00, 0x05, 0x05, 0x16, 0xB2, 0x20, 0x05, 0x72, 0x53, /* ED180 */
	0x05, 0x0F, 0x06, 0xB2, 0x20, 0x0F, 0xC2, 0x52, 0x04, 0xA1, 0x4D, 0x85, 0x22, 0x66, 0x7A, 0x03, /* ED190 */
	0x00, 0x69, 0x04, 0xD2, 0x01, 0x31, 0x00, 0x65, 0x14, 0x0E, 0x01, 0x30, 0x00, 0x6F, 0x30, 0xC5, /* ED1A0 */
	0x01, 0x0D, 0x07, 0x95, 0x53, 0x6F, 0x22, 0x99, 0x42, 0x53, 0x00, 0x0E, 0x04, 0x35, 0x49, 0x14, /* ED1B0 */
	0x5D, 0x6B, 0x04, 0x00, 0x00, 0x61, 0x1E, 0x81, 0x02, 0x0C, 0x00, 0x8F, 0x36, 0x65, 0x00, 0x07, /* ED1C0 */
	0x08, 0x75, 0x05, 0x0E, 0x21, 0x99, 0x32, 0x75, 0x21, 0x0E, 0x00, 0x04, 0x35, 0x23, 0xC5, 0x21, /* ED1D0 */
	0x99, 0x12, 0x01, 0x06, 0x85, 0x36, 0x85, 0x23, 0x76, 0x32, 0x15, 0x1A, 0x06, 0x79, 0x04, 0x2E, /* ED1E0 */
	0x20, 0x89, 0x0A, 0x38, 0x04, 0x06, 0x19, 0x4A, 0x29, 0x20, 0x09, 0x42, 0xF2, 0x04, 0x03, 0x6F, /* ED1F0 */
	0x3E, 0x95, 0xBE, 0x4E, 0x0F, 0x17, 0x69, 0x4D, 0x65, 0x18, 0xC8, 0x3C, 0x4D, 0xA5, 0x1A, 0x02, /* ED200 */
	0x56, 0xAF, 0x17, 0x36, 0x49, 0x88, 0x76, 0x95, 0x56, 0x0F, 0x00, 0x75, 0x12, 0x32, 0x11, 0x0C, /* ED210 */
	0x10, 0x85, 0x4E, 0x65, 0x18, 0x03, 0xF6, 0x05, 0x59, 0x69, 0x64, 0x88, 0x55, 0xF2, 0x0C, 0x05, /* ED220 */
	0x05, 0xAF, 0x4D, 0x69, 0x1E, 0x88, 0x66, 0xF2, 0x3E, 0x07, 0x8F, 0x26, 0x7A, 0x3B, 0x08, 0x40, /* ED230 */
	0x26, 0xDA, 0x3C, 0x02, 0x07, 0xAF, 0x4D, 0x74, 0x3B, 0x48, 0x89, 0x4E, 0xD4, 0x3C, 0x02, 0x06, /* ED240 */
	0x6F, 0x24, 0x04, 0x65, 0x88, 0x3F, 0xF0, 0x04, 0x01, 0xF7, 0x81, 0x53, 0x69, 0x64, 0x08, 0x41, /* ED250 */
	0x53, 0x3C, 0x1C, 0x01, 0x08, 0x6F, 0x15, 0x52, 0x0D, 0x08, 0x3F, 0x75, 0x6B, 0xF2, 0x2C, 0x06, /* ED260 */
	0x29, 0x14, 0xAF, 0x4D, 0x88, 0x19, 0x14, 0x40, 0x03, 0x05, 0x39, 0x27, 0x65, 0x16, 0x08, 0x29, /* ED270 */
	0x16, 0x0E, 0x06, 0x6F, 0x16, 0xB3, 0x64, 0x2F, 0xFE, 0x4C, 0x14, 0x05, 0x06, 0x8F, 0x53, 0x85, /* ED280 */
	0x4F, 0x08, 0x4F, 0x53, 0x7C, 0x03, 0x00, 0x61, 0x35, 0x0F, 0x2F, 0x0C, 0x06, 0x85, 0x3E, 0x69, /* ED290 */
	0x16, 0x88, 0x4B, 0x3E, 0x29, 0x0E, 0x07, 0x75, 0x1E, 0x81, 0x66, 0xC8, 0xF6, 0x1E, 0x5F, 0x12, /* ED2A0 */
	0x01, 0x07, 0x09, 0x31, 0x05, 0x21, 0x48, 0x2E, 0x01, 0x0C, 0x05, 0x00, 0x06, 0x09, 0x06, 0x43, /* ED2B0 */
	0x24, 0xC8, 0x0C, 0xBE, 0x03, 0x05, 0x04, 0x05, 0x51, 0x28, 0x49, 0x88, 0xE5, 0x7C, 0x00, 0x81, /* ED2C0 */
	0x4A, 0x69, 0x1E, 0x0C, 0x06, 0x81, 0x53, 0x69, 0x1E, 0x08, 0x41, 0x53, 0xFC, 0x0E, 0x00, 0x6F, /* ED2D0 */
	0x30, 0x61, 0x12, 0x0C, 0x06, 0x81, 0x4A, 0x29, 0x51, 0x88, 0x4B, 0x16, 0x40, 0x04, 0x06, 0x6F, /* ED2E0 */
	0x64, 0x4F, 0x17, 0x88, 0xAF, 0x66, 0x0F, 0x0B, 0x06, 0x6F, 0x0C, 0x6F, 0x09, 0x08, 0xAF, 0x2E, /* ED2F0 */
	0x00, 0x0D, 0x00, 0x69, 0x30, 0x74, 0x43, 0x0D, 0x06, 0x8F, 0x06, 0x54, 0x3D, 0x08, 0x40, 0x06, /* ED300 */
	0x33, 0x0F, 0x06, 0x8F, 0x06, 0x43, 0x3D, 0x08, 0x40, 0x06, 0x33, 0x0F, 0x05, 0x2F, 0x0D, 0x88, /* ED310 */
	0x53, 0x08, 0x2F, 0x4F, 0x14, 0x00, 0x61, 0x12, 0x02, 0x1D, 0x0D, 0x06, 0x8F, 0x27, 0x85, 0x66, /* ED320 */
	0x08, 0x6F, 0x7E, 0x12, 0x05, 0x07, 0x0F, 0x3E, 0x2B, 0x39, 0x08, 0x0F, 0x3E, 0xCB, 0x3C, 0x02, /* ED330 */
	0x00, 0x61, 0x4C, 0x74, 0x3B, 0x0C, 0x07, 0x65, 0x3C, 0x89, 0x17, 0x88, 0x35, 0x00, 0x17, 0x65, /* ED340 */
	0x02, 0x07, 0x61, 0x0C, 0x79, 0x3B, 0x88, 0xA1, 0x4E, 0x05, 0x30, 0x02, 0x05, 0x05, 0x49, 0x34, /* ED350 */
	0x39, 0xC8, 0xC2, 0x01, 0x0E, 0x08, 0x61, 0x12, 0x09, 0x07, 0x10, 0x88, 0x39, 0x04, 0x25, 0x87, /* ED360 */
	0x10, 0x08, 0x99, 0x53, 0x85, 0x26, 0x01, 0xF8, 0x4C, 0x94, 0x4B, 0x16, 0x00, 0x06, 0xA1, 0x07, /* ED370 */
	0x49, 0x05, 0x0E, 0x08, 0x5C, 0x09, 0x30, 0x02, 0x05, 0x05, 0x11, 0x01, 0x23, 0x05, 0x98, 0x11, /* ED380 */
	0x01, 0x0B, 0x65, 0x45, 0x1D, 0xA8, 0x14, 0x0E, 0x28, 0xC5, 0x00, 0x0E, 0x0A, 0x6F, 0x3E, 0xAC, /* ED390 */
	0x31, 0x15, 0xB8, 0x3B, 0x00, 0x7C, 0x89, 0x4C, 0x8E, 0x02, 0x00, 0x81, 0x1E, 0x12, 0x59, 0x05, /* ED3A0 */
	0x0D, 0x09, 0x85, 0x0E, 0x75, 0x14, 0x13, 0x78, 0x7D, 0x4B, 0x09, 0x30, 0x45, 0x0A, 0x07, 0x85, /* ED3B0 */
	0x36, 0x69, 0x3B, 0x05, 0x78, 0x37, 0x09, 0x30, 0x16, 0x00, 0x8F, 0x52, 0x65, 0x4E, 0x05, 0x0D, /* ED3C0 */
	0x05, 0xAF, 0x1D, 0xA8, 0x3C, 0x0E, 0x38, 0x53, 0x00, 0x0E, 0x07, 0x85, 0x16, 0x66, 0x4B, 0x04, /* ED3D0 */
	0xA8, 0x4B, 0x00, 0x76, 0x13, 0x00, 0x6F, 0x10, 0x32, 0x1D, 0x05, 0x0C, 0x06, 0x81, 0x4A, 0x29, /* ED3E0 */
	0x51, 0x14, 0xA8, 0x4B, 0x05, 0x50, 0x00, 0x0A, 0x01, 0x27, 0x65, 0x12, 0x01, 0x78, 0x86, 0x13, /* ED3F0 */
	0x75, 0x95, 0x0E, 0x04, 0x00, 0x00, 0x81, 0x0E, 0x72, 0x4F, 0x13, 0x0D, 0x00, 0xC1, 0x06, 0x32, /* ED400 */
	0x3C, 0x95, 0x03, 0x30, 0x00, 0x6F, 0x16, 0x79, 0x3D, 0x6F, 0x02, 0x35, 0x06, 0x29, 0x49, 0x81, /* ED410 */
	0x0E, 0xC8, 0x21, 0x49, 0xCF, 0x2E, 0x05, 0x00, 0xA1, 0x53, 0x68, 0x4B, 0x2E, 0x01, 0x0D, 0x00, /* ED420 */
	0x95, 0x4A, 0x09, 0x07, 0x2E, 0x01, 0x31, 0x07, 0x85, 0x16, 0x21, 0x52, 0x85, 0x22, 0x9E, 0x80, /* ED430 */
	0x19, 0x54, 0x0F, 0x09, 0x99, 0x14, 0x12, 0x3E, 0x0C, 0x21, 0x49, 0x70, 0x7D, 0x02, 0xA0, 0x02, /* ED440 */
	0x09, 0x39, 0x14, 0x12, 0x09, 0x21, 0x20, 0x09, 0x74, 0x4B, 0x00, 0xB2, 0x13, 0x06, 0xAF, 0x4D, /* ED450 */
	0xA5, 0x27, 0x26, 0x21, 0x66, 0x53, 0x27, 0x06, 0x06, 0xAF, 0x4D, 0xA5, 0x27, 0x36, 0x21, 0x66, /* ED460 */
	0x53, 0x27, 0x16, 0x00, 0x65, 0x3A, 0x85, 0x4F, 0xC5, 0x01, 0x31, 0x05, 0x29, 0x23, 0x74, 0x5F, /* ED470 */
	0x85, 0x22, 0x49, 0x94, 0x7E, 0x06, 0x81, 0x4A, 0x29, 0x51, 0x34, 0x21, 0x6B, 0x12, 0x01, 0x14, /* ED480 */
	0x08, 0x39, 0x27, 0x65, 0x26, 0xB3, 0x20, 0x09, 0x1A, 0x39, 0x7C, 0x53, 0x00, 0x00, 0x41, 0x49, /* ED490 */
	0x84, 0x16, 0x93, 0x03, 0x0D, 0x00, 0x99, 0x38, 0xAF, 0x24, 0xB3, 0x00, 0x31, 0x04, 0x8F, 0x4E, /* ED4A0 */
	0x85, 0x23, 0x2F, 0x21, 0xE7, 0x83, 0x02, 0x00, 0x65, 0x25, 0x93, 0x20, 0x85, 0x16, 0x31, 0x07, /* ED4B0 */
	0x65, 0x3D, 0x92, 0x22, 0x21, 0x17, 0x88, 0x35, 0x7D, 0xD2, 0x2C, 0x02, 0x06, 0x8F, 0x4E, 0x85, /* ED4C0 */
	0x3C, 0x37, 0x49, 0x88, 0x47, 0x43, 0x66, 0x0F, 0x09, 0x65, 0x3D, 0x67, 0x3C, 0x42, 0x39, 0x08, /* ED4D0 */
	0x35, 0x01, 0x07, 0x3C, 0x0B, 0x2E, 0x57, 0x65, 0x0E, 0x25, 0x3E, 0xB2, 0x20, 0x88, 0x35, 0x4E, /* ED4E0 */
	0x86, 0x67, 0x00, 0x09, 0x8F, 0x43, 0xA9, 0x04, 0x62, 0x14, 0x08, 0x40, 0x43, 0xE9, 0x04, 0x08, /* ED4F0 */
	0x2C, 0x0A, 0x99, 0x3C, 0x54, 0x14, 0x33, 0x4D, 0x08, 0x49, 0x74, 0x6F, 0xF8, 0x4C, 0x45, 0x0A, /* ED500 */
	0x00, 0x01, 0x2F, 0x65, 0x4E, 0x01, 0x2F, 0x31, 0x0A, 0x61, 0x12, 0x09, 0x4B, 0x21, 0x52, 0x88, /* ED510 */
	0x31, 0x12, 0x05, 0x4B, 0x86, 0x46, 0x04, 0x60, 0x6F, 0x3D, 0x27, 0x39, 0xC9, 0x16, 0x31, 0x0C, /* ED520 */
	0x6F, 0x3D, 0x27, 0x39, 0x45, 0x51, 0x19, 0x38, 0x37, 0x0F, 0x0A, 0x38, 0x1D, 0xF5, 0xD0, 0x05, /* ED530 */
	0x00, 0x01, 0x16, 0x32, 0x04, 0x53, 0x14, 0x12, 0xC4, 0x08, 0x61, 0x12, 0x2B, 0x49, 0x43, 0x24, /* ED540 */
	0x25, 0x22, 0xE1, 0x2E, 0x7F, 0xC3, 0x1C, 0x02, 0x0A, 0x29, 0x49, 0x81, 0x0E, 0x48, 0x0D, 0x61, /* ED550 */
	0x20, 0x49, 0x7F, 0xC9, 0xCB, 0x2C, 0x03, 0x2A, 0x0C, 0x99, 0x3C, 0x54, 0x04, 0x0C, 0x35, 0x09, /* ED560 */
	0x23, 0x1E, 0x49, 0x00, 0x98, 0xA1, 0x02, 0xCD, 0x2C, 0x03, 0x0E, 0xA5, 0x14, 0x72, 0x1F, 0x65, /* ED570 */
	0x16, 0xAF, 0x4D, 0x48, 0x9E, 0xD1, 0x5F, 0x32, 0x2B, 0x1D, 0x35, 0x16, 0x40, 0x03, 0x00, 0x39, /* ED580 */
	0x48, 0x0F, 0x23, 0x6C, 0x4B, 0x29, 0x14, 0x8D, 0x0E, 0x8F, 0x43, 0xA9, 0x04, 0x4C, 0x69, 0xA1, /* ED590 */
	0x24, 0x6F, 0x22, 0x9E, 0x4F, 0x43, 0x7C, 0xB4, 0xF0, 0x1A, 0xC1, 0x03, 0x0E, 0x11, 0x09, 0xA2, /* ED5A0 */
	0x8E, 0x39, 0x02, 0xC2, 0x93, 0x69, 0x02, 0x12, 0x94, 0x59, 0x00, 0x52, 0x86, 0x19, 0x02, 0x13, /* ED5B0 */
	0x94, 0xA7, 0x54, 0x03, 0x12, 0x60, 0x25, 0x0D, 0x12, 0x20, 0x24, 0x04, 0x02, 0x80, 0x27, 0x1A, /* ED5C0 */
	0x08, 0x62, 0x79, 0x09, 0x12, 0x65, 0x9D, 0x35, 0x01, 0x03, 0x04, 0x25, 0x04, 0x00, 0x03, 0x0E, /* ED5D0 */
	0x25, 0x0E, 0x00, 0x03, 0x12, 0x25, 0x12, 0x00, 0xA4, 0xAE, 0x3C, 0x29, 0x5E, 0x88, 0x05, 0x24, /* ED5E0 */
	0x05, 0x09, 0x74, 0x15, 0x00, 0x12, 0x60, 0x30, 0x89, 0x0C, 0x12, 0xA0, 0x16, 0x49, 0x06, 0x04, /* ED5F0 */
	0x34, 0x35, 0x49, 0xF4, 0x34, 0x63, 0x72, 0x3B, 0x49, 0x3F, 0x02, 0x03, 0x64, 0x33, 0x09, 0xB4, /* ED600 */
	0x00, 0xF4, 0x64, 0x64, 0x09, 0xB4, 0x14, 0x02, 0x73, 0x14, 0x89, 0x0C, 0x04, 0x16, 0x39, 0x49, /* ED610 */
	0x06, 0x38, 0x04, 0xAF, 0x07, 0x09, 0x50, 0x03, 0x03, 0x36, 0x49, 0x49, 0x76, 0x03, 0x05, 0x2E, /* ED620 */
	0x69, 0x09, 0x7E, 0x95, 0x1A, 0x04, 0x52, 0x4D, 0x49, 0xF2, 0x4C, 0x03, 0x67, 0x4B, 0x05, 0x97, /* ED630 */
	0x03, 0x05, 0x2E, 0x4D, 0x09, 0x7E, 0x95, 0x13, 0x04, 0x8C, 0x17, 0xA9, 0x4A, 0x03, 0x04, 0x2E, /* ED640 */
	0x17, 0xE9, 0x1E, 0x03, 0x00, 0x2E, 0x14, 0x18, 0x0D, 0x05, 0x24, 0x05, 0x0C, 0x19, 0x74, 0x85, /* ED650 */
	0x0A, 0x04, 0x52, 0x4D, 0x08, 0x49, 0xF2, 0x33, 0x60, 0x67, 0x3E, 0x12, 0x03, 0x65, 0x8E, 0x54, /* ED660 */
	0x94, 0x39, 0x42, 0x75, 0x04, 0x65, 0x8D, 0x30, 0xD9, 0x3C, 0x41, 0x0C, 0x09, 0x05, 0x72, 0x3B, /* ED670 */
	0x19, 0x49, 0x02, 0x0E, 0x05, 0x04, 0x13, 0x05, 0x03, 0x69, 0xF2, 0x0B, 0x60, 0x2E, 0x16, 0x12, /* ED680 */
	0x03, 0x00, 0x6E, 0x14, 0x14, 0x0C, 0x05, 0x04, 0x21, 0x0F, 0x19, 0x00, 0x08, 0x0F, 0x84, 0x73, /* ED690 */
	0x02, 0x94, 0x69, 0xBA, 0x14, 0x00, 0x6E, 0x05, 0x0E, 0x0C, 0x05, 0x32, 0x39, 0x05, 0x49, 0x76, /* ED6A0 */
	0x05, 0x0E, 0x00, 0xAE, 0x14, 0x0C, 0x0D, 0x06, 0x32, 0x39, 0x01, 0x49, 0x76, 0x05, 0x0E, 0x00, /* ED6B0 */
	0x00, 0x2E, 0x4A, 0x01, 0x0C, 0x05, 0x73, 0x24, 0x10, 0x49, 0x33, 0x69, 0x00, 0x00, 0x2E, 0x24, /* ED6C0 */
	0x0F, 0x35, 0x00, 0x2E, 0x24, 0x01, 0x34, 0x10, 0x94, 0x17, 0x2C, 0x02, 0x03, 0x05, 0x73, 0x04, /* ED6D0 */
	0x2E, 0x24, 0x0C, 0x30, 0x12, 0x40, 0x8E, 0x27, 0x24, 0x01, 0x0D, 0x00, 0x0E, 0x3F, 0x2D, 0x01, /* ED6E0 */
	0x0D, 0x00, 0x8D, 0x04, 0xA3, 0x00, 0x0D, 0x60, 0x8D, 0x04, 0xA3, 0x00, 0x07, 0x00, 0x2E, 0x24, /* ED6F0 */
	0x61, 0x02, 0x34, 0x00, 0x6E, 0x04, 0x2E, 0x00, 0x0C, 0x60, 0x8E, 0x17, 0xB2, 0x00, 0x03, 0x00, /* ED700 */
	0x8E, 0x17, 0xB2, 0x00, 0x0D, 0x60, 0x67, 0x3E, 0x32, 0x01, 0x03, 0x00, 0x4E, 0x56, 0xD2, 0x01, /* ED710 */
	0x31, 0x00, 0x8E, 0x17, 0xA3, 0x00, 0x0D, 0x00, 0x8D, 0x3C, 0xB2, 0x00, 0x0D, 0x60, 0x8D, 0x3C, /* ED720 */
	0xB2, 0x00, 0x07, 0x60, 0x4E, 0x56, 0x32, 0x01, 0x0C, 0x05, 0x2F, 0x24, 0x2E, 0x25, 0x00, 0x24, /* ED730 */
	0x39, 0x60, 0x2E, 0x14, 0xAE, 0x00, 0x03, 0x00, 0xAE, 0x14, 0xAE, 0x00, 0x03, 0x00, 0x0E, 0x17, /* ED740 */
	0xB3, 0x00, 0x0D, 0x05, 0x2E, 0x24, 0xA3, 0xF0, 0x0E, 0x24, 0x51, 0x60, 0xAE, 0x16, 0xAE, 0x00, /* ED750 */
	0x03, 0x00, 0x2E, 0x06, 0xAE, 0x00, 0x0C, 0x00, 0xAE, 0x07, 0x32, 0x00, 0x0C, 0x60, 0x8E, 0x57, /* ED760 */
	0xAC, 0x00, 0x03, 0x00, 0x8E, 0x57, 0xAC, 0x00, 0x0D, 0x66, 0x8D, 0x24, 0x2E, 0xF3, 0x4D, 0xA0, /* ED770 */
	0x39, 0x0A, 0x66, 0x2E, 0x54, 0x2C, 0xF3, 0x0E, 0xD4, 0xAA, 0x0A, 0x00, 0x2E, 0x32, 0xD5, 0x00, /* ED780 */
	0x0D, 0x60, 0xAE, 0x16, 0xB3, 0x00, 0x03, 0x00, 0x2E, 0x4B, 0x61, 0x01, 0x0C, 0x00, 0x2E, 0x4B, /* ED790 */
	0x29, 0x00, 0x0C, 0x00, 0xB2, 0x26, 0x2E, 0x01, 0x0D, 0x00, 0xAE, 0x3F, 0x2F, 0x00, 0x0D, 0x00, /* ED7A0 */
	0x54, 0x04, 0x03, 0x01, 0x30, 0x05, 0x13, 0x25, 0x41, 0x24, 0x5A, 0x0D, 0x01, 0x60, 0x0D, 0x1D, /* ED7B0 */
	0x69, 0x16, 0x0C, 0x07, 0x14, 0x31, 0x09, 0x39, 0x7C, 0x84, 0x31, 0x19, 0x30, 0x02, 0x00, 0x8E, /* ED7C0 */
	0x53, 0x61, 0x52, 0x0C, 0x66, 0x73, 0x33, 0xA1, 0x14, 0x49, 0x03, 0x30, 0x41, 0x04, 0x08, 0x24, /* ED7D0 */
	0x39, 0x54, 0x0D, 0x09, 0x74, 0x95, 0x4E, 0xF4, 0x2C, 0x00, 0x8E, 0x27, 0x47, 0x50, 0x0D, 0x60, /* ED7E0 */
	0x0E, 0x33, 0x69, 0x16, 0x03, 0x00, 0x0E, 0x33, 0x69, 0x16, 0x0D, 0x00, 0x8D, 0x54, 0x8C, 0x17, /* ED7F0 */
	0x0D, 0x00, 0x2E, 0x24, 0x61, 0x06, 0x9C, 0x00, 0xAE, 0x14, 0x52, 0x35, 0x31, 0x06, 0x0D, 0x1D, /* ED800 */
	0x85, 0x66, 0x29, 0x0D, 0x28, 0x12, 0x05, 0x00, 0x6C, 0x14, 0x07, 0x31, 0x0C, 0x50, 0x8E, 0x3F, /* ED810 */
	0x06, 0x49, 0x27, 0x00, 0x8D, 0x14, 0xB4, 0x4D, 0x30, 0x00, 0xAE, 0x06, 0x4C, 0x11, 0x0C, 0x00, /* ED820 */
	0xAE, 0x06, 0x4C, 0x11, 0x30, 0x66, 0x34, 0x35, 0xC9, 0x16, 0xC9, 0x04, 0x34, 0x49, 0x0A, 0x07, /* ED830 */
	0x2E, 0x24, 0x23, 0x4D, 0x29, 0x1E, 0xF0, 0x13, 0x65, 0x02, 0x00, 0xAE, 0x14, 0x27, 0x49, 0x30, /* ED840 */
	0x00, 0x8E, 0x55, 0x85, 0x53, 0x0D, 0x07, 0xC4, 0x31, 0x4C, 0x0D, 0x09, 0x74, 0xA5, 0xEA, 0x2C, /* ED850 */
	0x03, 0x00, 0x6C, 0x24, 0x43, 0x51, 0x0C, 0x00, 0x2E, 0x32, 0xA1, 0x14, 0x03, 0x00, 0x8E, 0x57, /* ED860 */
	0x4C, 0x39, 0x30, 0x00, 0x8D, 0x30, 0x61, 0x52, 0x0D, 0x60, 0x8D, 0x30, 0x61, 0x52, 0x07, 0x60, /* ED870 */
	0x8D, 0x48, 0x69, 0x52, 0x07, 0x00, 0x8D, 0x48, 0x69, 0x52, 0x0D, 0x60, 0x0E, 0x17, 0x8E, 0x17, /* ED880 */
	0x03, 0x00, 0x0E, 0x17, 0x8E, 0x17, 0x0D, 0x06, 0x16, 0x39, 0x68, 0x17, 0x49, 0x06, 0x38, 0x08, /* ED890 */
	0x0F, 0x06, 0x72, 0x3B, 0x74, 0x3B, 0x49, 0x3F, 0x52, 0x00, 0x0E, 0x00, 0x6D, 0x1F, 0x65, 0x16, /* ED8A0 */
	0x31, 0x07, 0x67, 0x06, 0x43, 0x3D, 0x29, 0x37, 0x76, 0xC1, 0x33, 0x03, 0x07, 0xAE, 0x14, 0x32, /* ED8B0 */
	0x4D, 0x94, 0x39, 0x52, 0x92, 0x49, 0x53, 0x66, 0x0E, 0x4B, 0x05, 0x4D, 0xC5, 0xFC, 0x2E, 0x12, /* ED8C0 */
	0x45, 0x03, 0x06, 0x0E, 0x4B, 0x05, 0x4D, 0x85, 0xF9, 0x2E, 0x12, 0x45, 0x03, 0x09, 0x2E, 0x54, /* ED8D0 */
	0xB3, 0x48, 0x59, 0xAD, 0x39, 0xC4, 0x4C, 0x53, 0x12, 0x05, 0x00, 0xAE, 0x14, 0x72, 0x06, 0x0C, /* ED8E0 */
	0x1C, 0x06, 0x6C, 0x24, 0x6E, 0x27, 0x53, 0xAE, 0x31, 0x3C, 0xEE, 0x01, 0x00, 0xAE, 0x14, 0xB2, /* ED8F0 */
	0x06, 0x0C, 0x34, 0x00, 0xAE, 0x24, 0x0D, 0x51, 0x05, 0x30, 0x08, 0x4E, 0x14, 0x32, 0x39, 0xD4, /* ED900 */
	0x3C, 0x22, 0x6B, 0xF2, 0x38, 0x14, 0x00, 0x8E, 0x53, 0x61, 0x0E, 0x05, 0x0C, 0x60, 0x4E, 0x51, /* ED910 */
	0x09, 0x51, 0x05, 0x35, 0x00, 0x4E, 0x51, 0x09, 0x51, 0x05, 0x34, 0x50, 0x0E, 0x4D, 0xAD, 0x0D, /* ED920 */
	0x08, 0x23, 0x00, 0x2E, 0x26, 0x4E, 0x51, 0x05, 0x30, 0x00, 0x8E, 0x53, 0x69, 0x0E, 0x14, 0x0D, /* ED930 */
	0x00, 0xAE, 0x14, 0x87, 0x06, 0x0C, 0x30, 0x00, 0x2E, 0x4A, 0x81, 0x16, 0x04, 0x03, 0x67, 0xAE, /* ED940 */
	0x14, 0x32, 0x16, 0x52, 0xAE, 0x39, 0x54, 0x1F, 0x82, 0x00, 0x2E, 0x14, 0x23, 0x39, 0x14, 0x0C, /* ED950 */
	0x08, 0xB3, 0x04, 0x0E, 0x56, 0x8C, 0x49, 0x53, 0x21, 0x0E, 0xD6, 0x2A, 0x07, 0x0E, 0x27, 0x53, /* ED960 */
	0x59, 0xC5, 0x3C, 0x4E, 0x49, 0xF3, 0x58, 0x00, 0x2E, 0x06, 0x6D, 0x57, 0x13, 0x30, 0x68, 0xAE, /* ED970 */
	0x14, 0xB2, 0x16, 0x4E, 0xAE, 0x39, 0x74, 0x5F, 0x16, 0x0E, 0x66, 0xAE, 0x48, 0x29, 0x57, 0xC5, /* ED980 */
	0x3C, 0x52, 0x12, 0x15, 0x03, 0x00, 0xAE, 0x24, 0x0D, 0x0D, 0x19, 0xC1, 0x06, 0x72, 0x3B, 0x77, /* ED990 */
	0x4B, 0x0B, 0x79, 0x3B, 0x57, 0x2F, 0x03, 0x00, 0x6D, 0x15, 0x44, 0x05, 0x34, 0x01, 0x34, 0x00, /* ED9A0 */
	0xAE, 0x16, 0xAE, 0x3C, 0xD2, 0x01, 0xC5, 0x60, 0xAE, 0x14, 0x92, 0x48, 0xA5, 0x00, 0x0C, 0x09, /* ED9B0 */
	0x73, 0x33, 0xA1, 0x24, 0x6F, 0x7A, 0x49, 0x03, 0x30, 0xC1, 0x03, 0x38, 0x69, 0x8D, 0x30, 0x65, /* ED9C0 */
	0x15, 0xAE, 0xA4, 0x4D, 0x30, 0xF0, 0x8D, 0x35, 0x52, 0x09, 0x8D, 0x30, 0x65, 0x15, 0xAE, 0xA4, /* ED9D0 */
	0x4D, 0x30, 0xF0, 0xCD, 0x3C, 0x52, 0x00, 0xAE, 0x48, 0x09, 0x07, 0x34, 0x01, 0x30, 0x00, 0x6D, /* ED9E0 */
	0x25, 0x87, 0x06, 0xAE, 0x00, 0x30, 0x08, 0x8D, 0x14, 0x04, 0x39, 0x23, 0xF1, 0x4D, 0x10, 0x11, /* ED9F0 */
	0x00, 0x4E, 0x03, 0x69, 0x0E, 0x4B, 0x65, 0x15, 0xAE, 0xA4, 0x3E, 0x4B, 0x02, 0x8D, 0x35, 0x52, /* EDA00 */
	0x00, 0x2E, 0x14, 0x4C, 0x09, 0x2C, 0x01, 0x31, 0x00, 0xAE, 0x14, 0x6C, 0x14, 0xA3, 0x00, 0x31, /* EDA10 */
	0x00, 0x92, 0x26, 0x14, 0x09, 0x2C, 0x01, 0xC1, 0x00, 0x8D, 0x14, 0x32, 0x16, 0xA3, 0x00, 0x0C, /* EDA20 */
	0x60, 0x8D, 0x48, 0xAF, 0x26, 0x33, 0x01, 0x31, 0xF0, 0x92, 0x26, 0x14, 0x09, 0xCC, 0x01, 0xC1, /* EDA30 */
	0x60, 0xAE, 0x14, 0x12, 0x17, 0xB0, 0x00, 0x23, 0x00, 0xAE, 0x14, 0x12, 0x17, 0xB0, 0x00, 0x31, /* EDA40 */
	0x00, 0xAE, 0x14, 0xB2, 0x26, 0xA5, 0x03, 0x31, 0x00, 0xAE, 0x16, 0x72, 0x16, 0x93, 0x03, 0x30, /* EDA50 */
	0x07, 0x2E, 0x17, 0x92, 0x3F, 0x6C, 0xA4, 0x3E, 0x77, 0x4F, 0xAF, 0x0A, 0x00, 0x2E, 0x26, 0x72, /* EDA60 */
	0x05, 0xD2, 0x01, 0x31, 0x00, 0xAE, 0x14, 0x72, 0x26, 0xB3, 0x00, 0x0C, 0x00, 0xAE, 0x14, 0x32, /* EDA70 */
	0x06, 0x23, 0x01, 0x31, 0x60, 0xAE, 0x48, 0x2F, 0x54, 0x23, 0x01, 0x23, 0x09, 0x8D, 0x14, 0x12, /* EDA80 */
	0x51, 0xA9, 0x16, 0x3C, 0x4D, 0xAC, 0x12, 0xD0, 0xF0, 0x16, 0x00, 0x6C, 0x24, 0x34, 0x49, 0xA1, /* EDA90 */
	0x14, 0x30, 0x00, 0x6D, 0x05, 0xA3, 0x31, 0xA1, 0x14, 0x30, 0x0A, 0x6E, 0x56, 0x65, 0x12, 0x2F, /* EDAA0 */
	0x4D, 0x29, 0x6E, 0x89, 0x9D, 0x35, 0x12, 0x4F, 0x0A, 0x00, 0x2E, 0x3E, 0x72, 0x05, 0x54, 0x3D, /* EDAB0 */
	0x0E, 0x8C, 0x6C, 0x2E, 0x32, 0x35, 0x39, 0x54, 0x05, 0x4C, 0xAE, 0x39, 0x06, 0x8C, 0x76, 0x25, /* EDAC0 */
	0xCE, 0x03, 0x2A, 0x69, 0x0E, 0x3F, 0x92, 0x3C, 0x12, 0x51, 0xC5, 0xFC, 0x2E, 0x67, 0x00, 0x48, /* EDAD0 */
	0x41, 0x04, 0x0A, 0xAE, 0x14, 0x92, 0x16, 0x0C, 0x51, 0x45, 0xAE, 0x39, 0x74, 0x4F, 0xF2, 0x0C, /* EDAE0 */
	0x51, 0x00, 0x00, 0xAE, 0x14, 0x12, 0x23, 0x61, 0x1E, 0x05, 0x31, 0x60, 0xAE, 0x14, 0x12, 0x23, /* EDAF0 */
	0x61, 0x1E, 0x05, 0x13, 0x00, 0xAE, 0x14, 0x32, 0x16, 0x32, 0x39, 0x23, 0x01, 0x8C, 0x00, 0xAE, /* EDB00 */
	0x14, 0x72, 0x15, 0x44, 0x05, 0x34, 0x01, 0x34, 0x00, 0x6C, 0x54, 0xB3, 0x48, 0xA1, 0x24, 0x36, /* EDB10 */
	0x01, 0x8C, 0x0E, 0x2E, 0x24, 0x61, 0x06, 0x70, 0x33, 0x89, 0x7B, 0x29, 0x1E, 0x14, 0x00, 0x7E, /* EDB20 */
	0x85, 0x10, 0xA0, 0xF2, 0x13, 0x00, 0xAE, 0x14, 0x72, 0x25, 0x0E, 0x09, 0x2C, 0x01, 0xC1, 0x00, /* EDB30 */
	0x6C, 0x14, 0x47, 0x51, 0x69, 0x05, 0x34, 0x01, 0x30, 0x00, 0x8D, 0x30, 0x65, 0x15, 0xAE, 0x04, /* EDB40 */
	0x54, 0x3D, 0x0E, 0x0C, 0x0E, 0x24, 0x39, 0x54, 0x19, 0x09, 0x07, 0x54, 0x3D, 0x0E, 0x19, 0x78, /* EDB50 */
	0x25, 0x5E, 0xF0, 0xC6, 0x2C, 0x77, 0xC1, 0xB3, 0x02, 0x0D, 0x4E, 0x51, 0x09, 0x31, 0xC9, 0x06, /* EDB60 */
	0x54, 0x3D, 0xCE, 0x3C, 0x7A, 0xE9, 0x03, 0xA8, 0x7C, 0x0A, 0xCD, 0x00, 0x0E, 0x00, 0xAE, 0x14, /* EDB70 */
	0x8E, 0x27, 0x46, 0x0D, 0xA1, 0x24, 0x6F, 0x02, 0x0C, 0x0F, 0xAE, 0x14, 0x6C, 0x24, 0x47, 0x09, /* EDB80 */
	0x69, 0x24, 0xD4, 0xF1, 0x4E, 0x74, 0x96, 0xEA, 0x2C, 0xF2, 0x82, 0xA9, 0xF2, 0x34, 0x05, 0x00, /* EDB90 */
	0x8E, 0x53, 0xB2, 0x35, 0x65, 0x52, 0xA1, 0x24, 0x6F, 0x02, 0x0C, 0x02, 0x0A, 0x01, 0x03, 0x80, /* EDBA0 */
	0x2B, 0x41, 0x0A, 0xF4, 0x95, 0x53, 0xCA, 0x46, 0x53, 0x03, 0x4F, 0x38, 0x8A, 0x3F, 0x02, 0x04, /* EDBB0 */
	0x75, 0x64, 0x0A, 0x30, 0x24, 0x05, 0x8F, 0x17, 0x08, 0x6F, 0x76, 0x01, 0x03, 0x15, 0x39, 0x97, /* EDBC0 */
	0x3F, 0x02, 0x03, 0x75, 0x1E, 0xD9, 0xF5, 0x02, 0x05, 0x85, 0x57, 0x13, 0x1A, 0x69, 0x40, 0x03, /* EDBD0 */
	0x00, 0x81, 0x04, 0x0E, 0x03, 0x05, 0x81, 0x3F, 0x0E, 0x0A, 0x4D, 0x00, 0x0E, 0x05, 0x01, 0x3F, /* EDBE0 */
	0x02, 0x0A, 0x2D, 0x00, 0x02, 0x04, 0x85, 0x4F, 0x05, 0x9A, 0x4D, 0x05, 0x04, 0x41, 0x35, 0x05, /* EDBF0 */
	0x28, 0x35, 0x01, 0x04, 0x8F, 0x1E, 0x05, 0x98, 0x23, 0x01, 0x05, 0x61, 0x26, 0x13, 0x8A, 0x39, /* EDC00 */
	0x7C, 0x03, 0x05, 0x8F, 0x17, 0x06, 0x3A, 0x4F, 0x3C, 0x06, 0x05, 0x6F, 0x06, 0x13, 0x3A, 0x3B, /* EDC10 */
	0x40, 0x03, 0x00, 0x61, 0x05, 0x0C, 0x03, 0x00, 0x81, 0x16, 0x04, 0x0C, 0x05, 0xCF, 0x16, 0x06, /* EDC20 */
	0x3A, 0x6B, 0x25, 0x06, 0x03, 0xA5, 0x39, 0xC5, 0xDA, 0x3A, 0x05, 0xAF, 0x06, 0x0E, 0x3A, 0x5B, /* EDC30 */
	0x2F, 0x0E, 0x04, 0x01, 0x2F, 0x09, 0x8A, 0x2D, 0x05, 0x04, 0x6F, 0x06, 0x08, 0x3A, 0x3B, 0x00, /* EDC40 */
	0x03, 0x6F, 0x30, 0x01, 0xE8, 0x01, 0x05, 0x8F, 0x17, 0x50, 0x28, 0x4F, 0x03, 0x18, 0x60, 0x21, /* EDC50 */
	0x1F, 0x25, 0x00, 0x0C, 0x00, 0x85, 0x3E, 0x2D, 0x01, 0x03, 0x00, 0x8F, 0x23, 0x15, 0x01, 0x34, /* EDC60 */
	0x06, 0x6F, 0x24, 0xA5, 0x28, 0x0F, 0x1C, 0x95, 0x14, 0x05, 0x85, 0x4E, 0xC5, 0x29, 0x5D, 0x6F, /* EDC70 */
	0x16, 0x04, 0xA5, 0x17, 0x6C, 0x28, 0x22, 0xA0, 0x02, 0x04, 0x4F, 0x38, 0xCE, 0x29, 0x2F, 0x1E, /* EDC80 */
	0x01, 0x06, 0x75, 0x24, 0xA5, 0x28, 0x22, 0x1C, 0x01, 0x14, 0x06, 0x15, 0x49, 0xC5, 0x5E, 0x6F, /* EDC90 */
	0x72, 0x95, 0x1A, 0x05, 0x8F, 0x1E, 0x65, 0x2A, 0x27, 0xF7, 0x38, 0x06, 0xA1, 0x26, 0x85, 0x22, /* EDCA0 */
	0x6F, 0x66, 0x75, 0x2B, 0x06, 0x0F, 0x39, 0x0E, 0x29, 0x4F, 0x8D, 0x39, 0x00, 0x05, 0x61, 0x26, /* EDCB0 */
	0x2E, 0x29, 0x00, 0x1E, 0x39, 0x06, 0x85, 0x3E, 0x2C, 0x28, 0x6B, 0x02, 0xA8, 0x04, 0x00, 0x75, /* EDCC0 */
	0x16, 0xA1, 0x01, 0x0D, 0x04, 0x21, 0x1D, 0x85, 0x66, 0x01, 0x77, 0x03, 0x04, 0x21, 0x1D, 0x81, /* EDCD0 */
	0x66, 0x01, 0x77, 0x03, 0x04, 0x4F, 0x38, 0x29, 0x29, 0x2F, 0x1E, 0x01, 0x00, 0x01, 0x3F, 0xC2, /* EDCE0 */
	0x01, 0x0D, 0x05, 0x05, 0x31, 0xAF, 0x4D, 0x8A, 0xA5, 0x02, 0x13, 0x07, 0x69, 0x15, 0x2E, 0x69, /* EDCF0 */
	0xC8, 0x3C, 0x95, 0x8E, 0x65, 0x02, 0x03, 0x01, 0x47, 0x35, 0x4D, 0xBA, 0x2F, 0x03, 0x07, 0x61, /* EDD00 */
	0x15, 0x73, 0x3B, 0x0A, 0x31, 0xF1, 0x13, 0x30, 0x02, 0x07, 0x61, 0x25, 0x73, 0x3B, 0x0A, 0x31, /* EDD10 */
	0xF1, 0x13, 0x30, 0x02, 0x06, 0x85, 0x26, 0x43, 0x3C, 0x8A, 0x4B, 0xF2, 0x0B, 0x0F, 0x06, 0x0F, /* EDD20 */
	0x45, 0x55, 0x39, 0x97, 0x2F, 0x77, 0x05, 0x0E, 0x05, 0x05, 0x39, 0x69, 0x16, 0x0A, 0x30, 0x16, /* EDD30 */
	0x0E, 0x00, 0x95, 0x53, 0x69, 0x16, 0x07, 0x06, 0x0F, 0x0D, 0x48, 0x35, 0x0A, 0x0F, 0x2C, 0x05, /* EDD40 */
	0x0D, 0x05, 0x35, 0x49, 0x27, 0x39, 0x4A, 0x1F, 0xF3, 0x0E, 0x04, 0x4F, 0x38, 0x4E, 0x15, 0x8A, /* EDD50 */
	0x3F, 0x16, 0x00, 0x61, 0x05, 0x09, 0x07, 0x0C, 0x06, 0x05, 0x31, 0xAF, 0x4D, 0x19, 0x9A, 0xA9, /* EDD60 */
	0x40, 0x13, 0x01, 0x06, 0x65, 0x43, 0x81, 0x12, 0x19, 0x9A, 0x41, 0x1F, 0x14, 0x01, 0x09, 0x4F, /* EDD70 */
	0x04, 0x8E, 0x17, 0x0E, 0x3A, 0x23, 0x9D, 0x31, 0x4E, 0x3C, 0x0E, 0x08, 0x4F, 0x04, 0x6E, 0x16, /* EDD80 */
	0x13, 0x3A, 0x23, 0x9D, 0x31, 0xF2, 0x13, 0x00, 0x05, 0x39, 0xA5, 0x50, 0x05, 0x03, 0x09, 0x8F, /* EDD90 */
	0x17, 0x46, 0x39, 0x01, 0x7A, 0x3E, 0x13, 0x10, 0x16, 0x0E, 0x00, 0x05, 0x05, 0x39, 0x4E, 0x39, /* EDDA0 */
	0x05, 0x0A, 0x38, 0x05, 0x0E, 0x06, 0x61, 0x3C, 0x95, 0x27, 0x05, 0x8A, 0x31, 0x62, 0x13, 0x01, /* EDDB0 */
	0x08, 0xA9, 0x29, 0xA9, 0x4C, 0x15, 0x8A, 0x2A, 0x9D, 0x59, 0x4C, 0x22, 0x05, 0x05, 0x39, 0x2E, /* EDDC0 */
	0x51, 0x34, 0x29, 0x00, 0x9E, 0x51, 0x07, 0x8F, 0x17, 0x50, 0x24, 0x2E, 0x29, 0x4F, 0x03, 0x18, /* EDDD0 */
	0x05, 0x0E, 0x67, 0x65, 0x43, 0x81, 0x12, 0xC9, 0x16, 0x8A, 0x45, 0x7C, 0x04, 0x69, 0x02, 0x08, /* EDDE0 */
	0x01, 0x47, 0x35, 0x31, 0x69, 0x16, 0x8A, 0x21, 0x5F, 0x00, 0xAC, 0x39, 0xFC, 0x95, 0x53, 0x29, /* EDDF0 */
	0x26, 0x01, 0x32, 0x19, 0x7A, 0xDA, 0x53, 0xF4, 0x18, 0x09, 0x00, 0x32, 0x05, 0x00, 0x95, 0x53, /* EDE00 */
	0x29, 0x26, 0x03, 0x51, 0x69, 0x3B, 0x0C, 0x00, 0xD5, 0x50, 0x81, 0x3C, 0x53, 0x51, 0x69, 0x3B, /* EDE10 */
	0x0C, 0x00, 0x95, 0x26, 0x93, 0x48, 0x35, 0x14, 0x0E, 0x17, 0xC4, 0x02, 0x0B, 0x01, 0x03, 0x80, /* EDE20 */
	0x2F, 0x41, 0x0A, 0x03, 0xB9, 0x2D, 0x99, 0x02, 0x62, 0x6E, 0x5F, 0x0E, 0x0F, 0x04, 0x81, 0x26, /* EDE30 */
	0x8B, 0x4B, 0x16, 0x04, 0x81, 0x06, 0x8B, 0x4B, 0x02, 0x05, 0x79, 0x53, 0x0F, 0x6B, 0x3D, 0x14, /* EDE40 */
	0x0F, 0x04, 0xA1, 0x20, 0x19, 0x8B, 0x61, 0x05, 0x04, 0x0C, 0x55, 0x13, 0x3B, 0x98, 0x13, 0x04, /* EDE50 */
	0xA1, 0x20, 0x09, 0x8B, 0x61, 0x05, 0x04, 0xB9, 0x39, 0x07, 0x6B, 0xD5, 0x3E, 0x05, 0x61, 0x05, /* EDE60 */
	0x0C, 0xBB, 0x37, 0x80, 0x0A, 0x05, 0x75, 0x52, 0x1A, 0xDB, 0x39, 0x54, 0x03, 0x06, 0x61, 0x4E, /* EDE70 */
	0x81, 0x2F, 0x21, 0x6E, 0xF2, 0x13, 0x00, 0x8F, 0x16, 0x61, 0x02, 0x0C, 0x04, 0x12, 0x55, 0x33, /* EDE80 */
	0x2D, 0x92, 0x46, 0x03, 0x04, 0x41, 0x4D, 0x85, 0x2E, 0x49, 0x7A, 0x03, 0x05, 0xB2, 0x1D, 0x85, /* EDE90 */
	0x2E, 0x92, 0x12, 0x7F, 0x05, 0x69, 0x4E, 0xC5, 0x2D, 0x29, 0x6E, 0x16, 0x05, 0x72, 0x1F, 0x85, /* EDEA0 */
	0x2E, 0x12, 0x1F, 0x7F, 0x00, 0x6F, 0x4A, 0x21, 0x00, 0x0D, 0x04, 0xC5, 0x4D, 0x85, 0x2E, 0x49, /* EDEB0 */
	0x7A, 0x03, 0x00, 0x4F, 0x3F, 0x6D, 0x03, 0x31, 0x04, 0xA1, 0x20, 0x29, 0x2D, 0x61, 0x18, 0x01, /* EDEC0 */
	0x00, 0x69, 0x12, 0x32, 0x11, 0x0C, 0x06, 0x65, 0x3E, 0x53, 0x04, 0x0B, 0x30, 0x3E, 0x33, 0x00, /* EDED0 */
	0x05, 0xB2, 0x15, 0x27, 0x49, 0x4B, 0x82, 0x1E, 0x1F, 0x00, 0x89, 0x30, 0x69, 0x1E, 0x0C, 0x00, /* EDEE0 */
	0x69, 0x09, 0x61, 0x30, 0x0C, 0x04, 0x6E, 0x5F, 0x2C, 0x4D, 0x0E, 0xAF, 0x6A, 0x06, 0xA5, 0x07, /* EDEF0 */
	0x2E, 0x15, 0xCB, 0x5C, 0xBF, 0x0E, 0x05, 0x07, 0x52, 0x4D, 0x34, 0x39, 0x4B, 0xA2, 0x4D, 0xD4, /* EDF00 */
	0x3C, 0x02, 0x07, 0x85, 0x3E, 0x33, 0x39, 0x05, 0xAB, 0x4B, 0x40, 0x13, 0x39, 0x07, 0x95, 0x6A, /* EDF10 */
	0x37, 0x25, 0x0C, 0xDB, 0x4A, 0x5A, 0x27, 0xB1, 0x07, 0x69, 0x3C, 0x17, 0x51, 0x14, 0xAB, 0xA9, /* EDF20 */
	0x40, 0xB7, 0x53, 0x00, 0x69, 0x0E, 0x41, 0x11, 0x05, 0x03, 0x08, 0xD2, 0x4D, 0xD4, 0x39, 0x01, /* EDF30 */
	0x4B, 0xF2, 0x53, 0x14, 0x39, 0x00, 0x00, 0x69, 0x12, 0x4C, 0x39, 0x07, 0x0C, 0x05, 0x6E, 0x5F, /* EDF40 */
	0x2C, 0x11, 0x27, 0x39, 0x2F, 0xAC, 0x29, 0x00, 0x61, 0x04, 0x0D, 0x69, 0x6F, 0x03, 0x83, 0x05, /* EDF50 */
	0x05, 0x49, 0x13, 0x49, 0x27, 0x2D, 0x60, 0xC3, 0x2A, 0x00, 0x69, 0x40, 0xA1, 0x48, 0x09, 0x2F, /* EDF60 */
	0x1C, 0x00, 0x89, 0x2E, 0x10, 0x51, 0x52, 0x0D, 0x0B, 0x1C, 0x02, 0xA5, 0x0A, 0x12, 0x05, 0x0C, /* EDF70 */
	0x00, 0x02, 0x09, 0x1C, 0x01, 0x63, 0xA5, 0x30, 0x65, 0x04, 0x62, 0x29, 0x31, 0x09, 0x03, 0x80, /* EDF80 */
	0x97, 0x4C, 0x0A, 0x13, 0x81, 0x33, 0x6F, 0x03, 0x13, 0x8F, 0x33, 0x6F, 0x03, 0x03, 0xD5, 0x32, /* EDF90 */
	0x62, 0x0A, 0x03, 0xA9, 0x31, 0x99, 0x02, 0xA3, 0x49, 0x17, 0x0C, 0x29, 0x03, 0x63, 0x6F, 0x2F, /* EDFA0 */
	0xCC, 0x25, 0x03, 0x03, 0x6F, 0x1E, 0x8C, 0xFF, 0x02, 0x03, 0x29, 0x16, 0x0C, 0x19, 0x02, 0x64, /* EDFB0 */
	0x81, 0x53, 0x8C, 0x41, 0x53, 0x04, 0x25, 0x52, 0x8C, 0x15, 0x52, 0x13, 0x85, 0x4F, 0x8C, 0x45, /* EDFC0 */
	0x03, 0x03, 0xA1, 0x14, 0x0C, 0x51, 0x00, 0x63, 0x69, 0x16, 0x0C, 0x39, 0x02, 0x63, 0xA9, 0x16, /* EDFD0 */
	0x8C, 0x59, 0x02, 0x03, 0xA9, 0x16, 0x0C, 0x59, 0x02, 0x63, 0x05, 0x11, 0x0C, 0x15, 0x00, 0x03, /* EDFE0 */
	0x05, 0x11, 0x8C, 0x15, 0x00, 0x63, 0x8F, 0x17, 0x8C, 0x62, 0x02, 0x04, 0x61, 0x4F, 0x8C, 0x31, /* EDFF0 */
	0x4F, 0x02, 0x29, 0x55, 0x8C, 0x02, 0x04, 0x55, 0x4D, 0x8C, 0xF2, 0x4C, 0x64, 0xA5, 0x66, 0x8C, /* EE000 */
	0x55, 0x16, 0x00, 0x65, 0x3B, 0x0D, 0x04, 0x89, 0x07, 0x0C, 0x45, 0x03, 0x04, 0x69, 0x12, 0x8C, /* EE010 */
	0x39, 0x12, 0x03, 0x65, 0x13, 0x8C, 0x16, 0x00, 0x04, 0x69, 0x64, 0x8C, 0x39, 0x14, 0x04, 0x2F, /* EE020 */
	0x24, 0x0C, 0x1F, 0x24, 0x04, 0x4F, 0x4D, 0x0C, 0xAF, 0x4D, 0x04, 0x69, 0x04, 0x0C, 0x39, 0x00, /* EE030 */
	0x04, 0x65, 0x06, 0x0C, 0x35, 0x02, 0x04, 0x65, 0x04, 0x0C, 0x35, 0x00, 0x04, 0x95, 0x14, 0x8C, /* EE040 */
	0x42, 0x04, 0x03, 0x05, 0x21, 0x0C, 0x05, 0x00, 0x04, 0xA5, 0x26, 0x0C, 0x55, 0x26, 0x02, 0x2F, /* EE050 */
	0x5D, 0x0C, 0x0F, 0x03, 0x81, 0x1E, 0x05, 0xCC, 0x2A, 0x63, 0x29, 0x23, 0x14, 0x2C, 0x51, 0x63, /* EE060 */
	0xA1, 0x1D, 0x08, 0x8C, 0x19, 0x03, 0x6F, 0x4F, 0x05, 0x8C, 0x4E, 0x05, 0x99, 0x26, 0x03, 0x8C, /* EE070 */
	0x48, 0x3C, 0x0B, 0x00, 0xA5, 0x16, 0x12, 0x0C, 0x04, 0x81, 0x17, 0x12, 0x0C, 0x69, 0x1F, 0x63, /* EE080 */
	0x05, 0x4D, 0x05, 0x1C, 0x4D, 0x05, 0x69, 0x16, 0x0E, 0xAC, 0x39, 0x3C, 0x0E, 0x04, 0xA9, 0x14, /* EE090 */
	0x12, 0x1C, 0x51, 0x1F, 0x05, 0x69, 0x04, 0x03, 0x2C, 0x31, 0x3C, 0x0B, 0x03, 0xA9, 0x20, 0x05, /* EE0A0 */
	0x2C, 0xE1, 0x64, 0xAF, 0x39, 0x07, 0x9C, 0x3A, 0x0A, 0x04, 0x85, 0x3E, 0x19, 0x1C, 0x49, 0x39, /* EE0B0 */
	0x05, 0x79, 0x05, 0x0E, 0x2C, 0x35, 0x00, 0x0E, 0x00, 0x65, 0x05, 0x19, 0x03, 0x03, 0x89, 0x33, /* EE0C0 */
	0x05, 0x2C, 0x31, 0x05, 0x39, 0x24, 0x01, 0xAC, 0x11, 0x05, 0x00, 0x00, 0x61, 0x05, 0x12, 0x03, /* EE0D0 */
	0x00, 0x65, 0x3E, 0x12, 0x03, 0x03, 0x61, 0x1E, 0x05, 0x8C, 0xF9, 0x03, 0x0F, 0x2F, 0x05, 0xBC, /* EE0E0 */
	0x2F, 0x06, 0x55, 0x1D, 0x09, 0x8C, 0x76, 0x05, 0x1A, 0x01, 0x05, 0x15, 0x07, 0x13, 0x8C, 0x2E, /* EE0F0 */
	0x40, 0x03, 0x06, 0xA1, 0x14, 0x18, 0x0C, 0x51, 0x25, 0x4B, 0x03, 0x04, 0x45, 0x31, 0x01, 0x0C, /* EE100 */
	0x31, 0x00, 0x06, 0x55, 0x4D, 0x01, 0x8C, 0x76, 0x45, 0x03, 0x00, 0x00, 0x81, 0x56, 0x05, 0x03, /* EE110 */
	0x04, 0x05, 0x21, 0x19, 0x0C, 0x21, 0x05, 0x04, 0x89, 0x6B, 0x14, 0xAC, 0x4D, 0x14, 0x00, 0x75, /* EE120 */
	0x06, 0x12, 0x0C, 0x04, 0xA9, 0x50, 0x2C, 0x31, 0xE9, 0xB4, 0x00, 0x05, 0x6F, 0x1E, 0x85, 0x32, /* EE130 */
	0xEF, 0x1E, 0x7F, 0x64, 0x89, 0x53, 0x65, 0x32, 0x69, 0xB3, 0x02, 0x06, 0x6F, 0x12, 0x6F, 0x32, /* EE140 */
	0x36, 0x1E, 0x00, 0x0E, 0x03, 0xA1, 0x67, 0x85, 0x32, 0x79, 0x0F, 0x04, 0x89, 0x55, 0x8F, 0x32, /* EE150 */
	0x29, 0x7B, 0x03, 0x06, 0x09, 0x17, 0x8E, 0x33, 0x49, 0xF3, 0x38, 0x13, 0x05, 0xA9, 0x16, 0xCC, /* EE160 */
	0x31, 0x49, 0x36, 0x14, 0x06, 0x0F, 0x57, 0xB3, 0x30, 0x0F, 0x0B, 0x4C, 0x14, 0x65, 0x69, 0x1E, /* EE170 */
	0x85, 0x32, 0xE9, 0x1E, 0x7F, 0x05, 0xAF, 0x25, 0x33, 0x31, 0x40, 0x17, 0x69, 0x04, 0xB5, 0x20, /* EE180 */
	0x85, 0x32, 0x62, 0x78, 0x03, 0x06, 0x0F, 0x07, 0x2C, 0x31, 0x0F, 0x7B, 0x85, 0x2A, 0x65, 0x75, /* EE190 */
	0x1E, 0x25, 0x30, 0x36, 0x2E, 0x12, 0x64, 0x6F, 0x4F, 0x65, 0x32, 0x62, 0xB3, 0x02, 0x04, 0xAF, /* EE1A0 */
	0x17, 0x6C, 0x30, 0xCF, 0xAC, 0x02, 0x06, 0x15, 0x2F, 0xA1, 0x31, 0x9D, 0x22, 0x7B, 0x26, 0x00, /* EE1B0 */
	0xA5, 0x26, 0x2E, 0x01, 0x03, 0x05, 0x45, 0x34, 0x61, 0x32, 0x01, 0x0D, 0x38, 0x05, 0xAF, 0x16, /* EE1C0 */
	0xB4, 0x30, 0x76, 0xF6, 0x50, 0x00, 0x61, 0x3D, 0xAE, 0x00, 0x03, 0x00, 0x65, 0x3D, 0xAE, 0x00, /* EE1D0 */
	0x03, 0x06, 0x21, 0x57, 0x0E, 0x31, 0x00, 0x87, 0x3A, 0x00, 0x05, 0x05, 0x59, 0x65, 0x32, 0x65, /* EE1E0 */
	0xF6, 0x38, 0x06, 0x65, 0x04, 0x2E, 0x30, 0x05, 0x0C, 0x38, 0x04, 0x05, 0xAF, 0x16, 0x6C, 0x30, /* EE1F0 */
	0x76, 0x06, 0xA8, 0x00, 0x65, 0x3E, 0x32, 0x01, 0x03, 0x06, 0x35, 0x31, 0x0C, 0x31, 0x62, 0x9D, /* EE200 */
	0xA9, 0x00, 0x00, 0xA1, 0x16, 0x72, 0x02, 0x03, 0x00, 0x05, 0x4A, 0x6F, 0x02, 0x03, 0x05, 0x65, /* EE210 */
	0x3E, 0x89, 0x32, 0x00, 0x5E, 0xCB, 0x00, 0x65, 0x3B, 0x8F, 0x02, 0x31, 0x06, 0x15, 0x27, 0x65, /* EE220 */
	0x32, 0x62, 0x13, 0xF1, 0x0E, 0x04, 0xA1, 0x20, 0x85, 0x33, 0xC1, 0x68, 0x02, 0x00, 0x81, 0x3E, /* EE230 */
	0x33, 0x01, 0x03, 0x06, 0x6F, 0x3D, 0x2E, 0x30, 0x0F, 0x0D, 0x38, 0x04, 0x07, 0x09, 0x4A, 0x81, /* EE240 */
	0x66, 0x0C, 0x09, 0x4A, 0x6B, 0x12, 0x01, 0x06, 0x69, 0x0E, 0x6F, 0x38, 0x8C, 0xF9, 0x2E, 0x00, /* EE250 */
	0x0E, 0x06, 0x09, 0x17, 0x8E, 0x17, 0x0C, 0x49, 0xF3, 0x4E, 0x03, 0x04, 0x05, 0x51, 0x28, 0x49, /* EE260 */
	0x8C, 0xE5, 0x7C, 0x06, 0x15, 0x27, 0x6C, 0x14, 0x8C, 0x42, 0x77, 0x85, 0x0A, 0x05, 0x65, 0x3B, /* EE270 */
	0x81, 0x12, 0x8C, 0x35, 0x7E, 0x04, 0x07, 0x09, 0x25, 0x73, 0x3B, 0x0C, 0x75, 0x05, 0x9A, 0x3F, /* EE280 */
	0x02, 0x06, 0x75, 0x30, 0x01, 0x66, 0xCC, 0xA6, 0x02, 0x02, 0x09, 0x00, 0xC5, 0x24, 0x63, 0x3B, /* EE290 */
	0x31, 0x04, 0x45, 0x4D, 0x95, 0x16, 0x0C, 0xE5, 0x7E, 0x00, 0x15, 0x0A, 0x0F, 0x2F, 0x0C, 0x08, /* EE2A0 */
	0x05, 0x39, 0x84, 0x3E, 0x0C, 0x75, 0x85, 0x0E, 0x44, 0x3E, 0x00, 0x05, 0x32, 0x61, 0x0E, 0x03, /* EE2B0 */
	0x05, 0x69, 0x12, 0x13, 0x65, 0x8C, 0x39, 0x6A, 0x05, 0x00, 0x15, 0x17, 0x72, 0x16, 0x07, 0x00, /* EE2C0 */
	0x6F, 0x09, 0x81, 0x12, 0x0D, 0x06, 0xA1, 0x24, 0x2D, 0x49, 0x8C, 0x51, 0xF0, 0x4D, 0x0F, 0x00, /* EE2D0 */
	0xA1, 0x48, 0x0F, 0x16, 0x03, 0x00, 0x65, 0x43, 0x6F, 0x10, 0x31, 0x00, 0xA1, 0x16, 0x72, 0x16, /* EE2E0 */
	0x03, 0x03, 0xAF, 0x49, 0x24, 0x4D, 0x8C, 0x13, 0x00, 0x05, 0x05, 0x59, 0xA9, 0x50, 0x8C, 0x55, /* EE2F0 */
	0xF2, 0x14, 0x05, 0x21, 0x06, 0x32, 0x17, 0x0C, 0x10, 0xCA, 0x3A, 0x07, 0x15, 0x27, 0x61, 0x3E, /* EE300 */
	0x8C, 0x02, 0x77, 0x2F, 0x3E, 0x03, 0x00, 0x8F, 0x06, 0x69, 0x16, 0x03, 0x06, 0x09, 0x23, 0x34, /* EE310 */
	0x39, 0x8C, 0x29, 0x53, 0x3C, 0x0E, 0x00, 0x05, 0x33, 0x41, 0x49, 0x05, 0x03, 0x05, 0xA1, 0x1D, /* EE320 */
	0xA8, 0x14, 0x12, 0x8C, 0x19, 0x54, 0x0F, 0x06, 0x75, 0x0E, 0x28, 0x3D, 0x0E, 0xDC, 0x3A, 0x03, /* EE330 */
	0x30, 0x02, 0x08, 0x0F, 0x07, 0x54, 0x3D, 0x0E, 0x3C, 0x2F, 0x1D, 0xC1, 0x03, 0x0E, 0x00, 0x61, /* EE340 */
	0x12, 0x6C, 0x4B, 0x04, 0x0D, 0x66, 0x01, 0x16, 0x6C, 0x14, 0x04, 0x0C, 0x09, 0x80, 0x1A, 0x00, /* EE350 */
	0x09, 0x0F, 0x07, 0x4C, 0x51, 0x19, 0x3C, 0x2F, 0x9D, 0x31, 0xF0, 0x14, 0x05, 0x06, 0x6F, 0x1E, /* EE360 */
	0x68, 0x4B, 0x0E, 0xBC, 0xFB, 0xA4, 0x37, 0x02, 0x06, 0x55, 0x17, 0x17, 0x49, 0x0D, 0x8C, 0x2E, /* EE370 */
	0xD7, 0x32, 0x01, 0x00, 0xA5, 0x20, 0x81, 0x1E, 0x19, 0x31, 0x00, 0xA9, 0x14, 0x12, 0x51, 0x05, /* EE380 */
	0x30, 0x06, 0xA1, 0x1D, 0x68, 0x24, 0x0E, 0xDC, 0x1B, 0xCC, 0x3C, 0x02, 0x00, 0x81, 0x4A, 0x01, /* EE390 */
	0x16, 0x05, 0x31, 0x00, 0x8F, 0x4A, 0x41, 0x39, 0x05, 0x03, 0x00, 0xAF, 0x16, 0x0C, 0x0D, 0x05, /* EE3A0 */
	0x0D, 0x06, 0xA1, 0x16, 0x32, 0x3B, 0x05, 0x0C, 0x58, 0x5D, 0x3F, 0x02, 0x00, 0x81, 0x4F, 0xA9, /* EE3B0 */
	0x14, 0x12, 0x30, 0x00, 0x15, 0x4A, 0xC9, 0x3E, 0x0C, 0x31, 0x05, 0x05, 0x4D, 0xA5, 0x07, 0x19, /* EE3C0 */
	0x1C, 0x4D, 0x17, 0x01, 0x08, 0xAF, 0x59, 0x65, 0x26, 0x01, 0x8C, 0x5A, 0x1D, 0x35, 0x16, 0x00, /* EE3D0 */
	0x08, 0x69, 0x1E, 0x85, 0x26, 0x05, 0x7C, 0xBE, 0xCE, 0x0A, 0x48, 0x01, 0x08, 0x69, 0x3E, 0x2C, /* EE3E0 */
	0x55, 0x0D, 0xFC, 0x38, 0x0F, 0x1C, 0x01, 0x0D, 0x07, 0x69, 0x3E, 0xD4, 0x41, 0x05, 0x2C, 0x39, /* EE3F0 */
	0x40, 0x24, 0x41, 0x05, 0x25, 0x1C, 0xA5, 0x07, 0x19, 0x9C, 0x29, 0x17, 0x01, 0x06, 0xA1, 0x4D, /* EE400 */
	0x61, 0x3A, 0x05, 0x3C, 0x6B, 0x9D, 0x31, 0x02, 0x00, 0x61, 0x12, 0x0C, 0x11, 0x19, 0x35, 0x0B, /* EE410 */
	0xAF, 0x25, 0x53, 0x05, 0x0E, 0x31, 0x40, 0x77, 0x16, 0x1A, 0x75, 0x85, 0x0E, 0x00, 0x00, 0x61, /* EE420 */
	0x12, 0x13, 0x07, 0x30, 0x01, 0x0D, 0x07, 0xA9, 0x16, 0xB3, 0x3C, 0x43, 0x33, 0x49, 0x46, 0x53, /* EE430 */
	0x2F, 0x0B, 0x0A, 0x09, 0x4A, 0x81, 0x26, 0x61, 0x32, 0x09, 0x42, 0x76, 0x6B, 0x12, 0x01, 0x0E, /* EE440 */
	0x0A, 0x69, 0x16, 0x81, 0x26, 0xD4, 0x31, 0x29, 0x1E, 0x75, 0x6B, 0xF2, 0xD0, 0x05, 0x08, 0x69, /* EE450 */
	0x3D, 0x95, 0x27, 0x2E, 0x31, 0x9E, 0x39, 0x01, 0x1A, 0x35, 0x02, 0x08, 0x2F, 0x07, 0x52, 0x51, /* EE460 */
	0x68, 0x31, 0x2F, 0x07, 0x48, 0xE9, 0xB8, 0x01, 0x00, 0x65, 0x26, 0x2E, 0x4B, 0x21, 0x00, 0x31, /* EE470 */
	0x05, 0x45, 0x0D, 0x85, 0x53, 0x85, 0x32, 0x45, 0x53, 0x7C, 0x07, 0x2C, 0x5D, 0x65, 0x30, 0x79, /* EE480 */
	0x32, 0x62, 0x9D, 0x31, 0x3C, 0x0E, 0x00, 0x25, 0x08, 0xA5, 0x50, 0x8F, 0x02, 0x34, 0x09, 0x01, /* EE490 */
	0x3E, 0x12, 0x51, 0x8F, 0x66, 0x8C, 0x01, 0x4A, 0x40, 0x94, 0x4B, 0x05, 0x09, 0x29, 0x55, 0x34, /* EE4A0 */
	0x39, 0x61, 0x52, 0x8C, 0x52, 0x74, 0x25, 0x0E, 0x38, 0x14, 0x00, 0x25, 0x27, 0x54, 0x35, 0xA1, /* EE4B0 */
	0x14, 0x30, 0x06, 0xAF, 0x25, 0xB3, 0x26, 0x6C, 0x14, 0x8C, 0x12, 0x59, 0xA9, 0x0A, 0x00, 0x6F, /* EE4C0 */
	0x1E, 0x26, 0x31, 0x6C, 0x5F, 0x35, 0x08, 0xAF, 0x17, 0x8E, 0x53, 0x45, 0x39, 0x0C, 0xAF, 0x39, /* EE4D0 */
	0x53, 0x24, 0x39, 0x00, 0x61, 0x0E, 0x81, 0x23, 0x89, 0x16, 0x30, 0x00, 0x25, 0x27, 0x73, 0x04, /* EE4E0 */
	0x54, 0x59, 0x05, 0xC4, 0x00, 0x25, 0x27, 0x73, 0x04, 0xB4, 0x49, 0x05, 0xC4, 0x00, 0x29, 0x23, /* EE4F0 */
	0xB4, 0x17, 0x29, 0x23, 0x14, 0x0D, 0x0A, 0x6F, 0x12, 0x6F, 0x12, 0x85, 0x4A, 0x19, 0xDC, 0x3A, /* EE500 */
	0x04, 0x30, 0x12, 0x6B, 0x12, 0x01, 0x09, 0x75, 0x0E, 0x28, 0x3D, 0x2E, 0x51, 0x34, 0x31, 0xDE, /* EE510 */
	0x36, 0x0E, 0x3C, 0x9E, 0x51, 0x02, 0x25, 0x0D, 0x12, 0x19, 0x2D, 0x01, 0x12, 0x05, 0x1D, 0x01, /* EE520 */
	0xB2, 0xC1, 0x35, 0x01, 0x03, 0x61, 0x36, 0x21, 0x0E, 0x03, 0x65, 0x36, 0x25, 0x0E, 0x03, 0x80, /* EE530 */
	0x97, 0x4D, 0x0A, 0x72, 0x8F, 0x16, 0x8D, 0x07, 0x74, 0x8F, 0x53, 0x0D, 0x4F, 0x53, 0x63, 0x21, /* EE540 */
	0x14, 0x0D, 0x11, 0x00, 0x74, 0x61, 0x66, 0x8D, 0x35, 0x16, 0xB4, 0x95, 0x53, 0xCD, 0x46, 0x53, /* EE550 */
	0x13, 0x15, 0x23, 0xCD, 0x06, 0x03, 0x63, 0x41, 0x17, 0x0D, 0x21, 0x03, 0x63, 0x89, 0x4F, 0x8D, /* EE560 */
	0x49, 0x03, 0x63, 0x05, 0x39, 0x0D, 0x35, 0x02, 0x63, 0xAF, 0x16, 0x8D, 0x52, 0x02, 0x04, 0x61, /* EE570 */
	0x05, 0x8D, 0x3F, 0x01, 0x04, 0x99, 0x06, 0x0D, 0x49, 0x02, 0x04, 0x6F, 0x2E, 0xCD, 0xF6, 0x2E, /* EE580 */
	0x04, 0x69, 0x26, 0x8D, 0x39, 0x16, 0x04, 0x85, 0x07, 0x0D, 0x41, 0x03, 0x03, 0x05, 0x11, 0x0D, /* EE590 */
	0x15, 0x00, 0x03, 0x55, 0x49, 0x4D, 0x89, 0x03, 0xB3, 0x29, 0x23, 0x14, 0x2D, 0x51, 0x04, 0x6F, /* EE5A0 */
	0x16, 0x19, 0xDD, 0x3A, 0x05, 0x04, 0x6F, 0x52, 0x08, 0xDD, 0x3A, 0x18, 0x04, 0xC1, 0x09, 0x05, /* EE5B0 */
	0x0D, 0x09, 0x05, 0x05, 0x2F, 0x14, 0x0C, 0xBD, 0x13, 0x80, 0x0A, 0x64, 0x05, 0x39, 0x14, 0x9D, /* EE5C0 */
	0x39, 0x14, 0x04, 0xA5, 0x04, 0x0C, 0x9D, 0xD1, 0x2C, 0x04, 0xAF, 0x26, 0x05, 0x8D, 0x5A, 0x05, /* EE5D0 */
	0x05, 0x81, 0x3F, 0x0E, 0x0D, 0x4D, 0x00, 0x0E, 0x06, 0xAF, 0x14, 0x0C, 0x3D, 0x53, 0x9D, 0xA5, /* EE5E0 */
	0x02, 0x06, 0x09, 0x35, 0x09, 0x2D, 0x75, 0x21, 0x1D, 0x01, 0x00, 0x81, 0x26, 0x01, 0x0C, 0x04, /* EE5F0 */
	0xA5, 0x14, 0x12, 0x1D, 0xD1, 0x1F, 0x03, 0xAF, 0x4D, 0x05, 0x9D, 0x4E, 0x05, 0x25, 0x04, 0x0C, /* EE600 */
	0x9D, 0x11, 0x80, 0x0A, 0x00, 0x81, 0x26, 0x05, 0x03, 0x03, 0xC5, 0x15, 0x12, 0x2D, 0x7D, 0x05, /* EE610 */
	0x2F, 0x14, 0x0D, 0x3D, 0x13, 0x25, 0x0D, 0x03, 0x01, 0x04, 0x0D, 0x8D, 0x35, 0x06, 0xAF, 0x24, /* EE620 */
	0x06, 0x3D, 0x53, 0x1D, 0x15, 0x02, 0x05, 0x01, 0x3F, 0x0E, 0x0D, 0x2D, 0x00, 0x0E, 0x00, 0x81, /* EE630 */
	0x26, 0x0E, 0x03, 0x06, 0x65, 0x56, 0x13, 0x9D, 0x39, 0x99, 0x62, 0x02, 0x05, 0x09, 0x4B, 0x0F, /* EE640 */
	0x2D, 0x2D, 0x12, 0x0F, 0x00, 0x8F, 0x06, 0x0E, 0x03, 0x05, 0xA1, 0x14, 0x0F, 0x0D, 0x50, 0x01, /* EE650 */
	0x0F, 0x06, 0x75, 0x3E, 0x1A, 0x8D, 0x3A, 0x19, 0x4F, 0x03, 0x05, 0x01, 0x16, 0x0C, 0x0D, 0x09, /* EE660 */
	0x80, 0x0A, 0x00, 0x41, 0x04, 0x0E, 0x03, 0x05, 0xA1, 0x26, 0x13, 0x0D, 0x59, 0x7C, 0x03, 0x03, /* EE670 */
	0x05, 0x11, 0x05, 0x1D, 0x11, 0x04, 0x21, 0x17, 0x05, 0x0D, 0x1C, 0x05, 0x00, 0xC1, 0x15, 0x12, /* EE680 */
	0x0C, 0x00, 0x45, 0x15, 0x12, 0x0C, 0x03, 0x41, 0x3C, 0x0E, 0x8D, 0x39, 0x05, 0x61, 0x56, 0x13, /* EE690 */
	0x8D, 0x39, 0x40, 0x03, 0x05, 0x45, 0x26, 0x01, 0x0D, 0x21, 0x05, 0x00, 0x05, 0x99, 0x3E, 0x0E, /* EE6A0 */
	0x2D, 0x49, 0x00, 0x0E, 0x00, 0x69, 0x04, 0x0E, 0x03, 0x05, 0x2F, 0x57, 0x0C, 0x3D, 0x1F, 0x80, /* EE6B0 */
	0x0A, 0x04, 0x23, 0x17, 0x05, 0x0D, 0x1C, 0x05, 0x04, 0x0F, 0x06, 0x19, 0x3D, 0x0B, 0x01, 0x04, /* EE6C0 */
	0x0F, 0x26, 0x0C, 0x3D, 0x0B, 0x2C, 0x04, 0x8F, 0x23, 0x05, 0x3D, 0xCF, 0x05, 0x05, 0x25, 0x07, /* EE6D0 */
	0x0E, 0x0D, 0x1D, 0x00, 0x0E, 0x04, 0xB9, 0x39, 0x07, 0x6D, 0xD5, 0x3E, 0x03, 0x6F, 0x4F, 0x05, /* EE6E0 */
	0x8D, 0x4E, 0x04, 0x09, 0x07, 0x08, 0x2D, 0x2D, 0x00, 0x05, 0x21, 0x48, 0x05, 0xBD, 0x13, 0x12, /* EE6F0 */
	0x01, 0x05, 0x89, 0x53, 0x85, 0x36, 0x69, 0x53, 0x7C, 0x05, 0x65, 0x09, 0x85, 0x36, 0x25, 0x0D, /* EE700 */
	0x7E, 0x05, 0x69, 0x56, 0x34, 0x35, 0x29, 0xAE, 0x51, 0x06, 0x69, 0x56, 0x34, 0x35, 0x09, 0x7E, /* EE710 */
	0x89, 0x14, 0x06, 0x6F, 0x15, 0xAE, 0x34, 0x0F, 0xFD, 0x38, 0x14, 0x04, 0x29, 0x10, 0x2C, 0x35, /* EE720 */
	0x29, 0xB4, 0x00, 0x17, 0x99, 0x17, 0x2C, 0x36, 0x49, 0x73, 0x95, 0x0C, 0x06, 0x05, 0x6F, 0x12, /* EE730 */
	0xC1, 0x35, 0x36, 0x1E, 0x04, 0x05, 0x81, 0x26, 0x2E, 0x35, 0x40, 0x12, 0x39, 0x06, 0x65, 0x3D, /* EE740 */
	0xD2, 0x35, 0x25, 0x7D, 0x4B, 0x05, 0x04, 0x0F, 0x26, 0x2C, 0x35, 0x0F, 0xB2, 0x00, 0x04, 0x95, /* EE750 */
	0x0F, 0x2C, 0x35, 0x76, 0xB3, 0x00, 0x08, 0x95, 0x17, 0x75, 0x35, 0x99, 0x62, 0x76, 0x05, 0x30, /* EE760 */
	0x01, 0x00, 0xA1, 0x54, 0x32, 0x01, 0x03, 0x00, 0x2F, 0x14, 0xB3, 0x00, 0x0C, 0x04, 0x89, 0x4A, /* EE770 */
	0x8F, 0x36, 0x60, 0x72, 0x03, 0x05, 0x8F, 0x06, 0x2C, 0x35, 0x40, 0x82, 0xA9, 0x00, 0x89, 0x17, /* EE780 */
	0xD2, 0x01, 0x31, 0x00, 0x8F, 0x52, 0x81, 0x02, 0x0C, 0x00, 0x6F, 0x4A, 0x2F, 0x01, 0x03, 0x05, /* EE790 */
	0x6F, 0x2E, 0xC5, 0x35, 0xF6, 0x2E, 0x17, 0x00, 0x61, 0x56, 0x32, 0x01, 0x03, 0x04, 0x05, 0x1D, /* EE7A0 */
	0x85, 0x36, 0x05, 0x77, 0x03, 0x06, 0x75, 0x26, 0x43, 0x34, 0x99, 0x32, 0xF2, 0x0B, 0x06, 0x99, /* EE7B0 */
	0x26, 0x21, 0x34, 0x60, 0x12, 0x01, 0x04, 0x06, 0xA1, 0x48, 0x6F, 0x36, 0x41, 0x44, 0x02, 0x0E, /* EE7C0 */
	0x06, 0x09, 0x4B, 0x6F, 0x36, 0x09, 0x4B, 0xBE, 0x0E, 0x00, 0x29, 0x10, 0xC1, 0x01, 0x0D, 0x05, /* EE7D0 */
	0x65, 0x3D, 0x89, 0x36, 0x25, 0x5D, 0xCB, 0x07, 0x8F, 0x07, 0x09, 0x37, 0x4F, 0x7A, 0x05, 0x3C, /* EE7E0 */
	0x0B, 0x66, 0x89, 0x33, 0x25, 0x34, 0x7C, 0x33, 0x94, 0x04, 0x00, 0x21, 0x48, 0x29, 0x00, 0x03, /* EE7F0 */
	0x07, 0xA1, 0x48, 0xC9, 0x34, 0x41, 0x44, 0xF2, 0x4B, 0x03, 0x04, 0x95, 0x4A, 0xC1, 0x35, 0x76, /* EE800 */
	0x12, 0x01, 0x00, 0x61, 0x3C, 0x2E, 0x01, 0x03, 0x05, 0x61, 0x1E, 0x85, 0x36, 0x01, 0x2E, 0x7E, /* EE810 */
	0x05, 0xA1, 0x20, 0xA5, 0x37, 0x61, 0x68, 0x89, 0x03, 0x4F, 0x39, 0x85, 0x37, 0x39, 0x0E, 0x05, /* EE820 */
	0x89, 0x23, 0x12, 0x35, 0xC5, 0x43, 0x02, 0x00, 0x21, 0x48, 0x81, 0x03, 0x03, 0x06, 0x61, 0x10, /* EE830 */
	0x65, 0x36, 0xB7, 0x1A, 0xF0, 0x0E, 0x06, 0x61, 0x10, 0x6F, 0x36, 0xB7, 0x1A, 0x00, 0x0E, 0x05, /* EE840 */
	0x09, 0x23, 0x65, 0x34, 0xFC, 0x93, 0xA9, 0x05, 0x4F, 0x04, 0x57, 0x37, 0x0F, 0xD8, 0x2F, 0x00, /* EE850 */
	0x2F, 0x1A, 0xA1, 0x00, 0x0C, 0x06, 0xCF, 0x06, 0xB2, 0x34, 0x4F, 0x44, 0xCB, 0x14, 0x00, 0x8F, /* EE860 */
	0x33, 0xC5, 0x01, 0x0D, 0x00, 0x81, 0x52, 0x65, 0x00, 0x07, 0x00, 0x85, 0x0E, 0x25, 0x00, 0x03, /* EE870 */
	0x06, 0x89, 0x26, 0x61, 0x35, 0x60, 0x12, 0x01, 0x0D, 0x00, 0x01, 0x2F, 0xC1, 0x01, 0x03, 0x06, /* EE880 */
	0x29, 0x3B, 0x6F, 0x36, 0x3C, 0x6E, 0xBD, 0x0E, 0x00, 0x6F, 0x30, 0xCF, 0x01, 0x03, 0x05, 0x0F, /* EE890 */
	0x32, 0xC5, 0x35, 0x0F, 0x32, 0x14, 0x07, 0x61, 0x56, 0x65, 0x34, 0x21, 0x6E, 0x89, 0x80, 0x0A, /* EE8A0 */
	0x06, 0x01, 0x27, 0x81, 0x37, 0x6F, 0x13, 0xBD, 0x13, 0x04, 0x8F, 0x23, 0x85, 0x36, 0xCF, 0x73, /* EE8B0 */
	0x03, 0x00, 0x05, 0x11, 0x8F, 0x02, 0x0C, 0x00, 0x8F, 0x16, 0x6C, 0x00, 0x03, 0x05, 0x29, 0x57, /* EE8C0 */
	0x65, 0x34, 0x3C, 0x97, 0xA9, 0x07, 0xC1, 0x24, 0x2E, 0x35, 0x21, 0x4B, 0x77, 0x05, 0x0E, 0x04, /* EE8D0 */
	0x25, 0x21, 0x61, 0x36, 0x05, 0x30, 0x02, 0x00, 0xA1, 0x50, 0x65, 0x00, 0x03, 0x00, 0x81, 0x0E, /* EE8E0 */
	0x65, 0x00, 0x07, 0x04, 0x81, 0x1E, 0xAF, 0x34, 0x32, 0x37, 0x03, 0x00, 0x61, 0x12, 0x65, 0x00, /* EE8F0 */
	0x07, 0x06, 0x8F, 0x14, 0x84, 0x37, 0x4F, 0x90, 0x11, 0x1A, 0x00, 0x03, 0x19, 0x25, 0x01, 0x0D, /* EE900 */
	0x05, 0x89, 0x06, 0x27, 0x35, 0x7C, 0xB2, 0xEB, 0x00, 0xA3, 0x14, 0x85, 0x02, 0x03, 0x05, 0x99, /* EE910 */
	0x26, 0x43, 0x37, 0x49, 0xF2, 0x2C, 0x06, 0x6F, 0x26, 0x0B, 0x35, 0x2F, 0xFE, 0x2C, 0x00, 0x05, /* EE920 */
	0x21, 0x1F, 0x69, 0x37, 0x21, 0x1A, 0x3D, 0x06, 0x61, 0x26, 0x0C, 0x35, 0x00, 0xAE, 0xA9, 0x00, /* EE930 */
	0x00, 0x8F, 0x26, 0xD4, 0x02, 0x03, 0x05, 0x75, 0x4A, 0x2F, 0x35, 0x00, 0x4E, 0x3E, 0x00, 0x89, /* EE940 */
	0x4F, 0x69, 0x3B, 0x0C, 0x00, 0x89, 0x4F, 0x69, 0x14, 0x0C, 0x07, 0x61, 0x2E, 0x69, 0x12, 0x8D, /* EE950 */
	0x31, 0x2E, 0x09, 0x1E, 0x00, 0x05, 0x69, 0x14, 0x21, 0x17, 0x0D, 0xA9, 0xF2, 0x0A, 0x04, 0x09, /* EE960 */
	0x23, 0x21, 0x31, 0x0D, 0x29, 0xB3, 0x00, 0x29, 0x5C, 0x85, 0x53, 0x07, 0x07, 0x69, 0x15, 0x53, /* EE970 */
	0x4D, 0xCD, 0x3C, 0x15, 0xD3, 0x4C, 0x03, 0x07, 0x25, 0x07, 0x74, 0x3B, 0x8D, 0x15, 0x03, 0xD4, /* EE980 */
	0x36, 0x02, 0x06, 0x21, 0x4D, 0x94, 0x3E, 0x0D, 0x49, 0x53, 0x12, 0x0F, 0x05, 0x81, 0x46, 0x55, /* EE990 */
	0x4D, 0xCD, 0x22, 0x77, 0x05, 0x05, 0xA1, 0x50, 0x28, 0x5D, 0x8D, 0x61, 0x64, 0x22, 0x00, 0x69, /* EE9A0 */
	0x06, 0x32, 0x51, 0x23, 0x65, 0x95, 0x36, 0x95, 0x16, 0xCD, 0x46, 0x36, 0x1F, 0x05, 0x61, 0x22, /* EE9B0 */
	0xAF, 0x49, 0x8D, 0x31, 0x9A, 0x1F, 0x07, 0x05, 0x39, 0x24, 0x49, 0x0D, 0x75, 0x85, 0x0E, 0x74, /* EE9C0 */
	0x03, 0x00, 0x75, 0x12, 0x61, 0x16, 0x03, 0x00, 0x21, 0x53, 0x81, 0x14, 0x0D, 0x00, 0x8F, 0x06, /* EE9D0 */
	0x2C, 0x4D, 0x0C, 0x00, 0x41, 0x3C, 0x2E, 0x65, 0x0D, 0x06, 0x81, 0x46, 0x35, 0x4D, 0xCD, 0x22, /* EE9E0 */
	0x77, 0x65, 0x03, 0x06, 0x61, 0x0C, 0x6F, 0x34, 0x8D, 0xA1, 0x2E, 0x00, 0x0D, 0x06, 0x61, 0x58, /* EE9F0 */
	0x85, 0x3A, 0x8D, 0xA1, 0x5A, 0x1F, 0x0E, 0x00, 0x69, 0x10, 0x32, 0x11, 0x0C, 0x00, 0x61, 0x30, /* EEA00 */
	0x8F, 0x66, 0x31, 0x00, 0x61, 0x12, 0x65, 0x30, 0x07, 0x06, 0xA5, 0x0C, 0x61, 0x18, 0x8D, 0x55, /* EEA10 */
	0x2C, 0x21, 0x06, 0x07, 0x21, 0x57, 0x89, 0x16, 0x0D, 0x10, 0x5F, 0x49, 0x4F, 0x02, 0x07, 0x23, /* EEA20 */
	0x31, 0x72, 0x67, 0x8D, 0x21, 0x03, 0x6A, 0xE2, 0x01, 0x06, 0xA5, 0x68, 0x27, 0x49, 0x8D, 0x55, /* EEA30 */
	0x4C, 0x47, 0x0F, 0x06, 0x63, 0x05, 0x08, 0x39, 0x0D, 0x20, 0x37, 0x21, 0x0E, 0x08, 0x61, 0x0E, /* EEA40 */
	0x69, 0x26, 0x8D, 0x31, 0x4E, 0x1D, 0x35, 0x16, 0x05, 0x09, 0x23, 0xA1, 0x11, 0x0D, 0xC5, 0x77, /* EEA50 */
	0x0F, 0x05, 0x09, 0x23, 0x65, 0x14, 0xCD, 0xCC, 0x97, 0x2A, 0x00, 0x8F, 0x06, 0x69, 0x16, 0x03, /* EEA60 */
	0x06, 0xA1, 0x20, 0x09, 0x4D, 0x0D, 0x60, 0x24, 0x40, 0x03, 0x08, 0x4F, 0x04, 0x2D, 0x11, 0x0D, /* EEA70 */
	0x2F, 0x74, 0x21, 0xFD, 0x10, 0x05, 0x81, 0x4F, 0xA5, 0x49, 0x8D, 0x41, 0x77, 0x1F, 0x00, 0x29, /* EEA80 */
	0x5C, 0x29, 0x16, 0x0D, 0x06, 0x23, 0x17, 0x28, 0x15, 0x0D, 0x10, 0x17, 0x08, 0x05, 0x00, 0x43, /* EEA90 */
	0x39, 0x4E, 0x4D, 0x0C, 0x05, 0x41, 0x34, 0xAF, 0x11, 0x8D, 0x3F, 0x89, 0x04, 0x00, 0x61, 0x1A, /* EEAA0 */
	0x32, 0x11, 0x0C, 0x00, 0x6F, 0x52, 0x08, 0x39, 0x0C, 0x00, 0x61, 0x30, 0x81, 0x12, 0x0C, 0x08, /* EEAB0 */
	0x4F, 0x24, 0x03, 0x39, 0x0D, 0x2F, 0x74, 0x05, 0x0B, 0x38, 0x00, 0x81, 0x26, 0x2E, 0x49, 0x30, /* EEAC0 */
	0x05, 0x81, 0x4A, 0x09, 0x1D, 0x05, 0xAD, 0x4B, 0x3C, 0x0A, 0x60, 0x41, 0x39, 0x14, 0x25, 0x0E, /* EEAD0 */
	0x07, 0x56, 0x8F, 0x16, 0xAF, 0x16, 0x12, 0x9D, 0x77, 0x4F, 0x76, 0x03, 0x00, 0x95, 0x27, 0x43, /* EEAE0 */
	0x05, 0x0E, 0x1C, 0x00, 0x25, 0x24, 0x03, 0x49, 0x05, 0x31, 0x00, 0xA1, 0x54, 0x52, 0x51, 0x19, /* EEAF0 */
	0x31, 0x08, 0x21, 0x07, 0x5A, 0x39, 0x05, 0x7D, 0x86, 0x07, 0x60, 0x16, 0x0E, 0x00, 0x81, 0x66, /* EEB00 */
	0x0C, 0x39, 0x04, 0x30, 0x07, 0x09, 0x23, 0x29, 0x07, 0x0E, 0xAD, 0xCD, 0x3C, 0x07, 0x38, 0x06, /* EEB10 */
	0x89, 0x4F, 0xAF, 0x49, 0x09, 0xFD, 0x68, 0x63, 0x12, 0x01, 0x00, 0x2F, 0x14, 0x12, 0x51, 0x05, /* EEB20 */
	0x30, 0x60, 0x2F, 0x14, 0x12, 0x51, 0x05, 0x31, 0x05, 0x8F, 0x52, 0x07, 0x1D, 0x05, 0x9D, 0x1F, /* EEB30 */
	0x3C, 0x0A, 0x00, 0x25, 0x24, 0xA5, 0x06, 0x0C, 0x0C, 0x68, 0x75, 0x50, 0x89, 0x30, 0x19, 0xDD, /* EEB40 */
	0xAA, 0xD4, 0x4C, 0x30, 0x09, 0x06, 0x61, 0x42, 0xAF, 0x17, 0x12, 0x8D, 0x39, 0x90, 0x76, 0x03, /* EEB50 */
	0x00, 0x61, 0x26, 0x66, 0x33, 0x04, 0x31, 0x06, 0x6F, 0x4E, 0x29, 0x55, 0x12, 0xFD, 0x4C, 0xD9, /* EEB60 */
	0x46, 0x02, 0x07, 0xA5, 0x04, 0x6C, 0x24, 0x03, 0x0D, 0x50, 0xA1, 0xFA, 0x2C, 0x67, 0xAF, 0x24, /* EEB70 */
	0x16, 0x51, 0x05, 0x3D, 0xD3, 0x7C, 0x06, 0x51, 0x60, 0x61, 0x26, 0x26, 0x4D, 0x14, 0x31, 0x06, /* EEB80 */
	0x61, 0x16, 0xB5, 0x16, 0x12, 0x0D, 0x38, 0x62, 0x76, 0x03, 0x00, 0x65, 0x09, 0x12, 0x39, 0x05, /* EEB90 */
	0x0D, 0x08, 0xA1, 0x48, 0x09, 0x17, 0x13, 0x0D, 0x51, 0xD2, 0x4C, 0x17, 0x1A, 0x00, 0x25, 0x24, /* EEBA0 */
	0x0F, 0x4B, 0x05, 0x9C, 0x00, 0xA5, 0x04, 0x50, 0x3C, 0x12, 0x31, 0x06, 0x89, 0x0F, 0x48, 0x15, /* EEBB0 */
	0x06, 0xAD, 0x4D, 0xC3, 0x1C, 0x02, 0x06, 0x95, 0x53, 0x01, 0x23, 0x05, 0xDD, 0x4E, 0x94, 0xC1, /* EEBC0 */
	0x03, 0x00, 0x89, 0x53, 0x32, 0x4D, 0x13, 0x0C, 0x07, 0x81, 0x26, 0x54, 0x35, 0x05, 0xAD, 0x4B, /* EEBD0 */
	0x7C, 0x24, 0x35, 0x67, 0x0F, 0x26, 0x4C, 0x69, 0x05, 0x3D, 0x0B, 0x80, 0x2A, 0x69, 0x67, 0x65, /* EEBE0 */
	0x3D, 0x52, 0x69, 0x05, 0x9D, 0x35, 0x5F, 0x22, 0x69, 0x0A, 0x6F, 0x52, 0x32, 0x05, 0x0C, 0x7D, /* EEBF0 */
	0xBE, 0x4E, 0x44, 0x16, 0xDD, 0xA7, 0x02, 0x07, 0x8F, 0x47, 0x55, 0x51, 0x0F, 0x0D, 0x4C, 0x0B, /* EEC00 */
	0xD5, 0x3C, 0x00, 0x29, 0x4B, 0x41, 0x39, 0x05, 0x0D, 0x00, 0x25, 0x07, 0xC2, 0x51, 0x05, 0x31, /* EEC10 */
	0x09, 0x63, 0x06, 0x0D, 0x49, 0x01, 0x8D, 0x2D, 0x0E, 0x30, 0xAD, 0x12, 0x00, 0x08, 0x43, 0x39, /* EEC20 */
	0xD4, 0x49, 0x05, 0x8D, 0x2D, 0x3C, 0x5E, 0x24, 0x1F, 0x08, 0x6F, 0x52, 0x85, 0x16, 0x19, 0x7D, /* EEC30 */
	0xBE, 0x4E, 0x04, 0x48, 0x01, 0x06, 0x85, 0x47, 0x55, 0x51, 0x05, 0x0D, 0x4C, 0x0B, 0x55, 0x00, /* EEC40 */
	0x08, 0x43, 0x39, 0x74, 0x4F, 0x08, 0x8D, 0x2D, 0x3C, 0x5E, 0xBC, 0x33, 0x08, 0x81, 0x26, 0xA5, /* EEC50 */
	0x50, 0x01, 0xAD, 0x4B, 0x45, 0x9D, 0x51, 0x00, 0x08, 0x6F, 0x52, 0x21, 0x57, 0x05, 0xBD, 0x3B, /* EEC60 */
	0x14, 0x10, 0x67, 0x22, 0x07, 0x85, 0x0E, 0x25, 0x14, 0x13, 0x7D, 0x4F, 0x01, 0x14, 0x69, 0x00, /* EEC70 */
	0x81, 0x06, 0x54, 0x3C, 0x0E, 0x31, 0x00, 0x8F, 0x52, 0x69, 0x15, 0x12, 0x30, 0x08, 0x95, 0x2F, /* EEC80 */
	0x25, 0x3F, 0x0E, 0x0D, 0x4C, 0x0B, 0x15, 0x03, 0x0E, 0x07, 0x21, 0x14, 0x4C, 0x39, 0x05, 0x8D, /* EEC90 */
	0x11, 0x3C, 0xFC, 0x38, 0x08, 0x4F, 0x04, 0x6D, 0x15, 0x04, 0x3D, 0x23, 0x9D, 0x31, 0xF1, 0x04, /* EECA0 */
	0x09, 0x81, 0x26, 0x61, 0x3A, 0x01, 0x7D, 0xAE, 0x12, 0x75, 0x85, 0x0E, 0x00, 0x00, 0x69, 0x04, /* EECB0 */
	0x83, 0x3E, 0x0E, 0x31, 0x06, 0x81, 0x4A, 0x69, 0x53, 0x14, 0xAD, 0x4B, 0x85, 0x5F, 0x00, 0x08, /* EECC0 */
	0x55, 0x04, 0x6D, 0x05, 0x04, 0x8D, 0x22, 0x9D, 0x31, 0xF1, 0x04, 0x06, 0x81, 0x4F, 0xA5, 0x4D, /* EECD0 */
	0x05, 0x8D, 0x4D, 0xDD, 0x66, 0x02, 0x00, 0x69, 0x30, 0x69, 0x16, 0x12, 0x30, 0x00, 0x23, 0x14, /* EECE0 */
	0x72, 0x05, 0x0E, 0x0C, 0x00, 0x03, 0x07, 0xB3, 0x3C, 0x0E, 0x0C, 0x08, 0x43, 0x39, 0x54, 0x49, /* EECF0 */
	0x05, 0x8D, 0x2D, 0x3C, 0x5E, 0x24, 0x12, 0x00, 0xA1, 0x20, 0x65, 0x16, 0x19, 0x0D, 0x09, 0x8F, /* EED00 */
	0x26, 0x81, 0x52, 0x19, 0x7D, 0x9E, 0x12, 0x75, 0xC9, 0x14, 0x05, 0x07, 0xA1, 0x20, 0x69, 0x10, /* EED10 */
	0x01, 0x0D, 0x50, 0xA9, 0x1A, 0x00, 0x67, 0x65, 0x3D, 0x52, 0x4D, 0x05, 0x9D, 0x35, 0x5F, 0x22, /* EED20 */
	0x69, 0xF6, 0x05, 0x39, 0x57, 0x24, 0x2C, 0x35, 0x05, 0x5E, 0x27, 0x0C, 0x08, 0x69, 0x3A, 0x85, /* EED30 */
	0x3F, 0x14, 0x35, 0x3C, 0xFE, 0x4C, 0x4F, 0x04, 0x00, 0x08, 0x65, 0x3D, 0x12, 0x09, 0x2C, 0x35, /* EED40 */
	0x25, 0x7D, 0x4B, 0x00, 0xB2, 0x00, 0x00, 0x69, 0x5C, 0xA1, 0x2D, 0x25, 0x01, 0x0D, 0x00, 0xA5, /* EED50 */
	0x14, 0x8F, 0x26, 0x34, 0x01, 0xD1, 0x00, 0x81, 0x0F, 0x75, 0x24, 0x2E, 0x01, 0x30, 0x09, 0x6F, /* EED60 */
	0x15, 0xAE, 0x04, 0xD2, 0x35, 0x0F, 0x0D, 0x38, 0x94, 0x4B, 0x16, 0x06, 0xC1, 0x19, 0x6C, 0x5F, /* EED70 */
	0x85, 0x36, 0x01, 0x36, 0x98, 0x1F, 0x00, 0x75, 0x50, 0x89, 0x30, 0xC5, 0x00, 0x31, 0x00, 0x41, /* EED80 */
	0x39, 0x86, 0x06, 0x2D, 0x01, 0x0D, 0x08, 0x83, 0x20, 0x85, 0x4E, 0x6F, 0x36, 0x00, 0x1B, 0x82, /* EED90 */
	0x13, 0x30, 0x02, 0x09, 0x29, 0x10, 0x2C, 0x4D, 0xC5, 0x34, 0x29, 0x04, 0xA8, 0x93, 0x25, 0x4F, /* EEDA0 */
	0x00, 0x8F, 0x4A, 0x89, 0x4F, 0xC5, 0x01, 0x31, 0x09, 0xA1, 0x4D, 0x6F, 0x14, 0x75, 0x35, 0xDE, /* EEDB0 */
	0x67, 0x02, 0x0C, 0x05, 0x34, 0x08, 0xA5, 0x04, 0xAC, 0x3F, 0x52, 0x37, 0x65, 0x04, 0xA8, 0x57, /* EEDC0 */
	0x2F, 0x03, 0x09, 0x09, 0x4B, 0x2F, 0x26, 0x6C, 0x35, 0x09, 0x4B, 0x3E, 0x86, 0xA9, 0x36, 0x08, /* EEDD0 */
	0x69, 0x30, 0x69, 0x16, 0xD2, 0x35, 0xA9, 0xFA, 0x38, 0x6B, 0x12, 0x01, 0x07, 0x81, 0x66, 0x6B, /* EEDE0 */
	0x3E, 0x6C, 0x34, 0x6B, 0xF2, 0x38, 0x8F, 0x0A, 0x00, 0x6F, 0x06, 0xB3, 0x14, 0xD2, 0x01, 0xC5, /* EEDF0 */
	0x67, 0x81, 0x0A, 0x2C, 0x25, 0x3A, 0x35, 0x32, 0x02, 0xA8, 0x49, 0x0A, 0x0B, 0x61, 0x56, 0x13, /* EEE00 */
	0x4B, 0x89, 0x50, 0x8D, 0x31, 0x66, 0x40, 0x23, 0x4B, 0x69, 0x50, 0x00, 0x00, 0x89, 0x4F, 0x69, /* EEE10 */
	0x3B, 0x81, 0x66, 0xC5, 0x0A, 0x6F, 0x52, 0x67, 0x37, 0x85, 0x66, 0x0D, 0x30, 0x52, 0xC7, 0x36, /* EEE20 */
	0x01, 0x12, 0x05, 0x0A, 0xAF, 0x24, 0x16, 0x51, 0x69, 0x3B, 0x4D, 0x3E, 0xD3, 0x7C, 0x06, 0xCD, /* EEE30 */
	0x00, 0x0E, 0x00, 0xA5, 0x48, 0x8F, 0x3C, 0x4C, 0x4D, 0x30, 0x09, 0x65, 0x04, 0x0E, 0x23, 0x6F, /* EEE40 */
	0x64, 0x8D, 0xA5, 0x02, 0x0E, 0xBB, 0x33, 0x05, 0x00, 0xA5, 0x14, 0x8F, 0x26, 0x54, 0x0D, 0x4C, /* EEE50 */
	0x00, 0x6F, 0x3E, 0x70, 0x33, 0xC9, 0x16, 0x31, 0x08, 0x69, 0x30, 0x69, 0x15, 0x34, 0x49, 0x8D, /* EEE60 */
	0xA9, 0xF2, 0x0D, 0xD5, 0x7C, 0x08, 0x81, 0x1E, 0x35, 0x49, 0xA9, 0x14, 0x4D, 0xCE, 0x1E, 0x40, /* EEE70 */
	0x12, 0x51, 0x00, 0x85, 0x0E, 0x61, 0x52, 0x69, 0x14, 0x31, 0x07, 0x03, 0x57, 0x14, 0x23, 0x65, /* EEE80 */
	0x3B, 0x0D, 0x20, 0xDB, 0x03, 0x30, 0x02, 0x00, 0x61, 0x26, 0xA3, 0x49, 0x89, 0x53, 0xC4, 0x09, /* EEE90 */
	0xAF, 0x3C, 0x12, 0x67, 0x63, 0x14, 0x0D, 0x5F, 0x7C, 0x13, 0x29, 0x03, 0x2A, 0x0C, 0x6F, 0x3E, /* EEEA0 */
	0x07, 0x21, 0x65, 0x04, 0x0D, 0x30, 0x7A, 0xEF, 0x1E, 0x03, 0x08, 0x35, 0x00, 0x0A, 0xA9, 0x4C, /* EEEB0 */
	0x15, 0x26, 0x53, 0x24, 0x4D, 0xAE, 0x51, 0x13, 0x00, 0x16, 0x33, 0x05, 0x00, 0x85, 0x0E, 0x08, /* EEEC0 */
	0x39, 0x44, 0x4D, 0x05, 0x31, 0x60, 0x61, 0x56, 0x06, 0x0D, 0xB4, 0x49, 0x05, 0x8C, 0x0C, 0x69, /* EEED0 */
	0x3A, 0x05, 0x41, 0x6F, 0x24, 0x13, 0x7D, 0xA6, 0x0E, 0x75, 0x85, 0x10, 0xA0, 0xF2, 0x13, 0x00, /* EEEE0 */
	0xAF, 0x39, 0x14, 0x25, 0x6E, 0x57, 0x13, 0x30, 0xFC, 0x6F, 0x15, 0xAE, 0x04, 0x52, 0x31, 0x19, /* EEEF0 */
	0x7D, 0x3E, 0x0D, 0x30, 0x52, 0x6B, 0xF2, 0x30, 0x05, 0x08, 0x89, 0x0F, 0x48, 0x15, 0x76, 0x57, /* EEF00 */
	0x13, 0xAD, 0x4D, 0xC3, 0x5C, 0x02, 0x13, 0x00, 0x2F, 0x24, 0x46, 0x0D, 0xA1, 0x24, 0x6F, 0x02, /* EEF10 */
	0x0C, 0x0E, 0x69, 0x26, 0x63, 0x37, 0xB0, 0x51, 0x85, 0x36, 0x9E, 0x39, 0x16, 0x0B, 0x30, 0x41, /* EEF20 */
	0x59, 0x8D, 0xD2, 0x1F, 0x00, 0xC1, 0x24, 0x4D, 0x69, 0xA1, 0x24, 0x6F, 0x02, 0x0C, 0x0C, 0x0F, /* EEF30 */
	0x26, 0x4C, 0x69, 0xA1, 0x24, 0x6F, 0x36, 0x1E, 0x0F, 0x02, 0xEA, 0x6C, 0x06, 0x33, 0x30, 0x02, /* EEF40 */
	0x00, 0x65, 0x3C, 0x84, 0x06, 0x0D, 0x51, 0x09, 0x03, 0x0C, 0x00, 0xA5, 0x20, 0x2F, 0x3C, 0x6C, /* EEF50 */
	0x1F, 0x09, 0x03, 0x0C, 0x00, 0xA5, 0x04, 0x6C, 0x54, 0x32, 0x27, 0xB3, 0x00, 0xC4, 0x0B, 0x81, /* EEF60 */
	0x4F, 0x01, 0x23, 0x95, 0x17, 0xB4, 0x4C, 0x4D, 0x8E, 0x4D, 0x00, 0x83, 0x4E, 0x7C, 0x44, 0x03, /* EEF70 */
	0x00, 0x2F, 0x14, 0x72, 0x26, 0x1A, 0x51, 0x69, 0x3B, 0x4C, 0x00, 0x61, 0x26, 0x26, 0x4D, 0x14, /* EEF80 */
	0x51, 0x69, 0x3B, 0x0C, 0x0E, 0x25, 0x24, 0x34, 0x49, 0x12, 0x39, 0x05, 0x39, 0x4D, 0x9E, 0x11, /* EEF90 */
	0x7C, 0x74, 0x4B, 0x1D, 0x31, 0x16, 0x00, 0x0E, 0x00, 0x05, 0x23, 0x61, 0x26, 0x1A, 0x51, 0x69, /* EEFA0 */
	0x3B, 0x0C, 0x00, 0x75, 0x50, 0x89, 0x30, 0x09, 0x07, 0x54, 0x3D, 0x0E, 0x0C, 0x02, 0x25, 0x0E, /* EEFB0 */
	0x72, 0x0F, 0x3E, 0x03, 0x83, 0xAF, 0x38, 0x6F, 0x04, 0x02, 0xA5, 0x3B, 0x22, 0xF2, 0xAF, 0x3B, /* EEFC0 */
	0x26, 0xE2, 0x8F, 0x3A, 0x27, 0x03, 0x80, 0x97, 0x4E, 0x0A, 0x63, 0x25, 0x11, 0x0E, 0x15, 0x00, /* EEFD0 */
	0x03, 0x61, 0x15, 0x0E, 0x31, 0x01, 0xA2, 0x05, 0x49, 0x8E, 0x00, 0x73, 0x6F, 0x16, 0xCE, 0x36, /* EEFE0 */
	0x02, 0x04, 0x65, 0x3B, 0x0E, 0xB5, 0x3B, 0x05, 0xC1, 0x26, 0x8E, 0x5F, 0x4C, 0x05, 0x03, 0x0F, /* EEFF0 */
	0x21, 0x0E, 0x0F, 0x00, 0x04, 0x21, 0x67, 0x0E, 0x11, 0x17, 0x84, 0xA5, 0x16, 0x12, 0x9E, 0x59, /* EF000 */
	0x1F, 0x03, 0x29, 0x23, 0x14, 0x2E, 0x51, 0x05, 0x25, 0x4B, 0x0F, 0x1E, 0x1D, 0x12, 0x0F, 0x05, /* EF010 */
	0x41, 0x17, 0x04, 0x0E, 0x2D, 0x3C, 0x04, 0x04, 0x69, 0x52, 0x08, 0x2E, 0x39, 0x18, 0x05, 0x41, /* EF020 */
	0x59, 0x05, 0x2E, 0x75, 0x45, 0x06, 0x06, 0xC1, 0x26, 0x13, 0xBE, 0x53, 0x13, 0x65, 0x02, 0x06, /* EF030 */
	0x0F, 0x16, 0x0C, 0x3E, 0x0B, 0x9D, 0xA5, 0x02, 0x05, 0x21, 0x17, 0x0C, 0x0E, 0x1D, 0x80, 0x0A, /* EF040 */
	0x05, 0xAF, 0x07, 0x0B, 0x3E, 0x5B, 0x21, 0x0B, 0x04, 0x15, 0x3F, 0x12, 0x8E, 0x2E, 0x27, 0x03, /* EF050 */
	0x6F, 0x4F, 0x05, 0x8E, 0x4E, 0x05, 0x21, 0x24, 0x01, 0xBE, 0x13, 0x05, 0x00, 0x05, 0x29, 0x17, /* EF060 */
	0x0C, 0x2E, 0x29, 0xBC, 0x0A, 0x05, 0x6F, 0x05, 0x04, 0x3E, 0x37, 0x21, 0x04, 0x05, 0x75, 0x09, /* EF070 */
	0x85, 0x3A, 0x36, 0x0D, 0x7E, 0x65, 0xAF, 0x24, 0x23, 0x39, 0x4F, 0xF4, 0x4C, 0x06, 0x0F, 0x3E, /* EF080 */
	0xC4, 0x39, 0x0F, 0xD2, 0x12, 0x05, 0x05, 0x05, 0x49, 0xC2, 0x39, 0x20, 0x72, 0x25, 0x06, 0x21, /* EF090 */
	0x24, 0x2E, 0x39, 0x01, 0x74, 0x15, 0x0E, 0x65, 0xAF, 0x24, 0x2E, 0x3B, 0xCF, 0xF4, 0xF8, 0x04, /* EF0A0 */
	0x81, 0x4F, 0xA1, 0x39, 0x61, 0xD3, 0x03, 0x06, 0x15, 0x33, 0x45, 0x39, 0x22, 0x3B, 0x14, 0x09, /* EF0B0 */
	0x05, 0x69, 0x16, 0xD4, 0x39, 0x09, 0x5E, 0x14, 0x00, 0x05, 0x53, 0x81, 0x02, 0x0C, 0x66, 0xAF, /* EF0C0 */
	0x24, 0xC6, 0x39, 0xCF, 0xF4, 0x18, 0x09, 0x06, 0xA5, 0x06, 0x04, 0x39, 0x7C, 0x86, 0xD1, 0x00, /* EF0D0 */
	0x60, 0x25, 0x07, 0x34, 0x01, 0x03, 0x04, 0x09, 0x23, 0x6F, 0x38, 0x29, 0xBB, 0x00, 0x05, 0xA7, /* EF0E0 */
	0x65, 0x65, 0x3A, 0x62, 0xF9, 0x38, 0x00, 0x89, 0x40, 0x6F, 0x02, 0x03, 0x00, 0x81, 0x23, 0x15, /* EF0F0 */
	0x01, 0x34, 0x04, 0xA5, 0x17, 0x6C, 0x38, 0x22, 0xA0, 0x02, 0x05, 0x0F, 0x32, 0x85, 0x3A, 0x0F, /* EF100 */
	0x32, 0x7C, 0x06, 0x8F, 0x16, 0x65, 0x3A, 0x67, 0x72, 0x15, 0x0E, 0x06, 0x65, 0x4F, 0x68, 0x3B, /* EF110 */
	0x45, 0x3D, 0xCF, 0x0F, 0x00, 0x09, 0x3F, 0x2C, 0x01, 0x03, 0x06, 0x8F, 0x26, 0x2E, 0x39, 0x67, /* EF120 */
	0x72, 0x15, 0x0E, 0x06, 0xAF, 0x04, 0xD2, 0x39, 0x4F, 0x04, 0x48, 0x05, 0x00, 0x81, 0x3C, 0x4C, /* EF130 */
	0x01, 0x31, 0x06, 0xA1, 0x06, 0x6A, 0x3B, 0x61, 0x06, 0x20, 0x0F, 0x05, 0x29, 0x35, 0x61, 0x3A, /* EF140 */
	0x05, 0x0D, 0x38, 0x75, 0xAF, 0x20, 0x69, 0x1E, 0xCE, 0x66, 0xA4, 0x3E, 0x74, 0x45, 0x51, 0x28, /* EF150 */
	0x49, 0x0E, 0xE5, 0x7C, 0x06, 0x15, 0x33, 0x05, 0x49, 0x8E, 0x22, 0x33, 0x45, 0x0F, 0x04, 0xAF, /* EF160 */
	0x23, 0x85, 0x16, 0x0E, 0x5F, 0xAF, 0x60, 0x25, 0x33, 0x05, 0x53, 0x03, 0x00, 0x09, 0x3F, 0x0C, /* EF170 */
	0x4D, 0x30, 0xF7, 0xAF, 0x04, 0x62, 0x64, 0x0E, 0x5F, 0x00, 0x02, 0x1C, 0x01, 0x00, 0xAF, 0x04, /* EF180 */
	0x62, 0x14, 0x31, 0x07, 0x15, 0x33, 0xA5, 0x4D, 0x8E, 0x22, 0x33, 0x05, 0x40, 0x03, 0x65, 0xAF, /* EF190 */
	0x49, 0x89, 0x23, 0xCE, 0x46, 0xF2, 0x33, 0x06, 0xA9, 0x48, 0xA1, 0x14, 0x0E, 0x59, 0x48, 0x41, /* EF1A0 */
	0x04, 0x07, 0x09, 0x1D, 0x81, 0x06, 0x0E, 0x79, 0x85, 0x47, 0x02, 0x00, 0x00, 0x8F, 0x1A, 0x6F, /* EF1B0 */
	0x2C, 0x0C, 0x00, 0xA1, 0x06, 0x92, 0x16, 0x03, 0x00, 0x09, 0x3F, 0x2C, 0x51, 0x23, 0x06, 0x85, /* EF1C0 */
	0x50, 0x75, 0x16, 0x8E, 0x45, 0x50, 0x22, 0x0E, 0x00, 0xA5, 0x23, 0x61, 0x30, 0x0D, 0x08, 0x15, /* EF1D0 */
	0x33, 0x45, 0x0D, 0x8E, 0x22, 0x33, 0x1D, 0xF1, 0x2C, 0x04, 0x65, 0x3D, 0x95, 0x4E, 0x0E, 0x30, /* EF1E0 */
	0x8D, 0x00, 0x8F, 0x5E, 0x85, 0x53, 0x0D, 0x08, 0xAF, 0x16, 0x0D, 0x16, 0x12, 0x3E, 0x5B, 0x9D, /* EF1F0 */
	0x35, 0x09, 0x1F, 0x07, 0x25, 0x07, 0x54, 0x59, 0x05, 0x9E, 0x1D, 0x40, 0xF4, 0x58, 0x05, 0x8F, /* EF200 */
	0x52, 0x28, 0x49, 0x0E, 0x9E, 0xE3, 0x1F, 0x0E, 0x00, 0x6F, 0x4E, 0x65, 0x4E, 0x05, 0x0D, 0x07, /* EF210 */
	0xA9, 0x48, 0x2F, 0x17, 0x0E, 0x2E, 0x51, 0x12, 0x20, 0xBA, 0x06, 0xAF, 0x07, 0x04, 0x65, 0x13, /* EF220 */
	0x9E, 0x02, 0x04, 0x61, 0x02, 0x00, 0x09, 0x2F, 0x0E, 0x35, 0x05, 0x0D, 0x07, 0x09, 0x23, 0x6F, /* EF230 */
	0x04, 0x13, 0xAE, 0x2D, 0x00, 0x0C, 0x4C, 0x06, 0x55, 0x4D, 0x61, 0x0E, 0x05, 0x8E, 0x4E, 0x3C, /* EF240 */
	0x4E, 0x03, 0x07, 0xA5, 0x49, 0x8F, 0x17, 0x13, 0x0E, 0x48, 0x4F, 0x13, 0x69, 0x00, 0x8F, 0x36, /* EF250 */
	0x61, 0x0C, 0x19, 0x31, 0x08, 0xAF, 0x04, 0x54, 0x3D, 0x0E, 0x3E, 0x53, 0x1D, 0xC1, 0x03, 0x0E, /* EF260 */
	0x09, 0x41, 0x07, 0x73, 0x3B, 0x05, 0x7E, 0xBE, 0x0B, 0x40, 0x3F, 0x0E, 0x05, 0x00, 0x8F, 0x36, /* EF270 */
	0x61, 0x12, 0x19, 0x31, 0x07, 0xA5, 0x33, 0xB9, 0x17, 0x04, 0x8E, 0x32, 0x45, 0x97, 0x11, 0x00, /* EF280 */
	0x25, 0x07, 0x75, 0x16, 0x05, 0x0D, 0x08, 0x81, 0x3C, 0x2C, 0x3D, 0x0E, 0x0E, 0x40, 0x0F, 0x1C, /* EF290 */
	0x01, 0x0E, 0x05, 0x05, 0x2F, 0x37, 0x05, 0x12, 0x9E, 0x2D, 0x97, 0x0B, 0x00, 0x8F, 0x0E, 0x72, /* EF2A0 */
	0x4F, 0x13, 0x0D, 0x06, 0xAF, 0x14, 0x03, 0x49, 0x04, 0x3E, 0x53, 0xCB, 0x12, 0x00, 0x07, 0xA1, /* EF2B0 */
	0x20, 0x61, 0x24, 0x05, 0x7E, 0x85, 0xF4, 0xAC, 0x16, 0x07, 0xA5, 0x4F, 0x10, 0x41, 0x85, 0x3A, /* EF2C0 */
	0x62, 0x43, 0x04, 0x50, 0x0F, 0x00, 0x8F, 0x52, 0xA8, 0x17, 0xB3, 0x00, 0x0B, 0x00, 0x29, 0x23, /* EF2D0 */
	0x74, 0x05, 0x32, 0x01, 0x0D, 0x08, 0xA1, 0x20, 0x61, 0x26, 0x65, 0x38, 0x40, 0x88, 0x39, 0x19, /* EF2E0 */
	0xA0, 0x02, 0x07, 0x95, 0x4E, 0x65, 0x05, 0x29, 0x38, 0x76, 0x42, 0x37, 0x01, 0x04, 0x07, 0xAF, /* EF2F0 */
	0x14, 0x77, 0x4B, 0x54, 0x64, 0x0E, 0xCF, 0x5D, 0xDF, 0x18, 0x01, 0x08, 0xA5, 0x20, 0x85, 0x32, /* EF300 */
	0x61, 0x12, 0x8E, 0xE5, 0x7C, 0x0C, 0x30, 0x12, 0x00, 0xA1, 0x54, 0x72, 0x43, 0xA1, 0x20, 0xC1, /* EF310 */
	0x0B, 0xA1, 0x3C, 0x6C, 0x1F, 0x89, 0x53, 0x0E, 0x51, 0x74, 0xAF, 0x0A, 0x28, 0x7C, 0x53, 0x00, /* EF320 */
	0x09, 0x6F, 0x16, 0x54, 0x14, 0x2C, 0x4D, 0x13, 0x7E, 0xDA, 0xCE, 0x08, 0x30, 0x65, 0x03, 0x00, /* EF330 */
	0x8F, 0x52, 0x08, 0x35, 0xB0, 0x3C, 0x0E, 0x1C, 0x0A, 0xA5, 0x16, 0xB2, 0x20, 0x65, 0x14, 0x93, /* EF340 */
	0x3B, 0x65, 0x76, 0xE3, 0x00, 0x7C, 0x96, 0x13, 0x0C, 0xAF, 0x24, 0x46, 0x0D, 0xA1, 0x24, 0x6F, /* EF350 */
	0x3A, 0x1E, 0xDF, 0xF0, 0xC6, 0x2C, 0x07, 0x33, 0x30, 0x02, 0x00, 0xA1, 0x54, 0x12, 0x31, 0x89, /* EF360 */
	0x53, 0x09, 0x03, 0x0C, 0x00, 0xAF, 0x5C, 0xA9, 0x20, 0xB3, 0x04, 0x2E, 0x00, 0x13, 0x00, 0xA5, /* EF370 */
	0x1B, 0xAF, 0x39, 0x64, 0x04, 0x2E, 0x00, 0x30, 0x00, 0xA1, 0x24, 0x6F, 0x06, 0x4C, 0x4D, 0x54, /* EF380 */
	0x0D, 0x0C, 0x01, 0x0F, 0x32, 0xC6, 0x56, 0x02, 0xA2, 0x8E, 0x3F, 0x02, 0xE2, 0xD2, 0x47, 0x02, /* EF390 */
	0x01, 0x08, 0x0F, 0x04, 0x0B, 0x2F, 0x77, 0x01, 0x03, 0x2E, 0x5D, 0x36, 0x0E, 0xA2, 0xB5, 0x98, /* EF3A0 */
	0x14, 0x12, 0x95, 0x9A, 0x1F, 0x02, 0x77, 0x3E, 0x0E, 0x03, 0x2C, 0x3C, 0x0C, 0x04, 0xA2, 0x26, /* EF3B0 */
	0xBE, 0x06, 0x02, 0x80, 0x3F, 0x1A, 0x02, 0x68, 0x3D, 0x0D, 0xF4, 0x6E, 0x64, 0x0F, 0x3E, 0x14, /* EF3C0 */
	0x43, 0x36, 0x49, 0x4F, 0x76, 0x03, 0x04, 0x0E, 0x17, 0xD7, 0x36, 0x4E, 0x63, 0x30, 0x39, 0x4F, /* EF3D0 */
	0xB0, 0x02, 0x04, 0xAE, 0x3C, 0x2F, 0x5E, 0x88, 0x05, 0x48, 0x3D, 0x0F, 0x78, 0x25, 0x0F, 0x04, /* EF3E0 */
	0x0B, 0x65, 0x0F, 0x7B, 0x05, 0x65, 0x4D, 0x51, 0x0F, 0x7D, 0xA5, 0x14, 0x03, 0x36, 0x39, 0x76, /* EF3F0 */
	0xB6, 0x02, 0x63, 0x22, 0x65, 0x00, 0x02, 0x01, 0x03, 0x37, 0x39, 0x8F, 0x39, 0x02, 0x00, 0x0D, /* EF400 */
	0x49, 0x0D, 0x04, 0x64, 0x37, 0x0F, 0x04, 0x34, 0x04, 0x4C, 0x39, 0x0F, 0xFC, 0x38, 0x04, 0x0C, /* EF410 */
	0x19, 0x0F, 0xBC, 0x1B, 0x04, 0x2C, 0x07, 0x8F, 0x1A, 0x03, 0x03, 0x54, 0x14, 0xD2, 0xE6, 0x7C, /* EF420 */
	0x63, 0x32, 0x14, 0x92, 0x17, 0x7C, 0x03, 0xA6, 0x14, 0x8E, 0x1F, 0xBA, 0x63, 0x26, 0x16, 0x92, /* EF430 */
	0x1F, 0x7E, 0x60, 0x03, 0x57, 0x12, 0x03, 0x00, 0x8E, 0x17, 0x14, 0x0D, 0x04, 0x23, 0x05, 0x0E, /* EF440 */
	0xCF, 0x03, 0x0E, 0x05, 0x4E, 0x3D, 0xCE, 0x36, 0x66, 0x00, 0x0E, 0x03, 0x85, 0x4E, 0x54, 0x4F, /* EF450 */
	0x53, 0x04, 0x4C, 0x59, 0x85, 0xAF, 0xF2, 0x16, 0x05, 0x0D, 0x21, 0x01, 0x3F, 0x01, 0x88, 0x0F, /* EF460 */
	0x04, 0x7A, 0x3B, 0x05, 0x6F, 0x3E, 0x0E, 0x03, 0x57, 0x39, 0x07, 0xAF, 0xF9, 0x06, 0x13, 0x2D, /* EF470 */
	0x01, 0x4F, 0x77, 0x2F, 0x0B, 0x00, 0x05, 0xB2, 0x24, 0x9A, 0x57, 0x74, 0x45, 0x03, 0x00, 0x30, /* EF480 */
	0x49, 0x01, 0x30, 0x04, 0x1A, 0x49, 0x0B, 0x6F, 0xCA, 0x0B, 0x05, 0x24, 0x31, 0x0C, 0x1F, 0x74, /* EF490 */
	0xA5, 0x0A, 0x00, 0x13, 0x07, 0x12, 0x0C, 0x03, 0xA1, 0x14, 0x13, 0x5F, 0x4C, 0x04, 0x26, 0x26, /* EF4A0 */
	0x23, 0xBD, 0x06, 0x40, 0x03, 0x00, 0x42, 0x16, 0xA3, 0x00, 0x0C, 0x60, 0x42, 0x16, 0xA3, 0x00, /* EF4B0 */
	0x03, 0x60, 0x90, 0x3C, 0x33, 0x01, 0x03, 0x05, 0xB5, 0x40, 0xB5, 0x98, 0x54, 0xD0, 0x51, 0x66, /* EF4C0 */
	0x03, 0x57, 0xD0, 0xBD, 0x4B, 0x09, 0x40, 0x09, 0x00, 0xB5, 0x4C, 0xA5, 0x00, 0x0D, 0x00, 0x26, /* EF4D0 */
	0x4E, 0xA5, 0x00, 0x0D, 0x60, 0x26, 0x4E, 0xA5, 0x00, 0x07, 0x05, 0x10, 0x45, 0x35, 0x3D, 0x50, /* EF4E0 */
	0x0D, 0x2D, 0x60, 0x26, 0x16, 0x2E, 0x00, 0x03, 0x00, 0x8E, 0x56, 0x53, 0x00, 0x0D, 0x60, 0x32, /* EF4F0 */
	0x04, 0x69, 0x02, 0x07, 0x66, 0xB5, 0x48, 0x75, 0x9A, 0x71, 0x72, 0xD9, 0x0E, 0x05, 0x32, 0x14, /* EF500 */
	0x61, 0x9C, 0x44, 0x1D, 0xB1, 0x60, 0x12, 0x26, 0x34, 0x01, 0x0C, 0x05, 0xB4, 0x04, 0x17, 0xBD, /* EF510 */
	0x34, 0x50, 0x03, 0x00, 0x78, 0x06, 0x32, 0x00, 0x0D, 0x05, 0x53, 0x04, 0x17, 0xBD, 0x33, 0x50, /* EF520 */
	0x03, 0x04, 0x12, 0x23, 0x29, 0x9C, 0xCB, 0x1C, 0x00, 0x40, 0xB5, 0x4C, 0x29, 0x14, 0x0D, 0x00, /* EF530 */
	0xA2, 0x26, 0xAF, 0x4D, 0x34, 0x06, 0x2E, 0x3F, 0x69, 0x1E, 0x2F, 0x1E, 0x3F, 0xE9, 0x0E, 0x07, /* EF540 */
	0xA3, 0x3C, 0x22, 0x49, 0x2F, 0x5B, 0x74, 0x0F, 0x72, 0x03, 0x06, 0x82, 0x17, 0xB2, 0x16, 0x00, /* EF550 */
	0x62, 0x76, 0x5F, 0x06, 0x00, 0x30, 0x49, 0x61, 0x12, 0x31, 0x00, 0xC4, 0x4D, 0x33, 0x65, 0x31, /* EF560 */
	0x60, 0xB5, 0x48, 0x21, 0x17, 0x0D, 0x00, 0x26, 0x16, 0x8E, 0x17, 0x03, 0x00, 0x26, 0x16, 0x8E, /* EF570 */
	0x17, 0x0D, 0x08, 0x22, 0x4D, 0xA9, 0x64, 0x0F, 0x72, 0x15, 0xD3, 0x5C, 0x14, 0x08, 0x2E, 0x4D, /* EF580 */
	0x65, 0x18, 0xD7, 0x36, 0x4E, 0x9D, 0xA5, 0x1A, 0x60, 0x90, 0x48, 0x85, 0x4F, 0x03, 0x60, 0x03, /* EF590 */
	0x33, 0x35, 0x14, 0x03, 0x60, 0xB5, 0x1C, 0x72, 0x5F, 0x07, 0x00, 0x32, 0x07, 0x2E, 0x64, 0x31, /* EF5A0 */
	0x07, 0x16, 0x51, 0x69, 0x3B, 0x4F, 0x76, 0x05, 0x33, 0x30, 0x02, 0x00, 0x72, 0x04, 0x2E, 0x3C, /* EF5B0 */
	0x1D, 0x00, 0x13, 0x3E, 0x72, 0x16, 0x0D, 0x08, 0xAE, 0x04, 0x52, 0x3D, 0x2F, 0x5E, 0x74, 0x6B, /* EF5C0 */
	0x12, 0x3D, 0x00, 0x53, 0x2C, 0x8F, 0x23, 0x0D, 0x05, 0x35, 0x31, 0x2C, 0x51, 0x97, 0xA5, 0xF2, /* EF5D0 */
	0x14, 0x08, 0x13, 0x17, 0x6F, 0x04, 0x9E, 0x4F, 0x17, 0x1D, 0xAF, 0x02, 0x00, 0x90, 0x3C, 0x53, /* EF5E0 */
	0x51, 0x05, 0x30, 0x09, 0x52, 0x15, 0xAE, 0x04, 0x4C, 0x9E, 0x4B, 0x45, 0x9D, 0x39, 0x94, 0x0C, /* EF5F0 */
	0x00, 0x90, 0x3C, 0x2E, 0x39, 0x14, 0x0C, 0x09, 0x6B, 0x04, 0x68, 0x37, 0x41, 0x3E, 0x2F, 0x0C, /* EF600 */
	0x20, 0x3C, 0x0D, 0x00, 0x60, 0x42, 0x16, 0xA3, 0x14, 0x04, 0x0C, 0x00, 0x32, 0x24, 0x0E, 0x51, /* EF610 */
	0x05, 0x30, 0x00, 0x82, 0x53, 0x01, 0x33, 0x05, 0x31, 0x05, 0x36, 0x49, 0xB4, 0x49, 0x05, 0x5F, /* EF620 */
	0x7E, 0x43, 0x0F, 0x00, 0x69, 0x0C, 0x6C, 0x53, 0x08, 0x0D, 0x07, 0x36, 0x49, 0x0C, 0x39, 0x04, /* EF630 */
	0x5F, 0x7E, 0x0C, 0x30, 0x12, 0x07, 0x2C, 0x05, 0x2E, 0x14, 0x12, 0x3F, 0x14, 0x21, 0x1E, 0x7C, /* EF640 */
	0x06, 0x80, 0x16, 0x69, 0x30, 0x19, 0x4F, 0x76, 0x09, 0x1C, 0x01, 0x00, 0x4C, 0x59, 0x81, 0x16, /* EF650 */
	0x13, 0x8C, 0x08, 0x17, 0x51, 0x6F, 0x3A, 0x41, 0x3E, 0x5F, 0x40, 0xB4, 0x3B, 0x00, 0x06, 0x36, /* EF660 */
	0x49, 0x61, 0x30, 0x13, 0x5F, 0x7E, 0xB7, 0x6A, 0x02, 0x07, 0x12, 0x23, 0x85, 0x53, 0x12, 0x9D, /* EF670 */
	0x0B, 0x40, 0x53, 0x12, 0x00, 0x06, 0x54, 0x14, 0xB2, 0x27, 0x33, 0xD9, 0x78, 0x5F, 0x27, 0x1A, /* EF680 */
	0x60, 0xB5, 0x4C, 0x70, 0x2F, 0x65, 0x02, 0x2C, 0x05, 0x35, 0x31, 0x2C, 0x51, 0x34, 0x5D, 0xA5, /* EF690 */
	0xFA, 0x50, 0x00, 0xB3, 0x14, 0x8F, 0x04, 0x54, 0x00, 0xD1, 0x09, 0x12, 0x23, 0x85, 0x53, 0x12, /* EF6A0 */
	0x31, 0x27, 0x7B, 0x95, 0x53, 0x44, 0x02, 0x2A, 0x09, 0xB2, 0x20, 0x8F, 0x14, 0x44, 0x0D, 0x9E, /* EF6B0 */
	0x67, 0x00, 0x10, 0x15, 0xF0, 0x0B, 0x00, 0xB5, 0x4C, 0x14, 0x39, 0x44, 0x39, 0x07, 0x2C, 0x0C, /* EF6C0 */
	0x52, 0x15, 0xAE, 0x04, 0x54, 0x3D, 0x4E, 0x9E, 0x4B, 0x05, 0x30, 0x52, 0x1D, 0xC1, 0x03, 0x0E, /* EF6D0 */
	0x00, 0x90, 0x3C, 0xB2, 0x54, 0x4E, 0x4D, 0x0D, 0x31, 0x68, 0x12, 0x23, 0x85, 0x53, 0x12, 0x51, /* EF6E0 */
	0x85, 0x27, 0x03, 0x53, 0x44, 0x06, 0x14, 0x00, 0x32, 0x07, 0x4E, 0x69, 0xA1, 0x24, 0x6F, 0x02, /* EF6F0 */
	0x0C, 0x00, 0x93, 0x27, 0x46, 0x0D, 0xA1, 0x24, 0x6F, 0x02, 0x0C, 0x0D, 0x32, 0x07, 0x4E, 0x69, /* EF700 */
	0xA1, 0x24, 0x6F, 0x06, 0x4C, 0x9E, 0x1F, 0x00, 0xFE, 0x68, 0xC1, 0x03, 0x38, 0x80, 0x0A, 0x02, /* EF710 */
	0x10, 0x05, 0x63, 0xB5, 0x40, 0x75, 0x04, 0x12, 0x85, 0x42, 0x1F, 0x62, 0xC1, 0x41, 0x01, 0x02, /* EF720 */
	0x29, 0x41, 0x09, 0x13, 0x32, 0x41, 0x12, 0x05, 0x03, 0x80, 0x43, 0x45, 0x0A, 0x03, 0x81, 0x52, /* EF730 */
	0xD0, 0x52, 0x00, 0x63, 0x0C, 0x65, 0x10, 0x0C, 0x01, 0x63, 0x81, 0x4F, 0x90, 0x41, 0x03, 0x63, /* EF740 */
	0x75, 0x30, 0xD0, 0xA5, 0x02, 0x63, 0x41, 0x11, 0x10, 0x11, 0x00, 0x63, 0x09, 0x2F, 0x90, 0x29, /* EF750 */
	0x03, 0x04, 0x2F, 0x51, 0x10, 0xAF, 0x51, 0x04, 0x2F, 0x35, 0x10, 0xAF, 0x35, 0x04, 0x81, 0x04, /* EF760 */
	0x90, 0x4F, 0x00, 0x03, 0x61, 0x34, 0x90, 0x3F, 0x01, 0x04, 0x69, 0x52, 0x10, 0x39, 0x52, 0x63, /* EF770 */
	0x6C, 0x5F, 0x10, 0x9C, 0x02, 0x04, 0x81, 0x3F, 0x90, 0x41, 0x3F, 0x02, 0x05, 0x49, 0x90, 0x0B, /* EF780 */
	0x00, 0x85, 0x56, 0x03, 0x02, 0x29, 0x49, 0x90, 0x00, 0x04, 0x72, 0x4F, 0x50, 0x32, 0x6B, 0x04, /* EF790 */
	0x61, 0x3C, 0x90, 0x31, 0x3C, 0x04, 0x0C, 0x0D, 0x45, 0x30, 0x04, 0x13, 0x64, 0x4F, 0x39, 0x54, /* EF7A0 */
	0xE0, 0x39, 0x14, 0x03, 0xAF, 0x17, 0x52, 0x90, 0x7E, 0x64, 0x72, 0x5B, 0x45, 0x40, 0x8A, 0x16, /* EF7B0 */
	0x03, 0x08, 0x4D, 0x05, 0x06, 0x69, 0x05, 0x69, 0x3C, 0x54, 0x20, 0x31, 0x40, 0x04, 0x06, 0x09, /* EF7C0 */
	0x39, 0x4F, 0x10, 0x75, 0x21, 0x3E, 0x03, 0x04, 0xA5, 0x14, 0x52, 0x10, 0xD1, 0x1F, 0x05, 0x61, /* EF7D0 */
	0x4E, 0x59, 0x80, 0x39, 0x1A, 0x05, 0x04, 0x8F, 0x4F, 0x45, 0xB0, 0x4F, 0x05, 0x04, 0x95, 0x4F, /* EF7E0 */
	0x59, 0xD0, 0x4D, 0x05, 0x06, 0x99, 0x16, 0x58, 0x20, 0x49, 0x25, 0x4B, 0x03, 0x05, 0x25, 0x04, /* EF7F0 */
	0x4C, 0x90, 0x11, 0x80, 0x0A, 0x04, 0xA5, 0x04, 0x4C, 0x90, 0xD1, 0x2C, 0x05, 0x52, 0x59, 0x59, /* EF800 */
	0x40, 0xA6, 0x16, 0x05, 0x03, 0x13, 0x31, 0x4D, 0xB3, 0x37, 0x65, 0xAC, 0x39, 0x47, 0x30, 0xD8, /* EF810 */
	0x0E, 0x0A, 0x60, 0xA1, 0x14, 0x0C, 0x03, 0x05, 0x95, 0x07, 0x4E, 0x80, 0x4E, 0x2F, 0x0E, 0x04, /* EF820 */
	0x61, 0x33, 0x4F, 0x90, 0x32, 0x0F, 0x05, 0x0C, 0x39, 0x4F, 0x30, 0x04, 0x0E, 0x0F, 0x03, 0xAF, /* EF830 */
	0x07, 0x59, 0x90, 0x06, 0x05, 0x81, 0x26, 0x53, 0xA0, 0x4B, 0x7C, 0x03, 0x05, 0x25, 0x48, 0x4F, /* EF840 */
	0x00, 0x11, 0x12, 0x0F, 0x05, 0x21, 0x48, 0x45, 0xB0, 0x13, 0x12, 0x01, 0x05, 0x81, 0x17, 0x4F, /* EF850 */
	0x00, 0x4C, 0x01, 0x0F, 0x05, 0xA1, 0x24, 0x4F, 0x80, 0xD1, 0x05, 0x0F, 0x05, 0x05, 0x07, 0x4E, /* EF860 */
	0xF0, 0x2C, 0x2F, 0x0E, 0x04, 0x65, 0x43, 0x2C, 0x41, 0x45, 0xB0, 0x00, 0x06, 0x15, 0x32, 0x09, /* EF870 */
	0x43, 0x36, 0x32, 0xA4, 0x0B, 0x00, 0x85, 0x4E, 0x6F, 0x02, 0x0C, 0x05, 0x6F, 0x24, 0x23, 0x41, /* EF880 */
	0x00, 0x1C, 0x4D, 0x05, 0x32, 0x51, 0xD4, 0x41, 0x92, 0x59, 0x14, 0x00, 0x72, 0x43, 0x85, 0x02, /* EF890 */
	0x0C, 0x60, 0x85, 0x36, 0xA9, 0x00, 0x03, 0x00, 0x85, 0x36, 0xA9, 0x00, 0x0C, 0x06, 0x2F, 0x51, /* EF8A0 */
	0xD2, 0x41, 0xCF, 0x5C, 0x48, 0x05, 0x00, 0x81, 0x3E, 0x2C, 0x01, 0x03, 0x06, 0x52, 0x4D, 0x6F, /* EF8B0 */
	0x42, 0x92, 0x69, 0xF2, 0x0E, 0x05, 0xA1, 0x14, 0xAE, 0x40, 0x61, 0xB4, 0x52, 0x04, 0x88, 0x06, /* EF8C0 */
	0x33, 0x19, 0x12, 0x61, 0x02, 0x06, 0x6F, 0x04, 0x2E, 0x40, 0x8F, 0x0A, 0x38, 0x04, 0x60, 0x72, /* EF8D0 */
	0x1B, 0xA9, 0x00, 0x0C, 0x60, 0x32, 0x19, 0x85, 0x02, 0x03, 0x66, 0xA1, 0x48, 0x6F, 0x40, 0x40, /* EF8E0 */
	0x44, 0x3E, 0x2A, 0x05, 0x35, 0x49, 0x74, 0x43, 0x97, 0xDB, 0x3C, 0x60, 0x6F, 0x24, 0x53, 0x00, /* EF8F0 */
	0x0C, 0x05, 0x6F, 0x24, 0x53, 0x40, 0x0F, 0xFC, 0xCC, 0x64, 0x95, 0x4E, 0x35, 0x41, 0x5F, 0x83, /* EF900 */
	0x02, 0x00, 0x61, 0x15, 0x0C, 0x01, 0x30, 0x04, 0x29, 0x49, 0x32, 0x41, 0x45, 0xAD, 0x03, 0x05, /* EF910 */
	0x52, 0x15, 0xB3, 0x40, 0x12, 0x45, 0x53, 0x64, 0x32, 0x05, 0x43, 0x40, 0x12, 0x05, 0x03, 0x06, /* EF920 */
	0xAF, 0x04, 0x74, 0x43, 0x40, 0x04, 0x51, 0x0F, 0x05, 0xB9, 0x20, 0x6F, 0x42, 0x49, 0xB8, 0x3B, /* EF930 */
	0x00, 0x89, 0x06, 0x34, 0x01, 0x0C, 0x04, 0x95, 0x12, 0x35, 0x41, 0x1F, 0x84, 0x02, 0x65, 0x72, /* EF940 */
	0x5B, 0x65, 0x42, 0x92, 0x52, 0xBA, 0x00, 0x6F, 0x24, 0x34, 0x01, 0x03, 0x06, 0x8F, 0x53, 0x61, /* EF950 */
	0x40, 0x4F, 0x53, 0x00, 0x2A, 0x06, 0xA1, 0x48, 0x6F, 0x42, 0x41, 0x44, 0x02, 0x0E, 0x66, 0x81, /* EF960 */
	0x53, 0x25, 0x40, 0x41, 0x53, 0xF0, 0x04, 0x00, 0x72, 0x43, 0x65, 0x00, 0x03, 0x65, 0x75, 0x26, /* EF970 */
	0x53, 0x40, 0x36, 0xFE, 0xCC, 0x60, 0x85, 0x56, 0x33, 0x01, 0x03, 0x00, 0x61, 0x06, 0x0D, 0x01, /* EF980 */
	0x31, 0x06, 0x81, 0x53, 0xD2, 0x41, 0x41, 0x53, 0x48, 0x05, 0x00, 0x85, 0x26, 0x53, 0x00, 0x0C, /* EF990 */
	0x00, 0x85, 0x4E, 0x09, 0x01, 0x0C, 0x04, 0x0C, 0x45, 0x35, 0x41, 0x8C, 0x21, 0x03, 0x06, 0x72, /* EF9A0 */
	0x53, 0x6F, 0x42, 0x12, 0x5F, 0xBC, 0x0E, 0x00, 0x81, 0x53, 0x65, 0x00, 0x07, 0x00, 0x81, 0x0F, /* EF9B0 */
	0x61, 0x00, 0x07, 0x06, 0x35, 0x09, 0x6C, 0x43, 0x97, 0x05, 0x32, 0x0F, 0x05, 0xB2, 0x25, 0xB4, /* EF9C0 */
	0x40, 0x92, 0xF2, 0x50, 0x05, 0xB2, 0x15, 0xB4, 0x40, 0x92, 0xF2, 0x50, 0x00, 0x85, 0x4A, 0x89, /* EF9D0 */
	0x03, 0x0C, 0x07, 0x09, 0x39, 0x8F, 0x43, 0x45, 0x8D, 0x39, 0x4F, 0x0A, 0x00, 0x85, 0x2E, 0x69, /* EF9E0 */
	0x02, 0x0C, 0x07, 0x95, 0x26, 0x0E, 0x41, 0x19, 0x40, 0x16, 0x0E, 0x00, 0x03, 0x6C, 0x57, 0x47, /* EF9F0 */
	0x40, 0x8C, 0x06, 0x03, 0x05, 0x49, 0x23, 0x41, 0x60, 0x03, 0x07, 0x29, 0x51, 0x72, 0x43, 0x45, /* EFA00 */
	0x9D, 0x51, 0x12, 0x0F, 0x04, 0x4F, 0x39, 0x34, 0x41, 0x39, 0x5E, 0x00, 0x04, 0x61, 0x34, 0x85, /* EFA10 */
	0x42, 0x2F, 0x7D, 0x03, 0x04, 0x68, 0x17, 0x22, 0x19, 0x05, 0x12, 0x01, 0x04, 0x75, 0x30, 0xC5, /* EFA20 */
	0x41, 0xB5, 0x1A, 0x01, 0x05, 0xA5, 0x24, 0x34, 0x41, 0x7C, 0x14, 0x51, 0x05, 0x29, 0x17, 0x6F, /* EFA30 */
	0x42, 0x29, 0xFA, 0x38, 0x05, 0x35, 0x49, 0x14, 0x41, 0x97, 0x5B, 0x00, 0x06, 0x32, 0x19, 0x01, /* EFA40 */
	0x42, 0x12, 0x15, 0x86, 0x02, 0x07, 0x32, 0x19, 0xC9, 0x40, 0x12, 0x15, 0xA6, 0x4B, 0x03, 0x07, /* EFA50 */
	0x72, 0x1F, 0x12, 0x35, 0x50, 0x32, 0x1F, 0x92, 0x31, 0x01, 0x60, 0x32, 0x4D, 0x65, 0x52, 0x03, /* EFA60 */
	0x07, 0x32, 0x4D, 0x65, 0x52, 0x50, 0x92, 0x69, 0x3C, 0x5E, 0x00, 0x00, 0x72, 0x0B, 0x2C, 0x35, /* EFA70 */
	0x0C, 0xF0, 0x85, 0x22, 0x81, 0x4C, 0x03, 0x60, 0x72, 0x0F, 0x85, 0x4F, 0x0D, 0x06, 0x52, 0x59, /* EFA80 */
	0xA1, 0x14, 0x50, 0x22, 0x59, 0x40, 0x04, 0x05, 0x95, 0x42, 0x8F, 0x17, 0x50, 0x4F, 0x00, 0x13, /* EFA90 */
	0x60, 0x72, 0x13, 0x15, 0x17, 0x03, 0x06, 0x72, 0x13, 0x15, 0x17, 0x50, 0x32, 0x13, 0x62, 0x03, /* EFAA0 */
	0x07, 0x52, 0x35, 0x81, 0x66, 0x50, 0x22, 0x35, 0x6B, 0x12, 0x01, 0x07, 0x72, 0x13, 0x15, 0x53, /* EFAB0 */
	0x50, 0xB2, 0x13, 0x00, 0x5B, 0x00, 0x09, 0x72, 0x2B, 0x05, 0x53, 0x50, 0x72, 0xBD, 0xCA, 0x9A, /* EFAC0 */
	0x2D, 0x14, 0x60, 0x72, 0x2B, 0x05, 0x53, 0x03, 0x66, 0x72, 0x37, 0x89, 0x17, 0x50, 0xB2, 0x37, /* EFAD0 */
	0x7C, 0x03, 0x00, 0x6F, 0x24, 0x54, 0x0D, 0x31, 0x00, 0x85, 0x1A, 0x05, 0x53, 0x0C, 0x60, 0x85, /* EFAE0 */
	0x1A, 0x05, 0x53, 0x03, 0x00, 0x85, 0x0E, 0x65, 0x52, 0x07, 0x60, 0x32, 0x59, 0x65, 0x52, 0x03, /* EFAF0 */
	0x60, 0x72, 0x0F, 0x25, 0x11, 0x03, 0x06, 0x72, 0x0F, 0x25, 0x11, 0x50, 0x32, 0x4F, 0x05, 0x04, /* EFB00 */
	0x06, 0x32, 0x0D, 0x89, 0x17, 0x50, 0xF2, 0x4C, 0x49, 0x03, 0x06, 0x8F, 0x53, 0x21, 0x17, 0x10, /* EFB10 */
	0x4F, 0x53, 0x3C, 0x0A, 0x07, 0x99, 0x06, 0x4D, 0x11, 0x90, 0x40, 0x02, 0xCD, 0x1C, 0x00, 0x05, /* EFB20 */
	0x32, 0x35, 0x29, 0x49, 0x50, 0xF2, 0x34, 0x20, 0x00, 0xC1, 0x49, 0x6F, 0x30, 0x0E, 0x05, 0x8F, /* EFB30 */
	0x4F, 0x85, 0x4F, 0x10, 0x60, 0x96, 0x13, 0x00, 0x95, 0x4E, 0x55, 0x51, 0x07, 0x07, 0x72, 0x53, /* EFB40 */
	0x85, 0x53, 0x50, 0x32, 0x53, 0x65, 0x53, 0x00, 0x60, 0x72, 0x53, 0x85, 0x53, 0x03, 0x06, 0x72, /* EFB50 */
	0x1B, 0x69, 0x14, 0x50, 0x32, 0x1B, 0x89, 0x0A, 0x06, 0x72, 0x53, 0x45, 0x39, 0x50, 0x32, 0x53, /* EFB60 */
	0x05, 0x0E, 0x08, 0x09, 0x39, 0x89, 0x53, 0x10, 0x75, 0x85, 0xCE, 0x4C, 0x53, 0x06, 0x09, 0x07, /* EFB70 */
	0x93, 0x3F, 0xD0, 0x2C, 0xBF, 0x13, 0x0F, 0x06, 0x05, 0x4D, 0x61, 0x52, 0x90, 0x65, 0x02, 0x4E, /* EFB80 */
	0x04, 0x00, 0x85, 0x4E, 0x09, 0x39, 0x0C, 0x07, 0x32, 0x35, 0xA9, 0x35, 0x50, 0x12, 0x35, 0x05, /* EFB90 */
	0x30, 0x01, 0x07, 0x52, 0x59, 0x01, 0x67, 0x50, 0x22, 0x59, 0x40, 0x13, 0x01, 0x06, 0x32, 0x35, /* EFBA0 */
	0x89, 0x17, 0x50, 0x92, 0x35, 0x7C, 0x03, 0x06, 0x68, 0x17, 0x4E, 0x61, 0x06, 0x35, 0xF2, 0x4B, /* EFBB0 */
	0x03, 0x00, 0x21, 0x17, 0x61, 0x52, 0x0C, 0x60, 0x8F, 0x52, 0x12, 0x65, 0x07, 0x66, 0x81, 0x53, /* EFBC0 */
	0x69, 0x1E, 0x10, 0x41, 0x53, 0xFC, 0x0E, 0x07, 0x85, 0x36, 0x05, 0x51, 0xD0, 0x46, 0x36, 0x05, /* EFBD0 */
	0x51, 0x00, 0x00, 0x85, 0x56, 0x13, 0x31, 0x0C, 0x05, 0x61, 0x14, 0xB4, 0x14, 0x90, 0xA1, 0xF2, /* EFBE0 */
	0x14, 0x07, 0x08, 0x31, 0x61, 0x62, 0x06, 0x31, 0x84, 0x3E, 0x4B, 0x03, 0x06, 0x6F, 0x41, 0x45, /* EFBF0 */
	0x25, 0x90, 0x3F, 0x41, 0x1D, 0x01, 0x06, 0x32, 0x31, 0x35, 0x14, 0x50, 0x02, 0x31, 0x22, 0x04, /* EFC00 */
	0x07, 0x52, 0x35, 0x01, 0x67, 0x50, 0x22, 0x35, 0x40, 0x13, 0x01, 0x00, 0x72, 0x43, 0x28, 0x51, /* EFC10 */
	0x0C, 0x06, 0x72, 0x5B, 0x85, 0x0A, 0x50, 0xB2, 0x5B, 0x1F, 0x02, 0x05, 0xAC, 0x35, 0x22, 0x49, /* EFC20 */
	0x10, 0xDC, 0x36, 0x1F, 0x06, 0x72, 0x3B, 0xAF, 0x39, 0x50, 0x32, 0x3B, 0x26, 0x0E, 0x60, 0x95, /* EFC30 */
	0x42, 0x8F, 0x52, 0x03, 0x00, 0x0C, 0x51, 0x05, 0x55, 0x07, 0x00, 0x32, 0x19, 0x01, 0x17, 0x0C, /* EFC40 */
	0x08, 0x32, 0x51, 0xC5, 0x50, 0x50, 0x12, 0x51, 0x25, 0x4B, 0x53, 0x00, 0x72, 0x13, 0x29, 0x67, /* EFC50 */
	0x31, 0x00, 0x72, 0x4F, 0x2F, 0x64, 0x31, 0x05, 0x68, 0x3B, 0x65, 0x15, 0x06, 0x3F, 0x16, 0x0D, /* EFC60 */
	0x66, 0x32, 0x4D, 0x29, 0x14, 0x50, 0xF2, 0x68, 0x09, 0x04, 0x05, 0x05, 0x49, 0x73, 0x3B, 0x90, /* EFC70 */
	0x40, 0x03, 0x0E, 0x00, 0x6F, 0x41, 0x61, 0x3E, 0x31, 0x05, 0x81, 0x4A, 0x89, 0x23, 0x90, 0x4B, /* EFC80 */
	0xF2, 0x33, 0x07, 0xAF, 0x3C, 0x0D, 0x0D, 0x10, 0x50, 0x3C, 0xCD, 0x2C, 0x03, 0x06, 0xA1, 0x31, /* EFC90 */
	0x69, 0x16, 0xD0, 0x37, 0x74, 0x05, 0x0E, 0x00, 0x32, 0x4D, 0x2C, 0x65, 0x0D, 0x00, 0x32, 0x4D, /* EFCA0 */
	0x74, 0x3B, 0x0C, 0x06, 0xA1, 0x48, 0x09, 0x17, 0x10, 0x50, 0x48, 0x45, 0x03, 0x08, 0x61, 0x34, /* EFCB0 */
	0x99, 0x06, 0x90, 0xA1, 0x36, 0x1D, 0x49, 0x02, 0x00, 0x8F, 0x0C, 0x8F, 0x3A, 0x0D, 0x06, 0xA1, /* EFCC0 */
	0x31, 0x33, 0x39, 0xD0, 0xA7, 0x4E, 0x3C, 0x0E, 0x06, 0x81, 0x0F, 0x08, 0x31, 0x90, 0x41, 0x2F, /* EFCD0 */
	0x80, 0x0A, 0x07, 0xA1, 0x48, 0x69, 0x53, 0x10, 0x51, 0x48, 0x05, 0x50, 0x00, 0x07, 0x72, 0x5B, /* EFCE0 */
	0x8F, 0x53, 0x50, 0x32, 0x5B, 0x4F, 0x53, 0x00, 0x07, 0x32, 0x0D, 0x85, 0x50, 0x50, 0x12, 0x4D, /* EFCF0 */
	0x65, 0x50, 0x00, 0x67, 0x32, 0x51, 0x85, 0x53, 0x50, 0x12, 0x51, 0x65, 0x53, 0x00, 0x07, 0x72, /* EFD00 */
	0x53, 0x25, 0x17, 0x50, 0x32, 0x53, 0xFC, 0x0A, 0x01, 0xF0, 0x72, 0x0B, 0x01, 0x32, 0x19, 0x31, /* EFD10 */
	0x00, 0x85, 0x4E, 0x6F, 0x06, 0x0C, 0x30, 0x00, 0x72, 0x43, 0x85, 0x52, 0x19, 0x31, 0x00, 0x72, /* EFD20 */
	0x1F, 0x32, 0x4D, 0x13, 0x0D, 0x60, 0x72, 0x1F, 0x32, 0x4D, 0x13, 0x03, 0x00, 0x32, 0x59, 0x69, /* EFD30 */
	0x57, 0x13, 0x34, 0x07, 0x32, 0x4D, 0x65, 0x0E, 0x45, 0x40, 0x96, 0xDA, 0x3C, 0x4E, 0x00, 0x0C, /* EFD40 */
	0x51, 0x66, 0x4B, 0x0D, 0x0D, 0x00, 0x81, 0x06, 0x6C, 0x14, 0x0C, 0x31, 0x07, 0x2C, 0x05, 0x13, /* EFD50 */
	0x39, 0x54, 0x30, 0x94, 0x1A, 0x30, 0x52, 0x06, 0x32, 0x0D, 0x69, 0x57, 0x53, 0x40, 0x96, 0xF3, /* EFD60 */
	0x4C, 0x03, 0x08, 0x32, 0x4D, 0x54, 0x1D, 0x45, 0x40, 0x96, 0x53, 0x74, 0x15, 0x3A, 0x07, 0x95, /* EFD70 */
	0x4E, 0x15, 0x39, 0x54, 0x70, 0x4F, 0x22, 0x30, 0x52, 0x07, 0x72, 0x0B, 0x01, 0x32, 0x45, 0x40, /* EFD80 */
	0xBE, 0x02, 0x00, 0xB2, 0x00, 0x72, 0x4F, 0x30, 0x0D, 0x14, 0x0D, 0x00, 0x8F, 0x52, 0x12, 0x25, /* EFD90 */
	0x14, 0x0C, 0x00, 0x72, 0x5B, 0x69, 0x0E, 0x05, 0x0C, 0x00, 0x65, 0x52, 0x21, 0x3F, 0x0E, 0x31, /* EFDA0 */
	0x06, 0xCC, 0x35, 0xAF, 0x51, 0x48, 0x30, 0xA4, 0x0D, 0x60, 0x00, 0x07, 0x81, 0x06, 0x44, 0x4D, /* EFDB0 */
	0x45, 0xA0, 0x4B, 0x00, 0x24, 0x4D, 0x00, 0x32, 0x1D, 0x0E, 0x39, 0x14, 0x0C, 0x08, 0x32, 0x0D, /* EFDC0 */
	0x69, 0x0E, 0x54, 0x40, 0x16, 0x93, 0xF9, 0x2E, 0x14, 0x00, 0x41, 0x27, 0xB3, 0x04, 0x0E, 0x31, /* EFDD0 */
	0x09, 0x72, 0x53, 0xCF, 0x3E, 0x41, 0x40, 0x7A, 0xCF, 0x04, 0x68, 0x0F, 0x00, 0x09, 0x81, 0x07, /* EFDE0 */
	0x24, 0x39, 0x41, 0x70, 0x86, 0x13, 0x10, 0x14, 0x0E, 0x00, 0x07, 0x4F, 0x1D, 0x0E, 0x39, 0x54, /* EFDF0 */
	0xE0, 0x39, 0x19, 0x30, 0x52, 0x05, 0x32, 0x35, 0x29, 0x49, 0x45, 0x40, 0xF2, 0x8D, 0x00, 0x00, /* EFE00 */
	0x25, 0x14, 0xB3, 0x04, 0x0C, 0x30, 0x09, 0x52, 0x35, 0xA5, 0x06, 0x4C, 0x40, 0x26, 0x4D, 0x1D, /* EFE10 */
	0x59, 0x80, 0x0A, 0x06, 0x13, 0x31, 0x4D, 0x4D, 0x54, 0xB3, 0x37, 0x7C, 0x53, 0x00, 0x00, 0x72, /* EFE20 */
	0x43, 0x28, 0x0D, 0x19, 0x31, 0x00, 0x32, 0x51, 0x65, 0x0E, 0x05, 0x0D, 0x68, 0x72, 0x43, 0x28, /* EFE30 */
	0x4D, 0x59, 0x40, 0x76, 0x2F, 0x06, 0x4C, 0x09, 0x67, 0x85, 0x36, 0x05, 0x51, 0x45, 0xD0, 0x4A, /* EFE40 */
	0x0D, 0x05, 0x51, 0x07, 0x68, 0x3B, 0x65, 0x25, 0x03, 0x06, 0x38, 0x05, 0xFD, 0x2C, 0x07, 0x81, /* EFE50 */
	0x06, 0x44, 0x1D, 0x4D, 0xA0, 0x4B, 0x00, 0x24, 0x35, 0x00, 0x81, 0x06, 0x62, 0x33, 0x01, 0x30, /* EFE60 */
	0x08, 0x72, 0x53, 0x0F, 0x3F, 0x4C, 0x40, 0x3E, 0x34, 0x20, 0xBF, 0x2A, 0x00, 0x32, 0x4D, 0x63, /* EFE70 */
	0x53, 0x14, 0x0C, 0x00, 0x85, 0x0E, 0xA9, 0x06, 0x0C, 0x30, 0x04, 0x26, 0x25, 0x26, 0x16, 0x12, /* EFE80 */
	0x26, 0x19, 0x1F, 0x07, 0x61, 0x24, 0x13, 0x11, 0x45, 0x80, 0xA9, 0x7C, 0x03, 0x11, 0x00, 0x65, /* EFE90 */
	0x3A, 0x17, 0x31, 0x14, 0x0D, 0x07, 0x6F, 0x04, 0x72, 0x27, 0x44, 0x30, 0xAB, 0x40, 0xE2, 0x11, /* EFEA0 */
	0x00, 0xAF, 0x30, 0xA1, 0x0C, 0x08, 0x0D, 0x08, 0x65, 0x16, 0x6C, 0x43, 0x45, 0x00, 0x38, 0xA5, /* EFEB0 */
	0x0A, 0x40, 0x05, 0x00, 0xA1, 0x3B, 0x53, 0x3C, 0x10, 0x0D, 0x08, 0x32, 0x0D, 0x69, 0x0E, 0x54, /* EFEC0 */
	0x40, 0x16, 0x93, 0xF9, 0x2E, 0x14, 0x07, 0x12, 0x0D, 0x54, 0x4D, 0x45, 0x40, 0x86, 0x4B, 0xF4, /* EFED0 */
	0x4C, 0x00, 0x32, 0x4D, 0x29, 0x14, 0xAE, 0x00, 0x30, 0x00, 0x6F, 0x24, 0x54, 0x0D, 0x61, 0x00, /* EFEE0 */
	0x30, 0x08, 0x72, 0x53, 0xAF, 0x64, 0x30, 0x41, 0x12, 0xDF, 0x3C, 0x14, 0x49, 0x00, 0xFA, 0x52, /* EFEF0 */
	0x35, 0x81, 0x26, 0xCC, 0x41, 0x12, 0x39, 0x75, 0x6B, 0xF2, 0x30, 0x05, 0x00, 0x85, 0x4E, 0x6F, /* EFF00 */
	0x3A, 0x65, 0x00, 0x13, 0x00, 0x28, 0x39, 0x6F, 0x15, 0x0E, 0x01, 0x30, 0x00, 0x72, 0x2B, 0x05, /* EFF10 */
	0x53, 0x8F, 0x02, 0x0C, 0x00, 0x52, 0x59, 0x69, 0x14, 0x27, 0x01, 0x30, 0x09, 0x68, 0x53, 0x0F, /* EFF20 */
	0x3F, 0xD0, 0x19, 0x4F, 0x34, 0x2F, 0x9E, 0x4F, 0x14, 0x60, 0x72, 0x2B, 0x05, 0x53, 0x25, 0x00, /* EFF30 */
	0x0C, 0x07, 0x81, 0x3E, 0x43, 0x24, 0x61, 0x40, 0x40, 0x32, 0x2F, 0x85, 0x0C, 0x00, 0x32, 0x29, /* EFF40 */
	0x35, 0x24, 0x23, 0x01, 0x30, 0x06, 0x69, 0x16, 0x81, 0x40, 0x2C, 0x41, 0x09, 0x8E, 0x41, 0x2C, /* EFF50 */
	0x00, 0x61, 0x14, 0xB3, 0x24, 0x2E, 0x01, 0x31, 0x00, 0x8F, 0x52, 0x12, 0x65, 0x61, 0x00, 0x1C, /* EFF60 */
	0x00, 0x72, 0x43, 0x6F, 0x16, 0xAE, 0x00, 0x0C, 0x60, 0x85, 0x1A, 0x05, 0x53, 0x25, 0x00, 0x1C, /* EFF70 */
	0x00, 0x85, 0x4E, 0x6F, 0x06, 0x27, 0x01, 0x30, 0x00, 0x15, 0x16, 0x13, 0x17, 0xAE, 0x00, 0x1C, /* EFF80 */
	0x60, 0x32, 0x11, 0x09, 0x07, 0x34, 0x01, 0x31, 0x00, 0x32, 0x11, 0x09, 0x07, 0x34, 0x01, 0x30, /* EFF90 */
	0x09, 0xA5, 0x48, 0x6F, 0x14, 0x75, 0x41, 0x40, 0x44, 0x3E, 0x0C, 0x05, 0x34, 0x09, 0x61, 0x34, /* EFFA0 */
	0x6F, 0x24, 0x36, 0x41, 0xB7, 0x3A, 0x75, 0xAF, 0xFA, 0x58, 0x00, 0x81, 0x06, 0x2C, 0x1D, 0x61, /* EFFB0 */
	0x00, 0x8C, 0x69, 0x72, 0x4F, 0x05, 0x57, 0x34, 0x41, 0x92, 0x4F, 0xF3, 0x4B, 0x89, 0x52, 0x07, /* EFFC0 */
	0x65, 0x30, 0xA5, 0x24, 0x85, 0x42, 0x9E, 0xA5, 0xF2, 0x94, 0x00, 0x00, 0x81, 0x53, 0x8F, 0x3A, /* EFFD0 */
	0x41, 0x03, 0x31, 0x00, 0x09, 0x07, 0x44, 0x31, 0xCC, 0x01, 0xC5, 0x00, 0x32, 0x0D, 0x89, 0x24, /* EFFE0 */
	0x23, 0x01, 0x30, 0x07, 0x32, 0x4D, 0x43, 0x3C, 0x6F, 0x40, 0x12, 0x45, 0x2F, 0xA2, 0x0A, 0x07, /* EFFF0 */
	0x72, 0x0F, 0x25, 0x54, 0x32, 0x41, 0x12, 0x40, 0x17, 0x4A, 0x0F, 0x00, 0x72, 0x53, 0x85, 0x53, /* F0000 */
	0x61, 0x52, 0x30, 0x08, 0x81, 0x32, 0x09, 0x35, 0x65, 0x52, 0xD0, 0x32, 0x00, 0xCD, 0x3C, 0x52, /* F0010 */
	0x00, 0x72, 0x37, 0x89, 0x4F, 0x8F, 0x66, 0xC5, 0x00, 0x72, 0x1B, 0xA9, 0x04, 0x62, 0x14, 0xC1, /* F0020 */
	0x68, 0x72, 0x1F, 0x32, 0x4D, 0x33, 0x11, 0x50, 0x02, 0x1C, 0x92, 0x45, 0x53, 0x07, 0x8F, 0x4F, /* F0030 */
	0x85, 0x4F, 0x69, 0x3B, 0x10, 0x60, 0x96, 0x33, 0x30, 0x02, 0x60, 0x52, 0x3D, 0x52, 0x51, 0xC9, /* F0040 */
	0x16, 0x71, 0x00, 0x72, 0x4F, 0x30, 0x49, 0xAF, 0x4D, 0x30, 0x0A, 0x72, 0x0F, 0x25, 0x54, 0x12, /* F0050 */
	0x31, 0x50, 0x02, 0x4C, 0x05, 0x7A, 0x4B, 0x80, 0x0A, 0x0A, 0xA1, 0x48, 0x69, 0x53, 0x89, 0x37, /* F0060 */
	0x10, 0x51, 0x48, 0x05, 0x50, 0xA4, 0x9A, 0x0D, 0x69, 0x72, 0x1F, 0x32, 0x4D, 0x33, 0x4D, 0x50, /* F0070 */
	0x02, 0x1C, 0x92, 0x45, 0xF3, 0x1A, 0x08, 0x48, 0x31, 0x89, 0x40, 0x69, 0x16, 0x46, 0xAE, 0xA9, /* F0080 */
	0x7C, 0x10, 0x39, 0x07, 0x8F, 0x4F, 0x85, 0x4F, 0xA9, 0x16, 0x10, 0x60, 0x96, 0xD3, 0x5C, 0x02, /* F0090 */
	0x60, 0x85, 0x1A, 0x05, 0x53, 0x69, 0x1E, 0x0C, 0x09, 0xD3, 0x0D, 0x48, 0x05, 0x94, 0x66, 0x13, /* F00A0 */
	0x29, 0x77, 0x09, 0x50, 0x48, 0x05, 0x00, 0x85, 0x0E, 0x65, 0x52, 0x69, 0x14, 0x0D, 0x09, 0x2C, /* F00B0 */
	0x05, 0x13, 0x39, 0x74, 0x3B, 0x10, 0x9C, 0x69, 0x00, 0x5E, 0x00, 0x0E, 0x00, 0x65, 0x12, 0x85, /* F00C0 */
	0x1E, 0x81, 0x53, 0x31, 0x0A, 0x2F, 0x24, 0xA1, 0x48, 0x89, 0x53, 0x10, 0x10, 0x24, 0x40, 0x44, /* F00D0 */
	0xF2, 0x53, 0x04, 0x09, 0x95, 0x23, 0xA2, 0x51, 0x74, 0x3B, 0xD0, 0xC5, 0x0B, 0xDE, 0x56, 0x00, /* F00E0 */
	0x0E, 0x00, 0x85, 0x4E, 0x6F, 0x06, 0x4C, 0x51, 0x19, 0x31, 0x0B, 0xD3, 0x0D, 0x48, 0x05, 0x94, /* F00F0 */
	0x26, 0x43, 0x73, 0x26, 0x0B, 0x75, 0x85, 0x54, 0xF2, 0x2C, 0x0C, 0xC8, 0x4D, 0x69, 0x33, 0x2F, /* F0100 */
	0x27, 0x03, 0x76, 0xA6, 0x1A, 0x05, 0x30, 0x9D, 0x2F, 0xF2, 0x0B, 0x0A, 0x72, 0x23, 0x09, 0x26, /* F0110 */
	0x54, 0x3D, 0x4E, 0x40, 0x7A, 0xCF, 0x0C, 0xA6, 0x33, 0x30, 0x02, 0x00, 0x48, 0x31, 0x8F, 0x3F, /* F0120 */
	0x50, 0x14, 0x12, 0x71, 0xF9, 0x6F, 0x24, 0x54, 0x0D, 0x61, 0x30, 0x59, 0x00, 0x30, 0xE9, 0xF4, /* F0130 */
	0x2C, 0x0C, 0x05, 0x00, 0x68, 0x53, 0x2F, 0x4B, 0x81, 0x20, 0x19, 0x31, 0x0A, 0x72, 0x5B, 0x0F, /* F0140 */
	0x07, 0x54, 0x59, 0x45, 0x40, 0x02, 0x96, 0x2F, 0x03, 0xF4, 0x5C, 0x02, 0x00, 0x32, 0x11, 0x05, /* F0150 */
	0x17, 0x93, 0x3F, 0x12, 0xC4, 0x0A, 0x81, 0x16, 0xAE, 0x20, 0x85, 0x17, 0x53, 0x00, 0x48, 0x25, /* F0160 */
	0x6E, 0x00, 0x13, 0x65, 0x02, 0x0A, 0x32, 0x49, 0x2F, 0x07, 0x54, 0x59, 0x45, 0x40, 0xF2, 0x92, /* F0170 */
	0x1F, 0x03, 0xD4, 0x5C, 0x02, 0x0C, 0x6F, 0x04, 0x52, 0x69, 0xA1, 0x24, 0x6F, 0x42, 0x1E, 0xAF, /* F0180 */
	0x02, 0xD2, 0x6C, 0x06, 0x33, 0x30, 0x02, 0x00, 0x68, 0x53, 0x2F, 0x4B, 0x81, 0x20, 0x85, 0x02, /* F0190 */
	0x30, 0x0B, 0xD3, 0x0D, 0x48, 0x05, 0x94, 0x26, 0xB3, 0x4C, 0x09, 0x7B, 0x25, 0x40, 0x44, 0xF2, /* F01A0 */
	0x53, 0x04, 0x00, 0x95, 0x26, 0x46, 0x0D, 0xA1, 0x24, 0x6F, 0x02, 0x0C, 0x00, 0x32, 0x49, 0x85, /* F01B0 */
	0x55, 0x89, 0x27, 0x34, 0x01, 0x30, 0x0D, 0x25, 0x24, 0xA1, 0x48, 0x09, 0x27, 0x61, 0x42, 0x1E, /* F01C0 */
	0x15, 0x14, 0x40, 0x44, 0x76, 0xE9, 0x03, 0x38, 0x0E, 0x85, 0x26, 0x2F, 0x3C, 0xAE, 0x24, 0xB3, /* F01D0 */
	0x40, 0x9E, 0x4B, 0x16, 0x00, 0x74, 0xBD, 0x4E, 0xA4, 0x4D, 0x14, 0x0A, 0x08, 0x49, 0x0D, 0x0D, /* F01E0 */
	0xA5, 0x51, 0x09, 0x1B, 0xDE, 0x32, 0x01, 0x93, 0x52, 0xF0, 0x0B, 0x00, 0x72, 0x53, 0x85, 0x53, /* F01F0 */
	0x61, 0x52, 0x89, 0x37, 0x05, 0x0D, 0xD3, 0x0D, 0x68, 0x07, 0x0E, 0x31, 0x99, 0x53, 0x53, 0x2E, /* F0200 */
	0x2D, 0x4F, 0x8D, 0x39, 0x00, 0xFC, 0x4C, 0x14, 0x0C, 0x32, 0x11, 0x6F, 0x25, 0x0E, 0x51, 0x65, /* F0210 */
	0x64, 0x50, 0xF2, 0x10, 0x2F, 0xFD, 0x38, 0x40, 0x34, 0x14, 0x0E, 0xD3, 0x0D, 0x68, 0x07, 0x0E, /* F0220 */
	0x31, 0x99, 0x27, 0x53, 0x73, 0x26, 0x0B, 0x0F, 0x38, 0x9D, 0xA1, 0xF2, 0xD3, 0x4C, 0x03, 0x00, /* F0230 */
	0x72, 0x43, 0x21, 0x07, 0x2E, 0x24, 0xB3, 0x24, 0x03, 0x1C, 0x00, 0x85, 0x4E, 0x6F, 0x26, 0x46, /* F0240 */
	0x0D, 0xA1, 0x24, 0x6F, 0x02, 0x0C, 0x0E, 0xC8, 0x4D, 0x69, 0x53, 0x28, 0x49, 0x81, 0x24, 0xB3, /* F0250 */
	0x18, 0x69, 0x1A, 0x01, 0x58, 0xAD, 0x4B, 0x40, 0xF0, 0x4C, 0x14, 0x03, 0x4B, 0x89, 0x02, 0x04, /* F0260 */
	0x80, 0x2F, 0x99, 0x62, 0x02, 0x03, 0x35, 0x55, 0x05, 0x6B, 0x89, 0x03, 0x35, 0x15, 0x12, 0x5B, /* F0270 */
	0x83, 0x60, 0x55, 0x59, 0x85, 0x02, 0x0C, 0x00, 0x35, 0x09, 0x05, 0x03, 0x07, 0x00, 0x15, 0x49, /* F0280 */
	0x34, 0x51, 0x07, 0x07, 0x55, 0x61, 0xAF, 0x14, 0x0B, 0x25, 0x74, 0xCF, 0x14, 0x01, 0x00, 0x55, /* F0290 */
	0x39, 0x34, 0x51, 0x07, 0x09, 0x75, 0x53, 0xA1, 0x24, 0x6F, 0x2E, 0x17, 0x5F, 0x74, 0xC1, 0x03, /* F02A0 */
	0x38, 0x00, 0x15, 0x31, 0xA9, 0x04, 0x54, 0x59, 0x05, 0xC4, 0x00, 0x15, 0x39, 0x54, 0x51, 0xA1, /* F02B0 */
	0x24, 0x36, 0x01, 0xC4, 0x09, 0x35, 0x4D, 0x54, 0x3D, 0x6E, 0x06, 0x89, 0x16, 0x4B, 0x77, 0x96, /* F02C0 */
	0x13, 0x03, 0x38, 0x2B, 0x00, 0x15, 0x31, 0x29, 0x26, 0x03, 0x51, 0x69, 0x3B, 0x0C, 0x01, 0x32, /* F02D0 */
	0x12, 0x45, 0x12, 0x01, 0x02, 0x80, 0xCB, 0x1A, 0x63, 0x75, 0x4A, 0x36, 0x0E, 0x02, 0x61, 0x4B, /* F02E0 */
	0x26, 0x03, 0x6F, 0x37, 0x92, 0x32, 0x01, 0x04, 0x05, 0x31, 0x12, 0x05, 0x30, 0x63, 0x05, 0x11, /* F02F0 */
	0x12, 0x15, 0x00, 0x63, 0x05, 0x11, 0x92, 0x15, 0x00, 0x03, 0xB5, 0x20, 0x92, 0x62, 0x00, 0x64, /* F0300 */
	0x55, 0x39, 0x92, 0xF2, 0x38, 0x64, 0x65, 0x64, 0x12, 0x30, 0x24, 0x03, 0x45, 0x39, 0x12, 0x31, /* F0310 */
	0x02, 0x03, 0x45, 0x11, 0x12, 0x15, 0x00, 0x64, 0x55, 0x69, 0x92, 0xF2, 0x68, 0x04, 0x65, 0x3E, /* F0320 */
	0x12, 0x35, 0x3E, 0x04, 0x69, 0x4F, 0x12, 0x35, 0x4F, 0x04, 0x65, 0x16, 0x12, 0x30, 0x06, 0x04, /* F0330 */
	0x65, 0x06, 0x12, 0x35, 0x02, 0x63, 0x05, 0x0D, 0x48, 0x12, 0x0D, 0x04, 0x05, 0x11, 0x59, 0x92, /* F0340 */
	0x11, 0x05, 0x00, 0xA9, 0x16, 0x12, 0x0C, 0x65, 0x85, 0x30, 0x59, 0xF2, 0x40, 0x0C, 0x09, 0x05, /* F0350 */
	0x21, 0x24, 0x4F, 0x02, 0x11, 0x05, 0x0F, 0x04, 0xA1, 0x24, 0x4F, 0x02, 0xCD, 0x0F, 0x05, 0x6F, /* F0360 */
	0x05, 0x4E, 0x32, 0x37, 0x00, 0x0E, 0x03, 0xAF, 0x51, 0x45, 0x82, 0x52, 0x03, 0xAF, 0x51, 0x45, /* F0370 */
	0x92, 0x52, 0x03, 0xAF, 0x1D, 0x48, 0xD2, 0x1A, 0x60, 0x25, 0x16, 0x12, 0x03, 0x04, 0x05, 0x31, /* F0380 */
	0x4D, 0x92, 0xA9, 0x0D, 0x00, 0x05, 0x16, 0x0C, 0x0C, 0x60, 0x05, 0x16, 0x0C, 0x03, 0x64, 0x55, /* F0390 */
	0x39, 0x45, 0x82, 0xF2, 0x0E, 0x00, 0x85, 0x14, 0x0C, 0x03, 0x04, 0x2F, 0x17, 0x52, 0xB2, 0x2B, /* F03A0 */
	0x1F, 0x00, 0x95, 0x14, 0x05, 0x0D, 0x04, 0x01, 0x0A, 0x49, 0x82, 0x09, 0x09, 0x64, 0x89, 0x17, /* F03B0 */
	0x4E, 0xA2, 0x69, 0x2E, 0x00, 0x85, 0x27, 0x0E, 0x0C, 0x63, 0x45, 0x1D, 0x4E, 0x02, 0x39, 0x03, /* F03C0 */
	0xAF, 0x1D, 0x45, 0x82, 0xEA, 0x00, 0x65, 0x24, 0x03, 0x0C, 0x65, 0x05, 0x27, 0x54, 0xF2, 0x4C, /* F03D0 */
	0x49, 0x04, 0x64, 0xA5, 0x16, 0x52, 0x02, 0x58, 0x20, 0x05, 0x21, 0x24, 0x49, 0x02, 0x11, 0x05, /* F03E0 */
	0x09, 0x00, 0xA5, 0x16, 0x0C, 0x0C, 0x05, 0x0F, 0x3E, 0x54, 0x32, 0x0B, 0x6F, 0x04, 0x04, 0x65, /* F03F0 */
	0x04, 0x59, 0x12, 0x31, 0x01, 0x60, 0x65, 0x04, 0x19, 0x03, 0x03, 0xC5, 0x15, 0x53, 0x02, 0x69, /* F0400 */
	0x03, 0x25, 0x4D, 0x45, 0x12, 0x4D, 0x60, 0x05, 0x07, 0x10, 0x03, 0x05, 0x05, 0x07, 0x50, 0x12, /* F0410 */
	0x2D, 0x61, 0x00, 0x05, 0x61, 0x3D, 0x53, 0x02, 0x35, 0x40, 0x03, 0x04, 0x95, 0x4F, 0x4F, 0x82, /* F0420 */
	0x4E, 0x0F, 0x00, 0x25, 0x07, 0x0C, 0x0C, 0x00, 0x25, 0x07, 0x0E, 0x0C, 0x04, 0x65, 0x16, 0x45, /* F0430 */
	0x02, 0x38, 0x01, 0x03, 0x0F, 0x23, 0x45, 0x32, 0xCF, 0x03, 0x45, 0x0D, 0x48, 0x22, 0x2D, 0x05, /* F0440 */
	0x61, 0x3D, 0x4E, 0x02, 0x34, 0x0F, 0x0E, 0x04, 0xAF, 0x07, 0x4E, 0x32, 0x03, 0x0E, 0x00, 0xA1, /* F0450 */
	0x3C, 0x0E, 0x03, 0x05, 0x61, 0x57, 0x4C, 0x82, 0x75, 0xA2, 0x0A, 0x05, 0x25, 0x27, 0x53, 0x12, /* F0460 */
	0x29, 0x7C, 0x03, 0x06, 0x2F, 0x24, 0x4E, 0x32, 0x13, 0x9D, 0x31, 0x02, 0x04, 0xAF, 0x17, 0x4E, /* F0470 */
	0x32, 0xA7, 0x0E, 0x05, 0x65, 0x06, 0x4C, 0x12, 0x39, 0x80, 0x0A, 0x66, 0x85, 0x57, 0xAC, 0x48, /* F0480 */
	0x7C, 0xDA, 0x32, 0x14, 0xF4, 0xA1, 0x20, 0x85, 0x4A, 0xE1, 0x78, 0x03, 0x00, 0x05, 0x3F, 0x32, /* F0490 */
	0x00, 0x0C, 0x60, 0x05, 0x3F, 0x32, 0x00, 0x03, 0x00, 0x25, 0x27, 0x6F, 0x02, 0x0C, 0x60, 0x25, /* F04A0 */
	0x56, 0x33, 0x01, 0x03, 0x06, 0x25, 0x56, 0x33, 0x49, 0x25, 0x66, 0x89, 0x13, 0x60, 0x45, 0x16, /* F04B0 */
	0xA3, 0x00, 0x03, 0x06, 0x45, 0x16, 0xA3, 0x48, 0x05, 0x9A, 0x2D, 0x14, 0x04, 0x01, 0x23, 0x65, /* F04C0 */
	0x48, 0x01, 0xB3, 0x00, 0x05, 0x25, 0x27, 0x2D, 0x49, 0xFC, 0x1A, 0x35, 0x05, 0xA5, 0x04, 0x69, /* F04D0 */
	0x48, 0x45, 0x04, 0xA9, 0x00, 0x35, 0x1F, 0x25, 0x00, 0x0C, 0x06, 0x25, 0x56, 0x2E, 0x48, 0x05, /* F04E0 */
	0xD6, 0x3A, 0x04, 0x60, 0x25, 0x56, 0x2E, 0x00, 0x03, 0x65, 0x61, 0x1E, 0x25, 0x48, 0x01, 0x2E, /* F04F0 */
	0x12, 0x60, 0x85, 0x0F, 0x35, 0x01, 0x0D, 0x00, 0x65, 0x15, 0xC4, 0x01, 0x31, 0x00, 0x65, 0x14, /* F0500 */
	0xAE, 0x00, 0x03, 0x06, 0xAF, 0x04, 0xD2, 0x49, 0xCF, 0x04, 0x48, 0x05, 0x00, 0x21, 0x1F, 0x25, /* F0510 */
	0x00, 0x0C, 0x06, 0x05, 0x27, 0x30, 0x49, 0x65, 0xF3, 0x40, 0x05, 0x60, 0x85, 0x17, 0xAE, 0x00, /* F0520 */
	0x03, 0x07, 0x25, 0x32, 0xC5, 0x48, 0x05, 0x36, 0x94, 0x4B, 0x03, 0x65, 0x85, 0x27, 0x24, 0x49, /* F0530 */
	0x40, 0x2A, 0x11, 0x60, 0x65, 0x04, 0x34, 0x01, 0x03, 0x00, 0x65, 0x24, 0x53, 0x00, 0x0C, 0x60, /* F0540 */
	0x25, 0x26, 0x6C, 0x00, 0x03, 0x05, 0x25, 0x26, 0x6C, 0x48, 0x05, 0xA6, 0xA9, 0x06, 0x6F, 0x04, /* F0550 */
	0x2E, 0x48, 0x8F, 0x0A, 0x38, 0x04, 0x05, 0x61, 0x1E, 0x85, 0x4A, 0x01, 0x2E, 0x7E, 0x60, 0x85, /* F0560 */
	0x14, 0xAE, 0x00, 0x03, 0x05, 0x65, 0x3E, 0x77, 0x4A, 0x3C, 0x9E, 0x3A, 0x60, 0x05, 0x16, 0x6C, /* F0570 */
	0x00, 0x03, 0x60, 0x05, 0x17, 0x93, 0x03, 0x03, 0x05, 0x05, 0x17, 0x93, 0x4B, 0x45, 0x93, 0x4D, /* F0580 */
	0x66, 0x65, 0x05, 0x2B, 0x49, 0x05, 0x7D, 0x05, 0x0B, 0x05, 0x65, 0x05, 0x2B, 0x49, 0x05, 0x0D, /* F0590 */
	0x2D, 0x05, 0x85, 0x30, 0xC1, 0x49, 0x45, 0x30, 0x04, 0x66, 0x85, 0x30, 0xC1, 0x49, 0x45, 0x30, /* F05A0 */
	0x74, 0x01, 0x05, 0xA5, 0x04, 0x2B, 0x49, 0x45, 0x04, 0x2D, 0x66, 0xA5, 0x04, 0x2B, 0x49, 0x45, /* F05B0 */
	0x74, 0x05, 0x0B, 0x05, 0x01, 0x27, 0x2E, 0x49, 0x40, 0x13, 0x39, 0x04, 0x45, 0x31, 0xCC, 0x49, /* F05C0 */
	0x09, 0x1C, 0x01, 0x04, 0xB5, 0x20, 0x85, 0x4A, 0x76, 0x78, 0x03, 0x05, 0x61, 0x4D, 0xC5, 0x49, /* F05D0 */
	0x21, 0x6D, 0x16, 0x06, 0xAF, 0x17, 0x0E, 0x49, 0x40, 0x17, 0x39, 0x00, 0x04, 0x09, 0x23, 0xC5, /* F05E0 */
	0x49, 0x29, 0x13, 0x01, 0x00, 0xAF, 0x33, 0xC5, 0x01, 0x0D, 0x05, 0xA5, 0x09, 0x65, 0x4A, 0x22, /* F05F0 */
	0xF2, 0x38, 0x00, 0x35, 0x3C, 0x2C, 0x02, 0x0D, 0x06, 0x0F, 0x32, 0x85, 0x4B, 0x0F, 0x32, 0xF0, /* F0600 */
	0x13, 0x00, 0xA5, 0x32, 0x6F, 0x02, 0x0D, 0x05, 0x81, 0x55, 0x65, 0x48, 0x00, 0x9B, 0xA9, 0x06, /* F0610 */
	0x65, 0x06, 0x34, 0x49, 0x00, 0xBE, 0x53, 0x05, 0x04, 0x25, 0x1F, 0x29, 0x49, 0x25, 0x1A, 0x01, /* F0620 */
	0x06, 0x21, 0x06, 0x65, 0x48, 0x01, 0x16, 0x01, 0x2A, 0x05, 0xA1, 0x26, 0x2E, 0x49, 0x40, 0x16, /* F0630 */
	0x39, 0x05, 0xB5, 0x1C, 0x85, 0x4A, 0x76, 0x14, 0x7F, 0x00, 0x25, 0x56, 0x27, 0x01, 0x0D, 0x65, /* F0640 */
	0x85, 0x07, 0x2C, 0x49, 0x45, 0x03, 0xA9, 0x00, 0xA5, 0x07, 0x32, 0x00, 0x03, 0x60, 0x85, 0x57, /* F0650 */
	0x2D, 0x01, 0x03, 0x06, 0x85, 0x57, 0x2D, 0x49, 0x65, 0x0A, 0x34, 0x01, 0x06, 0x81, 0x24, 0xB3, /* F0660 */
	0x48, 0x41, 0xF0, 0x4C, 0x14, 0x04, 0x61, 0x14, 0x29, 0x23, 0x92, 0x3F, 0x14, 0x07, 0x85, 0x48, /* F0670 */
	0x69, 0x52, 0x12, 0x45, 0x48, 0x29, 0x5E, 0x00, 0x08, 0x05, 0x31, 0xA9, 0x64, 0x12, 0x75, 0x85, /* F0680 */
	0xEA, 0xDC, 0x14, 0xF6, 0x05, 0x11, 0x69, 0x64, 0x92, 0x15, 0xF0, 0x0C, 0x05, 0x06, 0x65, 0x3D, /* F0690 */
	0x16, 0x31, 0xD2, 0x3C, 0x89, 0x96, 0x0C, 0x00, 0xA5, 0x16, 0xAE, 0x15, 0x31, 0x06, 0xAF, 0x51, /* F06A0 */
	0x69, 0x16, 0x52, 0x8E, 0x52, 0x05, 0x0E, 0x66, 0x61, 0x1E, 0x69, 0x1E, 0x12, 0x31, 0x2A, 0xFC, /* F06B0 */
	0x0E, 0x06, 0xC5, 0x39, 0x6F, 0x10, 0x92, 0x35, 0x02, 0x2A, 0x04, 0x05, 0x05, 0x31, 0x74, 0x4B, /* F06C0 */
	0x12, 0xA5, 0x52, 0x1F, 0x67, 0x05, 0x56, 0x69, 0x10, 0x12, 0x05, 0x76, 0xA9, 0x1A, 0x00, 0x06, /* F06D0 */
	0x05, 0x56, 0x69, 0x10, 0x12, 0x05, 0xA6, 0x2A, 0x04, 0x06, 0x6F, 0x05, 0x0E, 0x17, 0x12, 0x3F, /* F06E0 */
	0x85, 0x4E, 0x03, 0x60, 0x05, 0x3F, 0x36, 0x49, 0x0C, 0x04, 0x81, 0x40, 0x8F, 0x52, 0x12, 0x40, /* F06F0 */
	0x9C, 0x05, 0x05, 0x17, 0x89, 0x50, 0xD2, 0x4C, 0x17, 0x14, 0x06, 0x85, 0x27, 0xA4, 0x15, 0x92, /* F0700 */
	0x65, 0xF2, 0x84, 0x02, 0x06, 0x75, 0x06, 0x17, 0x65, 0xD2, 0x36, 0x02, 0x17, 0x01, 0x60, 0x05, /* F0710 */
	0x3F, 0x75, 0x52, 0x03, 0x06, 0x05, 0x3F, 0x75, 0x52, 0x12, 0x25, 0x9B, 0x4E, 0x04, 0x05, 0xA5, /* F0720 */
	0x4B, 0xA9, 0x14, 0x12, 0x45, 0x26, 0x14, 0x66, 0xA5, 0x4B, 0xA9, 0x14, 0x12, 0x45, 0x76, 0x49, /* F0730 */
	0x04, 0x07, 0x85, 0x53, 0xA1, 0x14, 0x12, 0x45, 0x53, 0x1D, 0x51, 0x00, 0x06, 0x8F, 0x17, 0xA2, /* F0740 */
	0x11, 0x12, 0x6F, 0x0A, 0x36, 0x04, 0x00, 0xA5, 0x24, 0x0E, 0x31, 0x30, 0x00, 0x75, 0x12, 0xAF, /* F0750 */
	0x3B, 0x07, 0x60, 0x05, 0x2F, 0x6F, 0x16, 0x0C, 0x06, 0x0F, 0x39, 0x4F, 0x17, 0x12, 0x0F, 0x38, /* F0760 */
	0x0F, 0x0B, 0x00, 0x35, 0x3C, 0x8C, 0x20, 0x0D, 0x06, 0x81, 0x20, 0x21, 0x31, 0x12, 0x11, 0x16, /* F0770 */
	0x80, 0x0A, 0x00, 0x05, 0x49, 0x64, 0x3B, 0x0C, 0x06, 0x8F, 0x07, 0x4C, 0x15, 0x12, 0x6F, 0x02, /* F0780 */
	0x0C, 0x05, 0x08, 0x8F, 0x07, 0x2C, 0x4D, 0x12, 0x6F, 0x76, 0xAF, 0xFA, 0x4C, 0x05, 0x2F, 0x09, /* F0790 */
	0x15, 0x2F, 0x12, 0x0F, 0xDA, 0x0B, 0x06, 0x8F, 0x17, 0x61, 0x3A, 0x12, 0x6F, 0x76, 0x21, 0x0E, /* F07A0 */
	0x06, 0x8F, 0x07, 0x6E, 0x16, 0x12, 0x6F, 0x76, 0x21, 0x0E, 0x00, 0x61, 0x4C, 0x74, 0x3B, 0x0C, /* F07B0 */
	0x05, 0x01, 0x23, 0x21, 0x31, 0x12, 0x01, 0xF3, 0x2A, 0x68, 0x05, 0x11, 0x81, 0x50, 0x52, 0x1E, /* F07C0 */
	0x01, 0x84, 0x41, 0x50, 0x68, 0x25, 0x31, 0x05, 0x53, 0x52, 0x1E, 0xF1, 0x8C, 0x25, 0x53, 0x66, /* F07D0 */
	0x85, 0x0F, 0x69, 0x12, 0xD2, 0x4C, 0xA7, 0x0E, 0x04, 0x00, 0x85, 0x43, 0xA9, 0x14, 0x0C, 0x67, /* F07E0 */
	0xA5, 0x20, 0x69, 0x2E, 0x12, 0x65, 0x74, 0xE9, 0x2E, 0x03, 0x66, 0x05, 0x23, 0x05, 0x2F, 0x12, /* F07F0 */
	0x05, 0x77, 0x25, 0x0B, 0x07, 0x65, 0x04, 0x54, 0x59, 0x45, 0x92, 0xA9, 0x40, 0xF4, 0x58, 0x05, /* F0800 */
	0x85, 0x17, 0x81, 0x0E, 0x48, 0x12, 0x4D, 0x1F, 0x03, 0x06, 0x85, 0x17, 0x81, 0x0E, 0x48, 0xF2, /* F0810 */
	0x4C, 0x76, 0x02, 0x03, 0x00, 0x05, 0x3F, 0x32, 0x14, 0x04, 0x0C, 0x06, 0x25, 0x27, 0x6F, 0x06, /* F0820 */
	0x4C, 0x12, 0x29, 0x3C, 0xBE, 0x00, 0x60, 0x25, 0x27, 0xB3, 0x14, 0x12, 0x30, 0x00, 0x65, 0x14, /* F0830 */
	0x16, 0x39, 0x14, 0x30, 0x00, 0xA5, 0x16, 0x32, 0x39, 0x04, 0x30, 0x06, 0x6F, 0x14, 0x70, 0x04, /* F0840 */
	0x59, 0x32, 0xAB, 0x10, 0x0C, 0x01, 0x08, 0xAF, 0x04, 0x54, 0x3D, 0x4E, 0x32, 0x53, 0x1D, 0xC1, /* F0850 */
	0x03, 0x0E, 0x00, 0x05, 0x3F, 0x32, 0x14, 0x12, 0x0C, 0x00, 0x25, 0x27, 0xB3, 0x48, 0x19, 0x31, /* F0860 */
	0x00, 0x85, 0x3F, 0x0E, 0x39, 0x14, 0x30, 0x00, 0x85, 0x48, 0x0F, 0x0D, 0x08, 0x03, 0x60, 0xA5, /* F0870 */
	0x48, 0x2F, 0x26, 0x14, 0x31, 0x05, 0x0F, 0x23, 0x65, 0x30, 0x45, 0x02, 0xCC, 0xA5, 0x0A, 0x07, /* F0880 */
	0x8F, 0x17, 0x0D, 0x49, 0x59, 0x32, 0x6B, 0x8D, 0x4B, 0x16, 0x00, 0x45, 0x39, 0x08, 0x49, 0x14, /* F0890 */
	0x0D, 0x00, 0x61, 0x12, 0x6F, 0x40, 0x08, 0x0D, 0x06, 0x8F, 0x17, 0x2D, 0x05, 0x44, 0x32, 0x6B, /* F08A0 */
	0x0D, 0x15, 0x00, 0x08, 0x25, 0x26, 0x2E, 0x49, 0x59, 0x02, 0x18, 0x09, 0x7E, 0x4B, 0x05, 0x05, /* F08B0 */
	0x45, 0x0D, 0x28, 0x49, 0x54, 0x22, 0x2D, 0x5F, 0x04, 0x06, 0x69, 0x16, 0x08, 0x49, 0x54, 0x22, /* F08C0 */
	0x39, 0xC8, 0x52, 0x00, 0x08, 0x25, 0x27, 0x0E, 0x31, 0x44, 0x92, 0x29, 0x3C, 0x0E, 0xA8, 0x04, /* F08D0 */
	0x00, 0xC1, 0x51, 0x28, 0x3D, 0x0E, 0x35, 0x00, 0x45, 0x39, 0x68, 0x33, 0x04, 0x0D, 0x08, 0xC1, /* F08E0 */
	0x35, 0x75, 0x12, 0x4F, 0x02, 0x35, 0xDD, 0x35, 0x12, 0x0F, 0x06, 0x35, 0x1F, 0x29, 0x49, 0x4F, /* F08F0 */
	0x02, 0x28, 0x6B, 0x32, 0x03, 0x05, 0x85, 0x3F, 0x95, 0x0E, 0x45, 0x12, 0x4D, 0x67, 0x03, 0x60, /* F0900 */
	0x05, 0x3F, 0x67, 0x26, 0x3A, 0x01, 0x31, 0x60, 0x85, 0x48, 0x85, 0x17, 0xAE, 0x00, 0x23, 0x60, /* F0910 */
	0x05, 0x3F, 0x6D, 0x15, 0x2E, 0x00, 0x23, 0x60, 0x05, 0x3F, 0x32, 0x24, 0x2E, 0x03, 0x0C, 0x08, /* F0920 */
	0x6F, 0x4F, 0xA5, 0x16, 0xAC, 0x48, 0x4F, 0xFA, 0x58, 0xA5, 0x5A, 0x00, 0x07, 0x85, 0x17, 0xB2, /* F0930 */
	0x3E, 0x89, 0x4A, 0x65, 0x0A, 0x58, 0xD7, 0x02, 0x00, 0x85, 0x54, 0x14, 0x09, 0x2C, 0x01, 0xC1, /* F0940 */
	0x08, 0xA1, 0x24, 0x6F, 0x06, 0x2C, 0x49, 0x9E, 0xC1, 0x03, 0x8E, 0xA1, 0x02, 0x05, 0x29, 0x23, /* F0950 */
	0x34, 0x3D, 0x95, 0x4B, 0x09, 0x03, 0x4C, 0x00, 0x65, 0x25, 0x2E, 0x53, 0x6F, 0x02, 0x30, 0x00, /* F0960 */
	0x85, 0x14, 0xB2, 0x3C, 0xD2, 0x01, 0xC5, 0x60, 0x05, 0x3F, 0x0E, 0x27, 0x2C, 0x01, 0x31, 0x00, /* F0970 */
	0x05, 0x53, 0x61, 0x1E, 0x2C, 0x01, 0x35, 0x00, 0x85, 0x3F, 0x0E, 0x39, 0x23, 0x01, 0x30, 0x00, /* F0980 */
	0x41, 0x39, 0xB3, 0x3C, 0x72, 0x01, 0x0D, 0x69, 0x45, 0x51, 0x85, 0x06, 0x34, 0x49, 0x45, 0xAD, /* F0990 */
	0x51, 0x40, 0x02, 0x51, 0x00, 0x45, 0x39, 0x08, 0x49, 0xA4, 0x00, 0x0D, 0x00, 0xA9, 0x16, 0x12, /* F09A0 */
	0x06, 0x4E, 0x03, 0x31, 0x00, 0xAF, 0x50, 0x85, 0x12, 0x61, 0x01, 0x31, 0x06, 0x69, 0x16, 0x08, /* F09B0 */
	0x49, 0xA4, 0x48, 0x09, 0x2E, 0xC8, 0x14, 0x08, 0x8F, 0x17, 0x0D, 0x49, 0x29, 0x49, 0x1E, 0x6F, /* F09C0 */
	0x36, 0x40, 0x12, 0x01, 0x07, 0x45, 0x0D, 0x48, 0x3C, 0x2C, 0x48, 0x09, 0x2B, 0x3C, 0x2A, 0x04, /* F09D0 */
	0x00, 0x25, 0x27, 0xB3, 0x48, 0x81, 0x02, 0x31, 0x08, 0x09, 0x23, 0x65, 0x24, 0xA5, 0x49, 0x1E, /* F09E0 */
	0xC5, 0xF3, 0x4C, 0x89, 0x02, 0x08, 0x85, 0x53, 0xA1, 0x49, 0x61, 0x52, 0x92, 0x45, 0x53, 0x92, /* F09F0 */
	0x3F, 0x52, 0x0B, 0x05, 0x4B, 0x05, 0x51, 0x69, 0x3B, 0x52, 0x9E, 0x2D, 0x12, 0x75, 0x05, 0x33, /* F0A00 */
	0x30, 0x02, 0x07, 0x65, 0x12, 0xC5, 0x5A, 0xAF, 0x4D, 0x92, 0x3F, 0x12, 0x41, 0x86, 0x02, 0x00, /* F0A10 */
	0x25, 0x57, 0x0C, 0x51, 0x8F, 0x66, 0x05, 0x6A, 0x05, 0x3F, 0x8E, 0x27, 0x24, 0x49, 0x52, 0x1E, /* F0A20 */
	0x2D, 0x00, 0x4E, 0xA7, 0x44, 0x0F, 0x00, 0x25, 0x27, 0xB3, 0x48, 0x61, 0x52, 0x30, 0x00, 0xA5, /* F0A30 */
	0x48, 0x2F, 0x4B, 0x21, 0x14, 0x31, 0x00, 0xA5, 0x48, 0x8F, 0x43, 0x05, 0x53, 0x31, 0x00, 0x05, /* F0A40 */
	0x27, 0x14, 0x51, 0x69, 0x3B, 0x8C, 0x00, 0x48, 0x39, 0x0F, 0x17, 0x72, 0x4F, 0x30, 0x09, 0x8F, /* F0A50 */
	0x17, 0x0E, 0x32, 0x6F, 0x37, 0x12, 0x6F, 0xF2, 0x0E, 0x32, 0x88, 0x0D, 0x00, 0x15, 0x0A, 0x85, /* F0A60 */
	0x36, 0x41, 0x11, 0x31, 0x6A, 0x05, 0x57, 0x30, 0x49, 0xA1, 0x14, 0x12, 0x25, 0x77, 0x62, 0x00, /* F0A70 */
	0x48, 0x41, 0x04, 0x6A, 0x25, 0x24, 0x13, 0x3F, 0x36, 0x49, 0x52, 0x1E, 0x11, 0x7C, 0x23, 0xDB, /* F0A80 */
	0x56, 0x0F, 0x07, 0x85, 0x14, 0xB2, 0x3C, 0x89, 0x16, 0x92, 0x45, 0x7C, 0x54, 0xC7, 0x02, 0x60, /* F0A90 */
	0x05, 0x3F, 0x8D, 0x14, 0x8E, 0x17, 0x31, 0x00, 0x45, 0x27, 0x2E, 0x30, 0x69, 0x1E, 0x0C, 0x00, /* F0AA0 */
	0x25, 0x4A, 0x29, 0x17, 0x12, 0x51, 0x05, 0x31, 0x00, 0x85, 0x43, 0x89, 0x06, 0x74, 0x4B, 0x19, /* F0AB0 */
	0x05, 0x08, 0x65, 0x06, 0x89, 0x4F, 0x61, 0x0E, 0x45, 0x92, 0x39, 0x7C, 0xB3, 0x3B, 0x13, 0x00, /* F0AC0 */
	0x0F, 0x2F, 0x25, 0x16, 0x6C, 0x14, 0x12, 0xC5, 0x0C, 0x21, 0x24, 0x0F, 0x0D, 0x54, 0x59, 0x45, /* F0AD0 */
	0x72, 0x06, 0x04, 0x35, 0x77, 0x21, 0x5B, 0xF0, 0x16, 0x0C, 0xA5, 0x04, 0x4C, 0x05, 0x54, 0x3D, /* F0AE0 */
	0x4E, 0xF2, 0x50, 0x9E, 0xA1, 0x16, 0x1D, 0xC1, 0x03, 0x0E, 0x00, 0x05, 0x53, 0x61, 0x1E, 0x75, /* F0AF0 */
	0x04, 0x12, 0x70, 0x0C, 0x85, 0x27, 0xB3, 0x24, 0x56, 0x51, 0x59, 0x72, 0x16, 0xDA, 0x4C, 0x53, /* F0B00 */
	0x69, 0xF6, 0xD0, 0x05, 0x0C, 0x45, 0x51, 0x85, 0x06, 0x54, 0x3D, 0x4E, 0x12, 0x79, 0x69, 0x04, /* F0B10 */
	0x48, 0x1D, 0xC1, 0x03, 0x0E, 0x08, 0xA1, 0x50, 0x2C, 0x4D, 0x0E, 0x2D, 0x45, 0x82, 0xD1, 0x6C, /* F0B20 */
	0x33, 0x06, 0x0B, 0x00, 0x85, 0x17, 0xB2, 0x06, 0x54, 0x3D, 0x0E, 0x8C, 0x00, 0x05, 0x3F, 0x67, /* F0B30 */
	0x26, 0x54, 0x3D, 0x0E, 0x8C, 0x00, 0x85, 0x27, 0x67, 0x06, 0x54, 0x3D, 0x0E, 0x8C, 0x6B, 0x25, /* F0B40 */
	0x4D, 0x14, 0x09, 0x4C, 0x4D, 0x48, 0x72, 0x16, 0x7C, 0x53, 0x84, 0x02, 0xFC, 0xCC, 0x0D, 0x05, /* F0B50 */
	0x4B, 0x05, 0x51, 0x69, 0x3B, 0x61, 0x48, 0x9E, 0x25, 0x4B, 0x45, 0x0D, 0xCD, 0x00, 0x0E, 0xA8, /* F0B60 */
	0x00, 0xA1, 0x24, 0x46, 0x0D, 0xA1, 0x24, 0x6F, 0x02, 0x0C, 0x00, 0x61, 0x25, 0x46, 0x0D, 0xA1, /* F0B70 */
	0x24, 0x6F, 0x02, 0x0C, 0x00, 0x65, 0x04, 0x54, 0x59, 0x89, 0x53, 0x09, 0x03, 0x0C, 0x00, 0x25, /* F0B80 */
	0x27, 0xB3, 0x48, 0xA1, 0x24, 0x6F, 0x02, 0x8C, 0x00, 0x25, 0x27, 0x2D, 0x39, 0x14, 0x51, 0x69, /* F0B90 */
	0x3B, 0x0C, 0x00, 0x05, 0x3F, 0x6D, 0x15, 0x2E, 0x04, 0x54, 0x3D, 0x0E, 0x0C, 0x0E, 0x45, 0x04, /* F0BA0 */
	0x42, 0x31, 0xA9, 0x04, 0x54, 0x3D, 0x4E, 0x72, 0x16, 0x00, 0x72, 0xA6, 0xEA, 0x5C, 0x04, 0x33, /* F0BB0 */
	0x30, 0x02, 0x00, 0x85, 0x48, 0x85, 0x17, 0xAE, 0x04, 0x54, 0x3D, 0x0E, 0x0C, 0x00, 0x05, 0x3F, /* F0BC0 */
	0x6E, 0x06, 0x89, 0x4F, 0x61, 0x0E, 0x05, 0x30, 0x00, 0x05, 0x3F, 0x0E, 0x27, 0x4C, 0x05, 0x54, /* F0BD0 */
	0x3D, 0x0E, 0x9C, 0x02, 0x65, 0x03, 0x12, 0x4F, 0x33, 0x03, 0x02, 0x45, 0x03, 0x01, 0x12, 0x28, /* F0BE0 */
	0xCD, 0x05, 0x62, 0x25, 0x4D, 0x05, 0x62, 0xC1, 0x4D, 0x01, 0x63, 0xA5, 0x4C, 0x65, 0x04, 0x03, /* F0BF0 */
	0x6F, 0x4E, 0x36, 0x0E, 0x63, 0xA9, 0x4C, 0x69, 0x04, 0x63, 0xA1, 0x4C, 0x61, 0x04, 0x62, 0xA5, /* F0C00 */
	0x4F, 0x0F, 0x63, 0x4B, 0x4D, 0x0B, 0x05, 0x04, 0x80, 0x97, 0xD3, 0x6C, 0x02, 0x02, 0x61, 0x4F, /* F0C10 */
	0x26, 0x63, 0x41, 0x11, 0x93, 0x15, 0x00, 0x73, 0x6F, 0x15, 0xD3, 0x36, 0x01, 0x13, 0x15, 0x23, /* F0C20 */
	0xD3, 0x06, 0x03, 0x03, 0x61, 0x15, 0x13, 0x31, 0x01, 0x63, 0x29, 0x14, 0x13, 0x19, 0x00, 0x63, /* F0C30 */
	0x25, 0x35, 0x13, 0x35, 0x01, 0x62, 0x68, 0x5F, 0x33, 0x0F, 0x63, 0x8F, 0x52, 0x93, 0x57, 0x00, /* F0C40 */
	0x63, 0xC1, 0x4D, 0x93, 0x65, 0x02, 0x03, 0x6F, 0x1E, 0x93, 0xFF, 0x02, 0x02, 0x68, 0x17, 0xB3, /* F0C50 */
	0x02, 0x03, 0xAF, 0x31, 0x13, 0xAF, 0x02, 0x03, 0xAF, 0x41, 0x93, 0x42, 0x00, 0x60, 0x28, 0x11, /* F0C60 */
	0x03, 0x60, 0x30, 0x11, 0x03, 0x64, 0x17, 0x35, 0x53, 0x87, 0x35, 0x63, 0xAF, 0x3B, 0x13, 0x3F, /* F0C70 */
	0x02, 0x04, 0x17, 0x39, 0x53, 0xB7, 0x3B, 0x63, 0xAF, 0x49, 0x93, 0x76, 0x03, 0x62, 0x08, 0x21, /* F0C80 */
	0xB3, 0x0F, 0x02, 0x28, 0x05, 0x33, 0x01, 0x04, 0x81, 0x06, 0x93, 0x4B, 0x02, 0x03, 0x05, 0x39, /* F0C90 */
	0xF3, 0x37, 0x02, 0x05, 0x39, 0x11, 0x13, 0x79, 0x95, 0x04, 0x02, 0x05, 0x65, 0x13, 0x05, 0x00, /* F0CA0 */
	0x2C, 0x11, 0x03, 0x04, 0x14, 0x51, 0x45, 0x53, 0x04, 0x14, 0x04, 0x54, 0x31, 0x4C, 0x53, 0xA4, /* F0CB0 */
	0x0C, 0x54, 0x69, 0x0E, 0x45, 0xA3, 0x39, 0x13, 0x04, 0x0D, 0x31, 0x4C, 0x33, 0xDD, 0x0C, 0x65, /* F0CC0 */
	0xB4, 0x11, 0x59, 0x53, 0xD8, 0x04, 0x05, 0x65, 0x14, 0x39, 0x44, 0x53, 0x84, 0x0E, 0x04, 0x64, /* F0CD0 */
	0x14, 0x49, 0x54, 0x53, 0xC8, 0x14, 0x33, 0x08, 0x31, 0xCC, 0x83, 0x31, 0x04, 0xA5, 0x16, 0x4E, /* F0CE0 */
	0x93, 0x59, 0x2E, 0x03, 0x74, 0x4B, 0x45, 0x53, 0x9C, 0x04, 0x8F, 0x4A, 0x59, 0xC3, 0x4A, 0x05, /* F0CF0 */
	0x03, 0x68, 0x17, 0xD3, 0x83, 0x6A, 0x04, 0x35, 0x07, 0xD2, 0xD3, 0x1D, 0x1F, 0x04, 0x55, 0x51, /* F0D00 */
	0x45, 0x53, 0x17, 0x14, 0x63, 0x45, 0x69, 0x45, 0x13, 0x69, 0x64, 0x37, 0x05, 0x54, 0x53, 0x97, /* F0D10 */
	0x14, 0x05, 0x61, 0x14, 0x4D, 0x03, 0x31, 0x3C, 0x0D, 0x05, 0x85, 0x56, 0x4D, 0x83, 0x48, 0x00, /* F0D20 */
	0x0D, 0x04, 0x61, 0x14, 0x53, 0x03, 0xA9, 0x1A, 0x63, 0x68, 0x5B, 0xC5, 0xD3, 0x5A, 0x04, 0x34, /* F0D30 */
	0x05, 0x4B, 0x53, 0x04, 0x0B, 0x60, 0xA5, 0x16, 0x12, 0x0C, 0x64, 0x63, 0x57, 0x52, 0x23, 0x9B, /* F0D40 */
	0x1F, 0x00, 0xA1, 0x3E, 0x19, 0x03, 0x00, 0x25, 0x04, 0x0E, 0x03, 0x00, 0xA5, 0x17, 0x12, 0x0C, /* F0D50 */
	0x05, 0x69, 0x3D, 0x4E, 0x23, 0x35, 0x00, 0x0E, 0x03, 0x77, 0x4B, 0x44, 0x93, 0x13, 0x02, 0x69, /* F0D60 */
	0x57, 0x58, 0x83, 0x02, 0x03, 0x65, 0x57, 0x4C, 0x33, 0xAB, 0x03, 0x61, 0x30, 0x45, 0x83, 0xA9, /* F0D70 */
	0x05, 0x6F, 0x3C, 0x4E, 0x33, 0x33, 0x00, 0x0E, 0x04, 0x08, 0x49, 0xC9, 0xA3, 0x4B, 0x05, 0x00, /* F0D80 */
	0xA1, 0x15, 0x12, 0x0C, 0x06, 0x4F, 0x24, 0x4F, 0x33, 0x23, 0x1D, 0x39, 0x03, 0x05, 0x6F, 0x2A, /* F0D90 */
	0x41, 0x33, 0x3B, 0x19, 0x00, 0x00, 0x61, 0x3C, 0x0E, 0x03, 0x05, 0x69, 0x3C, 0x53, 0x23, 0x31, /* F0DA0 */
	0x4F, 0x0A, 0x04, 0x61, 0x25, 0x52, 0x03, 0x34, 0x20, 0x04, 0x69, 0x06, 0x49, 0x23, 0x39, 0x09, /* F0DB0 */
	0x04, 0x6F, 0x3A, 0x59, 0xD3, 0x3A, 0x05, 0x06, 0x29, 0x39, 0x41, 0x13, 0x75, 0x25, 0x0E, 0x00, /* F0DC0 */
	0x05, 0x75, 0x3E, 0x4C, 0x03, 0x38, 0x8F, 0x0A, 0xC3, 0x68, 0x57, 0x2C, 0xCC, 0x35, 0x04, 0x04, /* F0DD0 */
	0x43, 0x3C, 0x6F, 0x4C, 0x8B, 0x32, 0x00, 0x06, 0x99, 0x53, 0x65, 0x4D, 0x69, 0x53, 0x00, 0x0D, /* F0DE0 */
	0x05, 0x0F, 0x27, 0x61, 0x4C, 0xCF, 0x03, 0x30, 0x06, 0x05, 0x3F, 0x2E, 0x4C, 0x25, 0x0B, 0x38, /* F0DF0 */
	0x04, 0x65, 0x95, 0x40, 0xCC, 0x4D, 0x40, 0x30, 0x24, 0x03, 0x05, 0x49, 0x43, 0x4C, 0x1F, 0x03, /* F0E00 */
	0x06, 0xAF, 0x26, 0xA5, 0x4C, 0x4F, 0x16, 0xF1, 0x14, 0x06, 0x05, 0x4B, 0xA5, 0x4C, 0x05, 0x4B, /* F0E10 */
	0x02, 0x14, 0x60, 0x65, 0x14, 0xA3, 0x00, 0x03, 0x06, 0x14, 0x51, 0x95, 0x4F, 0x94, 0x51, 0x00, /* F0E20 */
	0x13, 0x06, 0x14, 0x51, 0x95, 0x4F, 0x14, 0x51, 0x00, 0x13, 0x65, 0x90, 0x16, 0x21, 0x4C, 0x42, /* F0E30 */
	0x92, 0x11, 0x05, 0x65, 0x06, 0x34, 0x4D, 0x25, 0x0E, 0x50, 0x05, 0x21, 0x16, 0xD4, 0x4D, 0x01, /* F0E40 */
	0x56, 0x14, 0x04, 0x6D, 0x3F, 0x54, 0x4C, 0x8D, 0xE2, 0x00, 0x06, 0x01, 0x4B, 0x25, 0x4C, 0x01, /* F0E50 */
	0x4B, 0xF2, 0x04, 0x05, 0x61, 0x24, 0x2E, 0x4D, 0x01, 0x1C, 0x39, 0x60, 0x55, 0x51, 0x25, 0x00, /* F0E60 */
	0x0C, 0x60, 0x05, 0x57, 0x32, 0x01, 0x03, 0x04, 0x15, 0x52, 0x2C, 0x4D, 0xF6, 0xB4, 0x00, 0x04, /* F0E70 */
	0x03, 0x49, 0x23, 0x4D, 0x8B, 0x4B, 0x03, 0x05, 0x15, 0x56, 0x12, 0x4E, 0x36, 0x72, 0x0B, 0x06, /* F0E80 */
	0x05, 0x07, 0xAE, 0x4C, 0x05, 0x0B, 0x38, 0x14, 0x03, 0x68, 0x5F, 0x85, 0xCE, 0x66, 0x0F, 0x00, /* F0E90 */
	0x75, 0x4E, 0xA5, 0x00, 0x0D, 0x00, 0x95, 0x14, 0x12, 0x02, 0x07, 0x00, 0x48, 0x59, 0x85, 0x02, /* F0EA0 */
	0x0C, 0x05, 0x95, 0x5A, 0xC5, 0x4D, 0x76, 0x52, 0x06, 0x64, 0x95, 0x5A, 0xC5, 0x4D, 0x5F, 0x06, /* F0EB0 */
	0x01, 0x00, 0xA1, 0x24, 0x32, 0x01, 0x0D, 0x05, 0x23, 0x39, 0x09, 0x4F, 0x05, 0xFE, 0x2C, 0x06, /* F0EC0 */
	0x85, 0x07, 0x2D, 0x4D, 0x65, 0x03, 0x34, 0x05, 0x65, 0x4B, 0x25, 0x2E, 0x4F, 0x0B, 0xF5, 0xF8, /* F0ED0 */
	0x64, 0x2F, 0x52, 0x65, 0x4E, 0x2F, 0xB6, 0x02, 0x05, 0x15, 0x5E, 0xC1, 0x4D, 0x36, 0x52, 0x07, /* F0EE0 */
	0xF5, 0x15, 0x52, 0xCC, 0x4D, 0xF6, 0xB4, 0x14, 0x05, 0x70, 0x3B, 0x27, 0x4D, 0xD0, 0x36, 0x2A, /* F0EF0 */
	0x04, 0x8F, 0x4A, 0xAF, 0x4F, 0x72, 0x32, 0x03, 0x06, 0x14, 0x31, 0x69, 0x4E, 0x94, 0xAF, 0xF2, /* F0F00 */
	0x0E, 0x06, 0x14, 0x51, 0x65, 0x4E, 0x94, 0xC1, 0x01, 0x0E, 0x05, 0x37, 0x05, 0xD4, 0x4D, 0x97, /* F0F10 */
	0xD5, 0x14, 0x06, 0x61, 0x24, 0x16, 0x4D, 0x00, 0x2C, 0x59, 0x00, 0x60, 0x61, 0x54, 0x34, 0x01, /* F0F20 */
	0x03, 0x05, 0xB4, 0x0D, 0x63, 0x4F, 0xD4, 0x26, 0x3F, 0x04, 0x6F, 0x10, 0x85, 0x4E, 0x2F, 0x74, /* F0F30 */
	0x03, 0x06, 0x0C, 0x59, 0x09, 0x4F, 0x8C, 0x5F, 0xF2, 0x0B, 0x00, 0x4C, 0x59, 0x85, 0x02, 0x0C, /* F0F40 */
	0x06, 0x85, 0x55, 0x65, 0x4C, 0x05, 0x5B, 0x03, 0x2A, 0x04, 0x29, 0x3B, 0x85, 0x4E, 0x09, 0x7E, /* F0F50 */
	0x03, 0x04, 0x70, 0x57, 0x33, 0x4D, 0x90, 0x46, 0x03, 0x00, 0x65, 0x16, 0x03, 0x01, 0x30, 0x03, /* F0F60 */
	0xA1, 0x67, 0x85, 0x4E, 0x79, 0x0F, 0x04, 0xA5, 0x07, 0x32, 0x4C, 0x62, 0x1F, 0x00, 0x00, 0x95, /* F0F70 */
	0x4F, 0xC5, 0x00, 0x0C, 0x05, 0x61, 0x34, 0x6F, 0x4E, 0x21, 0x0D, 0x38, 0x00, 0x75, 0x39, 0x85, /* F0F80 */
	0x02, 0x0C, 0x06, 0x0C, 0x51, 0x6F, 0x4E, 0x0C, 0x51, 0x00, 0x0E, 0x07, 0x15, 0x49, 0xC5, 0x4E, /* F0F90 */
	0x97, 0x4F, 0x76, 0x65, 0x0A, 0x05, 0x50, 0x59, 0xC5, 0x4D, 0x90, 0x59, 0x16, 0x00, 0x69, 0x3D, /* F0FA0 */
	0x2E, 0x01, 0x03, 0x06, 0x41, 0x04, 0x12, 0x4D, 0x00, 0xA8, 0x4B, 0x00, 0x06, 0x85, 0x1E, 0x69, /* F0FB0 */
	0x4F, 0x5D, 0x2F, 0x16, 0x0F, 0x06, 0x6C, 0x0F, 0x75, 0x4D, 0x0C, 0x2F, 0x03, 0x0D, 0x05, 0x34, /* F0FC0 */
	0x1D, 0x85, 0x4E, 0x14, 0x15, 0x7F, 0x03, 0x74, 0x57, 0x47, 0x4C, 0x14, 0x0F, 0x06, 0x19, 0x4A, /* F0FD0 */
	0x6F, 0x4E, 0x09, 0x42, 0xBE, 0x0E, 0x00, 0x15, 0x06, 0xB2, 0x01, 0x31, 0x04, 0x48, 0x31, 0x4F, /* F0FE0 */
	0xCC, 0x09, 0x3C, 0x03, 0x07, 0x29, 0x4D, 0x14, 0x4D, 0x45, 0x9D, 0x4D, 0x14, 0x00, 0x05, 0x29, /* F0FF0 */
	0x35, 0x65, 0x4E, 0x05, 0xFD, 0x38, 0x04, 0x05, 0x1D, 0x85, 0x4E, 0x05, 0x77, 0x03, 0x00, 0x95, /* F1000 */
	0x4A, 0xC5, 0x01, 0x0D, 0x05, 0x05, 0x39, 0x23, 0x4D, 0x81, 0x3F, 0x4E, 0x05, 0x85, 0x5A, 0x09, /* F1010 */
	0x17, 0x53, 0x5F, 0xF2, 0x13, 0x76, 0xA5, 0x16, 0x12, 0x31, 0x93, 0x55, 0x4A, 0xBC, 0x0A, 0x05, /* F1020 */
	0x30, 0x0D, 0x09, 0x31, 0x53, 0x90, 0xCD, 0x2C, 0x09, 0x15, 0x2A, 0x05, 0x53, 0x53, 0xDD, 0x0A, /* F1030 */
	0xCA, 0x9A, 0x2D, 0x14, 0x60, 0x15, 0x2A, 0x05, 0x53, 0x03, 0x60, 0x35, 0x1F, 0x85, 0x53, 0x03, /* F1040 */
	0x05, 0x6F, 0x10, 0x29, 0x49, 0x13, 0xAF, 0x2A, 0x1F, 0x16, 0x6F, 0x15, 0x6F, 0x16, 0xD3, 0x36, /* F1050 */
	0x5D, 0x36, 0x0E, 0xF5, 0x6F, 0x15, 0x68, 0x5F, 0xD3, 0x36, 0x21, 0x26, 0x06, 0x74, 0x37, 0x01, /* F1060 */
	0x23, 0x53, 0xD4, 0x36, 0x00, 0x0B, 0x07, 0x0C, 0x59, 0x85, 0x66, 0x13, 0x0C, 0x59, 0x5F, 0x12, /* F1070 */
	0x01, 0x08, 0x54, 0x35, 0x75, 0x24, 0x53, 0xA4, 0x35, 0x19, 0x30, 0x14, 0x00, 0x25, 0x37, 0x65, /* F1080 */
	0x52, 0x0C, 0x60, 0x25, 0x37, 0x65, 0x52, 0x07, 0x00, 0x28, 0x49, 0x0D, 0x39, 0x0C, 0x05, 0x43, /* F1090 */
	0x3C, 0x0C, 0x49, 0x13, 0xBB, 0xAB, 0x1F, 0x00, 0x75, 0x35, 0x81, 0x66, 0x31, 0x60, 0x95, 0x43, /* F10A0 */
	0x05, 0x53, 0x03, 0x00, 0x95, 0x43, 0x05, 0x53, 0x0D, 0x06, 0x55, 0x0D, 0x29, 0x14, 0x93, 0xF2, /* F10B0 */
	0x4C, 0x09, 0x04, 0x06, 0x34, 0x41, 0x28, 0x39, 0x53, 0x14, 0x59, 0x3C, 0x0E, 0x67, 0xA1, 0x24, /* F10C0 */
	0x33, 0x66, 0x93, 0x51, 0xF0, 0x13, 0x26, 0x01, 0x06, 0x23, 0x39, 0x85, 0x66, 0x13, 0x35, 0x7E, /* F10D0 */
	0x12, 0x05, 0x07, 0x6F, 0x54, 0x62, 0x14, 0x93, 0xAF, 0x66, 0x00, 0xB2, 0x00, 0x05, 0x14, 0x51, /* F10E0 */
	0x95, 0x16, 0x53, 0x84, 0x0D, 0x1F, 0x06, 0x14, 0x51, 0xB5, 0x14, 0x53, 0x84, 0x0D, 0x62, 0x04, /* F10F0 */
	0x06, 0x75, 0x4A, 0x89, 0x17, 0xD3, 0x36, 0x4A, 0x49, 0x0A, 0x06, 0x77, 0x33, 0x2C, 0x39, 0x53, /* F1100 */
	0x37, 0xAB, 0x3C, 0x0E, 0x07, 0x05, 0x4B, 0x05, 0x67, 0x13, 0x25, 0x4B, 0x7C, 0x13, 0x01, 0x07, /* F1110 */
	0x6F, 0x3C, 0x89, 0x53, 0x13, 0x3F, 0x3C, 0x7C, 0x53, 0x00, 0x07, 0xD4, 0x49, 0x65, 0x16, 0x53, /* F1120 */
	0x24, 0x49, 0x1D, 0x35, 0x02, 0x06, 0x37, 0x11, 0x89, 0x23, 0x53, 0x17, 0x11, 0xFC, 0x03, 0x08, /* F1130 */
	0x09, 0x16, 0x52, 0x05, 0x13, 0x09, 0x76, 0x60, 0x12, 0x01, 0x05, 0xCF, 0x09, 0x05, 0x39, 0xD3, /* F1140 */
	0x09, 0x16, 0x0E, 0x60, 0x6F, 0x24, 0x43, 0x51, 0x0C, 0x00, 0x35, 0x1A, 0x09, 0x17, 0x03, 0x05, /* F1150 */
	0xA1, 0x4D, 0x21, 0x17, 0xD3, 0x47, 0xF3, 0x0A, 0x05, 0x4F, 0x3E, 0x95, 0x3A, 0x13, 0x2F, 0x7E, /* F1160 */
	0x0E, 0x00, 0x35, 0x1A, 0x95, 0x17, 0x03, 0x00, 0x65, 0x25, 0x54, 0x0D, 0x0C, 0x00, 0x15, 0x4E, /* F1170 */
	0x29, 0x64, 0x31, 0x00, 0x95, 0x3A, 0x61, 0x15, 0x0D, 0x06, 0x50, 0x39, 0x01, 0x23, 0x53, 0xA0, /* F1180 */
	0x39, 0x3C, 0x03, 0x08, 0xD4, 0x31, 0x89, 0x53, 0x53, 0x24, 0x01, 0xEA, 0x4C, 0x53, 0x00, 0x15, /* F1190 */
	0x4E, 0x29, 0x14, 0x03, 0x06, 0x05, 0x51, 0x74, 0x14, 0x13, 0x75, 0x85, 0xB4, 0x0C, 0x07, 0x70, /* F11A0 */
	0x2F, 0x61, 0x16, 0x53, 0x30, 0x2F, 0x9D, 0x31, 0x02, 0x07, 0x61, 0x24, 0x0E, 0x4D, 0x13, 0x30, /* F11B0 */
	0x14, 0x0E, 0x40, 0x03, 0x06, 0x21, 0x27, 0x0E, 0x5D, 0x93, 0x11, 0xF3, 0xCE, 0x07, 0x04, 0x08, /* F11C0 */
	0x19, 0x26, 0x49, 0x33, 0x11, 0x7E, 0x04, 0xC5, 0x35, 0xAF, 0x49, 0x13, 0x35, 0x9D, 0x05, 0x94, /* F11D0 */
	0x06, 0x95, 0x4F, 0x53, 0x44, 0x9A, 0x13, 0x06, 0x74, 0x5B, 0x61, 0x30, 0x53, 0x34, 0x5B, 0x80, /* F11E0 */
	0x0A, 0x05, 0x0D, 0x31, 0x2C, 0x65, 0x13, 0xDD, 0x33, 0x05, 0x00, 0x08, 0x5D, 0x2E, 0x15, 0x0D, /* F11F0 */
	0x04, 0x28, 0x15, 0x08, 0x39, 0x33, 0x05, 0x38, 0x06, 0x63, 0x5B, 0x69, 0x30, 0x13, 0x3B, 0x5B, /* F1200 */
	0xBC, 0x0A, 0x00, 0x99, 0x26, 0x2E, 0x17, 0x03, 0x06, 0x17, 0x39, 0x33, 0x05, 0x53, 0xB7, 0x3B, /* F1210 */
	0x13, 0x05, 0x06, 0x85, 0x55, 0x4F, 0x05, 0xD3, 0x2C, 0x5F, 0x39, 0x00, 0x00, 0xA5, 0x26, 0x6C, /* F1220 */
	0x14, 0x03, 0x00, 0x35, 0x1A, 0x6F, 0x2C, 0x0C, 0x05, 0xA1, 0x26, 0xAF, 0x49, 0x13, 0x51, 0x66, /* F1230 */
	0x1F, 0x05, 0xAF, 0x51, 0x28, 0x49, 0x4E, 0xD3, 0xE2, 0x1F, 0x0E, 0x06, 0x6F, 0x15, 0x57, 0x04, /* F1240 */
	0x54, 0xD3, 0x36, 0xD7, 0x56, 0x00, 0x00, 0x95, 0x42, 0x52, 0x4D, 0x05, 0x03, 0x00, 0x68, 0x57, /* F1250 */
	0x2C, 0x14, 0x12, 0x0C, 0x07, 0x94, 0x06, 0x2E, 0x17, 0x52, 0x53, 0x48, 0x01, 0x2E, 0x7E, 0x06, /* F1260 */
	0xA1, 0x54, 0x32, 0x04, 0x59, 0x83, 0xD1, 0x1F, 0x04, 0x01, 0x60, 0x85, 0x04, 0x12, 0x51, 0x05, /* F1270 */
	0x31, 0x00, 0x85, 0x04, 0x12, 0x51, 0x05, 0x30, 0x07, 0x65, 0x52, 0x65, 0x0E, 0x45, 0x73, 0x95, /* F1280 */
	0xCE, 0xB1, 0x4E, 0x07, 0x94, 0x3E, 0x2E, 0x17, 0x52, 0x53, 0x48, 0xEF, 0x1E, 0x7F, 0x07, 0x85, /* F1290 */
	0x55, 0x65, 0x0E, 0x45, 0x13, 0x2D, 0xD7, 0x3C, 0x4E, 0x17, 0x6F, 0x15, 0x62, 0x13, 0x59, 0xD3, /* F12A0 */
	0x36, 0xC2, 0x16, 0x14, 0x06, 0x43, 0x14, 0xA4, 0x31, 0x45, 0x23, 0x97, 0x0A, 0xA0, 0x02, 0x00, /* F12B0 */
	0x30, 0x0D, 0x69, 0x15, 0x0E, 0x30, 0x06, 0x85, 0x1E, 0x05, 0x39, 0x54, 0xC3, 0x2A, 0x00, 0x5E, /* F12C0 */
	0x00, 0x00, 0x55, 0x51, 0x03, 0x4D, 0x05, 0x0D, 0x00, 0xB4, 0x09, 0x62, 0x4B, 0x0E, 0x0C, 0x00, /* F12D0 */
	0x74, 0x0F, 0x0B, 0x11, 0x05, 0x07, 0x00, 0x65, 0x15, 0xB3, 0x14, 0x12, 0x0D, 0x00, 0x15, 0x4E, /* F12E0 */
	0x10, 0x0D, 0x05, 0x0D, 0x00, 0x75, 0x4E, 0x48, 0x39, 0x05, 0x0D, 0x08, 0x74, 0x27, 0x43, 0x4D, /* F12F0 */
	0x4D, 0x53, 0x3C, 0x7C, 0xA3, 0x69, 0x2D, 0x08, 0x35, 0x1A, 0x95, 0x17, 0x53, 0x03, 0x18, 0x99, /* F1300 */
	0x62, 0xF2, 0x1A, 0x06, 0x15, 0x52, 0x2C, 0x51, 0x59, 0xD3, 0xD2, 0x6C, 0x14, 0x01, 0x00, 0x68, /* F1310 */
	0x5F, 0x03, 0x4D, 0x05, 0x0D, 0x08, 0x2B, 0x31, 0xA5, 0x3C, 0x4E, 0x23, 0x97, 0x2A, 0x50, 0x00, /* F1320 */
	0x0E, 0x08, 0x99, 0x06, 0xA3, 0x4D, 0x45, 0x83, 0x48, 0x00, 0x6B, 0x89, 0x13, 0x0A, 0x61, 0x52, /* F1330 */
	0x09, 0x1D, 0x4F, 0x73, 0xBE, 0x4E, 0x14, 0x75, 0x2F, 0x37, 0x03, 0x05, 0x08, 0x39, 0x47, 0x04, /* F1340 */
	0xC9, 0x83, 0xF9, 0x08, 0x09, 0x05, 0x28, 0x41, 0x28, 0x49, 0xC4, 0x93, 0x41, 0x1F, 0x04, 0x07, /* F1350 */
	0x6F, 0x15, 0x92, 0x17, 0x54, 0xD3, 0x36, 0x5F, 0x93, 0x51, 0x05, 0x68, 0x17, 0x0D, 0x2D, 0xC5, /* F1360 */
	0x83, 0x36, 0x01, 0x0B, 0x00, 0x69, 0x0E, 0x0C, 0x25, 0x12, 0x03, 0x05, 0x43, 0x54, 0xB3, 0x14, /* F1370 */
	0xD2, 0x83, 0x4E, 0x54, 0x0F, 0x00, 0x61, 0x58, 0x21, 0x3C, 0x12, 0x31, 0x05, 0xAF, 0x51, 0x08, /* F1380 */
	0x49, 0x44, 0x93, 0x62, 0x1F, 0x04, 0x07, 0x43, 0x51, 0x15, 0x51, 0x45, 0x23, 0xA7, 0x83, 0x02, /* F1390 */
	0x50, 0x07, 0xAF, 0x59, 0x65, 0x26, 0x52, 0x73, 0x8A, 0xD6, 0x3C, 0x82, 0x06, 0x68, 0x5F, 0x72, /* F13A0 */
	0x3F, 0xCD, 0x33, 0x4B, 0x9E, 0x32, 0x01, 0x00, 0x57, 0x39, 0x64, 0x14, 0x12, 0x0C, 0x05, 0x28, /* F13B0 */
	0x41, 0x08, 0x49, 0xC4, 0x93, 0x41, 0x1F, 0x04, 0x07, 0x23, 0x39, 0x81, 0x26, 0x4F, 0xF3, 0x38, /* F13C0 */
	0x6B, 0x12, 0x3D, 0x07, 0x29, 0x14, 0x17, 0x31, 0x4B, 0x73, 0x25, 0x44, 0xD7, 0x2F, 0x76, 0x6F, /* F13D0 */
	0x15, 0x54, 0x24, 0x2E, 0x4F, 0x36, 0x6D, 0xA4, 0x3E, 0x00, 0x85, 0x50, 0x65, 0x09, 0x85, 0x02, /* F13E0 */
	0x1D, 0x00, 0x15, 0x4E, 0x14, 0x39, 0x23, 0x01, 0x0C, 0x08, 0x43, 0x15, 0xAE, 0x24, 0xB3, 0x4C, /* F13F0 */
	0xC9, 0x3C, 0x52, 0x69, 0x53, 0x00, 0x00, 0x01, 0x4B, 0x29, 0x26, 0x23, 0x01, 0x31, 0x06, 0xAF, /* F1400 */
	0x16, 0x32, 0x25, 0x67, 0x4E, 0x6F, 0x46, 0xF2, 0x0E, 0x08, 0xA5, 0x16, 0xAE, 0x14, 0x65, 0x4E, /* F1410 */
	0x65, 0x06, 0x38, 0x14, 0x35, 0x02, 0x09, 0x94, 0x06, 0x34, 0x1D, 0x09, 0x4F, 0x54, 0x02, 0x50, /* F1420 */
	0x05, 0xFA, 0x2C, 0x09, 0x94, 0x3E, 0x2E, 0x17, 0xB3, 0x4C, 0x54, 0xB2, 0xFB, 0xC7, 0x4C, 0x53, /* F1430 */
	0x00, 0xAF, 0x51, 0xA8, 0x17, 0xB3, 0x00, 0x0D, 0x00, 0x14, 0x25, 0x12, 0x07, 0x33, 0x01, 0x0D, /* F1440 */
	0x09, 0x94, 0x06, 0x2E, 0x17, 0xB3, 0x4C, 0x54, 0x02, 0x39, 0xCA, 0x4C, 0x53, 0x00, 0xA1, 0x14, /* F1450 */
	0x6C, 0x24, 0x34, 0x01, 0x31, 0x00, 0x68, 0x4B, 0x94, 0x53, 0x8F, 0x00, 0x0D, 0x00, 0x50, 0x49, /* F1460 */
	0xA9, 0x54, 0x61, 0x00, 0xC4, 0x00, 0x79, 0x12, 0x09, 0x07, 0x34, 0x01, 0x30, 0x60, 0x79, 0x12, /* F1470 */
	0x09, 0x07, 0x34, 0x01, 0x31, 0x08, 0x05, 0x4B, 0xA5, 0x24, 0x36, 0x4D, 0x05, 0x4B, 0xF2, 0xF4, /* F1480 */
	0x5C, 0x02, 0x68, 0x14, 0x09, 0x69, 0x24, 0x3A, 0x4D, 0x14, 0x01, 0x02, 0x0C, 0x69, 0x02, 0x07, /* F1490 */
	0x61, 0x24, 0x13, 0x56, 0xD2, 0x4D, 0xB7, 0x6A, 0x0A, 0x2B, 0x05, 0x00, 0x95, 0x48, 0x65, 0x05, /* F14A0 */
	0xC3, 0x01, 0x71, 0x60, 0x15, 0x4E, 0x29, 0x24, 0x3A, 0x01, 0x31, 0x00, 0x6E, 0x5F, 0xB3, 0x3C, /* F14B0 */
	0x72, 0x01, 0x0D, 0x00, 0x79, 0x58, 0x85, 0x53, 0x85, 0x02, 0x0C, 0x06, 0x43, 0x3C, 0x46, 0x15, /* F14C0 */
	0x2C, 0xCC, 0x0F, 0x16, 0xA9, 0x04, 0x06, 0x74, 0x4B, 0x85, 0x3E, 0x6F, 0x4D, 0x94, 0x47, 0x8A, /* F14D0 */
	0x0D, 0x05, 0x43, 0x48, 0x45, 0x09, 0x85, 0xCE, 0x12, 0x09, 0x7E, 0x08, 0x6E, 0x13, 0x87, 0x06, /* F14E0 */
	0x93, 0x4F, 0x8E, 0x1F, 0x1C, 0x92, 0x41, 0x03, 0x00, 0x61, 0x12, 0x62, 0x04, 0xB3, 0x00, 0x0D, /* F14F0 */
	0x09, 0x4C, 0x41, 0x63, 0x5B, 0x85, 0x4E, 0x8C, 0x49, 0x2C, 0xDE, 0x56, 0x7E, 0x08, 0xAF, 0x51, /* F1500 */
	0x08, 0x59, 0x65, 0x4E, 0x66, 0x28, 0x04, 0xD6, 0x3C, 0x02, 0x07, 0xB4, 0x51, 0x34, 0x07, 0xB2, /* F1510 */
	0x4C, 0xD4, 0x55, 0x1C, 0x72, 0x04, 0x00, 0x43, 0x24, 0x2E, 0x30, 0x85, 0x02, 0x0C, 0x00, 0x69, /* F1520 */
	0x58, 0x85, 0x53, 0x85, 0x02, 0x0C, 0x07, 0x74, 0x3B, 0xA5, 0x07, 0x6C, 0x4C, 0x14, 0x3F, 0x5E, /* F1530 */
	0xB7, 0x0A, 0xF8, 0x85, 0x04, 0x12, 0x51, 0x65, 0x64, 0x93, 0x45, 0x48, 0x40, 0x34, 0x14, 0x0A, /* F1540 */
	0x43, 0x15, 0xAE, 0x24, 0x46, 0x0D, 0x53, 0x2E, 0x01, 0x4E, 0xA4, 0x19, 0x3C, 0x0B, 0x00, 0x15, /* F1550 */
	0x4E, 0x05, 0x53, 0x69, 0x3B, 0x34, 0x09, 0x34, 0x49, 0x65, 0x53, 0x99, 0x14, 0x53, 0xA4, 0x4B, /* F1560 */
	0x05, 0x5F, 0x24, 0x10, 0x09, 0x43, 0x3C, 0x0C, 0x4D, 0x54, 0x0D, 0x13, 0x0B, 0x30, 0x61, 0x53, /* F1570 */
	0xF0, 0x0B, 0x08, 0x15, 0x4A, 0xAF, 0x51, 0x69, 0x16, 0xD3, 0x06, 0x4A, 0x62, 0x14, 0x39, 0x08, /* F1580 */
	0x69, 0x20, 0xAF, 0x15, 0xB4, 0x14, 0x53, 0xAE, 0xA9, 0x40, 0x97, 0x51, 0x09, 0x10, 0x0D, 0x05, /* F1590 */
	0x4B, 0x21, 0x52, 0x53, 0x00, 0x4D, 0x4B, 0x82, 0x19, 0x14, 0x09, 0x14, 0x51, 0x69, 0x3B, 0x85, /* F15A0 */
	0x66, 0x53, 0x04, 0xCD, 0x00, 0xAE, 0x4B, 0x05, 0x08, 0xB5, 0x20, 0x85, 0x32, 0x61, 0x12, 0xD3, /* F15B0 */
	0xE6, 0x7C, 0x0C, 0x30, 0x12, 0x05, 0x28, 0x49, 0x62, 0x57, 0x72, 0x16, 0xB3, 0x0B, 0x9E, 0x0E, /* F15C0 */
	0x09, 0x28, 0x39, 0x61, 0x12, 0x0F, 0x21, 0x73, 0x9E, 0x39, 0x00, 0x1E, 0x3C, 0x00, 0x00, 0x75, /* F15D0 */
	0x12, 0xB3, 0x48, 0x61, 0x12, 0x0D, 0x0A, 0xA5, 0x16, 0xAE, 0x14, 0x65, 0x52, 0x48, 0x73, 0x96, /* F15E0 */
	0xD6, 0x3C, 0x52, 0x05, 0x6E, 0x00, 0x06, 0x08, 0x2D, 0x85, 0x43, 0x05, 0x49, 0xC5, 0x03, 0x2D, /* F15F0 */
	0x53, 0x80, 0x00, 0x00, 0x70, 0x3B, 0x14, 0x39, 0x65, 0x57, 0x13, 0x74, 0x0C, 0x70, 0x3B, 0x14, /* F1600 */
	0x39, 0x45, 0x51, 0x59, 0x43, 0x78, 0x2F, 0x5E, 0x00, 0x0E, 0xF1, 0xD0, 0x05, 0x60, 0x95, 0x14, /* F1610 */
	0x52, 0x35, 0x70, 0x4F, 0x05, 0x83, 0x08, 0x95, 0x5A, 0x45, 0x31, 0x0C, 0x39, 0x54, 0x73, 0x5B, /* F1620 */
	0x81, 0x0A, 0x38, 0x14, 0x00, 0x15, 0x3E, 0x32, 0x24, 0x0E, 0x51, 0x05, 0x30, 0x60, 0x15, 0x3E, /* F1630 */
	0x32, 0x24, 0x0E, 0x51, 0x05, 0x31, 0x00, 0x95, 0x14, 0x32, 0x32, 0x75, 0x57, 0x13, 0x34, 0x00, /* F1640 */
	0x95, 0x14, 0x72, 0x04, 0x54, 0x59, 0x05, 0x30, 0x08, 0x90, 0x16, 0x21, 0x4C, 0x28, 0x15, 0x54, /* F1650 */
	0x43, 0x48, 0x25, 0xC4, 0x17, 0x14, 0x0A, 0x43, 0x14, 0x2E, 0x0D, 0x14, 0x11, 0x59, 0x23, 0x03, /* F1660 */
	0x8E, 0x25, 0x53, 0x00, 0x14, 0x01, 0x0B, 0xD4, 0x31, 0xC9, 0x06, 0x54, 0x3D, 0x4E, 0x53, 0x78, /* F1670 */
	0x89, 0xFA, 0x68, 0xC1, 0x03, 0x38, 0x00, 0xAF, 0x51, 0x08, 0x35, 0xB0, 0x3C, 0x0E, 0x1C, 0x0C, /* F1680 */
	0x69, 0x55, 0xAC, 0x04, 0x2E, 0x3D, 0x95, 0x4F, 0x1E, 0x39, 0x01, 0x6A, 0x04, 0x39, 0x05, 0x40, /* F1690 */
	0x03, 0x00, 0x30, 0x0D, 0x29, 0x26, 0x03, 0x51, 0x69, 0x3B, 0x0C, 0x0C, 0x0F, 0x27, 0x61, 0x24, /* F16A0 */
	0x1A, 0x51, 0x69, 0x3B, 0x53, 0x3E, 0xCF, 0x80, 0xFA, 0x68, 0xC1, 0x03, 0x38, 0x00, 0x34, 0x49, /* F16B0 */
	0x69, 0x24, 0x1A, 0x51, 0x69, 0x3B, 0x0C, 0x00, 0x95, 0x14, 0x52, 0x39, 0x34, 0x39, 0x24, 0x39, /* F16C0 */
	0x14, 0x0C, 0x0C, 0x30, 0x0D, 0x09, 0x31, 0xC9, 0x06, 0x54, 0x3D, 0x4E, 0x43, 0x78, 0xE5, 0x03, /* F16D0 */
	0xA8, 0x7C, 0x0A, 0xCD, 0x2E, 0x00, 0x14, 0x39, 0x04, 0x49, 0x44, 0x69, 0xA1, 0x24, 0x6F, 0x02, /* F16E0 */
	0x0C, 0x00, 0x79, 0x0E, 0x88, 0x3E, 0x4E, 0x69, 0xA1, 0x24, 0x6F, 0x02, 0x0C, 0x02, 0x14, 0x05, /* F16F0 */
	0xA2, 0x4F, 0x84, 0x02, 0x22, 0x28, 0xE1, 0x05, 0x02, 0x77, 0x53, 0x22, 0xF2, 0x6F, 0x53, 0x22, /* F1700 */
	0x03, 0x6F, 0x52, 0x36, 0x0E, 0x02, 0xC8, 0xE1, 0x09, 0x62, 0x29, 0x51, 0x09, 0x02, 0x61, 0x53, /* F1710 */
	0x26, 0x03, 0x80, 0x53, 0x45, 0x0A, 0x02, 0x41, 0x51, 0x09, 0x53, 0x08, 0x51, 0xB8, 0x51, 0x00, /* F1720 */
	0x13, 0x48, 0x4D, 0xB8, 0x49, 0x03, 0x12, 0x28, 0x65, 0x38, 0x01, 0x13, 0x08, 0x39, 0xB8, 0x31, /* F1730 */
	0x02, 0x13, 0x28, 0x35, 0xB8, 0x35, 0x01, 0x63, 0x69, 0x15, 0x14, 0x39, 0x01, 0x53, 0x28, 0x39, /* F1740 */
	0xB8, 0x35, 0x02, 0x63, 0x41, 0x17, 0x14, 0x21, 0x03, 0x63, 0x6F, 0x2F, 0xD4, 0x25, 0x03, 0x64, /* F1750 */
	0x6F, 0x10, 0x14, 0x3F, 0x10, 0x63, 0x95, 0x3A, 0x54, 0x3F, 0x02, 0x63, 0x61, 0x2C, 0xD4, 0x27, /* F1760 */
	0x03, 0x63, 0x65, 0x30, 0x94, 0xA5, 0x02, 0x03, 0xA8, 0x4D, 0xF8, 0x46, 0x03, 0x62, 0x05, 0x49, /* F1770 */
	0x94, 0x0B, 0x02, 0x05, 0x49, 0x94, 0x00, 0x02, 0x28, 0x15, 0x38, 0x05, 0x02, 0x68, 0x57, 0xB8, /* F1780 */
	0x06, 0x03, 0x6F, 0x09, 0x94, 0x32, 0x01, 0x64, 0x81, 0x53, 0x14, 0x41, 0x53, 0x03, 0x68, 0x37, /* F1790 */
	0x94, 0x3F, 0x01, 0x04, 0x81, 0x06, 0x94, 0x4B, 0x02, 0x04, 0x19, 0x3F, 0x14, 0x29, 0x3F, 0x04, /* F17A0 */
	0x61, 0x25, 0x94, 0x31, 0x15, 0xF2, 0x28, 0x49, 0xC5, 0xA8, 0x03, 0x12, 0x28, 0x25, 0xD2, 0xA8, /* F17B0 */
	0x03, 0x13, 0x28, 0x4D, 0xC5, 0x18, 0x69, 0x03, 0x88, 0x16, 0x45, 0x48, 0x16, 0x13, 0x68, 0x4F, /* F17C0 */
	0xC5, 0x38, 0x6B, 0x64, 0x48, 0x39, 0x4B, 0xA8, 0xF9, 0x0B, 0x03, 0x48, 0x39, 0x47, 0xA8, 0xF9, /* F17D0 */
	0xF4, 0x2F, 0x04, 0x59, 0x04, 0xD0, 0x01, 0x04, 0xB2, 0x51, 0x48, 0x44, 0x8A, 0x18, 0x63, 0xAF, /* F17E0 */
	0x0D, 0x48, 0xD4, 0x0E, 0x06, 0xC5, 0x04, 0x53, 0x94, 0x2D, 0x13, 0x40, 0x03, 0x05, 0x4F, 0x67, /* F17F0 */
	0x4F, 0x34, 0x2F, 0x05, 0x0F, 0x00, 0xAF, 0x17, 0x12, 0x0C, 0x00, 0x09, 0x16, 0x14, 0x03, 0x04, /* F1800 */
	0x29, 0x17, 0x52, 0x24, 0x1D, 0x1F, 0x04, 0x32, 0x05, 0x44, 0x44, 0x96, 0x04, 0x00, 0x01, 0x3E, /* F1810 */
	0x0F, 0x07, 0x06, 0xC1, 0x24, 0x53, 0x84, 0x2D, 0x13, 0x65, 0x02, 0x04, 0xB2, 0x15, 0x52, 0x44, /* F1820 */
	0x8A, 0x1F, 0x05, 0x81, 0x53, 0x59, 0x04, 0x4D, 0x14, 0x05, 0x06, 0x65, 0x41, 0x45, 0x94, 0x35, /* F1830 */
	0x50, 0x1D, 0x01, 0x04, 0x85, 0x4A, 0x45, 0xA4, 0x4B, 0x00, 0x05, 0x0F, 0x26, 0x4E, 0x34, 0x0B, /* F1840 */
	0x3C, 0x0E, 0x05, 0x99, 0x3F, 0x4E, 0x24, 0x4D, 0x00, 0x0E, 0x05, 0x6F, 0x05, 0x53, 0x04, 0x34, /* F1850 */
	0x6F, 0x03, 0x04, 0x41, 0x3C, 0x45, 0xB4, 0x23, 0x0F, 0x05, 0x8F, 0x04, 0x5A, 0x34, 0x43, 0x61, /* F1860 */
	0x0A, 0x52, 0x68, 0x57, 0x47, 0xE0, 0x0F, 0xA3, 0xAF, 0x07, 0x32, 0x50, 0x27, 0x04, 0x05, 0x68, /* F1870 */
	0x37, 0x81, 0x53, 0x2F, 0x0D, 0x4C, 0x05, 0x81, 0x1E, 0xA5, 0x50, 0x32, 0xF7, 0x50, 0x04, 0x88, /* F1880 */
	0x16, 0xA1, 0x60, 0x92, 0x55, 0x00, 0x06, 0x61, 0x14, 0xAE, 0x50, 0x21, 0xFC, 0x38, 0x14, 0x03, /* F1890 */
	0x6F, 0x1E, 0x35, 0x51, 0xF6, 0x0E, 0x13, 0x28, 0x65, 0x20, 0xE0, 0x01, 0x04, 0x04, 0x88, 0x16, /* F18A0 */
	0x21, 0x60, 0x92, 0x15, 0x00, 0x06, 0x6F, 0x05, 0x74, 0x53, 0x00, 0x0D, 0x51, 0x0F, 0x06, 0x41, /* F18B0 */
	0x5D, 0x61, 0x52, 0x49, 0x77, 0xBD, 0x0E, 0x05, 0xAF, 0x04, 0x2C, 0x51, 0x4F, 0x04, 0xA8, 0x05, /* F18C0 */
	0x28, 0x4D, 0x89, 0x63, 0x45, 0xF3, 0x4C, 0x05, 0x61, 0x27, 0x73, 0x51, 0xA6, 0x69, 0xB6, 0x65, /* F18D0 */
	0xAF, 0x04, 0x6C, 0x50, 0x4F, 0x04, 0xA8, 0x05, 0x15, 0x4F, 0x6F, 0x52, 0x62, 0xB3, 0x3B, 0x05, /* F18E0 */
	0x52, 0x41, 0x2C, 0x51, 0x92, 0x49, 0xB0, 0x06, 0x8F, 0x14, 0x0B, 0x51, 0x40, 0x10, 0x2D, 0x00, /* F18F0 */
	0x00, 0x8F, 0x4A, 0x85, 0x03, 0x0C, 0x06, 0x6F, 0x14, 0x64, 0x53, 0x00, 0x1C, 0x11, 0x0F, 0x00, /* F1900 */
	0xAF, 0x4F, 0x6F, 0x02, 0x0C, 0x06, 0x85, 0x16, 0x13, 0x51, 0x40, 0x12, 0x4D, 0x00, 0x07, 0x0F, /* F1910 */
	0x26, 0x81, 0x53, 0x0F, 0x72, 0x25, 0x40, 0x03, 0x00, 0x12, 0x59, 0x85, 0x02, 0x0C, 0x05, 0x32, /* F1920 */
	0x59, 0x8F, 0x52, 0x92, 0x55, 0x7E, 0x00, 0x95, 0x14, 0x6C, 0x03, 0x31, 0x07, 0x75, 0x04, 0x32, /* F1930 */
	0x51, 0x22, 0x7C, 0xC9, 0x12, 0x05, 0x06, 0x12, 0x59, 0x89, 0x53, 0x92, 0x51, 0xF2, 0x13, 0x06, /* F1940 */
	0x99, 0x3E, 0x2E, 0x51, 0x49, 0x72, 0x3D, 0x0E, 0x00, 0x61, 0x05, 0x12, 0x01, 0x30, 0x00, 0xC5, /* F1950 */
	0x04, 0x63, 0x03, 0x31, 0x05, 0x12, 0x0D, 0x8F, 0x52, 0x12, 0x21, 0x9F, 0x00, 0xA1, 0x50, 0x6F, /* F1960 */
	0x03, 0x07, 0x06, 0x99, 0x24, 0xB3, 0x50, 0x49, 0xF0, 0x4C, 0x14, 0x05, 0x85, 0x16, 0x33, 0x51, /* F1970 */
	0x40, 0x92, 0x69, 0x00, 0xA9, 0x3E, 0x4C, 0x01, 0x31, 0x06, 0x72, 0x2B, 0x61, 0x52, 0x12, 0x2F, /* F1980 */
	0x02, 0x0E, 0x08, 0xD5, 0x14, 0x64, 0x53, 0x36, 0x4B, 0x77, 0x05, 0x34, 0x03, 0xA3, 0x88, 0x3E, /* F1990 */
	0x35, 0x23, 0x58, 0x82, 0x02, 0x03, 0x68, 0x57, 0x47, 0x50, 0xD8, 0x57, 0x00, 0x05, 0x72, 0x57, /* F19A0 */
	0x62, 0x14, 0x54, 0xD2, 0x0A, 0x2C, 0x05, 0x28, 0x05, 0x34, 0x49, 0x18, 0x05, 0xD0, 0x1F, 0x00, /* F19B0 */
	0x6F, 0x26, 0x47, 0x50, 0x03, 0x05, 0xC8, 0x49, 0x4F, 0x11, 0x18, 0x49, 0xE6, 0x04, 0x54, 0x28, /* F19C0 */
	0x49, 0x05, 0x66, 0xB8, 0x0B, 0x26, 0x06, 0x28, 0x49, 0x85, 0x07, 0x14, 0x40, 0x16, 0x13, 0x00, /* F19D0 */
	0x07, 0x12, 0x39, 0x73, 0x37, 0x54, 0x82, 0x39, 0x13, 0x30, 0x01, 0xF6, 0x28, 0x49, 0x65, 0x1B, /* F19E0 */
	0xB8, 0x4B, 0x76, 0x76, 0x06, 0x00, 0x52, 0x09, 0x75, 0x16, 0x0D, 0x06, 0x99, 0x06, 0x6E, 0x66, /* F19F0 */
	0x94, 0x40, 0x02, 0x0E, 0x05, 0xF6, 0x28, 0x49, 0x45, 0x39, 0xB8, 0x4B, 0x76, 0x29, 0x0E, 0x00, /* F1A00 */
	0x85, 0x4A, 0x41, 0x39, 0x03, 0x00, 0x25, 0x39, 0x21, 0x17, 0x0D, 0x13, 0x28, 0x49, 0x05, 0x10, /* F1A10 */
	0xB8, 0x1B, 0x00, 0x00, 0x8F, 0x36, 0x65, 0x52, 0x07, 0x06, 0x77, 0x1B, 0x6F, 0x10, 0x94, 0x12, /* F1A20 */
	0x3E, 0x2A, 0x04, 0x06, 0x21, 0x1A, 0xA5, 0x04, 0x94, 0x11, 0xF2, 0x14, 0x00, 0x06, 0x12, 0x0D, /* F1A30 */
	0x28, 0x05, 0x54, 0x02, 0x2D, 0x05, 0x00, 0x08, 0x45, 0x14, 0x12, 0x39, 0x54, 0x0E, 0x21, 0x40, /* F1A40 */
	0xB2, 0x3B, 0x09, 0x09, 0x39, 0x4A, 0x39, 0x54, 0x1E, 0x85, 0x0E, 0x7A, 0xA5, 0x0E, 0x05, 0x28, /* F1A50 */
	0x49, 0x85, 0x17, 0x14, 0x40, 0x96, 0x1A, 0x06, 0x85, 0x16, 0x0E, 0x17, 0x94, 0x4B, 0xF2, 0x4E, /* F1A60 */
	0x03, 0x00, 0x48, 0x3D, 0x6B, 0x33, 0x31, 0x00, 0x65, 0x3A, 0x05, 0x3F, 0x31, 0x08, 0xC1, 0x24, /* F1A70 */
	0x03, 0x09, 0x94, 0x21, 0x4F, 0x05, 0x8B, 0x09, 0x05, 0x28, 0x05, 0x94, 0x16, 0x18, 0x05, 0x50, /* F1A80 */
	0x1F, 0x06, 0x99, 0x14, 0x33, 0x51, 0x14, 0x49, 0x4C, 0x65, 0x04, 0x06, 0x21, 0x14, 0x95, 0x6B, /* F1A90 */
	0x94, 0x11, 0x14, 0x75, 0x03, 0x06, 0x61, 0x0C, 0xAF, 0x50, 0x94, 0xA1, 0x2E, 0x6F, 0x04, 0x08, /* F1AA0 */
	0x61, 0x41, 0x09, 0x3F, 0x94, 0x31, 0x41, 0x1D, 0x25, 0x3F, 0x06, 0x2F, 0x17, 0x54, 0x14, 0x52, /* F1AB0 */
	0x04, 0x1C, 0xE5, 0x78, 0x03, 0x04, 0x68, 0x4B, 0xAF, 0x1D, 0x48, 0xD8, 0x4A, 0x0F, 0x07, 0x68, /* F1AC0 */
	0x37, 0x90, 0x3F, 0x4E, 0xB4, 0x37, 0x50, 0x03, 0x38, 0x06, 0xA8, 0x49, 0x33, 0x04, 0x59, 0xD8, /* F1AD0 */
	0x4A, 0x1A, 0x04, 0x01, 0x66, 0x88, 0x16, 0xA1, 0x14, 0x4E, 0x48, 0x96, 0x31, 0x30, 0x02, 0x00, /* F1AE0 */
	0x52, 0x05, 0x2E, 0x33, 0x05, 0x35, 0x08, 0x28, 0x05, 0x94, 0x26, 0x43, 0x18, 0x75, 0x61, 0x44, /* F1AF0 */
	0xF2, 0x0B, 0x00, 0x52, 0x09, 0x75, 0x06, 0x0C, 0x1C, 0x00, 0x05, 0x4D, 0x70, 0x3F, 0x0E, 0x0D, /* F1B00 */
	0x06, 0x08, 0x25, 0x0C, 0x39, 0x44, 0x24, 0x31, 0x21, 0x1E, 0x00, 0x06, 0x57, 0x31, 0x29, 0x23, /* F1B10 */
	0x54, 0x54, 0x27, 0x0C, 0x59, 0x00, 0x05, 0x8F, 0x52, 0x4F, 0x4D, 0x45, 0x94, 0x53, 0x40, 0x03, /* F1B20 */
	0x00, 0x32, 0x4D, 0x10, 0x4D, 0x13, 0x0D, 0x06, 0x6F, 0x3D, 0x92, 0x3E, 0x57, 0x04, 0x34, 0x72, /* F1B30 */
	0x32, 0x03, 0x06, 0x32, 0x05, 0xA4, 0x07, 0x59, 0x44, 0x96, 0x44, 0x07, 0x01, 0x00, 0x05, 0x57, /* F1B40 */
	0x8D, 0x17, 0x08, 0x0C, 0x07, 0xB2, 0x29, 0x69, 0x30, 0x4F, 0x44, 0x8A, 0x48, 0x1D, 0x3D, 0x06, /* F1B50 */
	0x08, 0x11, 0x24, 0x55, 0x53, 0x88, 0x11, 0x05, 0x40, 0x03, 0x00, 0x52, 0x39, 0x29, 0x04, 0x04, /* F1B60 */
	0x31, 0x00, 0x12, 0x59, 0x65, 0x3E, 0x0C, 0x31, 0x00, 0x12, 0x39, 0xB3, 0x07, 0x19, 0x0D, 0x09, /* F1B70 */
	0x0F, 0x26, 0x81, 0x17, 0x4E, 0x34, 0x0B, 0x1D, 0x09, 0x4C, 0x3C, 0x0E, 0x09, 0x0F, 0x26, 0x81, /* F1B80 */
	0x3F, 0x4E, 0x34, 0x0B, 0x1D, 0x09, 0x4C, 0x00, 0x0E, 0x00, 0x12, 0x39, 0x33, 0x16, 0x12, 0x0D, /* F1B90 */
	0x54, 0x28, 0x49, 0x25, 0x3E, 0x32, 0xE1, 0x2B, 0x96, 0x03, 0x08, 0x37, 0x39, 0x54, 0x15, 0x54, /* F1BA0 */
	0x50, 0x97, 0x35, 0x52, 0xC5, 0x6C, 0x00, 0x60, 0x12, 0x39, 0x93, 0x3C, 0xB2, 0x00, 0x07, 0x00, /* F1BB0 */
	0x12, 0x39, 0x93, 0x3C, 0xB2, 0x00, 0x0D, 0x07, 0x88, 0x16, 0x53, 0x3C, 0x2C, 0x60, 0x92, 0xC5, /* F1BC0 */
	0x3F, 0x2A, 0x04, 0x66, 0xAF, 0x0D, 0x28, 0x3C, 0x77, 0x52, 0x36, 0x13, 0x98, 0x0E, 0x58, 0x28, /* F1BD0 */
	0x49, 0xA5, 0x41, 0x6F, 0xE2, 0x9E, 0x4B, 0x02, 0x90, 0x3F, 0x02, 0x00, 0x65, 0x14, 0x13, 0x3F, /* F1BE0 */
	0x30, 0x01, 0x31, 0x00, 0x88, 0x16, 0x25, 0x3E, 0x2C, 0x00, 0x0D, 0x07, 0x69, 0x15, 0x14, 0x09, /* F1BF0 */
	0x2C, 0x51, 0x09, 0x5D, 0x04, 0x82, 0x0C, 0x08, 0x65, 0x14, 0x10, 0x51, 0xC8, 0x51, 0x00, 0x9C, /* F1C00 */
	0x41, 0x40, 0x18, 0x01, 0x09, 0x65, 0x14, 0x50, 0x3C, 0xCE, 0x51, 0x3C, 0x7C, 0x95, 0xC6, 0x3C, /* F1C10 */
	0x16, 0x00, 0x95, 0x3A, 0x14, 0x09, 0x2C, 0x01, 0x34, 0x06, 0xAF, 0x0D, 0xA8, 0x3C, 0x2E, 0x51, /* F1C20 */
	0x36, 0x53, 0x3C, 0x0E, 0x68, 0x12, 0x39, 0x73, 0x04, 0x34, 0x51, 0x92, 0x31, 0x4E, 0x0C, 0x51, /* F1C30 */
	0x00, 0x19, 0x28, 0x35, 0x33, 0x31, 0x36, 0x4D, 0xB8, 0x35, 0x4D, 0x9D, 0x35, 0x58, 0x1A, 0x46, /* F1C40 */
	0x88, 0x3E, 0x35, 0x23, 0xAF, 0x51, 0x58, 0x82, 0x76, 0x66, 0x04, 0x00, 0x65, 0x14, 0x56, 0x4D, /* F1C50 */
	0x69, 0x3B, 0xC4, 0x08, 0x28, 0x49, 0x05, 0x19, 0x34, 0x49, 0xB8, 0x4B, 0x76, 0x21, 0x56, 0x7C, /* F1C60 */
	0x08, 0x01, 0x32, 0x85, 0x43, 0x6F, 0x3B, 0x14, 0x01, 0xB2, 0x53, 0x80, 0x3A, 0x00, 0x6F, 0x53, /* F1C70 */
	0x08, 0x4A, 0x95, 0x23, 0x0D, 0x00, 0x12, 0x39, 0x93, 0x30, 0x61, 0x52, 0x0D, 0x60, 0x12, 0x39, /* F1C80 */
	0x93, 0x30, 0x61, 0x52, 0x07, 0x00, 0x12, 0x39, 0x13, 0x4B, 0x89, 0x50, 0x0D, 0x09, 0x95, 0x42, /* F1C90 */
	0x65, 0x52, 0x69, 0x16, 0xD4, 0x46, 0x42, 0x3C, 0x5E, 0x24, 0x0E, 0x09, 0x65, 0x14, 0x87, 0x06, /* F1CA0 */
	0x50, 0x64, 0x14, 0x30, 0x94, 0x47, 0x02, 0x18, 0x05, 0x09, 0x01, 0x23, 0x6F, 0x15, 0x34, 0x49, /* F1CB0 */
	0x94, 0x21, 0x77, 0x2F, 0xFD, 0x50, 0x1F, 0x00, 0x12, 0x39, 0x93, 0x04, 0x32, 0x39, 0x14, 0x1C, /* F1CC0 */
	0x08, 0x32, 0x05, 0x43, 0x14, 0x72, 0x57, 0x53, 0x44, 0x96, 0x43, 0x4F, 0x02, 0x13, 0x00, 0x12, /* F1CD0 */
	0x39, 0x73, 0x54, 0x23, 0x39, 0x14, 0x1C, 0x0B, 0x12, 0x39, 0x73, 0x04, 0x54, 0x3D, 0x4E, 0x44, /* F1CE0 */
	0x86, 0x4E, 0x33, 0x74, 0xC1, 0x03, 0x38, 0x00, 0x61, 0x30, 0x41, 0x04, 0x93, 0x17, 0x05, 0x8D, /* F1CF0 */
	0x09, 0x65, 0x14, 0x87, 0x06, 0x50, 0x14, 0x52, 0x04, 0x30, 0x25, 0x47, 0x02, 0x46, 0x0F, 0x09, /* F1D00 */
	0xB2, 0x4D, 0xB4, 0x3F, 0xB2, 0x20, 0x59, 0x44, 0xDA, 0x53, 0x54, 0x7F, 0x38, 0x05, 0x00, 0xCF, /* F1D10 */
	0x24, 0x46, 0x0D, 0xA1, 0x24, 0x6F, 0x02, 0x0C, 0x00, 0x52, 0x1D, 0x6F, 0x3E, 0x2D, 0x51, 0x52, /* F1D20 */
	0x0D, 0x0C, 0x02, 0x99, 0x02, 0xA2, 0xD0, 0x46, 0x00, 0x12, 0xD3, 0x46, 0x03, 0x63, 0x33, 0x65, /* F1D30 */
	0x62, 0x0A, 0x03, 0x33, 0x65, 0x62, 0x03, 0x03, 0x80, 0x67, 0x62, 0x0A, 0x14, 0x33, 0x11, 0x99, /* F1D40 */
	0x62, 0x12, 0x44, 0x70, 0x3B, 0x40, 0xB0, 0x3B, 0x04, 0xAE, 0x3C, 0x36, 0x5E, 0x88, 0x04, 0x14, /* F1D50 */
	0x21, 0x99, 0x52, 0xBC, 0x64, 0x2E, 0x3C, 0x00, 0x1E, 0x88, 0x44, 0x2E, 0x14, 0xD2, 0x36, 0x12, /* F1D60 */
	0x1F, 0x45, 0xAE, 0x24, 0x0C, 0x30, 0x52, 0x29, 0x0C, 0x60, 0x4E, 0x51, 0x05, 0x07, 0x60, 0x90, /* F1D70 */
	0x17, 0x14, 0x07, 0x00, 0x90, 0x17, 0x14, 0x0D, 0x05, 0x13, 0x1D, 0x45, 0x89, 0x4E, 0x3C, 0x0A, /* F1D80 */
	0x06, 0xAE, 0x17, 0xC4, 0x36, 0x5E, 0x9D, 0x15, 0x00, 0x00, 0x0E, 0x33, 0x05, 0x0D, 0x04, 0x2E, /* F1D90 */
	0x17, 0xD2, 0xF6, 0x1E, 0x1F, 0x50, 0x6E, 0x14, 0x93, 0x03, 0x03, 0x06, 0x33, 0x19, 0x75, 0x64, /* F1DA0 */
	0x62, 0x13, 0x02, 0x2A, 0x60, 0xB0, 0x54, 0x72, 0x02, 0x03, 0x66, 0x4E, 0x45, 0x35, 0x65, 0x22, /* F1DB0 */
	0x7E, 0x15, 0x0B, 0x07, 0x8E, 0x16, 0xB3, 0xD8, 0x4E, 0x72, 0x95, 0x53, 0x04, 0x00, 0x6E, 0x0F, /* F1DC0 */
	0x61, 0x00, 0x31, 0x05, 0x50, 0x3E, 0x68, 0xDA, 0x10, 0xBA, 0x3B, 0x08, 0xB3, 0x05, 0x6C, 0x64, /* F1DD0 */
	0x59, 0x8D, 0xEA, 0xE2, 0x3C, 0x14, 0x00, 0x4E, 0x19, 0x8F, 0x36, 0x31, 0x00, 0x90, 0x53, 0x41, /* F1DE0 */
	0x49, 0x0D, 0x06, 0x33, 0x31, 0x85, 0x4F, 0x99, 0x42, 0x33, 0x7C, 0x03, 0x67, 0x2E, 0x14, 0x72, /* F1DF0 */
	0x64, 0xDE, 0x36, 0x12, 0x1F, 0x2C, 0x01, 0x05, 0x90, 0x26, 0x47, 0x50, 0x76, 0x40, 0x26, 0x14, /* F1E00 */
	0x60, 0x2E, 0x14, 0x32, 0x3F, 0x27, 0x60, 0x0E, 0x3F, 0x36, 0x49, 0x1C, 0x60, 0x30, 0x4B, 0x21, /* F1E10 */
	0x14, 0x0D, 0x68, 0x4E, 0x51, 0x69, 0x1E, 0x99, 0x32, 0x76, 0xC9, 0xF4, 0xF8, 0x07, 0x0E, 0x23, /* F1E20 */
	0x61, 0x1E, 0x36, 0x0E, 0x77, 0x01, 0x2E, 0x02, 0x08, 0xCC, 0x4D, 0x33, 0x4D, 0x99, 0x32, 0x74, /* F1E30 */
	0x69, 0x13, 0x69, 0x06, 0x0E, 0x5D, 0x81, 0x16, 0xDE, 0x36, 0x02, 0x97, 0x0B, 0x00, 0xAC, 0x24, /* F1E40 */
	0x0D, 0x51, 0x05, 0x30, 0x00, 0x32, 0x51, 0x08, 0x39, 0x05, 0x31, 0x08, 0x0D, 0x4A, 0x65, 0x30, /* F1E50 */
	0xC1, 0x36, 0x09, 0x52, 0x9D, 0xA9, 0x00, 0x00, 0x8E, 0x53, 0x01, 0x32, 0x05, 0x0D, 0x00, 0x4E, /* F1E60 */
	0x49, 0xCF, 0x05, 0x0C, 0xC4, 0x00, 0x0E, 0x39, 0x69, 0x3D, 0x95, 0x03, 0x70, 0x00, 0x0E, 0x39, /* F1E70 */
	0x69, 0x25, 0xD4, 0x01, 0x31, 0x0A, 0xAC, 0x24, 0x0D, 0x51, 0x75, 0x79, 0xB6, 0x5A, 0xF0, 0x0D, /* F1E80 */
	0xD1, 0x00, 0x0D, 0x00, 0x90, 0x14, 0x72, 0x3D, 0xB3, 0x00, 0x31, 0x00, 0x2E, 0x14, 0xB2, 0x07, /* F1E90 */
	0x34, 0x49, 0x9D, 0x08, 0x2E, 0x14, 0xB2, 0x04, 0x2B, 0x49, 0x36, 0x1E, 0x7C, 0x14, 0x21, 0x7F, /* F1EA0 */
	0x00, 0x54, 0x31, 0xC9, 0x06, 0x54, 0x3D, 0x0E, 0x0C, 0x00, 0x12, 0x06, 0x4E, 0x69, 0xA1, 0x24, /* F1EB0 */
	0x6F, 0x02, 0x0C, 0x00, 0x2E, 0x14, 0x32, 0x4B, 0x21, 0x54, 0xA1, 0x14, 0x34, 0x02, 0x16, 0x05, /* F1EC0 */
	0x02, 0xAF, 0x5B, 0x26, 0x03, 0x80, 0x5B, 0x45, 0x0A, 0x14, 0x85, 0x66, 0x96, 0x4B, 0x16, 0x03, /* F1ED0 */
	0x45, 0x39, 0x16, 0x31, 0x02, 0x04, 0x29, 0x51, 0x16, 0xF5, 0x50, 0x03, 0x45, 0x31, 0x16, 0xB1, /* F1EE0 */
	0x00, 0x03, 0x2F, 0x53, 0x16, 0x5F, 0x00, 0x05, 0x61, 0x54, 0x96, 0x31, 0x64, 0x22, 0x65, 0x61, /* F1EF0 */
	0x54, 0x45, 0x86, 0x31, 0x99, 0x02, 0x05, 0x29, 0x14, 0x4F, 0xA6, 0x11, 0x05, 0x0F, 0x05, 0x25, /* F1F00 */
	0x07, 0x53, 0x06, 0x1D, 0x7C, 0x03, 0x04, 0x69, 0x66, 0x4C, 0x26, 0x39, 0x2C, 0x04, 0x09, 0x07, /* F1F10 */
	0x52, 0xA6, 0x2D, 0x1F, 0x04, 0x09, 0x2F, 0x49, 0xA6, 0x2D, 0x05, 0x04, 0x61, 0x30, 0x45, 0x26, /* F1F20 */
	0x65, 0x01, 0x04, 0x85, 0x12, 0x45, 0xA6, 0x13, 0x01, 0x06, 0x01, 0x07, 0xAE, 0x58, 0x01, 0x0B, /* F1F30 */
	0x38, 0x14, 0x00, 0x69, 0x33, 0x69, 0x02, 0x13, 0x06, 0x21, 0x27, 0x0E, 0x59, 0x00, 0x2A, 0x39, /* F1F40 */
	0x00, 0x00, 0x75, 0x1C, 0x81, 0x02, 0x0C, 0x07, 0x61, 0x10, 0xC5, 0x5A, 0xAF, 0x1A, 0x74, 0x65, /* F1F50 */
	0x0A, 0x00, 0x85, 0x12, 0x75, 0x02, 0x03, 0x07, 0x61, 0x10, 0x85, 0x5B, 0xAF, 0x1A, 0x74, 0x65, /* F1F60 */
	0x03, 0x06, 0xA9, 0x04, 0x2C, 0x59, 0x7C, 0x84, 0xA9, 0x05, 0x06, 0xA9, 0x26, 0x65, 0x5A, 0x69, /* F1F70 */
	0x16, 0xF1, 0x0E, 0x05, 0x45, 0x24, 0x63, 0x14, 0x16, 0x05, 0x2C, 0x2C, 0x00, 0x85, 0x36, 0x6F, /* F1F80 */
	0x52, 0x07, 0x07, 0xA9, 0x04, 0x4D, 0x39, 0x16, 0xD9, 0x00, 0xCD, 0x3C, 0x02, 0x00, 0x61, 0x52, /* F1F90 */
	0x21, 0x17, 0x0C, 0x08, 0x29, 0x51, 0x0E, 0x35, 0x16, 0xF5, 0x50, 0x4E, 0xBD, 0x37, 0x07, 0x09, /* F1FA0 */
	0x4A, 0x61, 0x52, 0x16, 0x09, 0x4A, 0x00, 0x5E, 0x00, 0xF0, 0x89, 0x27, 0x62, 0x64, 0x31, 0x08, /* F1FB0 */
	0x6F, 0x0C, 0x61, 0x3E, 0x96, 0xAF, 0x2E, 0x1D, 0x31, 0x3E, 0x00, 0x69, 0x16, 0x07, 0x49, 0x30, /* F1FC0 */
	0x07, 0x09, 0x4A, 0xA1, 0x14, 0x56, 0x2D, 0x09, 0x12, 0x51, 0x00, 0x07, 0x89, 0x1E, 0x69, 0x26, /* F1FD0 */
	0x41, 0x76, 0x2B, 0x29, 0x6E, 0x01, 0x09, 0xA9, 0x04, 0x4C, 0x51, 0x59, 0x26, 0x51, 0x9D, 0xA1, /* F1FE0 */
	0xF2, 0x34, 0x05, 0x06, 0x69, 0x16, 0x19, 0x49, 0x44, 0xA6, 0x39, 0x59, 0x1F, 0x00, 0x07, 0x45, /* F1FF0 */
	0x14, 0x2D, 0x39, 0x54, 0x16, 0x01, 0xCD, 0x3C, 0x52, 0x08, 0x89, 0x52, 0x75, 0x4F, 0x4F, 0x76, /* F2000 */
	0x0F, 0x62, 0x3D, 0x4F, 0x0F, 0x00, 0x61, 0x1E, 0x15, 0x49, 0x04, 0x0D, 0x00, 0x69, 0x0E, 0x65, /* F2010 */
	0x3A, 0x05, 0x03, 0x08, 0x61, 0x14, 0x0E, 0x27, 0x41, 0x06, 0x30, 0x25, 0x4E, 0x17, 0x00, 0x07, /* F2020 */
	0x69, 0x30, 0x25, 0x07, 0x53, 0xF6, 0x64, 0x01, 0x07, 0x4C, 0x07, 0x0C, 0x11, 0x69, 0x25, 0x52, /* F2030 */
	0x36, 0x84, 0xC4, 0x3C, 0x81, 0x08, 0x29, 0x14, 0xAF, 0x04, 0x30, 0x59, 0xE9, 0x14, 0x3D, 0x14, /* F2040 */
	0x41, 0x00, 0x07, 0x25, 0x17, 0x14, 0x09, 0x2C, 0x59, 0x25, 0x5A, 0x00, 0x82, 0x0C, 0x00, 0x65, /* F2050 */
	0x1E, 0x05, 0x39, 0x23, 0x01, 0x0C, 0x09, 0x09, 0x4A, 0xA1, 0x24, 0x6F, 0x5A, 0x09, 0x42, 0x76, /* F2060 */
	0xC1, 0x03, 0x38, 0x00, 0x69, 0x33, 0x69, 0x26, 0xB3, 0x00, 0x8C, 0x08, 0x89, 0x1E, 0x69, 0x26, /* F2070 */
	0x61, 0x5A, 0x1F, 0xAA, 0x39, 0x19, 0x30, 0x02, 0x08, 0x61, 0x14, 0xAE, 0x24, 0x2E, 0x59, 0xA1, /* F2080 */
	0xFA, 0x38, 0x14, 0x39, 0x02, 0x08, 0x61, 0x0E, 0xAF, 0x59, 0x85, 0x5A, 0x21, 0x2E, 0x77, 0x62, /* F2090 */
	0x76, 0x03, 0x09, 0x29, 0x14, 0x2F, 0x24, 0x13, 0x5B, 0xE9, 0x14, 0x3D, 0x84, 0x49, 0x2F, 0x00, /* F20A0 */
	0x61, 0x12, 0x05, 0x56, 0x32, 0x03, 0x30, 0x0A, 0x0F, 0x07, 0x54, 0x3D, 0x0E, 0x31, 0x16, 0x2F, /* F20B0 */
	0x77, 0xC1, 0x03, 0x38, 0x80, 0x0A, 0x0C, 0x0F, 0x07, 0xA2, 0x31, 0x81, 0x66, 0x16, 0x2F, 0x77, /* F20C0 */
	0x21, 0x62, 0x01, 0x8C, 0x4B, 0x16, 0x0A, 0x29, 0x51, 0x0E, 0x35, 0x85, 0x17, 0x56, 0x1E, 0xF1, /* F20D0 */
	0x14, 0x0E, 0x34, 0x45, 0x0A, 0x00, 0xA5, 0x14, 0x52, 0x39, 0x81, 0x66, 0x0D, 0x04, 0x85, 0x4E, /* F20E0 */
	0x41, 0x31, 0x2C, 0x4D, 0x56, 0x4F, 0x27, 0x00, 0x61, 0x12, 0x85, 0x36, 0x25, 0x49, 0x31, 0x0A, /* F20F0 */
	0x6F, 0x2C, 0xB3, 0x07, 0x27, 0x39, 0x16, 0xAF, 0x2E, 0x53, 0x87, 0x1D, 0x3C, 0x0E, 0x0D, 0x81, /* F2100 */
	0x26, 0x01, 0x26, 0x4C, 0x51, 0x59, 0x76, 0xAE, 0x12, 0x05, 0x08, 0x9D, 0xA9, 0xF2, 0x34, 0x05, /* F2110 */
	0x00, 0x85, 0x26, 0x46, 0x0D, 0xA1, 0x24, 0x6F, 0x02, 0x0C, 0x0D, 0xA5, 0x14, 0x52, 0x39, 0x81, /* F2120 */
	0x26, 0x61, 0x5A, 0x9E, 0x55, 0x00, 0xD2, 0x3C, 0xAE, 0x12, 0x05, 0x38, 0x0E, 0x75, 0x38, 0x85, /* F2130 */
	0x06, 0x42, 0x31, 0xA9, 0x64, 0x56, 0xDE, 0xAA, 0x4E, 0x4F, 0x02, 0x82, 0xA9, 0xF2, 0x34, 0x05, /* F2140 */
	0x05, 0xC4, 0x06, 0x66, 0x22, 0x12, 0x45, 0x17, 0x01, 0xC3, 0x81, 0x5F, 0x76, 0x0A, 0xD2, 0x68, /* F2150 */
	0x23, 0x22, 0x02, 0xC1, 0x5D, 0x01, 0x02, 0x81, 0x5E, 0x27, 0xD2, 0xC8, 0x5D, 0x09, 0x63, 0x6F, /* F2160 */
	0x5E, 0x36, 0x0E, 0x06, 0x80, 0x13, 0x36, 0x62, 0x89, 0x1A, 0xA3, 0xA9, 0x20, 0x97, 0xE9, 0x00, /* F2170 */
	0xC2, 0x85, 0x16, 0x57, 0x0F, 0xD3, 0x28, 0x39, 0x97, 0x35, 0x02, 0xC3, 0x69, 0x30, 0x97, 0x39, /* F2180 */
	0x00, 0xD3, 0x08, 0x51, 0xD7, 0x56, 0x00, 0xF3, 0x65, 0x30, 0x97, 0x35, 0x00, 0x63, 0x8F, 0x2E, /* F2190 */
	0x57, 0x2F, 0x03, 0x64, 0x65, 0x52, 0x97, 0x35, 0x52, 0x64, 0x61, 0x52, 0x97, 0x3F, 0x52, 0x03, /* F21A0 */
	0x25, 0x2D, 0x17, 0x25, 0x03, 0x03, 0x8F, 0x12, 0x57, 0x1F, 0x00, 0x63, 0x41, 0x51, 0x17, 0x51, /* F21B0 */
	0x00, 0x63, 0x61, 0x2C, 0xD7, 0x27, 0x03, 0xD3, 0x68, 0x37, 0x88, 0x32, 0x01, 0x62, 0x05, 0x49, /* F21C0 */
	0x97, 0x0B, 0x60, 0x69, 0x12, 0x03, 0x04, 0x69, 0x12, 0x97, 0x39, 0x12, 0x03, 0x6F, 0x33, 0xD7, /* F21D0 */
	0xA5, 0x02, 0x04, 0x6F, 0x18, 0xD7, 0xA5, 0x1A, 0x04, 0x01, 0x3F, 0x17, 0x21, 0x3F, 0xD3, 0x48, /* F21E0 */
	0x0D, 0x48, 0xA7, 0x0D, 0xC3, 0xAF, 0x31, 0x44, 0xD7, 0x11, 0xD2, 0x28, 0x49, 0x45, 0xA7, 0x03, /* F21F0 */
	0x04, 0x8F, 0x32, 0x44, 0x77, 0x33, 0x04, 0x53, 0x48, 0x31, 0x45, 0x27, 0xA9, 0x64, 0xA1, 0x14, /* F2200 */
	0x52, 0xD7, 0xD3, 0x1F, 0x03, 0x48, 0x51, 0x45, 0x27, 0x51, 0x03, 0x68, 0x33, 0x05, 0x38, 0xAB, /* F2210 */
	0xD3, 0x68, 0x4F, 0x05, 0x88, 0x6A, 0x63, 0x52, 0x51, 0x45, 0x22, 0x51, 0x84, 0x6F, 0x02, 0x54, /* F2220 */
	0x37, 0x3B, 0x14, 0x03, 0x72, 0x3B, 0x47, 0xB2, 0xFB, 0x64, 0xAF, 0x39, 0x44, 0x87, 0x3A, 0x04, /* F2230 */
	0x64, 0xAF, 0x39, 0x44, 0x97, 0x3A, 0x04, 0x04, 0x05, 0x49, 0x59, 0x87, 0x48, 0x05, 0xD3, 0x68, /* F2240 */
	0x03, 0x04, 0x88, 0x12, 0x03, 0x08, 0x49, 0x46, 0x97, 0x1B, 0x04, 0x6F, 0x18, 0x45, 0xD7, 0xA9, /* F2250 */
	0x06, 0x06, 0x55, 0x04, 0x4E, 0x87, 0x22, 0x9D, 0x3F, 0x02, 0x04, 0x61, 0x4C, 0x48, 0xD7, 0xAB, /* F2260 */
	0x33, 0x05, 0x79, 0x05, 0x4E, 0x27, 0x35, 0x00, 0x0E, 0x04, 0x6F, 0x18, 0x46, 0xD7, 0xA9, 0x06, /* F2270 */
	0x46, 0xA9, 0x20, 0x69, 0x5E, 0xE9, 0x78, 0xA5, 0x0E, 0x85, 0x81, 0x3B, 0xA0, 0x5C, 0x76, 0xBA, /* F2280 */
	0x52, 0x65, 0x6F, 0x12, 0x85, 0x5E, 0x36, 0x1E, 0x7C, 0x05, 0x05, 0x41, 0x6F, 0x5E, 0x65, 0x00, /* F2290 */
	0x38, 0x05, 0x8F, 0x52, 0xC8, 0x5D, 0x76, 0xE2, 0x14, 0xF4, 0x68, 0x33, 0xCC, 0x21, 0x0F, 0x1C, /* F22A0 */
	0x01, 0x66, 0x81, 0x53, 0x25, 0x5C, 0x41, 0x53, 0xF0, 0x04, 0x00, 0x09, 0x2F, 0x25, 0x00, 0x0C, /* F22B0 */
	0x05, 0x6F, 0x58, 0x85, 0x5F, 0xB5, 0x5A, 0x6A, 0x63, 0x52, 0x51, 0x28, 0x49, 0xC9, 0x08, 0x05, /* F22C0 */
	0x6F, 0x33, 0x65, 0x5E, 0xB5, 0xFA, 0x38, 0x00, 0x01, 0x06, 0x53, 0x00, 0x0D, 0x05, 0x0F, 0x56, /* F22D0 */
	0x72, 0x5E, 0x0F, 0x72, 0x3B, 0x05, 0x69, 0x2C, 0x85, 0x5F, 0xA9, 0x2A, 0x4F, 0x07, 0x81, 0x17, /* F22E0 */
	0x03, 0x5D, 0x6F, 0x73, 0x05, 0x0B, 0x00, 0x06, 0x69, 0x16, 0xD2, 0x5D, 0x09, 0x0E, 0x48, 0x05, /* F22F0 */
	0x04, 0xA1, 0x4D, 0xA1, 0x5D, 0x77, 0xD3, 0x03, 0x05, 0x81, 0x26, 0x2E, 0x5F, 0x6B, 0xF2, 0xF8, /* F2300 */
	0x45, 0xA9, 0x20, 0xAF, 0x51, 0xD7, 0xEC, 0x98, 0x14, 0x54, 0x28, 0x51, 0x28, 0x49, 0x97, 0xE5, /* F2310 */
	0x7C, 0x06, 0x69, 0x30, 0x09, 0x35, 0x97, 0xA9, 0x66, 0x00, 0x0D, 0x04, 0x05, 0x51, 0x28, 0x49, /* F2320 */
	0x97, 0xE5, 0x7C, 0x00, 0x65, 0x18, 0x81, 0x16, 0x0D, 0x00, 0x81, 0x1A, 0x81, 0x16, 0x0D, 0x56, /* F2330 */
	0x28, 0x49, 0x05, 0x4D, 0x97, 0x4B, 0x76, 0x61, 0x0A, 0x00, 0x25, 0x2D, 0x65, 0x12, 0x0D, 0x54, /* F2340 */
	0x28, 0x49, 0x05, 0x66, 0x97, 0x0B, 0x26, 0xD6, 0x68, 0x17, 0x36, 0x49, 0x88, 0x72, 0x95, 0x56, /* F2350 */
	0x0F, 0x07, 0x79, 0x37, 0x69, 0x1E, 0x17, 0x79, 0x3D, 0xCD, 0xFC, 0x02, 0x06, 0x81, 0x53, 0x21, /* F2360 */
	0x17, 0x17, 0x41, 0x53, 0x3C, 0x0A, 0x56, 0x28, 0x49, 0x45, 0x39, 0x97, 0x4B, 0x76, 0x29, 0x0E, /* F2370 */
	0x06, 0x81, 0x53, 0x69, 0x1E, 0x17, 0x41, 0x53, 0xFC, 0x0E, 0x07, 0x69, 0x10, 0x03, 0x51, 0x17, /* F2380 */
	0xA9, 0x12, 0x8B, 0x51, 0x00, 0x06, 0x09, 0x23, 0xA9, 0x04, 0x97, 0x09, 0xF3, 0xD4, 0x07, 0x05, /* F2390 */
	0x61, 0x30, 0x01, 0x23, 0x97, 0xAF, 0xF2, 0x0B, 0x06, 0x6F, 0x0C, 0xAF, 0x50, 0x17, 0xAF, 0x2E, /* F23A0 */
	0x6F, 0x04, 0x06, 0x69, 0x12, 0x08, 0x35, 0x97, 0x39, 0x12, 0x00, 0x0D, 0x00, 0x21, 0x3F, 0x2E, /* F23B0 */
	0x49, 0x30, 0x00, 0x69, 0x18, 0x32, 0x11, 0x0C, 0x00, 0x69, 0x20, 0x65, 0x34, 0x0D, 0x00, 0x69, /* F23C0 */
	0x1A, 0x32, 0x11, 0x0C, 0x06, 0x61, 0x0C, 0xAF, 0x50, 0x97, 0xAF, 0x2E, 0x6F, 0x04, 0x85, 0xAF, /* F23D0 */
	0x31, 0x64, 0x02, 0x54, 0xD7, 0x11, 0x6E, 0x04, 0xD6, 0x08, 0x51, 0xA5, 0x16, 0x52, 0x07, 0xD0, /* F23E0 */
	0x65, 0x76, 0x03, 0x57, 0x28, 0x39, 0xA5, 0x16, 0x52, 0x97, 0x39, 0x9D, 0x55, 0x7E, 0x57, 0x28, /* F23F0 */
	0x49, 0xA5, 0x16, 0x52, 0xA7, 0x4B, 0x9D, 0x55, 0x7E, 0x60, 0xA9, 0x20, 0x84, 0x16, 0x17, 0x07, /* F2400 */
	0x60, 0xA9, 0x20, 0x28, 0x31, 0x04, 0x07, 0x60, 0xA9, 0x20, 0x84, 0x06, 0x17, 0x07, 0x69, 0xA1, /* F2410 */
	0x04, 0x0E, 0x09, 0x45, 0xB7, 0x53, 0x00, 0x7E, 0xBD, 0x02, 0x05, 0x00, 0xA1, 0x2D, 0x25, 0x07, /* F2420 */
	0x0E, 0x1C, 0x00, 0x48, 0x51, 0x41, 0x17, 0x12, 0x30, 0x00, 0x85, 0x53, 0x6D, 0x4B, 0x05, 0x07, /* F2430 */
	0x00, 0x69, 0x26, 0x86, 0x16, 0x04, 0x30, 0x07, 0x6F, 0x18, 0x07, 0x39, 0x47, 0xD7, 0xA9, 0x06, /* F2440 */
	0x87, 0xF9, 0x00, 0xA1, 0x14, 0x12, 0x16, 0x04, 0x31, 0x06, 0xA1, 0x16, 0x66, 0x4B, 0x4D, 0x07, /* F2450 */
	0x59, 0x86, 0x37, 0x01, 0x06, 0x25, 0x38, 0x85, 0x13, 0xC1, 0x5D, 0x25, 0x6E, 0x12, 0x01, 0x00, /* F2460 */
	0x48, 0x0D, 0x28, 0x59, 0x85, 0x02, 0x1C, 0x60, 0xA9, 0x20, 0x84, 0x06, 0x77, 0x02, 0x07, 0x07, /* F2470 */
	0x61, 0x30, 0x10, 0x41, 0x85, 0x5E, 0xB7, 0x4A, 0x04, 0x50, 0x0F, 0x06, 0x68, 0x33, 0x85, 0x07, /* F2480 */
	0x2C, 0x21, 0x8F, 0x4A, 0x07, 0x2A, 0x50, 0x28, 0x49, 0xA5, 0x41, 0x6F, 0x02, 0x23, 0x00, 0xA1, /* F2490 */
	0x14, 0x92, 0x23, 0x25, 0x00, 0x35, 0x08, 0x81, 0x53, 0x65, 0x04, 0x2E, 0x5C, 0x41, 0x53, 0x30, /* F24A0 */
	0x21, 0x1E, 0x00, 0x50, 0x28, 0x49, 0x25, 0x3E, 0x32, 0x01, 0x0D, 0x07, 0x19, 0x39, 0x64, 0x53, /* F24B0 */
	0x34, 0x5D, 0x09, 0x30, 0x12, 0x6F, 0x04, 0x05, 0x8F, 0x0E, 0x85, 0x53, 0x85, 0x5E, 0x75, 0x53, /* F24C0 */
	0x7C, 0x06, 0x48, 0x51, 0x14, 0x2D, 0x85, 0x5E, 0x69, 0x04, 0x2C, 0x1F, 0x00, 0x6F, 0x13, 0x03, /* F24D0 */
	0x49, 0x36, 0x01, 0x0D, 0x08, 0x0C, 0x11, 0x99, 0x33, 0xA1, 0x5B, 0x8C, 0x11, 0xF0, 0x13, 0xDC, /* F24E0 */
	0x03, 0x06, 0x48, 0x51, 0x45, 0x04, 0x6C, 0x5C, 0xC9, 0x21, 0xDC, 0x2A, 0x07, 0x8F, 0x52, 0xA8, /* F24F0 */
	0x23, 0x69, 0x14, 0xD7, 0x46, 0x62, 0x17, 0xB9, 0x00, 0x08, 0x29, 0x14, 0x93, 0x48, 0x05, 0x11, /* F2500 */
	0x17, 0x19, 0x4C, 0x50, 0x92, 0x11, 0x00, 0xA1, 0x14, 0x32, 0x4A, 0x6F, 0x52, 0x31, 0x0A, 0x08, /* F2510 */
	0x51, 0x73, 0x17, 0x36, 0x49, 0x57, 0xDE, 0xC6, 0x13, 0x7F, 0x95, 0x56, 0x0F, 0x00, 0x81, 0x4A, /* F2520 */
	0x61, 0x52, 0x25, 0x11, 0x23, 0x07, 0xA1, 0x16, 0x2C, 0x39, 0xA7, 0x20, 0x17, 0x51, 0x32, 0x01, /* F2530 */
	0x6E, 0x00, 0x07, 0x28, 0x49, 0x05, 0x09, 0xAF, 0x51, 0x97, 0x4B, 0x02, 0x82, 0x56, 0x00, 0x06, /* F2540 */
	0xC5, 0x15, 0x52, 0x04, 0x95, 0x17, 0x17, 0x79, 0x23, 0x66, 0x0A, 0x07, 0x69, 0x30, 0x61, 0x15, /* F2550 */
	0xB4, 0x14, 0x97, 0xA9, 0x02, 0x8D, 0x55, 0x00, 0x07, 0x81, 0x53, 0x85, 0x04, 0x30, 0x49, 0x17, /* F2560 */
	0x41, 0x43, 0x41, 0x70, 0x03, 0x00, 0x6F, 0x3B, 0x73, 0x0F, 0x2B, 0x51, 0x34, 0x03, 0x25, 0x4B, /* F2570 */
	0x03, 0x05, 0x80, 0x97, 0x4B, 0xF3, 0x68, 0x06, 0x85, 0x3E, 0x58, 0x8A, 0x48, 0x2F, 0x4B, 0x03, /* F2580 */
	0x02, 0x17, 0x09, 0x12, 0xAF, 0x65, 0x22, 0x53, 0xA5, 0x64, 0x65, 0x04, 0x03, 0x80, 0x5F, 0x49, /* F2590 */
	0x0A, 0x12, 0xAF, 0x49, 0x99, 0x07, 0x02, 0x05, 0x49, 0x99, 0x00, 0x02, 0x05, 0x21, 0x99, 0x05, /* F25A0 */
	0x03, 0xAF, 0x51, 0x48, 0x89, 0x62, 0x13, 0xAF, 0x01, 0x44, 0x89, 0x12, 0x03, 0x01, 0x23, 0x54, /* F25B0 */
	0xB9, 0x53, 0x00, 0x55, 0x3F, 0x0E, 0x0D, 0x07, 0x32, 0x2D, 0x41, 0x27, 0x49, 0x1D, 0x25, 0x03, /* F25C0 */
	0x04, 0x15, 0x0F, 0x41, 0xD9, 0x2E, 0x00, 0x12, 0xAF, 0x01, 0x32, 0x65, 0x23, 0x04, 0x05, 0x1D, /* F25D0 */
	0x85, 0x66, 0x01, 0x77, 0x03, 0x05, 0x76, 0x3B, 0x2E, 0x15, 0x56, 0xBD, 0x3B, 0x06, 0x41, 0x27, /* F25E0 */
	0x0D, 0x65, 0x21, 0xFB, 0x34, 0x00, 0x05, 0x65, 0x37, 0x61, 0x66, 0x0F, 0x0D, 0x38, 0x05, 0xAF, /* F25F0 */
	0x39, 0x27, 0x49, 0xD9, 0xF6, 0x1E, 0x1F, 0x16, 0xAF, 0x49, 0x33, 0x31, 0x46, 0x79, 0x4F, 0xA5, /* F2600 */
	0x1A, 0x02, 0x09, 0x4F, 0x3F, 0x08, 0x35, 0x41, 0x79, 0x3E, 0x0B, 0x20, 0xBC, 0x0D, 0x00, 0x09, /* F2610 */
	0x8F, 0x17, 0x4D, 0x51, 0x45, 0x39, 0x4F, 0x9D, 0x35, 0xF1, 0x34, 0x05, 0x17, 0xAF, 0x49, 0x33, /* F2620 */
	0x31, 0x36, 0x4D, 0x59, 0x4F, 0x97, 0x6A, 0x66, 0x02, 0x0B, 0x35, 0x3F, 0x73, 0x04, 0x56, 0x05, /* F2630 */
	0x59, 0x8E, 0x1E, 0x40, 0x33, 0xBC, 0x16, 0x05, 0x00, 0x02, 0x1A, 0x05, 0x03, 0x80, 0x6B, 0x45, /* F2640 */
	0x0A, 0x03, 0x2F, 0x69, 0x0F, 0x05, 0x04, 0x85, 0x3E, 0x9A, 0x40, 0x3E, 0x03, 0x01, 0x23, 0x9A, /* F2650 */
	0x21, 0x03, 0x05, 0x05, 0x4A, 0x41, 0x1A, 0x09, 0x12, 0x00, 0x05, 0x65, 0x3E, 0x4E, 0x1A, 0x39, /* F2660 */
	0x2F, 0x0E, 0x05, 0x65, 0x26, 0x54, 0x68, 0x05, 0xFE, 0x60, 0x05, 0x05, 0x31, 0xAF, 0x4D, 0x9A, /* F2670 */
	0xA5, 0x02, 0x13, 0x06, 0x01, 0x23, 0x81, 0x66, 0x9A, 0x21, 0x03, 0x12, 0x05, 0x00, /* F2680 */
};

/* data segment F410, DS:0000-AEA9 (linear F4100-FEFA9): every other table (REFERENCE 9.3, 11-15) */
const uint8_t prose_ds_data[0xAEAA] = {
	0xF0, 0xEB, 0x02, 0xC2, 0x80, 0xDD, 0xCC, 0xDB, 0x7A, 0xEE, 0x5C, 0xEE, 0x00, 0x00, 0x00, 0x00, /* F4100 */
	0xEF, 0xCE, 0xA8, 0x88, 0xDB, 0x68, 0xA4, 0x1E, 0x0B, 0xE0, 0x75, 0xAA, 0xF5, 0x1F, 0x8B, 0x55, /* F4110 */
	0x10, 0x00, 0x01, 0x00, 0x02, 0x00, 0x04, 0x00, 0x08, 0x00, 0x20, 0x00, 0x00, 0x00, 0x00, 0x00, /* F4120 */
	0x52, 0x02, 0xD2, 0x12, 0xF4, 0x2F, 0x14, 0x55, 0x16, 0x6E, 0xD8, 0x7E, 0xD8, 0x7E, 0x16, 0x6E, /* F4130 */
	0x14, 0x55, 0xF4, 0x2F, 0xD2, 0x12, 0x52, 0x02, 0x01, 0x00, 0x02, 0x00, 0x04, 0x00, 0x08, 0x00, /* F4140 */
	0x10, 0x00, 0x20, 0x00, 0x40, 0x00, 0x80, 0x00, 0x01, 0x01, 0x02, 0x01, 0x04, 0x01, 0x08, 0x01, /* F4150 */
	0x10, 0x01, 0x20, 0x01, 0x40, 0x01, 0x80, 0x01, 0x01, 0x02, 0x02, 0x02, 0x04, 0x02, 0x08, 0x02, /* F4160 */
	0x10, 0x02, 0x20, 0x02, 0x40, 0x02, 0x80, 0x02, 0x01, 0x03, 0x02, 0x03, 0x04, 0x03, 0x08, 0x03, /* F4170 */
	0x10, 0x03, 0x20, 0x03, 0x40, 0x03, 0x80, 0x03, 0x01, 0x04, 0x02, 0x04, 0x04, 0x04, 0x08, 0x04, /* F4180 */
	0x10, 0x04, 0x20, 0x04, 0x40, 0x04, 0x80, 0x04, 0x01, 0x05, 0x02, 0x05, 0x04, 0x05, 0x08, 0x05, /* F4190 */
	0x10, 0x05, 0x20, 0x05, 0x40, 0x05, 0x80, 0x05, 0x00, 0x00, 0x00, 0x00, 0x00, 0x00, 0x00, 0x00, /* F41A0 */
	0x00, 0x00, 0x00, 0x00, 0x00, 0x00, 0x00, 0x00, 0x00, 0x00, 0x00, 0x00, 0x00, 0x00, 0x00, 0x00, /* F41B0 */
	0x00, 0x00, 0x00, 0x00, 0x00, 0x00, 0x00, 0x00, 0x80, 0x00, 0x00, 0x00, 0x00, 0x08, 0x08, 0x00, /* F41C0 */
	0x00, 0x00, 0x00, 0x00, 0x00, 0x00, 0x00, 0x00, 0x00, 0x00, 0x00, 0x87, 0x87, 0x00, 0x00, 0x00, /* F41D0 */
	0x00, 0x00, 0x00, 0x00, 0x00, 0x00, 0x00, 0x00, 0x87, 0x87, 0xA4, 0xA0, 0xA4, 0x87, 0xC0, 0xA4, /* F41E0 */
	0x82, 0x87, 0xA4, 0xA0, 0x86, 0x96, 0x96, 0x87, 0xA0, 0x84, 0x86, 0xC0, 0xA0, 0x87, 0xC4, 0x86, /* F41F0 */
	0xC0, 0x86, 0xC4, 0x08, 0x00, 0x00, 0x00, 0x00, 0x00, 0x87, 0x87, 0x87, 0x86, 0x87, 0x87, 0x87, /* F4200 */
	0x86, 0x87, 0x86, 0x87, 0x87, 0x97, 0x97, 0x87, 0x86, 0xA4, 0x87, 0xC0, 0x84, 0x87, 0x87, 0x87, /* F4210 */
	0xC4, 0x87, 0xC4, 0x00, 0x87, 0x00, 0x96, 0x00, 0x00, 0x00, 0x00, 0x00, 0x00, 0x00, 0x00, 0x00, /* F4220 */
	0x00, 0x00, 0x00, 0x00, 0x00, 0x00, 0x00, 0x00, 0x00, 0x00, 0x00, 0x00, 0x00, 0x00, 0x00, 0x00, /* F4230 */
	0x00, 0x00, 0x00, 0x00, 0x00, 0x00, 0x00, 0x00, 0x00, 0x00, 0x06, 0x00, 0x00, 0x00, 0x00, 0x00, /* F4240 */
	0x00, 0xC0, 0x00, 0x00, 0xC1, 0x00, 0xC1, 0x00, 0x00, 0x06, 0x02, 0x00, 0x00, 0x00, 0x00, 0x00, /* F4250 */
	0x00, 0x00, 0x00, 0x00, 0x00, 0x00, 0x00, 0xC1, 0x10, 0x00, 0x20, 0x28, 0x20, 0x00, 0x20, 0x20, /* F4260 */
	0x20, 0x00, 0x28, 0x20, 0x20, 0x20, 0x20, 0x00, 0x20, 0x20, 0x20, 0x20, 0x20, 0x00, 0x20, 0x20, /* F4270 */
	0x20, 0x00, 0x20, 0x00, 0xC0, 0xC1, 0x00, 0x00, 0x00, 0x00, 0x00, 0x00, 0x20, 0x00, 0x00, 0x00, /* F4280 */
	0x20, 0x00, 0x20, 0x00, 0x00, 0x00, 0x00, 0x00, 0x10, 0x20, 0x00, 0x20, 0x20, 0x00, 0x00, 0x00, /* F4290 */
	0x20, 0x00, 0x20, 0x00, 0x10, 0x00, 0x20, 0x00, 0x00, 0x00, 0x00, 0x00, 0x00, 0x00, 0x00, 0x00, /* F42A0 */
	0x00, 0x00, 0x00, 0x00, 0x00, 0x00, 0x00, 0x00, 0x00, 0x00, 0x00, 0x00, 0x00, 0x00, 0x00, 0x00, /* F42B0 */
	0x00, 0x00, 0x00, 0x00, 0x00, 0x00, 0x00, 0x00, 0x00, 0x00, 0x00, 0x00, 0x00, 0x00, 0x00, 0x00, /* F42C0 */
	0x00, 0x00, 0x00, 0x00, 0x00, 0x00, 0x00, 0x00, 0x00, 0x00, 0x00, 0x0A, 0x22, 0x00, 0x00, 0x00, /* F42D0 */
	0x00, 0x00, 0x00, 0x00, 0x00, 0x00, 0x00, 0x00, 0x02, 0x22, 0x11, 0x01, 0x05, 0x22, 0x10, 0x81, /* F42E0 */
	0x00, 0x02, 0x01, 0x81, 0x40, 0x11, 0x05, 0x02, 0x11, 0x01, 0x08, 0x04, 0x05, 0x22, 0x10, 0x10, /* F42F0 */
	0x00, 0x00, 0x04, 0x00, 0x00, 0x00, 0x00, 0x00, 0x00, 0x22, 0x02, 0x02, 0x00, 0x22, 0x02, 0x02, /* F4300 */
	0x10, 0x22, 0x40, 0x22, 0x40, 0x11, 0x05, 0x02, 0x02, 0x05, 0x02, 0x00, 0x05, 0x02, 0x02, 0x02, /* F4310 */
	0x00, 0x02, 0x00, 0x00, 0x22, 0x00, 0x81, 0x00, 0x00, 0x00, 0x00, 0x00, 0x00, 0x00, 0x00, 0x00, /* F4320 */
	0x00, 0x00, 0x00, 0x00, 0x00, 0x00, 0x00, 0x00, 0x00, 0x00, 0x00, 0x00, 0x00, 0x00, 0x00, 0x00, /* F4330 */
	0x00, 0x00, 0x00, 0x00, 0x00, 0x00, 0x00, 0x00, 0x02, 0x00, 0x00, 0x00, 0x00, 0x00, 0x00, 0x00, /* F4340 */
	0x00, 0x00, 0x00, 0x00, 0x00, 0x00, 0x00, 0x00, 0x00, 0x00, 0x00, 0x00, 0x10, 0x00, 0x00, 0x00, /* F4350 */
	0x00, 0x00, 0x00, 0x00, 0x00, 0x00, 0x00, 0x00, 0x80, 0x50, 0x00, 0x04, 0x00, 0x58, 0x00, 0x00, /* F4360 */
	0x02, 0x50, 0x04, 0x00, 0x01, 0x00, 0x00, 0x30, 0x00, 0x02, 0x01, 0x00, 0x00, 0x38, 0x00, 0x21, /* F4370 */
	0x00, 0x0D, 0x00, 0x00, 0x00, 0x00, 0x00, 0x00, 0x00, 0x90, 0x30, 0x30, 0x02, 0x90, 0x10, 0x30, /* F4380 */
	0x21, 0x90, 0x01, 0x10, 0x01, 0x00, 0x00, 0x00, 0x80, 0x00, 0x10, 0x04, 0x00, 0xB0, 0x00, 0xB0, /* F4390 */
	0x00, 0x70, 0x04, 0x00, 0x80, 0x00, 0x00, 0x00, 0x00, 0x00, 0x00, 0x00, 0x00, 0x00, 0x00, 0x00, /* F43A0 */
	0x00, 0x00, 0x00, 0x00, 0x00, 0x00, 0x00, 0x00, 0x00, 0x00, 0x00, 0x00, 0x00, 0x00, 0x00, 0x00, /* F43B0 */
	0x00, 0x00, 0x00, 0x00, 0x00, 0x00, 0x00, 0x00, 0x00, 0x00, 0x00, 0x00, 0x00, 0x00, 0x00, 0x00, /* F43C0 */
	0x00, 0x00, 0x00, 0x00, 0x08, 0x00, 0x08, 0x00, 0x00, 0x00, 0x00, 0x40, 0x03, 0x00, 0x00, 0x00, /* F43D0 */
	0x00, 0x00, 0x00, 0x00, 0x00, 0x00, 0x00, 0x08, 0x40, 0x00, 0x00, 0x80, 0x00, 0x01, 0x00, 0x00, /* F43E0 */
	0x20, 0x00, 0x00, 0x00, 0x00, 0x00, 0x00, 0x04, 0x80, 0x00, 0x00, 0x00, 0x80, 0x05, 0x00, 0x01, /* F43F0 */
	0x10, 0x01, 0x00, 0x00, 0x08, 0x08, 0x00, 0x00, 0x00, 0x00, 0x05, 0x03, 0x20, 0x00, 0x04, 0x02, /* F4400 */
	0x21, 0x01, 0x00, 0x02, 0x40, 0x40, 0x40, 0x00, 0x00, 0x00, 0x02, 0x00, 0x00, 0x01, 0x00, 0x00, /* F4410 */
	0x10, 0x00, 0x00, 0x00, 0x41, 0x00, 0x00, 0x00, 0x00, 0x00, 0x00, 0x00, 0x00, 0x00, 0x00, 0x00, /* F4420 */
	0x00, 0x00, 0x00, 0x00, 0x00, 0x00, 0x00, 0x00, 0x00, 0x00, 0x00, 0x00, 0x00, 0x00, 0x00, 0x00, /* F4430 */
	0x00, 0x00, 0x00, 0x00, 0x00, 0x00, 0x00, 0x00, 0x00, 0x00, 0x00, 0x00, 0x00, 0x00, 0x00, 0x00, /* F4440 */
	0x00, 0x00, 0x00, 0x00, 0x00, 0x00, 0x00, 0x00, 0x00, 0x00, 0x00, 0x00, 0x00, 0x00, 0x00, 0x00, /* F4450 */
	0x00, 0x00, 0x00, 0x00, 0x00, 0x00, 0x00, 0x00, 0x00, 0x00, 0x18, 0x5D, 0x08, 0x00, 0x58, 0x18, /* F4460 */
	0x41, 0x00, 0x00, 0x41, 0xA1, 0x01, 0x23, 0x00, 0x5D, 0x81, 0xA6, 0x44, 0x4D, 0x00, 0x00, 0x0D, /* F4470 */
	0x00, 0x40, 0x00, 0x00, 0x00, 0x00, 0x00, 0x00, 0x00, 0x00, 0x00, 0x00, 0x00, 0x00, 0x00, 0x00, /* F4480 */
	0x00, 0x00, 0x00, 0x00, 0x00, 0x00, 0x00, 0x00, 0x00, 0x00, 0x00, 0x40, 0x00, 0x00, 0x00, 0x00, /* F4490 */
	0x00, 0x00, 0x00, 0x00, 0x00, 0x00, 0x00, 0x00, 0x04, 0xDB, 0xFA, 0xBB, 0x00, 0x03, 0x8E, 0xC3, /* F44A0 */
	0x26, 0xA2, 0x02, 0x04, 0xEA, 0x00, 0x00, 0xFF, 0xFF, 0xFF, 0x19, 0x00, 0x14, 0x00, 0x10, 0x00, /* F44B0 */
	0x0D, 0x00, 0x0D, 0x00, 0x0D, 0x00, 0x0D, 0x00, 0x0D, 0x00, 0x0D, 0x00, 0x0D, 0x00, 0x22, 0xFF, /* F44C0 */
	0x6D, 0x69, 0x6C, 0x6C, 0x69, 0x6F, 0x6E, 0x00, 0x26, 0x4D, 0x69, 0x31, 0x6A, 0x59, 0x40, 0x4E, /* F44D0 */
	0x00, 0x62, 0x69, 0x6C, 0x6C, 0x69, 0x6F, 0x6E, 0x00, 0x26, 0x42, 0x69, 0x31, 0x6A, 0x59, 0x40, /* F44E0 */
	0x4E, 0x00, 0x74, 0x72, 0x69, 0x6C, 0x6C, 0x69, 0x6F, 0x6E, 0x00, 0x26, 0x54, 0x52, 0x69, 0x31, /* F44F0 */
	0x6A, 0x59, 0x40, 0x4E, 0x00, 0x74, 0x68, 0x6F, 0x75, 0x73, 0x61, 0x6E, 0x64, 0x00, 0x26, 0x58, /* F4500 */
	0x66, 0x31, 0x5A, 0x6E, 0x00, 0x30, 0x00, 0x26, 0x5A, 0x45, 0x31, 0x52, 0x4F, 0x00, 0x31, 0x00, /* F4510 */
	0x26, 0x57, 0x76, 0x31, 0x4E, 0x00, 0x32, 0x00, 0x26, 0x54, 0x62, 0x31, 0x00, 0x33, 0x00, 0x26, /* F4520 */
	0x58, 0x52, 0x45, 0x31, 0x00, 0x34, 0x00, 0x26, 0x46, 0x67, 0x31, 0x00, 0x35, 0x00, 0x26, 0x46, /* F4530 */
	0x49, 0x31, 0x56, 0x00, 0x36, 0x00, 0x26, 0x53, 0x69, 0x31, 0x4B, 0x53, 0x00, 0x37, 0x00, 0x26, /* F4540 */
	0x53, 0x65, 0x31, 0x56, 0x7C, 0x4E, 0x00, 0x38, 0x00, 0x26, 0x41, 0x31, 0x54, 0x00, 0x39, 0x00, /* F4550 */
	0x26, 0x4E, 0x49, 0x31, 0x4E, 0x00, 0x6E, 0x67, 0x00, 0x26, 0x69, 0x31, 0x7E, 0x00, 0x6A, 0x72, /* F4560 */
	0x00, 0x26, 0x4A, 0x62, 0x31, 0x4E, 0x59, 0x33, 0x00, 0x73, 0x72, 0x00, 0x26, 0x53, 0x45, 0x31, /* F4570 */
	0x4E, 0x59, 0x33, 0x00, 0x61, 0x76, 0x65, 0x00, 0x26, 0x61, 0x31, 0x56, 0x40, 0x4E, 0x62, 0x00, /* F4580 */
	0x61, 0x76, 0x00, 0x26, 0x61, 0x31, 0x56, 0x40, 0x4E, 0x62, 0x00, 0x63, 0x74, 0x00, 0x26, 0x4B, /* F4590 */
	0x67, 0x31, 0x54, 0x00, 0x72, 0x64, 0x00, 0x26, 0x52, 0x4F, 0x31, 0x44, 0x00, 0x70, 0x6C, 0x00, /* F45A0 */
	0x26, 0x50, 0x4C, 0x41, 0x31, 0x53, 0x00, 0x62, 0x6C, 0x76, 0x64, 0x00, 0x26, 0x42, 0x75, 0x31, /* F45B0 */
	0x4C, 0x40, 0x56, 0x72, 0x44, 0x00, 0x69, 0x65, 0x00, 0x26, 0x78, 0x61, 0x32, 0x74, 0x69, 0x32, /* F45C0 */
	0x5A, 0x2C, 0x00, 0x65, 0x67, 0x00, 0x26, 0x46, 0x67, 0x31, 0x7C, 0x47, 0x5A, 0x61, 0x31, 0x4D, /* F45D0 */
	0x50, 0x6C, 0x2C, 0x00, 0x62, 0x63, 0x00, 0x26, 0x42, 0x45, 0x31, 0x26, 0x53, 0x45, 0x31, 0x00, /* F45E0 */
	0x65, 0x74, 0x63, 0x00, 0x26, 0x65, 0x54, 0x53, 0x65, 0x31, 0x54, 0x33, 0x40, 0x00, 0x6F, 0x7A, /* F45F0 */
	0x00, 0x26, 0x66, 0x31, 0x4E, 0x53, 0x40, 0x5A, 0x00, 0x6F, 0x7A, 0x73, 0x00, 0x26, 0x66, 0x31, /* F4600 */
	0x4E, 0x53, 0x40, 0x5A, 0x00, 0x6C, 0x62, 0x00, 0x26, 0x50, 0x66, 0x31, 0x4E, 0x44, 0x5A, 0x00, /* F4610 */
	0x6C, 0x62, 0x73, 0x00, 0x26, 0x50, 0x66, 0x31, 0x4E, 0x44, 0x5A, 0x00, 0x6D, 0x6D, 0x00, 0x26, /* F4620 */
	0x4D, 0x69, 0x31, 0x6A, 0x7C, 0x4D, 0x45, 0x32, 0x54, 0x33, 0x5A, 0x00, 0x63, 0x6D, 0x00, 0x26, /* F4630 */
	0x53, 0x65, 0x31, 0x4E, 0x54, 0x69, 0x4D, 0x45, 0x32, 0x54, 0x33, 0x5A, 0x00, 0x6B, 0x6D, 0x00, /* F4640 */
	0x26, 0x4B, 0x69, 0x31, 0x6A, 0x7C, 0x4D, 0x45, 0x32, 0x54, 0x33, 0x5A, 0x00, 0x6D, 0x67, 0x00, /* F4650 */
	0x26, 0x4D, 0x69, 0x31, 0x6A, 0x7C, 0x47, 0x52, 0x61, 0x32, 0x4D, 0x5A, 0x00, 0x67, 0x6D, 0x00, /* F4660 */
	0x26, 0x47, 0x52, 0x61, 0x31, 0x4D, 0x5A, 0x00, 0x6B, 0x67, 0x00, 0x26, 0x4B, 0x69, 0x31, 0x6A, /* F4670 */
	0x7C, 0x47, 0x52, 0x61, 0x32, 0x4D, 0x5A, 0x00, 0x6D, 0x6C, 0x00, 0x26, 0x4D, 0x69, 0x31, 0x6A, /* F4680 */
	0x7C, 0x4C, 0x45, 0x32, 0x54, 0x33, 0x5A, 0x00, 0x6D, 0x69, 0x00, 0x26, 0x4D, 0x49, 0x31, 0x6A, /* F4690 */
	0x00, 0x73, 0x65, 0x63, 0x00, 0x26, 0x53, 0x65, 0x31, 0x4B, 0x6E, 0x44, 0x5A, 0x00, 0x73, 0x65, /* F46A0 */
	0x63, 0x73, 0x00, 0x26, 0x53, 0x65, 0x31, 0x4B, 0x6E, 0x44, 0x5A, 0x00, 0x6D, 0x69, 0x6E, 0x00, /* F46B0 */
	0x26, 0x4D, 0x69, 0x31, 0x4E, 0x7C, 0x54, 0x53, 0x00, 0x6D, 0x69, 0x6E, 0x73, 0x00, 0x26, 0x4D, /* F46C0 */
	0x69, 0x31, 0x4E, 0x7C, 0x54, 0x53, 0x00, 0x68, 0x72, 0x00, 0x26, 0x66, 0x31, 0x33, 0x5A, 0x00, /* F46D0 */
	0x68, 0x72, 0x73, 0x00, 0x26, 0x66, 0x31, 0x33, 0x5A, 0x00, 0x76, 0x73, 0x00, 0x26, 0x56, 0x33, /* F46E0 */
	0x31, 0x53, 0x7C, 0x5A, 0x00, 0x69, 0x6E, 0x63, 0x00, 0x26, 0x69, 0x4E, 0x4B, 0x67, 0x31, 0x50, /* F46F0 */
	0x33, 0x41, 0x54, 0x7C, 0x44, 0x00, 0x6C, 0x74, 0x64, 0x00, 0x26, 0x4C, 0x69, 0x31, 0x4D, 0x7C, /* F4700 */
	0x54, 0x7C, 0x44, 0x00, 0x70, 0x6D, 0x00, 0x26, 0x50, 0x45, 0x31, 0x26, 0x65, 0x31, 0x4D, 0x00, /* F4710 */
	0x64, 0x65, 0x70, 0x74, 0x00, 0x26, 0x44, 0x45, 0x50, 0x72, 0x31, 0x54, 0x4D, 0x6E, 0x54, 0x00, /* F4720 */
	0x63, 0x75, 0x00, 0x26, 0x4B, 0x55, 0x31, 0x42, 0x69, 0x4B, 0x00, 0x68, 0x7A, 0x00, 0x26, 0x48, /* F4730 */
	0x33, 0x31, 0x54, 0x53, 0x00, 0x6D, 0x69, 0x73, 0x63, 0x00, 0x26, 0x4D, 0x69, 0x32, 0x53, 0x7C, /* F4740 */
	0x4C, 0x41, 0x31, 0x4E, 0x45, 0x40, 0x53, 0x00, 0x62, 0x6C, 0x64, 0x67, 0x00, 0x26, 0x42, 0x69, /* F4750 */
	0x31, 0x6A, 0x44, 0x7C, 0x7E, 0x00, 0x75, 0x6E, 0x69, 0x76, 0x00, 0x26, 0x55, 0x32, 0x4E, 0x7C, /* F4760 */
	0x56, 0x33, 0x31, 0x53, 0x69, 0x74, 0x45, 0x00, 0x73, 0x65, 0x63, 0x79, 0x00, 0x26, 0x53, 0x65, /* F4770 */
	0x31, 0x4B, 0x52, 0x40, 0x54, 0x65, 0x52, 0x45, 0x00, 0x63, 0x66, 0x00, 0x26, 0x4B, 0x40, 0x4D, /* F4780 */
	0x50, 0x6B, 0x31, 0x00, 0x65, 0x78, 0x74, 0x00, 0x26, 0x7C, 0x4B, 0x53, 0x54, 0x65, 0x31, 0x4E, /* F4790 */
	0x73, 0x40, 0x4E, 0x00, 0x68, 0x71, 0x00, 0x26, 0x48, 0x65, 0x31, 0x44, 0x4B, 0x57, 0x67, 0x54, /* F47A0 */
	0x33, 0x5A, 0x00, 0x65, 0x61, 0x00, 0x26, 0x45, 0x31, 0x43, 0x00, 0x6D, 0x67, 0x72, 0x00, 0x26, /* F47B0 */
	0x4D, 0x61, 0x31, 0x4E, 0x40, 0x4A, 0x33, 0x00, 0x76, 0x6F, 0x6C, 0x00, 0x26, 0x56, 0x6F, 0x31, /* F47C0 */
	0x6A, 0x59, 0x62, 0x4D, 0x00, 0x73, 0x71, 0x00, 0x26, 0x53, 0x4B, 0x57, 0x6B, 0x31, 0x00, 0x70, /* F47D0 */
	0x70, 0x64, 0x00, 0x26, 0x50, 0x4F, 0x31, 0x53, 0x54, 0x50, 0x41, 0x44, 0x00, 0x66, 0x65, 0x62, /* F47E0 */
	0x00, 0x26, 0x46, 0x65, 0x31, 0x42, 0x55, 0x65, 0x32, 0x52, 0x45, 0x00, 0x61, 0x70, 0x72, 0x00, /* F47F0 */
	0x26, 0x41, 0x31, 0x50, 0x52, 0x69, 0x6A, 0x00, 0x6A, 0x75, 0x6E, 0x00, 0x26, 0x4A, 0x62, 0x31, /* F4800 */
	0x4E, 0x00, 0x6A, 0x75, 0x6C, 0x00, 0x26, 0x4A, 0x62, 0x4C, 0x49, 0x31, 0x00, 0x61, 0x75, 0x67, /* F4810 */
	0x00, 0x26, 0x77, 0x31, 0x47, 0x40, 0x53, 0x54, 0x00, 0x73, 0x65, 0x70, 0x00, 0x26, 0x53, 0x65, /* F4820 */
	0x50, 0x54, 0x65, 0x31, 0x4D, 0x42, 0x33, 0x00, 0x73, 0x65, 0x70, 0x74, 0x00, 0x26, 0x53, 0x65, /* F4830 */
	0x50, 0x54, 0x65, 0x31, 0x4D, 0x42, 0x33, 0x00, 0x6F, 0x63, 0x74, 0x00, 0x26, 0x6F, 0x4B, 0x54, /* F4840 */
	0x4F, 0x31, 0x42, 0x33, 0x00, 0x6E, 0x6F, 0x76, 0x00, 0x26, 0x4E, 0x4F, 0x56, 0x65, 0x31, 0x4D, /* F4850 */
	0x42, 0x33, 0x00, 0x64, 0x65, 0x63, 0x00, 0x26, 0x44, 0x45, 0x53, 0x65, 0x31, 0x4D, 0x42, 0x33, /* F4860 */
	0x00, 0x6D, 0x6F, 0x6E, 0x00, 0x26, 0x4D, 0x76, 0x31, 0x4E, 0x44, 0x41, 0x00, 0x74, 0x75, 0x65, /* F4870 */
	0x00, 0x26, 0x54, 0x62, 0x31, 0x5A, 0x44, 0x41, 0x00, 0x74, 0x75, 0x65, 0x73, 0x00, 0x26, 0x54, /* F4880 */
	0x62, 0x31, 0x5A, 0x44, 0x41, 0x00, 0x74, 0x68, 0x75, 0x00, 0x26, 0x58, 0x33, 0x31, 0x5A, 0x44, /* F4890 */
	0x41, 0x00, 0x74, 0x68, 0x75, 0x72, 0x00, 0x26, 0x58, 0x33, 0x31, 0x5A, 0x44, 0x41, 0x00, 0x74, /* F48A0 */
	0x68, 0x75, 0x72, 0x73, 0x00, 0x26, 0x58, 0x33, 0x31, 0x5A, 0x44, 0x41, 0x00, 0x66, 0x72, 0x69, /* F48B0 */
	0x00, 0x26, 0x46, 0x52, 0x49, 0x31, 0x44, 0x41, 0x00, 0x61, 0x6C, 0x79, 0x00, 0x26, 0x61, 0x31, /* F48C0 */
	0x6A, 0x45, 0x00, 0x63, 0x72, 0x6B, 0x00, 0x26, 0x4B, 0x52, 0x45, 0x31, 0x4B, 0x00, 0x63, 0x79, /* F48D0 */
	0x6E, 0x00, 0x26, 0x4B, 0x61, 0x31, 0x4E, 0x59, 0x40, 0x4E, 0x70, 0x00, 0x63, 0x74, 0x72, 0x00, /* F48E0 */
	0x26, 0x53, 0x65, 0x31, 0x4E, 0x74, 0x33, 0x00, 0x63, 0x69, 0x72, 0x00, 0x26, 0x53, 0x33, 0x31, /* F48F0 */
	0x4B, 0x40, 0x6A, 0x00, 0x78, 0x69, 0x6E, 0x67, 0x00, 0x26, 0x4B, 0x52, 0x77, 0x31, 0x53, 0x69, /* F4900 */
	0x7E, 0x70, 0x00, 0x66, 0x77, 0x79, 0x00, 0x26, 0x46, 0x52, 0x45, 0x31, 0x57, 0x41, 0x00, 0x65, /* F4910 */
	0x78, 0x70, 0x79, 0x00, 0x26, 0x7C, 0x4B, 0x53, 0x42, 0x52, 0x65, 0x31, 0x53, 0x57, 0x41, 0x00, /* F4920 */
	0x68, 0x77, 0x79, 0x00, 0x26, 0x48, 0x49, 0x31, 0x57, 0x41, 0x00, 0x6A, 0x63, 0x74, 0x00, 0x26, /* F4930 */
	0x4A, 0x7A, 0x76, 0x31, 0x7E, 0x4B, 0x73, 0x40, 0x4E, 0x70, 0x00, 0x6C, 0x6E, 0x00, 0x26, 0x4C, /* F4940 */
	0x41, 0x31, 0x4E, 0x70, 0x00, 0x6D, 0x74, 0x6E, 0x00, 0x26, 0x4D, 0x66, 0x31, 0x4E, 0x54, 0x40, /* F4950 */
	0x4E, 0x70, 0x00, 0x70, 0x6B, 0x00, 0x26, 0x50, 0x72, 0x31, 0x4B, 0x70, 0x00, 0x70, 0x6B, 0x77, /* F4960 */
	0x79, 0x00, 0x26, 0x50, 0x72, 0x31, 0x4B, 0x57, 0x41, 0x00, 0x70, 0x6B, 0x79, 0x00, 0x26, 0x50, /* F4970 */
	0x72, 0x31, 0x4B, 0x57, 0x41, 0x00, 0x70, 0x6C, 0x7A, 0x00, 0x26, 0x50, 0x4C, 0x61, 0x31, 0x5A, /* F4980 */
	0x40, 0x00, 0x74, 0x70, 0x6B, 0x65, 0x00, 0x26, 0x54, 0x33, 0x31, 0x4E, 0x50, 0x49, 0x4B, 0x70, /* F4990 */
	0x00, 0x74, 0x65, 0x72, 0x00, 0x26, 0x54, 0x6B, 0x31, 0x52, 0x40, 0x53, 0x00, 0x74, 0x65, 0x72, /* F49A0 */
	0x72, 0x00, 0x26, 0x54, 0x6B, 0x31, 0x52, 0x40, 0x53, 0x00, 0x74, 0x72, 0x00, 0x26, 0x54, 0x52, /* F49B0 */
	0x41, 0x31, 0x6A, 0x00, 0x77, 0x79, 0x00, 0x26, 0x57, 0x41, 0x31, 0x00, 0x74, 0x74, 0x6F, 0x61, /* F49C0 */
	0x6C, 0x00, 0x26, 0x53, 0x45, 0x31, 0x53, 0x50, 0x45, 0x43, 0x50, 0x4C, 0x76, 0x32, 0x53, 0x41, /* F49D0 */
	0x74, 0x45, 0x53, 0x65, 0x56, 0x6E, 0x00, 0x61, 0x6C, 0x00, 0x26, 0x61, 0x32, 0x4C, 0x40, 0x42, /* F49E0 */
	0x61, 0x31, 0x4D, 0x40, 0x00, 0x61, 0x6B, 0x00, 0x26, 0x40, 0x4C, 0x61, 0x31, 0x53, 0x4B, 0x40, /* F49F0 */
	0x00, 0x61, 0x7A, 0x00, 0x26, 0x61, 0x32, 0x52, 0x7C, 0x5A, 0x4F, 0x31, 0x4E, 0x40, 0x00, 0x61, /* F4A00 */
	0x72, 0x00, 0x26, 0x72, 0x31, 0x4B, 0x7C, 0x4E, 0x53, 0x77, 0x00, 0x61, 0x73, 0x00, 0x26, 0x40, /* F4A10 */
	0x4D, 0x6B, 0x31, 0x40, 0x4B, 0x40, 0x4E, 0x26, 0x53, 0x40, 0x4D, 0x4F, 0x31, 0x40, 0x00, 0x63, /* F4A20 */
	0x61, 0x00, 0x26, 0x4B, 0x61, 0x32, 0x6A, 0x7C, 0x46, 0x67, 0x31, 0x4E, 0x45, 0x40, 0x00, 0x63, /* F4A30 */
	0x6F, 0x00, 0x26, 0x4B, 0x6F, 0x32, 0x6A, 0x33, 0x61, 0x31, 0x74, 0x4F, 0x00, 0x63, 0x74, 0x00, /* F4A40 */
	0x26, 0x4B, 0x40, 0x4E, 0x65, 0x31, 0x74, 0x7C, 0x4B, 0x7C, 0x54, 0x70, 0x00, 0x64, 0x65, 0x00, /* F4A50 */
	0x26, 0x44, 0x65, 0x31, 0x6A, 0x40, 0x57, 0x6B, 0x2C, 0x00, 0x64, 0x63, 0x00, 0x26, 0x44, 0x69, /* F4A60 */
	0x31, 0x53, 0x54, 0x52, 0x69, 0x4B, 0x54, 0x25, 0x40, 0x56, 0x26, 0x4B, 0x40, 0x4C, 0x76, 0x31, /* F4A70 */
	0x4D, 0x42, 0x45, 0x40, 0x00, 0x66, 0x6C, 0x00, 0x26, 0x46, 0x4C, 0x67, 0x31, 0x52, 0x7C, 0x74, /* F4A80 */
	0x40, 0x00, 0x67, 0x61, 0x00, 0x26, 0x4A, 0x7A, 0x67, 0x31, 0x4A, 0x7A, 0x40, 0x00, 0x67, 0x75, /* F4A90 */
	0x00, 0x26, 0x47, 0x57, 0x6F, 0x31, 0x4D, 0x70, 0x00, 0x68, 0x69, 0x00, 0x26, 0x48, 0x40, 0x57, /* F4AA0 */
	0x49, 0x31, 0x45, 0x00, 0x69, 0x64, 0x00, 0x26, 0x49, 0x31, 0x74, 0x40, 0x64, 0x4F, 0x00, 0x69, /* F4AB0 */
	0x6C, 0x00, 0x26, 0x69, 0x32, 0x6A, 0x7C, 0x4E, 0x79, 0x31, 0x00, 0x69, 0x6E, 0x00, 0x26, 0x69, /* F4AC0 */
	0x32, 0x4E, 0x44, 0x45, 0x61, 0x31, 0x4E, 0x40, 0x00, 0x69, 0x61, 0x00, 0x26, 0x49, 0x31, 0x40, /* F4AD0 */
	0x57, 0x40, 0x00, 0x6B, 0x73, 0x00, 0x26, 0x4B, 0x61, 0x31, 0x4E, 0x5A, 0x7C, 0x53, 0x00, 0x6B, /* F4AE0 */
	0x79, 0x00, 0x26, 0x4B, 0x7C, 0x4E, 0x54, 0x76, 0x31, 0x4B, 0x45, 0x00, 0x6C, 0x61, 0x00, 0x26, /* F4AF0 */
	0x4C, 0x62, 0x32, 0x45, 0x5A, 0x45, 0x59, 0x61, 0x31, 0x4E, 0x40, 0x00, 0x6D, 0x65, 0x00, 0x26, /* F4B00 */
	0x4D, 0x41, 0x31, 0x4E, 0x70, 0x00, 0x6D, 0x64, 0x00, 0x26, 0x4D, 0x6B, 0x31, 0x52, 0x6C, 0x40, /* F4B10 */
	0x4E, 0x44, 0x70, 0x00, 0x6D, 0x61, 0x00, 0x26, 0x4D, 0x61, 0x32, 0x53, 0x40, 0x43, 0x73, 0x62, /* F4B20 */
	0x31, 0x53, 0x7C, 0x54, 0x53, 0x00, 0x6D, 0x69, 0x00, 0x26, 0x4D, 0x69, 0x31, 0x73, 0x7C, 0x47, /* F4B30 */
	0x40, 0x4E, 0x70, 0x00, 0x6D, 0x6E, 0x00, 0x26, 0x4D, 0x7C, 0x4E, 0x7C, 0x53, 0x4F, 0x31, 0x74, /* F4B40 */
	0x40, 0x00, 0x6D, 0x73, 0x00, 0x26, 0x4D, 0x69, 0x32, 0x53, 0x7C, 0x53, 0x69, 0x31, 0x50, 0x45, /* F4B50 */
	0x00, 0x6D, 0x6F, 0x00, 0x26, 0x4D, 0x7C, 0x5A, 0x63, 0x31, 0x45, 0x00, 0x6D, 0x74, 0x00, 0x26, /* F4B60 */
	0x4D, 0x40, 0x4E, 0x54, 0x61, 0x31, 0x4E, 0x40, 0x00, 0x6E, 0x65, 0x00, 0x26, 0x4E, 0x7C, 0x42, /* F4B70 */
	0x52, 0x61, 0x31, 0x53, 0x4B, 0x40, 0x00, 0x6E, 0x76, 0x00, 0x26, 0x4E, 0x7C, 0x56, 0x61, 0x31, /* F4B80 */
	0x74, 0x40, 0x00, 0x6E, 0x68, 0x00, 0x26, 0x4E, 0x62, 0x31, 0x26, 0x64, 0x61, 0x31, 0x4D, 0x50, /* F4B90 */
	0x73, 0x33, 0x00, 0x6E, 0x6A, 0x00, 0x26, 0x4E, 0x62, 0x31, 0x26, 0x4A, 0x7A, 0x33, 0x31, 0x5A, /* F4BA0 */
	0x45, 0x00, 0x6E, 0x6D, 0x00, 0x26, 0x4E, 0x62, 0x31, 0x26, 0x4D, 0x65, 0x31, 0x4B, 0x53, 0x7C, /* F4BB0 */
	0x4B, 0x4F, 0x00, 0x6E, 0x79, 0x00, 0x26, 0x4E, 0x62, 0x31, 0x26, 0x59, 0x67, 0x31, 0x4B, 0x70, /* F4BC0 */
	0x00, 0x6E, 0x63, 0x00, 0x26, 0x4E, 0x67, 0x31, 0x58, 0x26, 0x4B, 0x6B, 0x32, 0x40, 0x4C, 0x49, /* F4BD0 */
	0x31, 0x4E, 0x40, 0x00, 0x6E, 0x64, 0x00, 0x26, 0x4E, 0x67, 0x31, 0x58, 0x26, 0x44, 0x7C, 0x4B, /* F4BE0 */
	0x4F, 0x31, 0x74, 0x40, 0x00, 0x6F, 0x68, 0x00, 0x26, 0x4F, 0x64, 0x49, 0x31, 0x4F, 0x00, 0x6F, /* F4BF0 */
	0x6B, 0x00, 0x26, 0x4F, 0x32, 0x4B, 0x4C, 0x40, 0x64, 0x4F, 0x31, 0x4D, 0x40, 0x00, 0x6F, 0x72, /* F4C00 */
	0x00, 0x26, 0x67, 0x31, 0x52, 0x7C, 0x47, 0x40, 0x4E, 0x70, 0x00, 0x70, 0x61, 0x00, 0x26, 0x50, /* F4C10 */
	0x65, 0x31, 0x4E, 0x53, 0x7C, 0x6A, 0x56, 0x41, 0x31, 0x4E, 0x45, 0x40, 0x00, 0x70, 0x72, 0x00, /* F4C20 */
	0x26, 0x50, 0x67, 0x31, 0x74, 0x4F, 0x26, 0x52, 0x45, 0x31, 0x4B, 0x4F, 0x00, 0x72, 0x69, 0x00, /* F4C30 */
	0x26, 0x52, 0x4F, 0x31, 0x74, 0x26, 0x49, 0x31, 0x6A, 0x40, 0x4E, 0x44, 0x70, 0x00, 0x73, 0x63, /* F4C40 */
	0x00, 0x26, 0x53, 0x66, 0x31, 0x58, 0x26, 0x4B, 0x6B, 0x32, 0x40, 0x4C, 0x49, 0x31, 0x4E, 0x40, /* F4C50 */
	0x00, 0x73, 0x64, 0x00, 0x26, 0x53, 0x66, 0x31, 0x58, 0x26, 0x44, 0x7C, 0x4B, 0x4F, 0x31, 0x74, /* F4C60 */
	0x40, 0x00, 0x74, 0x6E, 0x00, 0x26, 0x54, 0x65, 0x32, 0x4E, 0x7C, 0x53, 0x45, 0x31, 0x00, 0x74, /* F4C70 */
	0x74, 0x00, 0x26, 0x54, 0x52, 0x76, 0x31, 0x53, 0x54, 0x26, 0x54, 0x6B, 0x31, 0x52, 0x7C, 0x54, /* F4C80 */
	0x67, 0x45, 0x00, 0x74, 0x78, 0x00, 0x26, 0x54, 0x65, 0x31, 0x4B, 0x53, 0x40, 0x53, 0x00, 0x75, /* F4C90 */
	0x74, 0x00, 0x26, 0x59, 0x62, 0x31, 0x54, 0x6F, 0x00, 0x76, 0x74, 0x00, 0x26, 0x56, 0x33, 0x4D, /* F4CA0 */
	0x6F, 0x31, 0x4E, 0x54, 0x70, 0x00, 0x76, 0x61, 0x00, 0x26, 0x56, 0x33, 0x4A, 0x7A, 0x69, 0x31, /* F4CB0 */
	0x4E, 0x59, 0x40, 0x00, 0x76, 0x69, 0x00, 0x26, 0x56, 0x33, 0x31, 0x4A, 0x7A, 0x7C, 0x4E, 0x26, /* F4CC0 */
	0x49, 0x31, 0x6A, 0x40, 0x4E, 0x44, 0x5A, 0x00, 0x77, 0x61, 0x00, 0x26, 0x57, 0x6F, 0x31, 0x73, /* F4CD0 */
	0x7C, 0x7E, 0x54, 0x40, 0x4E, 0x70, 0x00, 0x77, 0x76, 0x00, 0x26, 0x57, 0x65, 0x31, 0x53, 0x54, /* F4CE0 */
	0x26, 0x56, 0x33, 0x4A, 0x7A, 0x69, 0x31, 0x4E, 0x59, 0x40, 0x00, 0x77, 0x69, 0x00, 0x26, 0x57, /* F4CF0 */
	0x7C, 0x53, 0x47, 0x6F, 0x31, 0x4E, 0x53, 0x7C, 0x4E, 0x70, 0x00, 0x77, 0x79, 0x00, 0x26, 0x57, /* F4D00 */
	0x49, 0x4F, 0x31, 0x4D, 0x7C, 0x7E, 0x70, 0x00, 0x6E, 0x65, 0x00, 0x26, 0x4E, 0x67, 0x31, 0x58, /* F4D10 */
	0x45, 0x32, 0x53, 0x54, 0x70, 0x00, 0x73, 0x77, 0x00, 0x26, 0x53, 0x66, 0x31, 0x58, 0x57, 0x65, /* F4D20 */
	0x32, 0x53, 0x54, 0x70, 0x00, 0x6E, 0x77, 0x00, 0x26, 0x4E, 0x67, 0x31, 0x58, 0x57, 0x65, 0x32, /* F4D30 */
	0x53, 0x54, 0x70, 0x00, 0x73, 0x65, 0x00, 0x26, 0x53, 0x66, 0x31, 0x58, 0x45, 0x32, 0x53, 0x54, /* F4D40 */
	0x70, 0x00, 0x6E, 0x00, 0x26, 0x4E, 0x67, 0x31, 0x58, 0x00, 0x73, 0x00, 0x26, 0x53, 0x66, 0x31, /* F4D50 */
	0x58, 0x00, 0x77, 0x00, 0x26, 0x57, 0x65, 0x31, 0x53, 0x54, 0x70, 0x00, 0x65, 0x00, 0x26, 0x45, /* F4D60 */
	0x31, 0x53, 0x54, 0x70, 0x00, 0x23, 0x00, 0x26, 0x4E, 0x76, 0x31, 0x4D, 0x42, 0x33, 0x00, 0x25, /* F4D70 */
	0x00, 0x26, 0x50, 0x33, 0x53, 0x65, 0x31, 0x4E, 0x54, 0x00, 0x26, 0x00, 0x26, 0x61, 0x31, 0x4D, /* F4D80 */
	0x50, 0x33, 0x53, 0x61, 0x4E, 0x44, 0x00, 0x2A, 0x00, 0x26, 0x61, 0x31, 0x53, 0x54, 0x33, 0x69, /* F4D90 */
	0x53, 0x4B, 0x00, 0x2B, 0x00, 0x26, 0x50, 0x4C, 0x76, 0x31, 0x53, 0x00, 0x3C, 0x00, 0x26, 0x4C, /* F4DA0 */
	0x65, 0x31, 0x53, 0x78, 0x61, 0x32, 0x4E, 0x00, 0x3D, 0x00, 0x26, 0x45, 0x31, 0x4B, 0x57, 0x6C, /* F4DB0 */
	0x5A, 0x00, 0x3E, 0x00, 0x26, 0x47, 0x52, 0x41, 0x31, 0x54, 0x33, 0x78, 0x61, 0x32, 0x4E, 0x00, /* F4DC0 */
	0x40, 0x00, 0x26, 0x61, 0x31, 0x54, 0x00, 0x2F, 0x00, 0x26, 0x53, 0x4C, 0x61, 0x31, 0x73, 0x00, /* F4DD0 */
	0x5C, 0x00, 0x26, 0x42, 0x61, 0x31, 0x4B, 0x53, 0x4C, 0x61, 0x32, 0x73, 0x00, 0x5E, 0x00, 0x26, /* F4DE0 */
	0x4B, 0x6B, 0x31, 0x40, 0x54, 0x00, 0x5F, 0x00, 0x26, 0x76, 0x31, 0x4E, 0x44, 0x33, 0x4C, 0x49, /* F4DF0 */
	0x4E, 0x00, 0x7C, 0x00, 0x26, 0x56, 0x33, 0x31, 0x74, 0x7C, 0x4B, 0x6C, 0x4C, 0x49, 0x31, 0x4E, /* F4E00 */
	0x00, 0x30, 0x74, 0x68, 0x00, 0x26, 0x5A, 0x45, 0x31, 0x52, 0x4F, 0x58, 0x00, 0x31, 0x73, 0x74, /* F4E10 */
	0x00, 0x26, 0x46, 0x33, 0x31, 0x53, 0x54, 0x00, 0x32, 0x6E, 0x64, 0x00, 0x26, 0x53, 0x65, 0x31, /* F4E20 */
	0x4B, 0x40, 0x4E, 0x44, 0x00, 0x33, 0x72, 0x64, 0x00, 0x26, 0x58, 0x33, 0x31, 0x44, 0x00, 0x34, /* F4E30 */
	0x74, 0x68, 0x00, 0x26, 0x46, 0x67, 0x31, 0x58, 0x00, 0x35, 0x74, 0x68, 0x00, 0x26, 0x46, 0x69, /* F4E40 */
	0x31, 0x46, 0x58, 0x00, 0x36, 0x74, 0x68, 0x00, 0x26, 0x53, 0x69, 0x31, 0x4B, 0x53, 0x58, 0x00, /* F4E50 */
	0x37, 0x74, 0x68, 0x00, 0x26, 0x53, 0x65, 0x31, 0x56, 0x7C, 0x4E, 0x58, 0x00, 0x38, 0x74, 0x68, /* F4E60 */
	0x00, 0x26, 0x41, 0x31, 0x54, 0x58, 0x00, 0x39, 0x74, 0x68, 0x00, 0x26, 0x4E, 0x49, 0x31, 0x4E, /* F4E70 */
	0x58, 0x00, 0x30, 0x00, 0x26, 0x5A, 0x45, 0x31, 0x52, 0x4F, 0x58, 0x00, 0x31, 0x00, 0x26, 0x46, /* F4E80 */
	0x33, 0x31, 0x53, 0x54, 0x00, 0x32, 0x00, 0x26, 0x53, 0x65, 0x31, 0x4B, 0x40, 0x4E, 0x44, 0x00, /* F4E90 */
	0x33, 0x00, 0x26, 0x58, 0x33, 0x31, 0x44, 0x00, 0x34, 0x00, 0x26, 0x46, 0x67, 0x31, 0x58, 0x00, /* F4EA0 */
	0x35, 0x00, 0x26, 0x46, 0x69, 0x31, 0x46, 0x58, 0x00, 0x36, 0x00, 0x26, 0x53, 0x69, 0x31, 0x4B, /* F4EB0 */
	0x53, 0x58, 0x00, 0x37, 0x00, 0x26, 0x53, 0x65, 0x31, 0x56, 0x7C, 0x4E, 0x58, 0x00, 0x38, 0x00, /* F4EC0 */
	0x26, 0x41, 0x31, 0x54, 0x58, 0x00, 0x39, 0x00, 0x26, 0x4E, 0x49, 0x31, 0x4E, 0x58, 0x00, 0x22, /* F4ED0 */
	0x00, 0x26, 0x4B, 0x57, 0x4F, 0x31, 0x54, 0x00, 0x24, 0x00, 0x26, 0x44, 0x6F, 0x31, 0x4C, 0x33, /* F4EE0 */
	0x00, 0x28, 0x00, 0x26, 0x4F, 0x31, 0x50, 0x7C, 0x4E, 0x50, 0x40, 0x52, 0x65, 0x31, 0x4E, 0x00, /* F4EF0 */
	0x29, 0x00, 0x26, 0x4B, 0x4C, 0x4F, 0x31, 0x5A, 0x50, 0x40, 0x52, 0x65, 0x31, 0x4E, 0x00, 0x2C, /* F4F00 */
	0x00, 0x26, 0x4B, 0x6F, 0x31, 0x4D, 0x40, 0x00, 0x2D, 0x00, 0x26, 0x44, 0x61, 0x31, 0x73, 0x00, /* F4F10 */
	0x3A, 0x00, 0x26, 0x4B, 0x4F, 0x31, 0x4C, 0x40, 0x4E, 0x00, 0x3B, 0x00, 0x26, 0x53, 0x65, 0x31, /* F4F20 */
	0x4D, 0x45, 0x4B, 0x4F, 0x32, 0x4C, 0x6E, 0x00, 0x5B, 0x00, 0x26, 0x4F, 0x31, 0x50, 0x7C, 0x4E, /* F4F30 */
	0x42, 0x52, 0x61, 0x31, 0x4B, 0x7C, 0x54, 0x00, 0x5D, 0x00, 0x26, 0x4B, 0x4C, 0x4F, 0x31, 0x5A, /* F4F40 */
	0x42, 0x52, 0x61, 0x31, 0x4B, 0x7C, 0x54, 0x00, 0x7B, 0x00, 0x26, 0x4F, 0x31, 0x50, 0x7C, 0x4E, /* F4F50 */
	0x42, 0x52, 0x41, 0x31, 0x53, 0x00, 0x7D, 0x00, 0x26, 0x4B, 0x4C, 0x4F, 0x31, 0x5A, 0x42, 0x52, /* F4F60 */
	0x41, 0x31, 0x53, 0x00, 0x60, 0x00, 0x26, 0x47, 0x52, 0x6F, 0x31, 0x56, 0x00, 0x7E, 0x00, 0x26, /* F4F70 */
	0x54, 0x69, 0x31, 0x6A, 0x44, 0x40, 0x00, 0x64, 0x72, 0x00, 0x26, 0x44, 0x6F, 0x4B, 0x54, 0x33, /* F4F80 */
	0x00, 0x73, 0x74, 0x00, 0x26, 0x53, 0x41, 0x4E, 0x54, 0x00, 0x66, 0x74, 0x00, 0x26, 0x46, 0x67, /* F4F90 */
	0x54, 0x00, 0x64, 0x72, 0x00, 0x26, 0x44, 0x52, 0x49, 0x31, 0x56, 0x00, 0x73, 0x74, 0x00, 0x26, /* F4FA0 */
	0x53, 0x54, 0x52, 0x45, 0x31, 0x54, 0x00, 0x66, 0x74, 0x00, 0x26, 0x46, 0x75, 0x31, 0x54, 0x00, /* F4FB0 */
	0x69, 0x2E, 0x65, 0x2E, 0x00, 0x26, 0x78, 0x61, 0x32, 0x74, 0x69, 0x32, 0x5A, 0x2C, 0x00, 0x69, /* F4FC0 */
	0x2E, 0x65, 0x00, 0x26, 0x78, 0x61, 0x32, 0x74, 0x69, 0x32, 0x5A, 0x2C, 0x00, 0x65, 0x2E, 0x67, /* F4FD0 */
	0x2E, 0x00, 0x26, 0x46, 0x67, 0x31, 0x7C, 0x47, 0x5A, 0x61, 0x31, 0x4D, 0x50, 0x6C, 0x2C, 0x00, /* F4FE0 */
	0x65, 0x2E, 0x67, 0x00, 0x26, 0x46, 0x67, 0x31, 0x7C, 0x47, 0x5A, 0x61, 0x31, 0x4D, 0x50, 0x6C, /* F4FF0 */
	0x2C, 0x00, 0x30, 0x00, 0x26, 0x54, 0x65, 0x31, 0x4E, 0x00, 0x31, 0x00, 0x26, 0x45, 0x4C, 0x65, /* F5000 */
	0x31, 0x56, 0x6E, 0x00, 0x32, 0x00, 0x26, 0x54, 0x57, 0x65, 0x31, 0x6A, 0x56, 0x00, 0x33, 0x00, /* F5010 */
	0x26, 0x58, 0x33, 0x32, 0x54, 0x45, 0x31, 0x4E, 0x00, 0x34, 0x00, 0x26, 0x46, 0x67, 0x32, 0x54, /* F5020 */
	0x45, 0x31, 0x4E, 0x00, 0x35, 0x00, 0x26, 0x46, 0x69, 0x32, 0x46, 0x54, 0x45, 0x31, 0x4E, 0x00, /* F5030 */
	0x36, 0x00, 0x26, 0x53, 0x69, 0x32, 0x4B, 0x53, 0x54, 0x45, 0x31, 0x4E, 0x00, 0x37, 0x00, 0x26, /* F5040 */
	0x53, 0x65, 0x32, 0x56, 0x7C, 0x4E, 0x54, 0x45, 0x31, 0x4E, 0x00, 0x38, 0x00, 0x26, 0x41, 0x32, /* F5050 */
	0x54, 0x45, 0x31, 0x4E, 0x00, 0x39, 0x00, 0x26, 0x4E, 0x49, 0x32, 0x4E, 0x54, 0x45, 0x31, 0x4E, /* F5060 */
	0x00, 0x32, 0x00, 0x26, 0x54, 0x57, 0x65, 0x31, 0x4E, 0x54, 0x45, 0x00, 0x33, 0x00, 0x26, 0x58, /* F5070 */
	0x33, 0x31, 0x54, 0x45, 0x00, 0x34, 0x00, 0x26, 0x46, 0x67, 0x31, 0x54, 0x45, 0x00, 0x35, 0x00, /* F5080 */
	0x26, 0x46, 0x69, 0x31, 0x46, 0x54, 0x45, 0x00, 0x36, 0x00, 0x26, 0x53, 0x69, 0x31, 0x4B, 0x53, /* F5090 */
	0x54, 0x45, 0x00, 0x37, 0x00, 0x26, 0x53, 0x65, 0x31, 0x56, 0x7C, 0x4E, 0x54, 0x45, 0x00, 0x38, /* F50A0 */
	0x00, 0x26, 0x41, 0x31, 0x54, 0x45, 0x00, 0x39, 0x00, 0x26, 0x4E, 0x49, 0x31, 0x4E, 0x54, 0x45, /* F50B0 */
	0x00, 0x2E, 0x00, 0x26, 0x50, 0x34, 0x31, 0x45, 0x40, 0x44, 0x00, 0x3F, 0x00, 0x26, 0x4B, 0x57, /* F50C0 */
	0x65, 0x31, 0x53, 0x43, 0x40, 0x4E, 0x00, 0x21, 0x00, 0x26, 0x65, 0x4B, 0x53, 0x4B, 0x4C, 0x40, /* F50D0 */
	0x4D, 0x41, 0x31, 0x73, 0x6E, 0x00, 0x6D, 0x72, 0x73, 0x00, 0x26, 0x4D, 0x69, 0x53, 0x7C, 0x5A, /* F50E0 */
	0x00, 0x6D, 0x73, 0x00, 0x26, 0x4D, 0x69, 0x32, 0x5A, 0x00, 0x6D, 0x72, 0x00, 0x26, 0x4D, 0x69, /* F50F0 */
	0x53, 0x54, 0x33, 0x00, 0x72, 0x65, 0x76, 0x00, 0x26, 0x52, 0x65, 0x32, 0x56, 0x52, 0x7C, 0x4E, /* F5100 */
	0x44, 0x00, 0x67, 0x6F, 0x76, 0x00, 0x26, 0x47, 0x76, 0x32, 0x56, 0x40, 0x4E, 0x33, 0x00, 0x67, /* F5110 */
	0x65, 0x6E, 0x00, 0x26, 0x4A, 0x65, 0x32, 0x4E, 0x33, 0x6C, 0x00, 0x6D, 0x74, 0x00, 0x26, 0x4D, /* F5120 */
	0x66, 0x4E, 0x54, 0x00, 0x66, 0x69, 0x67, 0x00, 0x26, 0x46, 0x69, 0x31, 0x47, 0x59, 0x33, 0x00, /* F5130 */
	0x6E, 0x6F, 0x00, 0x26, 0x4E, 0x76, 0x31, 0x4D, 0x42, 0x33, 0x00, 0x69, 0x6E, 0x00, 0x26, 0x69, /* F5140 */
	0x31, 0x4E, 0x43, 0x7C, 0x5A, 0x00, 0x6A, 0x61, 0x6E, 0x00, 0x26, 0x4A, 0x61, 0x31, 0x4E, 0x55, /* F5150 */
	0x65, 0x32, 0x52, 0x45, 0x00, 0x6D, 0x61, 0x72, 0x00, 0x26, 0x4D, 0x6F, 0x31, 0x52, 0x43, 0x00, /* F5160 */
	0x77, 0x65, 0x64, 0x00, 0x26, 0x57, 0x65, 0x31, 0x4E, 0x5A, 0x44, 0x41, 0x00, 0x73, 0x61, 0x74, /* F5170 */
	0x00, 0x26, 0x53, 0x61, 0x31, 0x54, 0x33, 0x44, 0x41, 0x00, 0x73, 0x75, 0x6E, 0x00, 0x26, 0x53, /* F5180 */
	0x76, 0x31, 0x4E, 0x44, 0x41, 0x00, 0x67, 0x61, 0x6C, 0x00, 0x26, 0x47, 0x61, 0x31, 0x4C, 0x40, /* F5190 */
	0x6E, 0x00, 0x63, 0x6F, 0x00, 0x26, 0x4B, 0x76, 0x31, 0x4D, 0x50, 0x40, 0x4E, 0x45, 0x00, 0x61, /* F51A0 */
	0x6E, 0x00, 0x61, 0x00, 0x6F, 0x6E, 0x65, 0x00, 0x74, 0x77, 0x6F, 0x00, 0x74, 0x68, 0x72, 0x65, /* F51B0 */
	0x65, 0x00, 0x66, 0x6F, 0x75, 0x72, 0x00, 0x66, 0x69, 0x76, 0x65, 0x00, 0x73, 0x69, 0x78, 0x00, /* F51C0 */
	0x73, 0x65, 0x76, 0x65, 0x6E, 0x00, 0x65, 0x69, 0x67, 0x68, 0x74, 0x00, 0x6E, 0x69, 0x6E, 0x65, /* F51D0 */
	0x00, 0x74, 0x65, 0x6E, 0x00, 0x74, 0x77, 0x65, 0x6E, 0x74, 0x79, 0x00, 0x74, 0x68, 0x69, 0x72, /* F51E0 */
	0x74, 0x79, 0x00, 0x66, 0x6F, 0x72, 0x74, 0x79, 0x00, 0x66, 0x69, 0x66, 0x74, 0x79, 0x00, 0x73, /* F51F0 */
	0x69, 0x78, 0x74, 0x79, 0x00, 0x73, 0x65, 0x76, 0x65, 0x6E, 0x74, 0x79, 0x00, 0x65, 0x69, 0x67, /* F5200 */
	0x68, 0x74, 0x79, 0x00, 0x6E, 0x69, 0x6E, 0x65, 0x74, 0x79, 0x00, 0x68, 0x75, 0x6E, 0x64, 0x72, /* F5210 */
	0x65, 0x64, 0x00, 0x74, 0x68, 0x6F, 0x75, 0x73, 0x61, 0x6E, 0x64, 0x00, 0x6D, 0x69, 0x6C, 0x6C, /* F5220 */
	0x69, 0x6F, 0x6E, 0x00, 0x62, 0x69, 0x6C, 0x6C, 0x69, 0x6F, 0x6E, 0x00, 0x65, 0x6C, 0x65, 0x76, /* F5230 */
	0x65, 0x6E, 0x00, 0x74, 0x77, 0x65, 0x6C, 0x76, 0x65, 0x00, 0x74, 0x68, 0x69, 0x72, 0x74, 0x65, /* F5240 */
	0x65, 0x6E, 0x00, 0x66, 0x6F, 0x75, 0x72, 0x74, 0x65, 0x65, 0x6E, 0x00, 0x73, 0x69, 0x78, 0x74, /* F5250 */
	0x65, 0x65, 0x6E, 0x00, 0x73, 0x65, 0x76, 0x65, 0x6E, 0x74, 0x65, 0x65, 0x6E, 0x00, 0x65, 0x69, /* F5260 */
	0x67, 0x68, 0x74, 0x65, 0x65, 0x6E, 0x00, 0x6E, 0x69, 0x6E, 0x65, 0x74, 0x65, 0x65, 0x6E, 0x00, /* F5270 */
	0x4A, 0x61, 0x6E, 0x00, 0x4D, 0x61, 0x72, 0x00, 0x53, 0x61, 0x74, 0x00, 0x53, 0x75, 0x6E, 0x00, /* F5280 */
	0x57, 0x65, 0x64, 0x00, 0x6A, 0x61, 0x6E, 0x00, 0x6D, 0x61, 0x72, 0x00, 0x73, 0x61, 0x74, 0x00, /* F5290 */
	0x73, 0x75, 0x6E, 0x00, 0x77, 0x65, 0x64, 0x00, 0xD0, 0x03, 0xE1, 0x03, 0xF2, 0x03, 0x05, 0x04, /* F52A0 */
	0x00, 0x00, 0x15, 0x04, 0x1E, 0x04, 0x26, 0x04, 0x2D, 0x04, 0x35, 0x04, 0x3C, 0x04, 0x44, 0x04, /* F52B0 */
	0x4D, 0x04, 0x57, 0x04, 0x5E, 0x04, 0x00, 0x00, 0x66, 0x04, 0x6E, 0x04, 0x79, 0x04, 0x84, 0x04, /* F52C0 */
	0x90, 0x04, 0x9B, 0x04, 0xA4, 0x04, 0xAD, 0x04, 0xB7, 0x04, 0xC6, 0x04, 0xD3, 0x04, 0xE4, 0x04, /* F52D0 */
	0xF0, 0x04, 0xFE, 0x04, 0x09, 0x05, 0x15, 0x05, 0x20, 0x05, 0x2C, 0x05, 0x3C, 0x05, 0x4D, 0x05, /* F52E0 */
	0x5D, 0x05, 0x6D, 0x05, 0x78, 0x05, 0x88, 0x05, 0x98, 0x05, 0xA1, 0x05, 0xAE, 0x05, 0xBC, 0x05, /* F52F0 */
	0xC9, 0x05, 0xD7, 0x05, 0xE0, 0x05, 0xEA, 0x05, 0xF5, 0x05, 0x06, 0x06, 0x14, 0x06, 0x20, 0x06, /* F5300 */
	0x30, 0x06, 0x3B, 0x06, 0x45, 0x06, 0x58, 0x06, 0x66, 0x06, 0x78, 0x06, 0x89, 0x06, 0x94, 0x06, /* F5310 */
	0xA4, 0x06, 0xB3, 0x06, 0xBB, 0x06, 0xC8, 0x06, 0xD5, 0x06, 0xDF, 0x06, 0xED, 0x06, 0xFC, 0x06, /* F5320 */
	0x08, 0x07, 0x12, 0x07, 0x1D, 0x07, 0x29, 0x07, 0x38, 0x07, 0x48, 0x07, 0x55, 0x07, 0x63, 0x07, /* F5330 */
	0x71, 0x07, 0x7D, 0x07, 0x89, 0x07, 0x96, 0x07, 0xA2, 0x07, 0xAF, 0x07, 0xBD, 0x07, 0xC9, 0x07, /* F5340 */
	0xD3, 0x07, 0xDE, 0x07, 0xEC, 0x07, 0xF8, 0x07, 0x04, 0x08, 0x13, 0x08, 0x1F, 0x08, 0x30, 0x08, /* F5350 */
	0x3B, 0x08, 0x4B, 0x08, 0x55, 0x08, 0x63, 0x08, 0x6D, 0x08, 0x7A, 0x08, 0x86, 0x08, 0x92, 0x08, /* F5360 */
	0xA1, 0x08, 0xAD, 0x08, 0xBA, 0x08, 0xC4, 0x08, 0xCC, 0x08, 0x00, 0x00, 0xE7, 0x08, 0xF5, 0x08, /* F5370 */
	0x01, 0x09, 0x0F, 0x09, 0x1B, 0x09, 0x2F, 0x09, 0x3F, 0x09, 0x4D, 0x09, 0x5D, 0x09, 0x6A, 0x09, /* F5380 */
	0x85, 0x09, 0x92, 0x09, 0x9E, 0x09, 0xA9, 0x09, 0xB4, 0x09, 0xBF, 0x09, 0xCB, 0x09, 0xD9, 0x09, /* F5390 */
	0xE3, 0x09, 0xEF, 0x09, 0xFC, 0x09, 0x0C, 0x0A, 0x16, 0x0A, 0x24, 0x0A, 0x36, 0x0A, 0x44, 0x0A, /* F53A0 */
	0x52, 0x0A, 0x61, 0x0A, 0x6C, 0x0A, 0x79, 0x0A, 0x87, 0x0A, 0x93, 0x0A, 0xA3, 0x0A, 0xB2, 0x0A, /* F53B0 */
	0xC3, 0x0A, 0xD1, 0x0A, 0xE4, 0x0A, 0xF5, 0x0A, 0xFF, 0x0A, 0x0E, 0x0B, 0x1B, 0x0B, 0x2D, 0x0B, /* F53C0 */
	0x3D, 0x0B, 0x4E, 0x0B, 0x61, 0x0B, 0x72, 0x0B, 0x7F, 0x0B, 0x93, 0x0B, 0x9F, 0x0B, 0xA9, 0x0B, /* F53D0 */
	0xB6, 0x0B, 0xC4, 0x0B, 0xD8, 0x0B, 0xE7, 0x0B, 0xFB, 0x0B, 0x0B, 0x0C, 0x00, 0x00, 0x18, 0x0C, /* F53E0 */
	0x26, 0x0C, 0x35, 0x0C, 0x44, 0x0C, 0x00, 0x00, 0x52, 0x0C, 0x5A, 0x0C, 0x62, 0x0C, 0x6C, 0x0C, /* F53F0 */
	0x00, 0x00, 0x75, 0x0C, 0x7F, 0x0C, 0x8A, 0x0C, 0x97, 0x0C, 0xA3, 0x0C, 0xAC, 0x0C, 0xB8, 0x0C, /* F5400 */
	0xC2, 0x0C, 0xD0, 0x0C, 0xD7, 0x0C, 0xE0, 0x0C, 0xED, 0x0C, 0xF6, 0x0C, 0x02, 0x0D, 0x00, 0x00, /* F5410 */
	0x11, 0x0D, 0x1D, 0x0D, 0x28, 0x0D, 0x35, 0x0D, 0x3F, 0x0D, 0x49, 0x0D, 0x54, 0x0D, 0x60, 0x0D, /* F5420 */
	0x6D, 0x0D, 0x77, 0x0D, 0x00, 0x00, 0x82, 0x0D, 0x8C, 0x0D, 0x95, 0x0D, 0xA0, 0x0D, 0xA8, 0x0D, /* F5430 */
	0xB0, 0x0D, 0xB9, 0x0D, 0xC3, 0x0D, 0xCE, 0x0D, 0xD6, 0x0D, 0x00, 0x00, 0xDF, 0x0D, 0xE8, 0x0D, /* F5440 */
	0xF1, 0x0D, 0x00, 0x0E, 0x0F, 0x0E, 0x18, 0x0E, 0x20, 0x0E, 0x2A, 0x0E, 0x38, 0x0E, 0x48, 0x0E, /* F5450 */
	0x58, 0x0E, 0x66, 0x0E, 0x74, 0x0E, 0x7D, 0x0E, 0x00, 0x00, 0x87, 0x0E, 0x91, 0x0E, 0x9A, 0x0E, /* F5460 */
	0x00, 0x00, 0xA2, 0x0E, 0xAC, 0x0E, 0xB7, 0x0E, 0x00, 0x00, 0xC0, 0x0E, 0xCF, 0x0E, 0xDD, 0x0E, /* F5470 */
	0xF0, 0x0E, 0x00, 0x00, 0x02, 0x0F, 0x0A, 0x0F, 0x14, 0x0F, 0x1E, 0x0F, 0x29, 0x0F, 0x34, 0x0F, /* F5480 */
	0x40, 0x0F, 0x4D, 0x0F, 0x5B, 0x0F, 0x65, 0x0F, 0x00, 0x00, 0x71, 0x0F, 0x7C, 0x0F, 0x85, 0x0F, /* F5490 */
	0x8E, 0x0F, 0x98, 0x0F, 0xA3, 0x0F, 0xAF, 0x0F, 0xB7, 0x0F, 0x00, 0x00, 0xC1, 0x0F, 0xCB, 0x0F, /* F54A0 */
	0xD7, 0x0F, 0x00, 0x00, 0xE6, 0x0F, 0xF1, 0x0F, 0xFA, 0x0F, 0x04, 0x10, 0x12, 0x10, 0x1F, 0x10, /* F54B0 */
	0x2B, 0x10, 0x00, 0x00, 0x34, 0x10, 0x40, 0x10, 0x4B, 0x10, 0x56, 0x10, 0x65, 0x10, 0x70, 0x10, /* F54C0 */
	0x7D, 0x10, 0x8A, 0x10, 0x96, 0x10, 0xA2, 0x10, 0x00, 0x00, 0xAF, 0x10, 0xB2, 0x10, 0xB4, 0x10, /* F54D0 */
	0xB8, 0x10, 0xBC, 0x10, 0xC2, 0x10, 0xC7, 0x10, 0xCC, 0x10, 0xD0, 0x10, 0xD6, 0x10, 0xDC, 0x10, /* F54E0 */
	0xE1, 0x10, 0xE5, 0x10, 0xEC, 0x10, 0xF3, 0x10, 0xF9, 0x10, 0xFF, 0x10, 0x05, 0x11, 0x0D, 0x11, /* F54F0 */
	0x14, 0x11, 0x1B, 0x11, 0x23, 0x11, 0x2C, 0x11, 0x34, 0x11, 0x3C, 0x11, 0x43, 0x11, 0x4A, 0x11, /* F5500 */
	0x53, 0x11, 0x5C, 0x11, 0x64, 0x11, 0x6E, 0x11, 0x77, 0x11, 0x00, 0x00, 0x80, 0x11, 0x84, 0x11, /* F5510 */
	0x88, 0x11, 0x8C, 0x11, 0x90, 0x11, 0x00, 0x00, 0x94, 0x11, 0x98, 0x11, 0x9C, 0x11, 0xA0, 0x11, /* F5520 */
	0xA4, 0x11, 0x00, 0x00, 0xA8, 0x11, 0xB2, 0x11, 0xC8, 0x11, 0x7C, 0x12, 0xEE, 0x12, 0xF8, 0x12, /* F5530 */
	0x02, 0x13, 0x20, 0x13, 0x36, 0x13, 0x4C, 0x13, 0x6A, 0x13, 0x72, 0x13, 0x7A, 0x13, 0x84, 0x13, /* F5540 */
	0x9A, 0x13, 0xAC, 0x13, 0xB4, 0x13, 0xC4, 0x13, 0xDA, 0x13, 0x1C, 0x14, 0x28, 0x14, 0x20, 0x22, /* F5550 */
	0x24, 0x25, 0x26, 0x29, 0x2C, 0x2E, 0x3F, 0x40, 0x5B, 0x5D, 0x7C, 0x7E, 0x5C, 0x00, 0x0F, 0x60, /* F5560 */
	0x06, 0x06, 0x00, 0x06, 0x07, 0x05, 0x0F, 0x30, 0x06, 0x09, 0x00, 0x0E, 0x70, 0x12, 0x02, 0x06, /* F5570 */
	0x06, 0x00, 0x80, 0x0D, 0x00, 0xA0, 0xC7, 0x9B, 0x06, 0x06, 0x01, 0x06, 0x07, 0x01, 0x80, 0x0D, /* F5580 */
	0x04, 0xD0, 0x06, 0x03, 0x00, 0xC1, 0xFD, 0x06, 0x06, 0x02, 0x06, 0x07, 0x02, 0x80, 0x0D, 0x0B, /* F5590 */
	0x20, 0x70, 0xCA, 0xEC, 0x06, 0x06, 0x03, 0x80, 0x0D, 0x05, 0xD0, 0x06, 0x09, 0x00, 0xC3, 0xB8, /* F55A0 */
	0x06, 0x07, 0x04, 0x06, 0x06, 0x04, 0x80, 0x0D, 0x0C, 0x0F, 0xD0, 0x06, 0x09, 0x00, 0xCA, 0xBB, /* F55B0 */
	0x06, 0x06, 0x05, 0x06, 0x07, 0x05, 0x80, 0x0D, 0x0C, 0x09, 0xD0, 0xCA, 0x77, 0x06, 0x09, 0x00, /* F55C0 */
	0x06, 0x06, 0x06, 0x06, 0x07, 0x06, 0x80, 0x0D, 0x0C, 0x06, 0x53, 0x06, 0x09, 0x00, 0x80, 0x75, /* F55D0 */
	0x0C, 0x80, 0x0D, 0x0B, 0x26, 0x03, 0x05, 0x80, 0x84, 0x02, 0x01, 0x33, 0x05, 0x80, 0x84, 0x01, /* F55E0 */
	0x00, 0x00, 0x0F, 0xB0, 0x0C, 0xC7, 0x7D, 0x06, 0x06, 0x07, 0x06, 0x07, 0x07, 0x80, 0x0D, 0x0A, /* F55F0 */
	0x00, 0x05, 0x23, 0x81, 0x8D, 0x06, 0x01, 0x01, 0x02, 0x12, 0x20, 0x81, 0xD1, 0x0C, 0x02, 0x22, /* F5600 */
	0x05, 0x0D, 0x80, 0xC7, 0x0E, 0x30, 0xC7, 0x92, 0x13, 0x0B, 0x2E, 0x03, 0xC7, 0x92, 0x13, 0x08, /* F5610 */
	0x07, 0x30, 0xC7, 0x7D, 0x13, 0x02, 0x01, 0x94, 0xC7, 0x92, 0x10, 0x0F, 0x05, 0x0C, 0xC7, 0x7D, /* F5620 */
	0x13, 0x0C, 0xC7, 0x7D, 0x13, 0x0C, 0x10, 0x22, 0x05, 0x0D, 0x80, 0xDB, 0x0E, 0x30, 0xC7, 0x92, /* F5630 */
	0x13, 0x0B, 0x2E, 0x23, 0x80, 0xB7, 0xC7, 0x92, 0x13, 0x0C, 0x14, 0x30, 0x06, 0x09, 0x0A, 0x12, /* F5640 */
	0x13, 0x30, 0x06, 0x09, 0x0B, 0x0C, 0x11, 0x02, 0x81, 0x1D, 0x0D, 0x30, 0x0B, 0x81, 0x8D, 0x0B, /* F5650 */
	0x2E, 0x06, 0x06, 0x09, 0x00, 0x0B, 0x81, 0x8D, 0x09, 0x09, 0x0B, 0x20, 0x81, 0xBD, 0x09, 0x09, /* F5660 */
	0x0A, 0x20, 0x81, 0xB5, 0x08, 0x07, 0x30, 0x0B, 0x81, 0xA4, 0x08, 0x13, 0x30, 0x0B, 0x81, 0x93, /* F5670 */
	0x08, 0x0E, 0x35, 0x0B, 0x81, 0x93, 0x0B, 0x05, 0x0D, 0x80, 0xB7, 0x0C, 0x0A, 0x02, 0x81, 0x49, /* F5680 */
	0x0D, 0x30, 0x0B, 0x81, 0x36, 0x0B, 0x2E, 0x03, 0x0B, 0x81, 0x36, 0x08, 0x07, 0x33, 0x0B, 0x81, /* F5690 */
	0x43, 0x0B, 0x81, 0x3B, 0x08, 0x07, 0x20, 0x81, 0x43, 0x0F, 0x60, 0x10, 0x0B, 0x05, 0x0D, 0x80, /* F56A0 */
	0xCE, 0x0F, 0x40, 0x05, 0x0D, 0x80, 0xCE, 0x09, 0x00, 0x01, 0x02, 0x81, 0x8D, 0x0D, 0x20, 0x81, /* F56B0 */
	0x8A, 0x0B, 0x2E, 0x02, 0x81, 0x8A, 0x0D, 0x20, 0x81, 0x8A, 0x04, 0x02, 0x81, 0x8A, 0x0D, 0x30, /* F56C0 */
	0x0B, 0x81, 0x69, 0x0B, 0x2E, 0x01, 0x0B, 0x0C, 0x0C, 0x02, 0x81, 0x8A, 0x02, 0x01, 0xD1, 0x09, /* F56D0 */
	0xC8, 0xBA, 0x10, 0x0F, 0x05, 0x0C, 0xC7, 0x92, 0xC8, 0xBA, 0x80, 0xB1, 0x05, 0x0B, 0x2E, 0x44, /* F56E0 */
	0x0B, 0x0D, 0x80, 0xB1, 0x0D, 0xC7, 0x92, 0x13, 0x0F, 0x10, 0x09, 0x0F, 0x40, 0x06, 0x01, 0x00, /* F56F0 */
	0x13, 0x09, 0x09, 0x0A, 0x85, 0x06, 0x09, 0x00, 0x0C, 0x05, 0x0D, 0x80, 0xB7, 0x06, 0x09, 0x00, /* F5700 */
	0x81, 0x8D, 0x09, 0x09, 0x0A, 0x85, 0x06, 0x09, 0x00, 0x0B, 0x05, 0x0D, 0x80, 0xB7, 0x06, 0x09, /* F5710 */
	0x00, 0x81, 0x8D, 0x0F, 0x60, 0x06, 0x09, 0x00, 0x0B, 0x81, 0x8D, 0x08, 0x07, 0x98, 0x0B, 0x06, /* F5720 */
	0x09, 0x00, 0x0B, 0x05, 0x0D, 0x80, 0xB7, 0x0B, 0x06, 0x09, 0x00, 0x05, 0x0D, 0x80, 0xB7, 0x0C, /* F5730 */
	0x04, 0x40, 0x05, 0x0D, 0x80, 0xA6, 0x0C, 0x05, 0x02, 0x80, 0x9F, 0x0D, 0x30, 0x0B, 0x80, 0x9F, /* F5740 */
	0x0B, 0x2E, 0x53, 0x0B, 0x05, 0x0D, 0x81, 0xED, 0x0B, 0x80, 0x9F, 0x02, 0x01, 0x94, 0xC7, 0x92, /* F5750 */
	0x10, 0x0F, 0x05, 0x0C, 0xC7, 0x7D, 0x13, 0x0C, 0xC7, 0x7D, 0x13, 0x02, 0x00, 0x30, 0xC8, 0xA1, /* F5760 */
	0x13, 0x0B, 0x27, 0x22, 0x0C, 0x13, 0xC5, 0x1B, 0x09, 0x00, 0x01, 0x20, 0x82, 0x4D, 0x09, 0x00, /* F5770 */
	0x02, 0x02, 0x82, 0x26, 0x02, 0x07, 0x02, 0x82, 0x26, 0x02, 0x11, 0x02, 0x82, 0x26, 0x0C, 0x03, /* F5780 */
	0x30, 0x05, 0x0D, 0x13, 0x02, 0x12, 0x02, 0x82, 0x30, 0x0C, 0x04, 0x20, 0x82, 0x4D, 0x02, 0x06, /* F5790 */
	0x02, 0x82, 0x4D, 0x0A, 0x01, 0x01, 0x20, 0x82, 0x4D, 0x09, 0x01, 0x01, 0x02, 0x82, 0xE8, 0x0B, /* F57A0 */
	0x73, 0x12, 0x0B, 0x82, 0x4D, 0x0B, 0x27, 0x21, 0x82, 0xE8, 0x0A, 0x02, 0x07, 0x20, 0x82, 0xDD, /* F57B0 */
	0x0C, 0x12, 0x33, 0x06, 0x09, 0x01, 0x06, 0x09, 0x00, 0x0A, 0x00, 0x01, 0x20, 0x82, 0x91, 0x11, /* F57C0 */
	0x00, 0x05, 0x02, 0x82, 0x97, 0x09, 0x06, 0x04, 0x20, 0x82, 0x8A, 0x09, 0x06, 0x00, 0x20, 0x82, /* F57D0 */
	0x7F, 0x09, 0x06, 0x03, 0x20, 0x82, 0x7F, 0x09, 0x06, 0x06, 0x02, 0x82, 0x8A, 0x0D, 0x30, 0x09, /* F57E0 */
	0x82, 0x97, 0x0B, 0x20, 0x30, 0x09, 0x82, 0x97, 0x0F, 0x50, 0x09, 0x0E, 0x59, 0x82, 0x97, 0x09, /* F57F0 */
	0x08, 0x00, 0x20, 0x82, 0xE8, 0x0F, 0x30, 0x00, 0x00, 0x08, 0x09, 0x03, 0x01, 0x30, 0x00, 0x00, /* F5800 */
	0x0A, 0x09, 0x03, 0x02, 0x30, 0x00, 0x00, 0x0C, 0x0F, 0x30, 0x03, 0xC7, 0x7D, 0x0A, 0x00, 0x01, /* F5810 */
	0x10, 0x13, 0x0E, 0x10, 0x13, 0x0B, 0x2E, 0x01, 0x13, 0x0D, 0x30, 0x0B, 0x82, 0xD1, 0x0B, 0x20, /* F5820 */
	0x03, 0x0B, 0x82, 0xD1, 0x0D, 0x30, 0x09, 0x82, 0xD1, 0x0B, 0x20, 0x21, 0x09, 0x13, 0x09, 0x02, /* F5830 */
	0x01, 0x72, 0x10, 0x0F, 0x05, 0x0C, 0xC7, 0x92, 0x13, 0x0C, 0x13, 0x0F, 0x20, 0xC0, 0x91, 0x09, /* F5840 */
	0x01, 0x00, 0x21, 0x82, 0x52, 0x13, 0x0F, 0x40, 0x09, 0xC8, 0x53, 0x13, 0x0F, 0x30, 0x00, 0x00, /* F5850 */
	0x08, 0x09, 0x03, 0x01, 0x30, 0x00, 0x00, 0x0A, 0x09, 0x03, 0x02, 0x30, 0x00, 0x00, 0x0C, 0x0F, /* F5860 */
	0x40, 0x09, 0xC8, 0x53, 0x13, 0x0F, 0x10, 0x0C, 0x02, 0x01, 0x20, 0x83, 0x3E, 0x02, 0x02, 0x30, /* F5870 */
	0xC8, 0xE4, 0x13, 0x0E, 0x20, 0x83, 0x4A, 0x0B, 0x30, 0x02, 0x83, 0x53, 0x0D, 0x20, 0x83, 0x53, /* F5880 */
	0x0B, 0x30, 0x02, 0x83, 0x53, 0x0D, 0x20, 0x83, 0x34, 0x0B, 0x3A, 0x20, 0x83, 0x53, 0x05, 0x20, /* F5890 */
	0x83, 0x53, 0x0F, 0x80, 0x0B, 0x0D, 0x01, 0x00, 0x0E, 0xC7, 0x7D, 0x13, 0x0F, 0xA0, 0x01, 0x00, /* F58A0 */
	0x16, 0x05, 0x01, 0x00, 0x16, 0xC7, 0x7D, 0x13, 0x0F, 0x70, 0x09, 0x01, 0x00, 0x16, 0xC7, 0x7D, /* F58B0 */
	0x13, 0x0F, 0x10, 0x09, 0x05, 0x02, 0x83, 0x4A, 0x0F, 0x30, 0xC3, 0xA1, 0x09, 0x09, 0x00, 0x02, /* F58C0 */
	0x09, 0x01, 0x00, 0x16, 0xC7, 0x92, 0xC5, 0xA9, 0x83, 0x88, 0x0B, 0x30, 0x64, 0x0C, 0x01, 0x00, /* F58D0 */
	0x18, 0xC7, 0x92, 0xCB, 0x26, 0x83, 0x91, 0x0B, 0x30, 0x84, 0x0C, 0x01, 0x00, 0x18, 0xC7, 0x7D, /* F58E0 */
	0x83, 0x91, 0xC6, 0xC2, 0x83, 0x91, 0x09, 0x03, 0x00, 0x50, 0xC3, 0xA1, 0x09, 0xC9, 0x3E, 0x0E, /* F58F0 */
	0x10, 0x13, 0x0B, 0x3A, 0x11, 0x0C, 0x13, 0x0E, 0x10, 0x13, 0x05, 0x21, 0x83, 0x5A, 0x13, 0x0F, /* F5900 */
	0x30, 0x06, 0x00, 0x00, 0x0E, 0x10, 0x13, 0x05, 0x21, 0x07, 0x00, 0x13, 0x0D, 0x10, 0x13, 0x09, /* F5910 */
	0x00, 0x05, 0x12, 0x13, 0x83, 0xA9, 0x0F, 0x30, 0x06, 0x09, 0x01, 0x02, 0x02, 0x30, 0xC8, 0xE4, /* F5920 */
	0x13, 0x02, 0x11, 0x32, 0xC8, 0xE4, 0x13, 0xC5, 0xA9, 0x09, 0x03, 0x01, 0x13, 0x13, 0xC6, 0x9F, /* F5930 */
	0x13, 0x0F, 0x10, 0x0C, 0x02, 0x01, 0x20, 0x83, 0xFA, 0x02, 0x02, 0x20, 0x83, 0xFA, 0x0E, 0x20, /* F5940 */
	0x83, 0xFA, 0x05, 0x20, 0x84, 0x02, 0x0B, 0x2E, 0x02, 0x83, 0xFA, 0x0D, 0x30, 0x09, 0x83, 0xFA, /* F5950 */
	0x05, 0x51, 0x06, 0x04, 0x00, 0x84, 0xA7, 0x09, 0x0F, 0x60, 0x01, 0x00, 0x1C, 0xC7, 0x7D, 0x13, /* F5960 */
	0x0F, 0x50, 0x06, 0x02, 0x01, 0xC5, 0xAE, 0x09, 0x03, 0x00, 0x50, 0xC3, 0xA1, 0x09, 0xC9, 0x3E, /* F5970 */
	0x0E, 0x20, 0x84, 0xC8, 0x0B, 0x2E, 0x02, 0x84, 0xC8, 0x0D, 0x30, 0x09, 0x84, 0xC8, 0x05, 0x03, /* F5980 */
	0x09, 0x84, 0xC8, 0x0D, 0x20, 0x84, 0x9D, 0x05, 0x02, 0x84, 0x9D, 0x0D, 0x20, 0x84, 0x35, 0x05, /* F5990 */
	0x20, 0x84, 0x9D, 0x0B, 0x20, 0x02, 0x84, 0x42, 0x0D, 0x20, 0x84, 0x42, 0x0F, 0x20, 0x84, 0x35, /* F59A0 */
	0x0F, 0x30, 0x16, 0xC5, 0x1B, 0x0C, 0x00, 0x20, 0x84, 0x9D, 0x0F, 0x20, 0x09, 0x0C, 0x09, 0x04, /* F59B0 */
	0x00, 0x45, 0xC5, 0x01, 0xC7, 0x92, 0x01, 0x00, 0x1C, 0xC7, 0x92, 0x0B, 0x30, 0x12, 0x0C, 0x84, /* F59C0 */
	0x8A, 0x0B, 0x30, 0x20, 0x0C, 0x13, 0x0B, 0x31, 0x52, 0x01, 0x00, 0x00, 0xC7, 0x92, 0x84, 0x7C, /* F59D0 */
	0x0F, 0x80, 0xC6, 0xC2, 0x01, 0x00, 0x23, 0xC7, 0x7D, 0x13, 0x0F, 0x50, 0x01, 0x00, 0x00, 0xC7, /* F59E0 */
	0x92, 0x0F, 0x50, 0x09, 0xC6, 0xC2, 0x84, 0x96, 0x0F, 0x50, 0x01, 0x00, 0x00, 0xC7, 0x92, 0x0F, /* F59F0 */
	0x30, 0x09, 0xCB, 0x26, 0x0F, 0x50, 0xC5, 0x0E, 0xC7, 0x7D, 0x13, 0x0F, 0x80, 0x09, 0xC7, 0x5B, /* F5A00 */
	0x06, 0x04, 0x00, 0x84, 0xC8, 0x0D, 0x20, 0x84, 0x9D, 0x05, 0x02, 0x84, 0x9D, 0x0D, 0x20, 0x84, /* F5A10 */
	0xB7, 0x05, 0x20, 0x84, 0x9D, 0x0F, 0x20, 0x09, 0x0C, 0x0B, 0x30, 0x12, 0x0C, 0x84, 0x91, 0x0B, /* F5A20 */
	0x31, 0x22, 0x84, 0x72, 0x84, 0x83, 0x0F, 0x20, 0xC8, 0x40, 0x0E, 0x20, 0x84, 0xE6, 0x04, 0x02, /* F5A30 */
	0x84, 0xE6, 0x0B, 0x27, 0x22, 0x84, 0xE6, 0xC5, 0x1B, 0x0C, 0x00, 0x71, 0x05, 0x0D, 0xC7, 0x92, /* F5A40 */
	0x06, 0x04, 0x00, 0x09, 0x09, 0x04, 0x00, 0x26, 0x84, 0xF2, 0x01, 0x00, 0x1C, 0xC7, 0x7D, 0x13, /* F5A50 */
	0x09, 0x09, 0x01, 0x33, 0x01, 0x00, 0x1C, 0x01, 0x00, 0x2A, 0x0F, 0x30, 0xC7, 0x7D, 0x13, 0x09, /* F5A60 */
	0x09, 0x01, 0x33, 0x01, 0x00, 0x1C, 0x01, 0x00, 0x2A, 0x0F, 0x10, 0x13, 0x09, 0x09, 0x01, 0x33, /* F5A70 */
	0x01, 0x00, 0x23, 0x01, 0x00, 0x32, 0x0F, 0x10, 0x13, 0x0F, 0xC0, 0x06, 0x00, 0x01, 0x06, 0x01, /* F5A80 */
	0x00, 0x06, 0x02, 0x00, 0x06, 0x08, 0x00, 0x07, 0x30, 0x06, 0x02, 0x01, 0x06, 0x20, 0x07, 0x01, /* F5A90 */
	0x11, 0x00, 0x3A, 0x30, 0x06, 0x08, 0x01, 0x0D, 0x30, 0x0B, 0x85, 0x4E, 0x04, 0x03, 0x0B, 0x85, /* F5AA0 */
	0x4E, 0x09, 0x00, 0x1D, 0x34, 0x0B, 0x85, 0x4E, 0x07, 0x00, 0x85, 0x2E, 0x0B, 0x27, 0x61, 0x0C, /* F5AB0 */
	0x0B, 0x08, 0x00, 0x85, 0x4E, 0x13, 0x0F, 0x10, 0x0C, 0x02, 0x01, 0x20, 0x85, 0x79, 0x02, 0x00, /* F5AC0 */
	0x20, 0x85, 0x79, 0x0E, 0x20, 0x85, 0x79, 0x04, 0x02, 0x85, 0x79, 0x0B, 0x27, 0x36, 0x0C, 0x85, /* F5AD0 */
	0x65, 0x06, 0x03, 0x02, 0xC1, 0xFD, 0x13, 0x0F, 0xB0, 0x09, 0x01, 0x00, 0x16, 0x05, 0x01, 0x00, /* F5AE0 */
	0x16, 0xC7, 0x7D, 0x13, 0x02, 0x01, 0xB0, 0x01, 0x00, 0x16, 0x05, 0x01, 0x00, 0x16, 0x0C, 0xC7, /* F5AF0 */
	0x7D, 0x13, 0x08, 0x05, 0x12, 0x0C, 0x0C, 0x13, 0x02, 0x04, 0x66, 0x01, 0x00, 0x47, 0xC7, 0x92, /* F5B00 */
	0x13, 0x01, 0x00, 0x16, 0xC7, 0x7D, 0x13, 0x0F, 0x30, 0x06, 0x02, 0x00, 0x0F, 0x80, 0x06, 0x03, /* F5B10 */
	0x01, 0x06, 0x04, 0x00, 0xC3, 0xA1, 0x0B, 0x2C, 0x21, 0x85, 0xCF, 0x09, 0x09, 0x00, 0x01, 0x02, /* F5B20 */
	0x85, 0xCA, 0x0B, 0x31, 0x30, 0x06, 0x04, 0x01, 0x0F, 0x30, 0xC9, 0x3E, 0x13, 0x02, 0x01, 0x20, /* F5B30 */
	0x86, 0x09, 0x0A, 0x00, 0x03, 0x33, 0x09, 0x85, 0xCA, 0x06, 0x01, 0x01, 0x0D, 0x20, 0x86, 0x09, /* F5B40 */
	0x05, 0x02, 0x86, 0x09, 0x0D, 0x20, 0x86, 0x09, 0x05, 0x02, 0x86, 0x09, 0x0D, 0x20, 0x86, 0x09, /* F5B50 */
	0x05, 0x02, 0x86, 0x09, 0x0D, 0x20, 0x86, 0x23, 0x0B, 0x2C, 0x22, 0x07, 0x01, 0x86, 0x1F, 0x09, /* F5B60 */
	0x01, 0x05, 0x22, 0x86, 0x09, 0x85, 0xDE, 0x0F, 0x70, 0x06, 0x03, 0x00, 0x09, 0xC3, 0xA1, 0x09, /* F5B70 */
	0x09, 0x00, 0x01, 0x01, 0x13, 0x0B, 0x31, 0x41, 0x06, 0x04, 0x01, 0x13, 0x13, 0x05, 0x20, 0x86, /* F5B80 */
	0x09, 0x0F, 0x40, 0x09, 0xC3, 0xA1, 0x09, 0x0B, 0x30, 0x40, 0xC6, 0xC2, 0x08, 0x00, 0x0A, 0x00, /* F5B90 */
	0x00, 0x20, 0xC8, 0xEE, 0x09, 0x01, 0x00, 0x10, 0x13, 0x09, 0x01, 0x01, 0x50, 0x01, 0x00, 0x4F, /* F5BA0 */
	0x86, 0x57, 0x09, 0x01, 0x02, 0x50, 0x01, 0x00, 0x57, 0x86, 0x57, 0x09, 0x01, 0x03, 0x33, 0x01, /* F5BB0 */
	0x00, 0x60, 0x01, 0x00, 0x69, 0x0F, 0x30, 0x0C, 0x08, 0x01, 0x0B, 0x30, 0x12, 0x0C, 0x86, 0x8D, /* F5BC0 */
	0x0B, 0x30, 0x12, 0x0C, 0x86, 0x8D, 0x0B, 0x30, 0x02, 0x86, 0x8D, 0x09, 0x01, 0x00, 0x33, 0xC6, /* F5BD0 */
	0xF0, 0x0C, 0x0C, 0x86, 0x57, 0x09, 0x05, 0x00, 0x30, 0xC7, 0x7D, 0x13, 0x09, 0x05, 0x01, 0x33, /* F5BE0 */
	0x01, 0x00, 0x73, 0x01, 0x00, 0x75, 0x0F, 0x30, 0xC7, 0x7D, 0x13, 0x09, 0x01, 0x00, 0x03, 0x01, /* F5BF0 */
	0x00, 0x16, 0x0F, 0x90, 0xC7, 0x92, 0xC3, 0xA1, 0x09, 0xC8, 0xEE, 0x86, 0x36, 0x0F, 0x20, 0xC8, /* F5C00 */
	0x40, 0x0E, 0x10, 0x13, 0x05, 0x90, 0xC3, 0xA1, 0x09, 0xC9, 0x3E, 0xC7, 0x5B, 0x86, 0x9F, 0x0B, /* F5C10 */
	0x2C, 0x60, 0x10, 0x09, 0xCA, 0x77, 0x86, 0x9F, 0x0B, 0x2E, 0x41, 0xCA, 0xBB, 0x86, 0x9F, 0x13, /* F5C20 */
	0x0F, 0x20, 0xC6, 0xF0, 0x09, 0x05, 0x00, 0x50, 0x10, 0x01, 0x05, 0x86, 0xEA, 0x09, 0x05, 0x01, /* F5C30 */
	0x33, 0x05, 0x86, 0xEA, 0x10, 0x01, 0x05, 0x0B, 0x36, 0x50, 0x01, 0x00, 0x77, 0x86, 0xEA, 0x0B, /* F5C40 */
	0x38, 0x33, 0x01, 0x00, 0x7A, 0x01, 0x00, 0x75, 0x0F, 0x40, 0x0C, 0xC7, 0x92, 0x13, 0x0F, 0x30, /* F5C50 */
	0x06, 0x05, 0x00, 0x02, 0x02, 0x10, 0x13, 0x02, 0x00, 0x10, 0x13, 0x0D, 0x20, 0x09, 0x13, 0x02, /* F5C60 */
	0x13, 0x02, 0x87, 0x19, 0x04, 0x20, 0x87, 0x19, 0x05, 0x20, 0x87, 0x19, 0x0F, 0x10, 0x0B, 0x0C, /* F5C70 */
	0x08, 0x50, 0x09, 0x06, 0x05, 0x01, 0x13, 0x04, 0x02, 0x09, 0x13, 0x0D, 0x30, 0x0B, 0x87, 0x4F, /* F5C80 */
	0x04, 0x03, 0x0B, 0x87, 0x4F, 0x0D, 0x30, 0x0B, 0x87, 0x31, 0x04, 0x21, 0x09, 0x13, 0x0B, 0x0C, /* F5C90 */
	0x07, 0x80, 0x0B, 0x0C, 0x0C, 0x09, 0x06, 0x05, 0x01, 0x13, 0x11, 0x00, 0x7C, 0x12, 0x0B, 0x09, /* F5CA0 */
	0x13, 0x0B, 0x27, 0x72, 0x0C, 0x0C, 0x06, 0x05, 0x02, 0x09, 0x13, 0x09, 0x13, 0x11, 0x00, 0x7C, /* F5CB0 */
	0x62, 0x0C, 0x09, 0x06, 0x05, 0x02, 0x13, 0x09, 0x13, 0x0E, 0x10, 0x13, 0x0B, 0x2E, 0x01, 0x13, /* F5CC0 */
	0x0D, 0x20, 0x09, 0x13, 0x05, 0x12, 0x09, 0x09, 0x13, 0x02, 0x01, 0x33, 0x10, 0x0F, 0x05, 0x01, /* F5CD0 */
	0x00, 0x7F, 0x0F, 0x70, 0x0C, 0xC7, 0x92, 0xC8, 0xE4, 0x87, 0x5B, 0x01, 0x02, 0x11, 0x13, 0x0E, /* F5CE0 */
	0x20, 0x87, 0x8B, 0x11, 0x00, 0x86, 0x20, 0x11, 0x13, 0x0F, 0x50, 0x01, 0x00, 0x16, 0x11, 0x13, /* F5CF0 */
	0x01, 0x52, 0x01, 0x00, 0x16, 0x11, 0x13, 0x11, 0x13, 0x03, 0x32, 0x06, 0x00, 0x00, 0x0C, 0x13, /* F5D00 */
	0x0F, 0x30, 0x06, 0x01, 0x00, 0x0D, 0x30, 0x0B, 0x87, 0xF7, 0x0B, 0x21, 0x40, 0x07, 0x01, 0x87, /* F5D10 */
	0xDB, 0x0B, 0x2F, 0x23, 0x07, 0x01, 0x0B, 0x87, 0xF7, 0x0D, 0x32, 0x0B, 0x87, 0xF7, 0x07, 0x01, /* F5D20 */
	0x0B, 0x2F, 0x30, 0x15, 0x87, 0xF7, 0x09, 0x01, 0x09, 0x20, 0x87, 0xF7, 0x0B, 0x3B, 0x20, 0x87, /* F5D30 */
	0xBB, 0x05, 0x20, 0x87, 0xBB, 0x0F, 0x20, 0x87, 0xF7, 0x0D, 0x32, 0x0B, 0x87, 0xF7, 0x07, 0x01, /* F5D40 */
	0x0B, 0x21, 0x30, 0x14, 0x87, 0xF7, 0x09, 0x01, 0x09, 0x20, 0x87, 0xF7, 0x0B, 0x3B, 0x20, 0x87, /* F5D50 */
	0xDB, 0x05, 0x20, 0x87, 0xDB, 0x09, 0x01, 0x00, 0x06, 0x0C, 0x0B, 0x08, 0x01, 0x87, 0xF7, 0x11, /* F5D60 */
	0x00, 0x8A, 0x20, 0x88, 0x2F, 0x09, 0x00, 0x00, 0x02, 0x88, 0x14, 0x11, 0x00, 0x92, 0x03, 0x01, /* F5D70 */
	0x00, 0x08, 0x0F, 0x30, 0x04, 0x07, 0x00, 0x09, 0x00, 0x1F, 0x20, 0x88, 0x3B, 0x0E, 0x20, 0x88, /* F5D80 */
	0x3B, 0x03, 0x02, 0x88, 0x3B, 0x11, 0x00, 0x92, 0x22, 0x88, 0x3B, 0x87, 0xA2, 0x09, 0x00, 0x00, /* F5D90 */
	0x35, 0x04, 0x11, 0x13, 0xC7, 0x7D, 0x04, 0x11, 0x13, 0x0F, 0x30, 0xC7, 0x7D, 0x13, 0x0E, 0x02, /* F5DA0 */
	0x88, 0x4B, 0x10, 0x41, 0x12, 0x02, 0x88, 0x40, 0x13, 0x0B, 0x20, 0x41, 0xCA, 0xEC, 0x88, 0x40, /* F5DB0 */
	0x13, 0x0B, 0x27, 0x60, 0x01, 0x00, 0x95, 0x0C, 0x88, 0x99, 0x0B, 0x41, 0x20, 0x0E, 0x59, 0x0B, /* F5DC0 */
	0x49, 0x80, 0x01, 0x00, 0xA1, 0x0C, 0xC7, 0x7D, 0x88, 0x99, 0x0D, 0x20, 0x88, 0x8B, 0x0B, 0x27, /* F5DD0 */
	0x02, 0x88, 0x8B, 0x0D, 0x20, 0x88, 0x88, 0x11, 0x00, 0x7C, 0x02, 0x88, 0x88, 0x0D, 0x20, 0x88, /* F5DE0 */
	0x8B, 0x04, 0x12, 0x0B, 0x88, 0x8B, 0x0F, 0x10, 0x0B, 0x0F, 0x10, 0x0B, 0x0F, 0x90, 0x06, 0x02, /* F5DF0 */
	0x00, 0x00, 0x00, 0x08, 0x03, 0xC7, 0x7D, 0x0E, 0x10, 0x13, 0x04, 0x21, 0x88, 0x53, 0x13, 0x04, /* F5E00 */
	0x40, 0xC8, 0xBA, 0x88, 0xAE, 0x11, 0x00, 0x86, 0x12, 0x13, 0x88, 0xB2, 0x0E, 0x02, 0x88, 0xA1, /* F5E10 */
	0x0F, 0x60, 0x01, 0x00, 0x16, 0xC7, 0x7D, 0x13, 0x0B, 0x27, 0x50, 0x01, 0x00, 0x95, 0x0C, 0x13, /* F5E20 */
	0x02, 0x0C, 0x02, 0x88, 0xCC, 0x07, 0x30, 0x01, 0x00, 0xA5, 0x11, 0x00, 0x05, 0x20, 0x0E, 0x59, /* F5E30 */
	0x11, 0x00, 0xAB, 0x50, 0x01, 0x00, 0xA1, 0x0C, 0x13, 0x0F, 0x70, 0x00, 0x00, 0x08, 0x03, 0xC7, /* F5E40 */
	0x7D, 0x13, 0x0E, 0x10, 0x13, 0x05, 0x41, 0xC6, 0xC2, 0x88, 0xE4, 0x13, 0x09, 0x00, 0x01, 0x20, /* F5E50 */
	0x89, 0x36, 0x09, 0x00, 0x02, 0x20, 0x89, 0x2F, 0x0B, 0x30, 0x35, 0x0C, 0x89, 0x2F, 0xC6, 0xC2, /* F5E60 */
	0x01, 0x00, 0xAE, 0x0B, 0x30, 0x15, 0x0C, 0xC7, 0x92, 0xCB, 0x26, 0x13, 0x0B, 0x30, 0x35, 0xC6, /* F5E70 */
	0xF0, 0x0C, 0xC7, 0x92, 0xC6, 0xC2, 0x13, 0x09, 0x05, 0x00, 0x30, 0xC7, 0x92, 0x13, 0x09, 0x05, /* F5E80 */
	0x01, 0x33, 0x01, 0x00, 0x73, 0x01, 0x00, 0x75, 0x0F, 0x30, 0xC7, 0x92, 0x13, 0x0B, 0x30, 0x13, /* F5E90 */
	0x0C, 0xCB, 0x26, 0x13, 0x0B, 0x30, 0x23, 0x0C, 0x13, 0xC6, 0xC2, 0x13, 0x0B, 0x30, 0x42, 0xC6, /* F5EA0 */
	0xC2, 0x08, 0x00, 0x89, 0x4E, 0x09, 0x00, 0x00, 0x12, 0x13, 0x89, 0x3E, 0x0A, 0x00, 0x04, 0x30, /* F5EB0 */
	0xC8, 0xE4, 0x13, 0x09, 0x00, 0x01, 0x30, 0xC6, 0xC2, 0x13, 0x09, 0x00, 0x02, 0x30, 0xCB, 0x26, /* F5EC0 */
	0x13, 0x02, 0x05, 0x20, 0x8A, 0x34, 0x09, 0x02, 0x01, 0x22, 0x8A, 0x34, 0x0A, 0x0A, 0x09, 0x00, /* F5ED0 */
	0x04, 0x10, 0x0A, 0x0F, 0x10, 0x16, 0x02, 0x13, 0x30, 0x09, 0x8A, 0x34, 0x0D, 0x20, 0x89, 0x8C, /* F5EE0 */
	0x0D, 0x20, 0x89, 0x8C, 0x0C, 0x07, 0x30, 0x09, 0x8A, 0x34, 0x0F, 0x20, 0x09, 0x0A, 0x0B, 0x30, /* F5EF0 */
	0x13, 0x0A, 0x09, 0x8A, 0x10, 0x0B, 0x30, 0x03, 0x09, 0x8A, 0x03, 0x09, 0x00, 0x03, 0x51, 0x09, /* F5F00 */
	0xC6, 0xC2, 0x89, 0xBA, 0x0A, 0x0B, 0x30, 0xB5, 0x09, 0xC6, 0xC2, 0x0C, 0x0C, 0x0C, 0x01, 0x00, /* F5F10 */
	0x4F, 0x89, 0xC1, 0x09, 0xCB, 0x26, 0x8A, 0x29, 0x0F, 0x50, 0x0C, 0x0C, 0x01, 0x00, 0xAE, 0x02, /* F5F20 */
	0x00, 0x20, 0x89, 0xE5, 0x0E, 0x20, 0x89, 0xE5, 0x0B, 0x27, 0x20, 0x89, 0xEB, 0x11, 0x00, 0x7C, /* F5F30 */
	0x02, 0x89, 0xE5, 0x0D, 0x30, 0x09, 0x89, 0xDF, 0x04, 0x21, 0x89, 0xE5, 0x09, 0x0F, 0x40, 0x0C, /* F5F40 */
	0x01, 0x00, 0x75, 0x0F, 0x40, 0x09, 0xC7, 0x92, 0x13, 0x0D, 0x20, 0x89, 0xE5, 0x11, 0x00, 0x7C, /* F5F50 */
	0x02, 0x89, 0xE5, 0x0D, 0x40, 0x09, 0x0C, 0x89, 0xDF, 0x04, 0x24, 0x89, 0xE5, 0x09, 0x0C, 0x89, /* F5F60 */
	0xDF, 0x09, 0x00, 0x03, 0x45, 0xC6, 0xC2, 0x8A, 0x29, 0xCB, 0x26, 0xCB, 0x26, 0x13, 0x09, 0x00, /* F5F70 */
	0x03, 0x52, 0xC6, 0xC2, 0xCB, 0x26, 0x13, 0xCB, 0x26, 0x0B, 0x30, 0x13, 0x0A, 0xCB, 0x26, 0x13, /* F5F80 */
	0x0B, 0x30, 0x31, 0x09, 0x89, 0xBA, 0x09, 0x0F, 0x90, 0x0C, 0x01, 0x00, 0x18, 0xC7, 0x92, 0xC6, /* F5F90 */
	0xC2, 0x13, 0x09, 0x00, 0x04, 0x73, 0xC6, 0xC2, 0x01, 0x00, 0x4F, 0x08, 0x00, 0xC8, 0xEE, 0x13, /* F5FA0 */
	0x0B, 0x30, 0x12, 0x0A, 0x8A, 0x6F, 0x0B, 0x30, 0x12, 0x0A, 0x8A, 0x6F, 0x0B, 0x30, 0x62, 0x09, /* F5FB0 */
	0x0C, 0x0C, 0xC6, 0xF0, 0x0C, 0x8A, 0x6F, 0x09, 0x05, 0x00, 0x30, 0xC7, 0x92, 0x13, 0x09, 0x05, /* F5FC0 */
	0x01, 0x33, 0x01, 0x00, 0x73, 0x01, 0x00, 0x75, 0x0F, 0x30, 0xC7, 0x92, 0x13, 0x0F, 0x60, 0x09, /* F5FD0 */
	0xC7, 0x92, 0xC8, 0xEE, 0x13, 0x0B, 0x2D, 0x30, 0xC5, 0x86, 0x13, 0x0B, 0x3A, 0x30, 0xC3, 0x07, /* F5FE0 */
	0x13, 0x0B, 0x24, 0x30, 0xC3, 0xD3, 0x13, 0x0B, 0x7E, 0x30, 0xCA, 0xF8, 0x13, 0x0B, 0x60, 0x30, /* F5FF0 */
	0xC5, 0x58, 0x13, 0x02, 0x01, 0x20, 0x8A, 0xAC, 0x11, 0x00, 0xB8, 0x02, 0x8A, 0xB2, 0x08, 0x04, /* F6000 */
	0x20, 0x8A, 0xB2, 0x08, 0x05, 0x22, 0x8A, 0xB2, 0x0C, 0x13, 0x0F, 0x40, 0x01, 0x00, 0x16, 0x05, /* F6010 */
	0x0F, 0x70, 0x01, 0x00, 0x16, 0x0C, 0xC7, 0x7D, 0x13, 0x0B, 0x2E, 0x02, 0x8A, 0xD7, 0x0D, 0x30, /* F6020 */
	0x09, 0x8A, 0xD7, 0x05, 0x40, 0x09, 0xC7, 0x5B, 0x13, 0x02, 0x01, 0x30, 0x09, 0x8A, 0xD7, 0x04, /* F6030 */
	0x31, 0x09, 0x0C, 0x13, 0x09, 0x0B, 0x3F, 0x33, 0x01, 0x00, 0xBD, 0x01, 0x00, 0xBF, 0x02, 0x01, /* F6040 */
	0x40, 0x05, 0x01, 0x00, 0xBF, 0x0F, 0x30, 0x0C, 0x11, 0x13, 0x02, 0x03, 0x72, 0x01, 0x00, 0xC1, /* F6050 */
	0x0C, 0xC7, 0x7D, 0x13, 0x0C, 0x13, 0x0F, 0x10, 0x0C, 0x02, 0x01, 0x20, 0x8B, 0x19, 0x02, 0x00, /* F6060 */
	0x20, 0x8B, 0x19, 0x0E, 0x20, 0x8B, 0x19, 0x04, 0x02, 0x8B, 0x19, 0x0B, 0x27, 0x36, 0x0C, 0x8B, /* F6070 */
	0x05, 0x06, 0x03, 0x01, 0xC1, 0xFD, 0x13, 0x0F, 0xB0, 0x09, 0x01, 0x00, 0x16, 0x05, 0x01, 0x00, /* F6080 */
	0x16, 0xC7, 0x7D, 0x13, 0x0B, 0x30, 0x50, 0xC6, 0xC2, 0xC6, 0xC2, 0x13, 0x0B, 0x31, 0x34, 0x0C, /* F6090 */
	0x8B, 0x59, 0x10, 0x0E, 0x05, 0x0C, 0x0B, 0x30, 0x35, 0xC6, 0xF0, 0x0C, 0xC7, 0x92, 0xC6, 0xC2, /* F60A0 */
	0x13, 0x09, 0x05, 0x00, 0x30, 0xC7, 0x92, 0x13, 0x09, 0x05, 0x01, 0x33, 0x01, 0x00, 0xC9, 0x01, /* F60B0 */
	0x00, 0x75, 0x0F, 0x30, 0xC7, 0x92, 0x13, 0x02, 0x00, 0x20, 0x8B, 0x8B, 0x02, 0x13, 0x20, 0x8B, /* F60C0 */
	0xD1, 0x0D, 0x20, 0x8B, 0x8B, 0x0D, 0x30, 0x0B, 0x8B, 0x95, 0x04, 0x03, 0x0B, 0x8B, 0x95, 0x0D, /* F60D0 */
	0x40, 0x0B, 0x0B, 0x8B, 0x7D, 0x04, 0x22, 0x8B, 0x8B, 0x0B, 0x0B, 0x11, 0x00, 0xCC, 0x12, 0x0A, /* F60E0 */
	0x8B, 0xA9, 0x11, 0x00, 0xCF, 0x30, 0x09, 0x8B, 0xB9, 0x0F, 0x80, 0x09, 0x10, 0x0D, 0x05, 0x0C, /* F60F0 */
	0xC7, 0x92, 0x13, 0x11, 0x00, 0x7C, 0x02, 0x8B, 0x8B, 0x0F, 0xC0, 0x09, 0x10, 0x0D, 0x05, 0x01, /* F6100 */
	0x00, 0x75, 0x0C, 0x0C, 0xC7, 0x92, 0x13, 0x0B, 0x27, 0x12, 0x0A, 0x8B, 0x8B, 0x11, 0x00, 0x7C, /* F6110 */
	0x42, 0x0B, 0x0C, 0x8B, 0x9B, 0x8B, 0x8B, 0x0B, 0x32, 0x9C, 0x01, 0x00, 0xD2, 0x0C, 0x0C, 0x0C, /* F6120 */
	0xC7, 0x92, 0x13, 0x10, 0x0D, 0x05, 0x01, 0x00, 0x73, 0x0C, 0x0C, 0x0C, 0xC7, 0x92, 0x13, 0x0B, /* F6130 */
	0x32, 0x7A, 0x01, 0x00, 0xD2, 0x0C, 0xC7, 0x92, 0x13, 0x10, 0x0D, 0x05, 0x01, 0x00, 0x73, 0x0C, /* F6140 */
	0xC7, 0x92, 0x13, 0x25, 0x40, 0x4E, 0x44, 0x00, 0x61, 0x41, 0x00, 0x26, 0x00, 0x7E, 0x00, 0x60, /* F6150 */
	0x00, 0x26, 0x40, 0x4B, 0x4C, 0x6F, 0x31, 0x4B, 0x00, 0x2C, 0x00, 0x26, 0x4F, 0x31, 0x00, 0x26, /* F6160 */
	0x44, 0x6F, 0x31, 0x4C, 0x33, 0x00, 0x26, 0x53, 0x65, 0x31, 0x4E, 0x54, 0x00, 0x26, 0x44, 0x6F, /* F6170 */
	0x31, 0x4C, 0x33, 0x5A, 0x00, 0x26, 0x53, 0x65, 0x31, 0x4E, 0x54, 0x53, 0x00, 0x61, 0x65, 0x69, /* F6180 */
	0x6F, 0x75, 0x79, 0x41, 0x45, 0x49, 0x4F, 0x55, 0x59, 0x00, 0x26, 0x4D, 0x49, 0x31, 0x4E, 0x40, /* F6190 */
	0x53, 0x00, 0x26, 0x58, 0x66, 0x31, 0x5A, 0x6E, 0x44, 0x00, 0x26, 0x4D, 0x69, 0x31, 0x6A, 0x59, /* F61A0 */
	0x40, 0x4E, 0x00, 0x26, 0x42, 0x69, 0x31, 0x6A, 0x59, 0x40, 0x4E, 0x00, 0x26, 0x54, 0x52, 0x69, /* F61B0 */
	0x31, 0x6A, 0x59, 0x40, 0x4E, 0x00, 0x58, 0x00, 0x5A, 0x00, 0x7C, 0x5A, 0x00, 0x53, 0x00, 0x73, /* F61C0 */
	0x53, 0x00, 0x26, 0x50, 0x79, 0x31, 0x4E, 0x54, 0x00, 0x2E, 0x3F, 0x21, 0x00, 0x2E, 0x3F, 0x2C, /* F61D0 */
	0x5D, 0x29, 0x20, 0x5C, 0x00, 0x26, 0x25, 0x00, 0x26, 0x40, 0x50, 0x6F, 0x31, 0x53, 0x54, 0x52, /* F61E0 */
	0x40, 0x46, 0x45, 0x00, 0x26, 0x49, 0x31, 0x00, 0x26, 0x4B, 0x61, 0x31, 0x50, 0x00, 0x69, 0x49, /* F61F0 */
	0x00, 0x26, 0x48, 0x76, 0x31, 0x4E, 0x44, 0x52, 0x7C, 0x44, 0x00, 0x22, 0x5D, 0x29, 0x7D, 0x00, /* F6200 */
	0x3F, 0x00, 0x2E, 0x00, 0x26, 0x53, 0x50, 0x41, 0x31, 0x53, 0x2C, 0x00, 0x7C, 0x58, 0x00, 0x74, /* F6210 */
	0x54, 0x00, 0x68, 0x48, 0x00, 0x26, 0x54, 0x57, 0x65, 0x31, 0x6A, 0x46, 0x58, 0x00, 0x1F, 0x00, /* F6220 */
	0x00, 0x00, 0x01, 0x00, 0x00, 0x00, 0x00, 0x00, 0x1F, 0x00, 0x1C, 0x00, 0x03, 0x00, 0x02, 0x00, /* F6230 */
	0x03, 0x00, 0x02, 0x00, 0x03, 0x00, 0x1F, 0x00, 0x00, 0x00, 0x00, 0x00, 0x02, 0x00, 0x03, 0x00, /* F6240 */
	0x7F, 0x00, 0x3F, 0x00, 0x00, 0x00, 0x01, 0x00, 0x00, 0x00, 0xC0, 0x00, 0x0F, 0x00, 0x02, 0x00, /* F6250 */
	0x02, 0x00, 0xF0, 0x00, 0x03, 0x00, 0x03, 0x00, 0x02, 0x00, 0xFC, 0x00, 0x00, 0x00, 0x00, 0x00, /* F6260 */
	0x02, 0x00, 0x00, 0x03, 0x04, 0x04, 0x05, 0x06, 0x07, 0x07, 0x08, 0x09, 0x0A, 0x0A, 0x0B, 0x0C, /* F6270 */
	0x0D, 0x0D, 0x0E, 0x00, 0x02, 0x03, 0x04, 0x05, 0x05, 0x06, 0x07, 0x08, 0x08, 0x09, 0x0A, 0x0B, /* F6280 */
	0x0B, 0x0C, 0x0D, 0x0E, 0x00, 0x03, 0x04, 0x05, 0x05, 0x06, 0x07, 0x08, 0x08, 0x09, 0x0A, 0x0B, /* F6290 */
	0x0B, 0x0C, 0x0D, 0x0E, 0x0E, 0xFF, 0x00, 0x00, 0x00, 0x00, 0x00, 0x00, 0x00, 0x00, 0x01, 0x00, /* F62A0 */
	0x00, 0x02, 0x00, 0x00, 0x41, 0x00, 0xFF, 0x6C, 0x42, 0x41, 0x00, 0x02, 0x44, 0x41, 0x00, 0xFF, /* F62B0 */
	0x4C, 0x41, 0x00, 0x4E, 0x41, 0x00, 0x4A, 0x4E, 0x41, 0x00, 0x53, 0x41, 0x00, 0x54, 0x53, 0x41, /* F62C0 */
	0x00, 0x10, 0xFF, 0x54, 0x41, 0x00, 0x10, 0x54, 0x41, 0x00, 0xFF, 0x56, 0x69, 0x54, 0x41, 0x00, /* F62D0 */
	0x61, 0x00, 0x33, 0x54, 0x46, 0x61, 0x00, 0x4B, 0x61, 0x00, 0x4C, 0x61, 0x00, 0x01, 0x40, 0x4E, /* F62E0 */
	0x61, 0x00, 0x01, 0x40, 0x00, 0x4C, 0x40, 0x00, 0x10, 0x4C, 0x40, 0x00, 0xFF, 0x45, 0x53, 0x40, /* F62F0 */
	0x00, 0x4E, 0x61, 0x00, 0x02, 0x4E, 0x61, 0x00, 0x4C, 0x61, 0x4E, 0x40, 0x73, 0x61, 0x00, 0x10, /* F6300 */
	0xFF, 0x54, 0x61, 0x00, 0x42, 0x00, 0x6A, 0x65, 0x42, 0x00, 0x6A, 0x69, 0x42, 0x00, 0xFF, 0x4B, /* F6310 */
	0x61, 0x42, 0x00, 0xFF, 0x4B, 0x65, 0x42, 0x00, 0xFF, 0x4E, 0x67, 0x42, 0x00, 0xFE, 0x45, 0x6B, /* F6320 */
	0x42, 0x00, 0xFF, 0x45, 0x44, 0x6F, 0x42, 0x00, 0xFF, 0x4B, 0x6F, 0x42, 0x00, 0xFF, 0x4B, 0x75, /* F6330 */
	0x42, 0x00, 0xFF, 0x73, 0x75, 0x42, 0x00, 0x4B, 0x76, 0x42, 0x00, 0xFF, 0x47, 0x52, 0x76, 0x42, /* F6340 */
	0x00, 0x10, 0xFF, 0x54, 0x33, 0x42, 0x00, 0xFE, 0x4F, 0x33, 0x42, 0x00, 0xFF, 0x77, 0x42, 0x00, /* F6350 */
	0xFF, 0x4C, 0x77, 0x42, 0x00, 0xFF, 0x4D, 0x77, 0x42, 0x00, 0x62, 0x4C, 0x42, 0x00, 0xFF, 0x4B, /* F6360 */
	0x41, 0x52, 0x42, 0x00, 0xFF, 0x44, 0x4E, 0x61, 0x52, 0x42, 0x00, 0xFF, 0x4A, 0x69, 0x52, 0x42, /* F6370 */
	0x00, 0xFF, 0x4B, 0x75, 0x52, 0x42, 0x00, 0xFF, 0x44, 0x77, 0x52, 0x42, 0x00, 0x02, 0x4E, 0x62, /* F6380 */
	0x00, 0x62, 0x00, 0x44, 0x62, 0x00, 0x10, 0x44, 0x62, 0x00, 0x57, 0x62, 0x00, 0x5B, 0x00, 0x45, /* F6390 */
	0x42, 0x5B, 0x00, 0x4D, 0x40, 0x48, 0x5B, 0x00, 0x45, 0x4C, 0x5B, 0x00, 0xFF, 0x54, 0x49, 0x52, /* F63A0 */
	0x5B, 0x00, 0xFF, 0x4D, 0x62, 0x52, 0x5B, 0x00, 0x45, 0x53, 0x5B, 0x00, 0xFF, 0x4E, 0x4F, 0x54, /* F63B0 */
	0x53, 0x5B, 0x00, 0xFF, 0x4E, 0x66, 0x54, 0x5B, 0x00, 0xFF, 0x41, 0x57, 0x5B, 0x00, 0x6B, 0x57, /* F63C0 */
	0x5B, 0x00, 0xFF, 0x4C, 0x65, 0x57, 0x5B, 0x00, 0x44, 0x67, 0x57, 0x5B, 0x00, 0x4E, 0x67, 0x57, /* F63D0 */
	0x5B, 0x00, 0xFF, 0x44, 0x49, 0x57, 0x5B, 0x00, 0xFF, 0x54, 0x49, 0x57, 0x5B, 0x00, 0xFF, 0x5A, /* F63E0 */
	0x49, 0x57, 0x5B, 0x00, 0xFF, 0x44, 0x75, 0x57, 0x5B, 0x00, 0xFF, 0x4B, 0x33, 0x57, 0x5B, 0x00, /* F63F0 */
	0x33, 0x54, 0x77, 0x57, 0x5B, 0x00, 0xFF, 0x44, 0x52, 0x6F, 0x59, 0x5B, 0x00, 0x43, 0x00, 0x44, /* F6400 */
	0x00, 0xFF, 0x41, 0x44, 0x00, 0xFF, 0x6A, 0x41, 0x44, 0x00, 0xFE, 0x40, 0x54, 0x41, 0x44, 0x00, /* F6410 */
	0x5B, 0x45, 0x44, 0x00, 0x5B, 0x65, 0x44, 0x00, 0x5B, 0x4C, 0x65, 0x44, 0x00, 0x67, 0x44, 0x00, /* F6420 */
	0x5B, 0x49, 0x44, 0x00, 0x4E, 0x49, 0x44, 0x00, 0x5B, 0x53, 0x69, 0x44, 0x00, 0x6C, 0x44, 0x00, /* F6430 */
	0xFF, 0x46, 0x52, 0x4F, 0x44, 0x00, 0xFF, 0x4E, 0x76, 0x44, 0x00, 0xFF, 0x4C, 0x77, 0x44, 0x00, /* F6440 */
	0x45, 0x00, 0x10, 0xFF, 0x4E, 0x45, 0x00, 0x10, 0x02, 0x4E, 0x45, 0x00, 0x4F, 0x45, 0x00, 0x01, /* F6450 */
	0x45, 0x00, 0x10, 0x01, 0x45, 0x00, 0x02, 0x45, 0x00, 0x4B, 0x61, 0x45, 0x00, 0x4C, 0x61, 0x45, /* F6460 */
	0x00, 0x4E, 0x61, 0x45, 0x00, 0x52, 0x65, 0x45, 0x00, 0x4D, 0x76, 0x45, 0x00, 0x40, 0x45, 0x00, /* F6470 */
	0x52, 0x45, 0x00, 0x02, 0x52, 0x45, 0x00, 0x65, 0x00, 0x10, 0x46, 0x65, 0x00, 0x5B, 0x5A, 0x47, /* F6480 */
	0x65, 0x00, 0x4B, 0x65, 0x00, 0x10, 0xFF, 0x54, 0x4B, 0x65, 0x00, 0x10, 0x4C, 0x65, 0x00, 0x02, /* F6490 */
	0x4C, 0x65, 0x00, 0x4E, 0x65, 0x00, 0x45, 0x4E, 0x65, 0x00, 0xFF, 0x58, 0x6A, 0x65, 0x00, 0x10, /* F64A0 */
	0x54, 0x4E, 0x65, 0x4D, 0x65, 0x00, 0x10, 0x54, 0x4E, 0x65, 0x00, 0x10, 0x53, 0x4E, 0x65, 0x00, /* F64B0 */
	0x52, 0x65, 0x00, 0x02, 0x52, 0x65, 0x00, 0xFF, 0x45, 0x52, 0x65, 0x00, 0xFE, 0x45, 0x52, 0x65, /* F64C0 */
	0x00, 0xFF, 0x54, 0x53, 0x65, 0x00, 0x02, 0x54, 0x65, 0x00, 0x33, 0x56, 0x65, 0x00, 0xFE, 0x45, /* F64D0 */
	0x52, 0x56, 0x65, 0x00, 0x01, 0x5A, 0x65, 0x00, 0x33, 0x7A, 0x65, 0x00, 0x46, 0x00, 0x01, 0x46, /* F64E0 */
	0x00, 0x45, 0x4A, 0x62, 0x46, 0x00, 0xFF, 0x44, 0x4C, 0x45, 0x46, 0x00, 0xFF, 0x44, 0x4C, 0x65, /* F64F0 */
	0x46, 0x00, 0x5B, 0x67, 0x46, 0x00, 0xFE, 0x33, 0x49, 0x46, 0x00, 0x54, 0x4F, 0x46, 0x00, 0xFF, /* F6500 */
	0x45, 0x52, 0x46, 0x00, 0x54, 0x4E, 0x76, 0x52, 0x46, 0x00, 0x4C, 0x75, 0x46, 0x00, 0x54, 0x75, /* F6510 */
	0x46, 0x00, 0xFF, 0x44, 0x33, 0x46, 0x00, 0xFF, 0x4C, 0x77, 0x46, 0x00, 0xFF, 0x53, 0x52, 0x77, /* F6520 */
	0x46, 0x00, 0x66, 0x00, 0x47, 0x00, 0xFF, 0x4E, 0x65, 0x4C, 0x47, 0x00, 0x52, 0x76, 0x4C, 0x47, /* F6530 */
	0x00, 0x46, 0x61, 0x52, 0x47, 0x00, 0xFF, 0x4D, 0x61, 0x52, 0x47, 0x00, 0xFF, 0x4E, 0x65, 0x52, /* F6540 */
	0x47, 0x00, 0xFF, 0x56, 0x4F, 0x52, 0x47, 0x00, 0xFF, 0x44, 0x72, 0x47, 0x00, 0x69, 0x47, 0x00, /* F6550 */
	0x4A, 0x47, 0x00, 0x57, 0x47, 0x00, 0xFE, 0x45, 0x67, 0x00, 0x48, 0x00, 0xFE, 0x4E, 0x7C, 0x47, /* F6560 */
	0x41, 0x48, 0x00, 0xFE, 0x4E, 0x40, 0x56, 0x41, 0x48, 0x00, 0x46, 0x61, 0x48, 0x00, 0xFF, 0x44, /* F6570 */
	0x4E, 0x61, 0x48, 0x00, 0x40, 0x48, 0x00, 0xFF, 0x44, 0x65, 0x48, 0x00, 0xFF, 0x52, 0x65, 0x48, /* F6580 */
	0x00, 0xFF, 0x53, 0x66, 0x48, 0x00, 0x10, 0xFF, 0x5A, 0x66, 0x48, 0x00, 0xFF, 0x4E, 0x67, 0x48, /* F6590 */
	0x00, 0xFF, 0x49, 0x48, 0x00, 0x52, 0x44, 0x49, 0x48, 0x00, 0xFF, 0x4D, 0x49, 0x48, 0x00, 0x33, /* F65A0 */
	0x50, 0x49, 0x48, 0x00, 0xFF, 0x6A, 0x69, 0x48, 0x00, 0x01, 0x4F, 0x48, 0x00, 0xFF, 0x44, 0x4C, /* F65B0 */
	0x4F, 0x48, 0x00, 0xFF, 0x4D, 0x4F, 0x48, 0x00, 0x10, 0xFF, 0x54, 0x53, 0x52, 0x4F, 0x48, 0x00, /* F65C0 */
	0x01, 0x6F, 0x48, 0x00, 0xFF, 0x46, 0x6F, 0x48, 0x00, 0x01, 0x40, 0x52, 0x6F, 0x48, 0x00, 0x10, /* F65D0 */
	0xFF, 0x44, 0x52, 0x6F, 0x48, 0x00, 0x54, 0x52, 0x6F, 0x48, 0x00, 0x10, 0xFF, 0x54, 0x52, 0x6F, /* F65E0 */
	0x48, 0x00, 0xFF, 0x44, 0x75, 0x48, 0x00, 0x45, 0x4E, 0x76, 0x48, 0x00, 0xFF, 0x54, 0x53, 0x33, /* F65F0 */
	0x48, 0x00, 0x49, 0x00, 0xFF, 0x6C, 0x42, 0x49, 0x00, 0x6C, 0x42, 0x40, 0x49, 0x00, 0x44, 0x49, /* F6600 */
	0x00, 0x44, 0x4C, 0x49, 0x00, 0x44, 0x4E, 0x49, 0x00, 0xFF, 0x5A, 0x49, 0x00, 0x54, 0x49, 0x00, /* F6610 */
	0x56, 0x49, 0x00, 0x7C, 0x49, 0x00, 0x69, 0x00, 0x43, 0x69, 0x00, 0xFF, 0x46, 0x69, 0x00, 0x47, /* F6620 */
	0x69, 0x00, 0x01, 0x4B, 0x69, 0x00, 0x01, 0x53, 0x4B, 0x69, 0x00, 0x45, 0x54, 0x69, 0x00, 0x56, /* F6630 */
	0x69, 0x00, 0x01, 0x53, 0x69, 0x00, 0xFF, 0x54, 0x53, 0x69, 0x00, 0xFF, 0x6D, 0x5A, 0x69, 0x00, /* F6640 */
	0xFE, 0x6D, 0x5A, 0x69, 0x00, 0x44, 0x7C, 0x00, 0x49, 0x46, 0x7C, 0x00, 0x45, 0x4C, 0x7C, 0x00, /* F6650 */
	0x5A, 0x7C, 0x00, 0x4A, 0x00, 0x4A, 0x4A, 0x00, 0x6F, 0x45, 0x4A, 0x00, 0x4B, 0x00, 0x40, 0x4B, /* F6660 */
	0x00, 0x45, 0x4B, 0x00, 0x01, 0x45, 0x4B, 0x00, 0x40, 0x52, 0x65, 0x4B, 0x00, 0x4D, 0x65, 0x4B, /* F6670 */
	0x00, 0x67, 0x4B, 0x00, 0xFF, 0x46, 0x69, 0x4C, 0x4B, 0x00, 0x4F, 0x4B, 0x00, 0x5B, 0x4F, 0x4B, /* F6680 */
	0x00, 0x01, 0x6F, 0x4B, 0x00, 0x10, 0xFF, 0x46, 0x6F, 0x4B, 0x00, 0x4C, 0x6F, 0x4B, 0x00, 0x10, /* F6690 */
	0x4D, 0x6F, 0x4B, 0x00, 0x10, 0xFF, 0x54, 0x6F, 0x4B, 0x00, 0xFF, 0x54, 0x53, 0x65, 0x52, 0x4B, /* F66A0 */
	0x00, 0x54, 0x46, 0x6F, 0x52, 0x4B, 0x00, 0x73, 0x4B, 0x00, 0x53, 0x4B, 0x00, 0x10, 0xFF, 0x54, /* F66B0 */
	0x4B, 0x00, 0xFF, 0x4D, 0x76, 0x4B, 0x00, 0xFF, 0x45, 0x52, 0x54, 0x4E, 0x76, 0x4B, 0x00, 0xFE, /* F66C0 */
	0x33, 0x4C, 0x76, 0x4B, 0x00, 0x57, 0x4B, 0x00, 0x6F, 0x57, 0x4B, 0x00, 0x52, 0x77, 0x4B, 0x00, /* F66D0 */
	0x6B, 0x00, 0x4C, 0x00, 0xFF, 0x4B, 0x41, 0x4C, 0x00, 0x44, 0x4E, 0x40, 0x4C, 0x00, 0x40, 0x4C, /* F66E0 */
	0x00, 0x45, 0x4C, 0x00, 0xFF, 0x46, 0x49, 0x4C, 0x00, 0xFF, 0x4B, 0x49, 0x4C, 0x00, 0x10, 0xFF, /* F66F0 */
	0x4B, 0x69, 0x4C, 0x00, 0xFF, 0x4E, 0x49, 0x4C, 0x00, 0x4B, 0x4C, 0x00, 0x10, 0x44, 0x4E, 0x76, /* F6700 */
	0x4C, 0x00, 0xFF, 0x56, 0x76, 0x4C, 0x00, 0xFF, 0x4E, 0x77, 0x4C, 0x00, 0x6C, 0x00, 0x4D, 0x00, /* F6710 */
	0xFF, 0x4B, 0x41, 0x4D, 0x00, 0x61, 0x4D, 0x00, 0x4B, 0x61, 0x4D, 0x00, 0x40, 0x4D, 0x00, 0x4B, /* F6720 */
	0x40, 0x4D, 0x00, 0x10, 0xFF, 0x4E, 0x61, 0x4D, 0x00, 0xFF, 0x58, 0x40, 0x4D, 0x00, 0x5B, 0x4C, /* F6730 */
	0x61, 0x4D, 0x00, 0x02, 0x4E, 0x45, 0x73, 0x61, 0x4D, 0x00, 0xFF, 0x56, 0x62, 0x4D, 0x00, 0xFF, /* F6740 */
	0x63, 0x4D, 0x00, 0x4E, 0x61, 0x4B, 0x65, 0x4D, 0x00, 0xFF, 0x54, 0x4E, 0x65, 0x4D, 0x00, 0x45, /* F6750 */
	0x52, 0x65, 0x54, 0x4E, 0x65, 0x4D, 0x00, 0x01, 0x54, 0x65, 0x4D, 0x00, 0xFF, 0x67, 0x4D, 0x00, /* F6760 */
	0x52, 0x47, 0x49, 0x4D, 0x00, 0x5B, 0x4F, 0x52, 0x4B, 0x49, 0x4D, 0x00, 0x33, 0x49, 0x4D, 0x00, /* F6770 */
	0x5B, 0x53, 0x69, 0x4D, 0x00, 0x45, 0x52, 0x54, 0x69, 0x4D, 0x00, 0x4D, 0x4D, 0x00, 0x01, 0x6D, /* F6780 */
	0x00, 0xFF, 0x45, 0x4E, 0x4F, 0x4D, 0x00, 0xFF, 0x4B, 0x6F, 0x4D, 0x00, 0xFF, 0x54, 0x4E, 0x6F, /* F6790 */
	0x4D, 0x00, 0xFF, 0x4B, 0x52, 0x6F, 0x4D, 0x00, 0xFF, 0x34, 0x4D, 0x00, 0x4E, 0x00, 0x4E, 0x6F, /* F67A0 */
	0x4E, 0x00, 0x59, 0x4E, 0x00, 0x54, 0x6E, 0x00, 0x7E, 0x7E, 0x00, 0x5B, 0x4F, 0x00, 0x4F, 0x00, /* F67B0 */
	0x01, 0x4F, 0x00, 0x10, 0x02, 0x4F, 0x00, 0x4B, 0x4F, 0x00, 0x4C, 0x4F, 0x00, 0x33, 0x56, 0x4F, /* F67C0 */
	0x00, 0x52, 0x4F, 0x00, 0x53, 0x4F, 0x00, 0x01, 0x53, 0x4F, 0x00, 0x54, 0x53, 0x4F, 0x00, 0x6F, /* F67D0 */
	0x00, 0x01, 0x6F, 0x00, 0x10, 0x01, 0x6F, 0x00, 0x10, 0x46, 0x6F, 0x00, 0x4B, 0x6F, 0x00, 0x4E, /* F67E0 */
	0x6F, 0x00, 0x52, 0x6F, 0x00, 0x10, 0x52, 0x6F, 0x00, 0x01, 0x40, 0x57, 0x6F, 0x00, 0x02, 0x56, /* F67F0 */
	0x33, 0x5A, 0x42, 0x6F, 0x00, 0x50, 0x00, 0x53, 0x40, 0x4C, 0x62, 0x50, 0x00, 0xFF, 0x53, 0x45, /* F6800 */
	0x50, 0x00, 0xFF, 0x53, 0x41, 0x4C, 0x50, 0x00, 0x54, 0x53, 0x4F, 0x50, 0x00, 0xFF, 0x54, 0x67, /* F6810 */
	0x50, 0x00, 0x5B, 0x45, 0x6A, 0x6F, 0x50, 0x00, 0x5B, 0x4F, 0x52, 0x50, 0x00, 0x5B, 0x6F, 0x52, /* F6820 */
	0x50, 0x00, 0x52, 0x00, 0x45, 0x52, 0x00, 0x5B, 0x45, 0x52, 0x00, 0x5B, 0x65, 0x52, 0x00, 0x65, /* F6830 */
	0x52, 0x00, 0x10, 0xFF, 0x4B, 0x69, 0x52, 0x00, 0xFF, 0x4A, 0x69, 0x52, 0x00, 0xFF, 0x58, 0x6F, /* F6840 */
	0x52, 0x00, 0xFF, 0x4B, 0x72, 0x00, 0x53, 0x00, 0x5B, 0x54, 0x4E, 0x41, 0x53, 0x00, 0x4C, 0x40, /* F6850 */
	0x53, 0x53, 0x00, 0x43, 0x53, 0x00, 0x33, 0x44, 0x45, 0x53, 0x00, 0xFF, 0x34, 0x46, 0x53, 0x00, /* F6860 */
	0xFF, 0x44, 0x49, 0x53, 0x00, 0x4B, 0x49, 0x53, 0x00, 0x53, 0x69, 0x53, 0x00, 0x45, 0x4B, 0x53, /* F6870 */
	0x00, 0x4D, 0x45, 0x4B, 0x53, 0x00, 0x62, 0x4B, 0x53, 0x00, 0x01, 0x40, 0x56, 0x6F, 0x4C, 0x53, /* F6880 */
	0x00, 0xFF, 0x77, 0x4C, 0x53, 0x00, 0xFF, 0x58, 0x69, 0x4D, 0x53, 0x00, 0x01, 0x45, 0x4B, 0x6F, /* F6890 */
	0x53, 0x00, 0x4E, 0x76, 0x53, 0x00, 0xFF, 0x54, 0x41, 0x54, 0x53, 0x00, 0xFF, 0x44, 0x61, 0x54, /* F68A0 */
	0x53, 0x00, 0x44, 0x4E, 0x61, 0x54, 0x53, 0x00, 0xFF, 0x44, 0x65, 0x54, 0x53, 0x00, 0xFF, 0x4E, /* F68B0 */
	0x49, 0x54, 0x53, 0x00, 0xFF, 0x4E, 0x6F, 0x54, 0x53, 0x00, 0x5B, 0x42, 0x76, 0x53, 0x00, 0xFF, /* F68C0 */
	0x4D, 0x76, 0x53, 0x00, 0x41, 0x57, 0x53, 0x00, 0x02, 0x46, 0x6A, 0x65, 0x53, 0x00, 0x4E, 0x65, /* F68D0 */
	0x53, 0x00, 0xFF, 0x4E, 0x65, 0x53, 0x00, 0x02, 0x56, 0x6A, 0x65, 0x53, 0x00, 0x73, 0x00, 0x73, /* F68E0 */
	0x73, 0x00, 0xFF, 0x50, 0x69, 0x73, 0x00, 0x33, 0x73, 0x00, 0x54, 0x00, 0xFF, 0x4B, 0x41, 0x54, /* F68F0 */
	0x00, 0x10, 0x54, 0x62, 0x54, 0x00, 0xFF, 0x45, 0x54, 0x00, 0xFF, 0x4E, 0x45, 0x54, 0x00, 0x4B, /* F6900 */
	0x65, 0x54, 0x00, 0x40, 0x4C, 0x65, 0x54, 0x00, 0xFF, 0x4D, 0x49, 0x54, 0x00, 0xFF, 0x50, 0x49, /* F6910 */
	0x54, 0x00, 0xFF, 0x4E, 0x6F, 0x54, 0x00, 0xFF, 0x45, 0x52, 0x54, 0x00, 0x5A, 0x4E, 0x61, 0x52, /* F6920 */
	0x54, 0x00, 0x10, 0xFF, 0x4E, 0x6F, 0x52, 0x54, 0x00, 0x53, 0x54, 0x00, 0x10, 0x53, 0x54, 0x00, /* F6930 */
	0x55, 0x00, 0xFF, 0x52, 0x55, 0x00, 0x54, 0x55, 0x00, 0x10, 0x54, 0x55, 0x00, 0x44, 0x75, 0x00, /* F6940 */
	0x4B, 0x75, 0x00, 0x4C, 0x75, 0x00, 0x73, 0x75, 0x00, 0x76, 0x00, 0x44, 0x76, 0x00, 0x46, 0x76, /* F6950 */
	0x00, 0xFF, 0x4C, 0x76, 0x00, 0x5B, 0x4E, 0x76, 0x00, 0x53, 0x76, 0x00, 0x78, 0x76, 0x00, 0x52, /* F6960 */
	0x76, 0x00, 0xFF, 0x52, 0x76, 0x00, 0x56, 0x76, 0x00, 0x7A, 0x33, 0x00, 0x56, 0x00, 0xFF, 0x6A, /* F6970 */
	0x41, 0x56, 0x00, 0xFE, 0x62, 0x59, 0x4C, 0x61, 0x56, 0x00, 0x4E, 0x61, 0x56, 0x00, 0xFD, 0x33, /* F6980 */
	0x44, 0x4E, 0x61, 0x56, 0x00, 0x62, 0x59, 0x56, 0x00, 0x6A, 0x69, 0x56, 0x00, 0x10, 0x4B, 0x69, /* F6990 */
	0x56, 0x00, 0x10, 0x53, 0x54, 0x69, 0x56, 0x00, 0xFE, 0x4D, 0x62, 0x59, 0x4C, 0x6F, 0x56, 0x00, /* F69A0 */
	0x4E, 0x6F, 0x56, 0x00, 0x57, 0x00, 0x41, 0x57, 0x00, 0xFF, 0x43, 0x69, 0x57, 0x00, 0xFF, 0x4B, /* F69B0 */
	0x69, 0x57, 0x00, 0x4E, 0x7C, 0x4D, 0x69, 0x57, 0x00, 0x10, 0x53, 0x54, 0x69, 0x57, 0x00, 0x6F, /* F69C0 */
	0x57, 0x00, 0x4C, 0x77, 0x57, 0x00, 0xFF, 0x44, 0x4C, 0x77, 0x57, 0x00, 0x4E, 0x40, 0x4D, 0x75, /* F69D0 */
	0x57, 0x00, 0x33, 0x57, 0x00, 0x77, 0x00, 0x4C, 0x77, 0x00, 0x52, 0x77, 0x00, 0x10, 0x52, 0x77, /* F69E0 */
	0x00, 0x5B, 0x4F, 0x54, 0x77, 0x00, 0x58, 0x00, 0xFF, 0x4C, 0x77, 0x58, 0x00, 0x78, 0x00, 0x59, /* F69F0 */
	0x00, 0x01, 0x59, 0x00, 0x01, 0x65, 0x59, 0x00, 0x10, 0xFF, 0x53, 0x54, 0x65, 0x59, 0x00, 0x01, /* F6A00 */
	0x40, 0x4D, 0x6F, 0x59, 0x00, 0xFF, 0x7E, 0x76, 0x59, 0x00, 0x79, 0x00, 0x5A, 0x00, 0x7A, 0x00, /* F6A10 */
	0x41, 0x00, 0x41, 0x44, 0x00, 0x41, 0x44, 0x45, 0x43, 0x00, 0x41, 0x45, 0x48, 0x00, 0x41, 0x45, /* F6A20 */
	0x52, 0x42, 0x00, 0x41, 0x48, 0x00, 0x41, 0x48, 0x5B, 0x00, 0x41, 0x48, 0x47, 0x00, 0x41, 0x48, /* F6A30 */
	0x43, 0x45, 0x4D, 0x00, 0x41, 0x48, 0x54, 0x00, 0x41, 0x49, 0x00, 0x41, 0x4C, 0x53, 0x00, 0x41, /* F6A40 */
	0x4D, 0x00, 0x41, 0x4D, 0x4F, 0x57, 0x00, 0x41, 0x45, 0x00, 0x41, 0x4E, 0x4F, 0x49, 0x54, 0x41, /* F6A50 */
	0x00, 0x41, 0x4F, 0x52, 0x42, 0x00, 0x41, 0x57, 0x00, 0x41, 0x52, 0x47, 0x00, 0x41, 0x54, 0x53, /* F6A60 */
	0x00, 0x40, 0x00, 0x40, 0x4E, 0x00, 0x40, 0x4F, 0x00, 0x40, 0x5B, 0x00, 0x42, 0x00, 0x42, 0x5B, /* F6A70 */
	0x00, 0x42, 0x55, 0x53, 0x00, 0x5B, 0x00, 0x43, 0x00, 0x43, 0x5B, 0x00, 0x43, 0x41, 0x00, 0x43, /* F6A80 */
	0x41, 0x42, 0x00, 0x43, 0x41, 0x4C, 0x50, 0x00, 0x43, 0x41, 0x4D, 0x00, 0x43, 0x43, 0x00, 0x43, /* F6A90 */
	0x45, 0x42, 0x00, 0x43, 0x45, 0x49, 0x50, 0x00, 0x43, 0x45, 0x54, 0x00, 0x43, 0x49, 0x00, 0x43, /* F6AA0 */
	0x49, 0x4C, 0x00, 0x43, 0x49, 0x52, 0x00, 0x43, 0x49, 0x57, 0x00, 0x43, 0x4D, 0x00, 0x43, 0x52, /* F6AB0 */
	0x41, 0x00, 0x43, 0x52, 0x4F, 0x46, 0x00, 0x43, 0x53, 0x00, 0x43, 0x55, 0x42, 0x00, 0x43, 0x53, /* F6AC0 */
	0x55, 0x42, 0x00, 0x43, 0x59, 0x53, 0x50, 0x00, 0x43, 0x59, 0x57, 0x00, 0x44, 0x00, 0x44, 0x41, /* F6AD0 */
	0x00, 0x44, 0x49, 0x00, 0x44, 0x49, 0x53, 0x00, 0x44, 0x49, 0x57, 0x00, 0x44, 0x4F, 0x42, 0x00, /* F6AE0 */
	0x44, 0x59, 0x48, 0x00, 0x44, 0x55, 0x00, 0x45, 0x00, 0x45, 0x5B, 0x00, 0x45, 0x42, 0x00, 0x45, /* F6AF0 */
	0x44, 0x00, 0x45, 0x44, 0x4E, 0x41, 0x56, 0x00, 0x45, 0x45, 0x00, 0x45, 0x45, 0x54, 0x00, 0x45, /* F6B00 */
	0x47, 0x00, 0x45, 0x47, 0x41, 0x48, 0x00, 0x45, 0x48, 0x43, 0x00, 0x45, 0x48, 0x43, 0x53, 0x00, /* F6B10 */
	0x45, 0x49, 0x00, 0x45, 0x49, 0x45, 0x4D, 0x00, 0x45, 0x49, 0x56, 0x00, 0x45, 0x4B, 0x00, 0x45, /* F6B20 */
	0x4C, 0x5B, 0x00, 0x45, 0x4C, 0x47, 0x00, 0x45, 0x4D, 0x00, 0x45, 0x4D, 0x4F, 0x57, 0x00, 0x45, /* F6B30 */
	0x4E, 0x4F, 0x48, 0x00, 0x45, 0x50, 0x59, 0x48, 0x00, 0x45, 0x52, 0x00, 0x45, 0x52, 0x46, 0x00, /* F6B40 */
	0x45, 0x52, 0x47, 0x00, 0x45, 0x52, 0x54, 0x00, 0x45, 0x52, 0x4F, 0x46, 0x00, 0x45, 0x53, 0x00, /* F6B50 */
	0x45, 0x54, 0x41, 0x57, 0x00, 0x45, 0x54, 0x46, 0x41, 0x00, 0x45, 0x54, 0x53, 0x00, 0x45, 0x56, /* F6B60 */
	0x45, 0x00, 0x45, 0x56, 0x41, 0x48, 0x00, 0x45, 0x56, 0x4F, 0x00, 0x45, 0x59, 0x45, 0x4D, 0x00, /* F6B70 */
	0x46, 0x49, 0x00, 0x46, 0x49, 0x4C, 0x00, 0x46, 0x49, 0x4C, 0x43, 0x00, 0x46, 0x4F, 0x00, 0x46, /* F6B80 */
	0x4F, 0x48, 0x00, 0x46, 0x4F, 0x52, 0x43, 0x00, 0x47, 0x00, 0x47, 0x44, 0x49, 0x52, 0x00, 0x47, /* F6B90 */
	0x44, 0x49, 0x52, 0x42, 0x00, 0x47, 0x49, 0x00, 0x47, 0x49, 0x45, 0x00, 0x47, 0x49, 0x45, 0x4C, /* F6BA0 */
	0x00, 0x47, 0x49, 0x48, 0x00, 0x47, 0x49, 0x4D, 0x00, 0x47, 0x55, 0x41, 0x42, 0x00, 0x47, 0x55, /* F6BB0 */
	0x4F, 0x00, 0x47, 0x55, 0x4F, 0x52, 0x4F, 0x42, 0x00, 0x48, 0x43, 0x00, 0x48, 0x41, 0x44, 0x00, /* F6BC0 */
	0x48, 0x43, 0x45, 0x00, 0x48, 0x50, 0x00, 0x48, 0x54, 0x4F, 0x00, 0x48, 0x54, 0x00, 0x49, 0x00, /* F6BD0 */
	0x49, 0x41, 0x00, 0x49, 0x44, 0x00, 0x49, 0x45, 0x48, 0x00, 0x49, 0x45, 0x4C, 0x00, 0x49, 0x45, /* F6BE0 */
	0x54, 0x53, 0x00, 0x49, 0x48, 0x43, 0x41, 0x4D, 0x00, 0x49, 0x48, 0x53, 0x00, 0x49, 0x53, 0x00, /* F6BF0 */
	0x49, 0x55, 0x42, 0x00, 0x49, 0x56, 0x00, 0x4A, 0x00, 0x4A, 0x55, 0x46, 0x00, 0x4B, 0x00, 0x4B, /* F6C00 */
	0x41, 0x4D, 0x00, 0x4B, 0x41, 0x53, 0x00, 0x4B, 0x41, 0x54, 0x00, 0x4B, 0x49, 0x4C, 0x00, 0x4B, /* F6C10 */
	0x41, 0x4C, 0x00, 0x4B, 0x53, 0x00, 0x4C, 0x00, 0x4C, 0x41, 0x00, 0x4C, 0x41, 0x42, 0x00, 0x4C, /* F6C20 */
	0x41, 0x44, 0x00, 0x4C, 0x41, 0x46, 0x00, 0x4C, 0x41, 0x48, 0x00, 0x4C, 0x41, 0x4D, 0x00, 0x4C, /* F6C30 */
	0x41, 0x56, 0x00, 0x4C, 0x41, 0x57, 0x00, 0x4C, 0x42, 0x41, 0x00, 0x4C, 0x42, 0x41, 0x49, 0x00, /* F6C40 */
	0x4C, 0x42, 0x49, 0x00, 0x4C, 0x44, 0x00, 0x4C, 0x45, 0x00, 0x4C, 0x45, 0x44, 0x00, 0x4C, 0x45, /* F6C50 */
	0x46, 0x00, 0x4C, 0x45, 0x49, 0x46, 0x00, 0x4C, 0x45, 0x53, 0x00, 0x4C, 0x45, 0x54, 0x00, 0x4C, /* F6C60 */
	0x45, 0x57, 0x00, 0x4C, 0x49, 0x00, 0x4C, 0x49, 0x48, 0x00, 0x4C, 0x49, 0x5B, 0x00, 0x4C, 0x4C, /* F6C70 */
	0x41, 0x5B, 0x00, 0x4C, 0x4C, 0x45, 0x00, 0x4C, 0x4C, 0x49, 0x56, 0x5B, 0x00, 0x4C, 0x4F, 0x00, /* F6C80 */
	0x4C, 0x4F, 0x48, 0x00, 0x4C, 0x4F, 0x50, 0x00, 0x4C, 0x54, 0x53, 0x00, 0x4C, 0x55, 0x00, 0x4C, /* F6C90 */
	0x55, 0x41, 0x00, 0x4C, 0x40, 0x00, 0x4C, 0x5B, 0x00, 0x4C, 0x5B, 0x4F, 0x43, 0x00, 0x4D, 0x00, /* F6CA0 */
	0x4D, 0x41, 0x59, 0x00, 0x4D, 0x49, 0x54, 0x00, 0x4D, 0x4F, 0x43, 0x00, 0x4D, 0x4F, 0x48, 0x00, /* F6CB0 */
	0x4D, 0x4F, 0x53, 0x00, 0x4E, 0x00, 0x4E, 0x41, 0x00, 0x4E, 0x41, 0x48, 0x00, 0x4E, 0x41, 0x4C, /* F6CC0 */
	0x5B, 0x00, 0x4E, 0x41, 0x4D, 0x00, 0x4E, 0x41, 0x52, 0x42, 0x00, 0x4E, 0x41, 0x52, 0x54, 0x00, /* F6CD0 */
	0x4E, 0x41, 0x54, 0x53, 0x00, 0x4E, 0x41, 0x56, 0x00, 0x4E, 0x45, 0x00, 0x4E, 0x45, 0x4D, 0x00, /* F6CE0 */
	0x4E, 0x45, 0x4D, 0x45, 0x00, 0x4E, 0x49, 0x00, 0x4E, 0x49, 0x4C, 0x00, 0x4E, 0x4E, 0x41, 0x00, /* F6CF0 */
	0x4E, 0x4F, 0x4D, 0x00, 0x4E, 0x4F, 0x4E, 0x00, 0x4E, 0x4F, 0x52, 0x46, 0x00, 0x4E, 0x4F, 0x54, /* F6D00 */
	0x53, 0x00, 0x4E, 0x4F, 0x56, 0x00, 0x4E, 0x52, 0x55, 0x4F, 0x42, 0x00, 0x4E, 0x55, 0x00, 0x4E, /* F6D10 */
	0x55, 0x4C, 0x00, 0x4E, 0x55, 0x4F, 0x59, 0x00, 0x4F, 0x00, 0x4F, 0x43, 0x00, 0x4F, 0x44, 0x00, /* F6D20 */
	0x4F, 0x48, 0x43, 0x00, 0x4F, 0x48, 0x43, 0x53, 0x00, 0x4F, 0x48, 0x50, 0x00, 0x4F, 0x4C, 0x4F, /* F6D30 */
	0x43, 0x00, 0x4F, 0x4C, 0x55, 0x4F, 0x50, 0x00, 0x4F, 0x52, 0x43, 0x49, 0x4D, 0x00, 0x4F, 0x52, /* F6D40 */
	0x54, 0x00, 0x4F, 0x4F, 0x00, 0x4F, 0x4F, 0x42, 0x00, 0x4F, 0x4F, 0x44, 0x00, 0x4F, 0x4F, 0x46, /* F6D50 */
	0x00, 0x4F, 0x4F, 0x48, 0x00, 0x4F, 0x4F, 0x4D, 0x00, 0x4F, 0x4F, 0x52, 0x00, 0x4F, 0x4F, 0x52, /* F6D60 */
	0x42, 0x00, 0x4F, 0x4F, 0x57, 0x00, 0x4F, 0x52, 0x50, 0x00, 0x4F, 0x53, 0x00, 0x4F, 0x54, 0x00, /* F6D70 */
	0x4F, 0x54, 0x53, 0x00, 0x4F, 0x54, 0x55, 0x41, 0x00, 0x4F, 0x57, 0x00, 0x50, 0x00, 0x50, 0x41, /* F6D80 */
	0x52, 0x47, 0x00, 0x50, 0x4F, 0x4B, 0x00, 0x50, 0x59, 0x54, 0x00, 0x51, 0x00, 0x52, 0x00, 0x52, /* F6D90 */
	0x5B, 0x00, 0x52, 0x41, 0x00, 0x52, 0x41, 0x41, 0x47, 0x00, 0x52, 0x41, 0x45, 0x48, 0x00, 0x52, /* F6DA0 */
	0x41, 0x47, 0x00, 0x52, 0x41, 0x48, 0x00, 0x52, 0x41, 0x48, 0x43, 0x00, 0x52, 0x41, 0x4D, 0x00, /* F6DB0 */
	0x52, 0x41, 0x54, 0x4E, 0x45, 0x4D, 0x00, 0x52, 0x41, 0x55, 0x47, 0x00, 0x52, 0x41, 0x57, 0x00, /* F6DC0 */
	0x52, 0x41, 0x59, 0x00, 0x52, 0x45, 0x00, 0x52, 0x45, 0x42, 0x00, 0x52, 0x45, 0x48, 0x00, 0x52, /* F6DD0 */
	0x45, 0x48, 0x50, 0x53, 0x00, 0x52, 0x45, 0x48, 0x57, 0x00, 0x52, 0x45, 0x4D, 0x00, 0x52, 0x45, /* F6DE0 */
	0x56, 0x45, 0x00, 0x52, 0x45, 0x53, 0x42, 0x4F, 0x00, 0x52, 0x49, 0x00, 0x52, 0x49, 0x46, 0x00, /* F6DF0 */
	0x52, 0x49, 0x48, 0x53, 0x00, 0x52, 0x4F, 0x00, 0x52, 0x4F, 0x42, 0x00, 0x52, 0x4F, 0x43, 0x00, /* F6E00 */
	0x52, 0x4F, 0x44, 0x00, 0x52, 0x4F, 0x46, 0x5B, 0x00, 0x52, 0x4F, 0x48, 0x00, 0x52, 0x4F, 0x4D, /* F6E10 */
	0x00, 0x52, 0x4F, 0x50, 0x00, 0x52, 0x4F, 0x57, 0x00, 0x52, 0x52, 0x45, 0x42, 0x00, 0x52, 0x55, /* F6E20 */
	0x42, 0x00, 0x52, 0x54, 0x45, 0x4D, 0x00, 0x52, 0x54, 0x4E, 0x55, 0x4F, 0x43, 0x00, 0x52, 0x40, /* F6E30 */
	0x5B, 0x00, 0x53, 0x00, 0x53, 0x41, 0x00, 0x53, 0x45, 0x00, 0x53, 0x45, 0x52, 0x43, 0x00, 0x53, /* F6E40 */
	0x52, 0x4F, 0x48, 0x00, 0x53, 0x52, 0x55, 0x48, 0x00, 0x53, 0x49, 0x00, 0x53, 0x49, 0x44, 0x00, /* F6E50 */
	0x53, 0x49, 0x4D, 0x00, 0x53, 0x49, 0x57, 0x00, 0x53, 0x4F, 0x00, 0x53, 0x4F, 0x50, 0x00, 0x53, /* F6E60 */
	0x55, 0x00, 0x53, 0x55, 0x4F, 0x48, 0x00, 0x54, 0x00, 0x54, 0x41, 0x00, 0x54, 0x41, 0x44, 0x00, /* F6E70 */
	0x54, 0x41, 0x54, 0x53, 0x00, 0x54, 0x49, 0x00, 0x54, 0x49, 0x48, 0x57, 0x00, 0x54, 0x49, 0x52, /* F6E80 */
	0x57, 0x00, 0x54, 0x49, 0x4D, 0x53, 0x00, 0x54, 0x49, 0x57, 0x00, 0x54, 0x4C, 0x41, 0x45, 0x00, /* F6E90 */
	0x54, 0x4F, 0x43, 0x00, 0x54, 0x4F, 0x52, 0x00, 0x54, 0x53, 0x00, 0x54, 0x53, 0x41, 0x00, 0x54, /* F6EA0 */
	0x54, 0x45, 0x00, 0x54, 0x55, 0x00, 0x54, 0x55, 0x4F, 0x4D, 0x00, 0x54, 0x55, 0x54, 0x00, 0x55, /* F6EB0 */
	0x00, 0x55, 0x41, 0x00, 0x55, 0x41, 0x42, 0x00, 0x55, 0x41, 0x48, 0x00, 0x55, 0x46, 0x00, 0x55, /* F6EC0 */
	0x49, 0x00, 0x55, 0x4A, 0x00, 0x55, 0x4C, 0x42, 0x00, 0x55, 0x4C, 0x4F, 0x56, 0x00, 0x55, 0x4F, /* F6ED0 */
	0x00, 0x55, 0x4F, 0x43, 0x00, 0x55, 0x51, 0x00, 0x55, 0x53, 0x00, 0x55, 0x53, 0x41, 0x45, 0x00, /* F6EE0 */
	0x56, 0x49, 0x00, 0x56, 0x49, 0x54, 0x41, 0x00, 0x56, 0x4C, 0x45, 0x53, 0x00, 0x56, 0x4F, 0x4D, /* F6EF0 */
	0x00, 0x56, 0x4F, 0x4C, 0x00, 0x56, 0x4F, 0x52, 0x47, 0x00, 0x56, 0x40, 0x00, 0x57, 0x00, 0x57, /* F6F00 */
	0x41, 0x00, 0x57, 0x41, 0x4C, 0x00, 0x57, 0x41, 0x4C, 0x53, 0x00, 0x57, 0x4F, 0x54, 0x00, 0x58, /* F6F10 */
	0x00, 0x58, 0x45, 0x00, 0x59, 0x00, 0x59, 0x44, 0x00, 0x59, 0x45, 0x00, 0x5A, 0x00, 0x5A, 0x49, /* F6F20 */
	0x00, 0x01, 0x26, 0x00, 0x00, 0x01, 0x8D, 0x00, 0x00, 0x10, 0x8D, 0x8D, 0x00, 0x00, 0x40, 0x00, /* F6F30 */
	0x00, 0x05, 0x42, 0x57, 0x00, 0x00, 0x00, 0x05, 0x83, 0x44, 0x4E, 0x52, 0x4B, 0x53, 0x00, 0x00, /* F6F40 */
	0x00, 0x05, 0x8D, 0x45, 0x00, 0x00, 0x00, 0x05, 0x8D, 0x59, 0x00, 0x00, 0x00, 0x05, 0x43, 0x47, /* F6F50 */
	0x00, 0x00, 0x00, 0x05, 0x43, 0x47, 0x48, 0x00, 0x00, 0x00, 0x05, 0x43, 0x53, 0x00, 0x00, 0x00, /* F6F60 */
	0x05, 0x44, 0x91, 0x00, 0x00, 0x00, 0x05, 0x46, 0x50, 0x42, 0x00, 0x00, 0x00, 0x05, 0x42, 0x50, /* F6F70 */
	0x4D, 0x48, 0x43, 0x00, 0x00, 0x00, 0x05, 0x44, 0x52, 0x48, 0x00, 0x00, 0x00, 0x05, 0x54, 0x53, /* F6F80 */
	0x43, 0x47, 0x58, 0x48, 0x00, 0x00, 0x00, 0x05, 0x4A, 0x43, 0x42, 0x00, 0x00, 0x00, 0x05, 0x4B, /* F6F90 */
	0x5A, 0x4E, 0x00, 0x00, 0x00, 0x01, 0x98, 0x4B, 0x00, 0x00, 0x00, 0x05, 0x4D, 0x83, 0x00, 0x00, /* F6FA0 */
	0x00, 0x05, 0x83, 0x91, 0x00, 0x00, 0x00, 0x05, 0x4D, 0x48, 0x59, 0x00, 0x00, 0x00, 0x05, 0x4E, /* F6FB0 */
	0x54, 0x00, 0x00, 0x00, 0x05, 0x50, 0x42, 0x43, 0x00, 0x00, 0x00, 0x05, 0x52, 0x4C, 0x00, 0x00, /* F6FC0 */
	0x00, 0x05, 0x53, 0x54, 0x00, 0x00, 0x00, 0x05, 0x54, 0x44, 0x00, 0x00, 0x00, 0x05, 0x54, 0x47, /* F6FD0 */
	0x00, 0x00, 0x00, 0x05, 0x54, 0x57, 0x48, 0x50, 0x42, 0x00, 0x00, 0x00, 0x05, 0x56, 0x43, 0x00, /* F6FE0 */
	0x00, 0x00, 0x05, 0x91, 0x52, 0x00, 0x00, 0x00, 0x01, 0x91, 0x00, 0x01, 0x59, 0x00, 0x00, 0x10, /* F6FF0 */
	0x52, 0x91, 0x00, 0x05, 0x44, 0x4C, 0x57, 0x00, 0x00, 0x00, 0x10, 0x48, 0x54, 0x00, 0x05, 0x47, /* F7000 */
	0x4C, 0x54, 0x00, 0x00, 0x00, 0x01, 0x47, 0x00, 0x10, 0x48, 0x43, 0x00, 0x00, 0x10, 0x4C, 0x94, /* F7010 */
	0x00, 0x10, 0x52, 0x47, 0x00, 0x10, 0x52, 0x48, 0x00, 0x05, 0x4E, 0x48, 0x83, 0x00, 0x00, 0x00, /* F7020 */
	0x1C, 0x8D, 0x83, 0x00, 0x00, 0x00, 0x1D, 0x45, 0x4A, 0x00, 0x00, 0x00, 0x1D, 0x45, 0x54, 0x53, /* F7030 */
	0x00, 0x00, 0x00, 0x1C, 0x46, 0x5B, 0x00, 0x00, 0x00, 0x1C, 0x4C, 0x41, 0x00, 0x00, 0x00, 0x1C, /* F7040 */
	0x4C, 0x91, 0x00, 0x1C, 0x4C, 0x4C, 0x00, 0x01, 0x8D, 0x00, 0x00, 0x60, 0x00, 0x08, 0x57, 0x00, /* F7050 */
	0x00, 0x1C, 0x4D, 0x45, 0x00, 0x00, 0x00, 0x1C, 0x4E, 0x45, 0x00, 0x00, 0x00, 0x60, 0x00, 0x1C, /* F7060 */
	0x52, 0x43, 0x00, 0x00, 0x00, 0x1D, 0x91, 0x8D, 0x91, 0x00, 0x00, 0x00, 0x1C, 0x91, 0x91, 0x00, /* F7070 */
	0x00, 0x00, 0x1C, 0x91, 0x91, 0x00, 0x1C, 0x41, 0x54, 0x00, 0x1C, 0x55, 0x4D, 0x00, 0x08, 0x49, /* F7080 */
	0x00, 0x00, 0x01, 0x91, 0x00, 0x00, 0x1C, 0x55, 0x51, 0x00, 0x00, 0x00, 0x01, 0x46, 0x00, 0x00, /* F7090 */
	0x01, 0x47, 0x00, 0x10, 0x54, 0x53, 0x00, 0x00, 0x01, 0x49, 0x00, 0x00, 0x80, 0x00, 0x10, 0x48, /* F70A0 */
	0x43, 0x00, 0x10, 0x48, 0x47, 0x00, 0x10, 0x4E, 0x41, 0x00, 0x10, 0x52, 0x41, 0x00, 0x11, 0x52, /* F70B0 */
	0x45, 0x49, 0x00, 0x11, 0x52, 0x45, 0x4E, 0x00, 0x10, 0x4E, 0x4F, 0x00, 0x10, 0x4C, 0x4F, 0x00, /* F70C0 */
	0x10, 0x54, 0x53, 0x00, 0x10, 0x54, 0x4E, 0x00, 0x10, 0x44, 0x4E, 0x00, 0x10, 0x44, 0x98, 0x00, /* F70D0 */
	0x10, 0x4E, 0x49, 0x00, 0x00, 0x1D, 0x4C, 0x4C, 0x49, 0x00, 0x1C, 0x53, 0x53, 0x00, 0x80, 0x00, /* F70E0 */
	0x10, 0x4C, 0x4F, 0x00, 0x10, 0x52, 0x4F, 0x00, 0x10, 0x52, 0x41, 0x00, 0x11, 0x49, 0x43, 0x43, /* F70F0 */
	0x00, 0x10, 0x49, 0x47, 0x00, 0x10, 0x43, 0x4E, 0x00, 0x11, 0x4E, 0x49, 0x52, 0x00, 0x11, 0x4E, /* F7100 */
	0x49, 0x47, 0x00, 0x11, 0x4E, 0x49, 0x4E, 0x00, 0x10, 0x44, 0x98, 0x00, 0x10, 0x5A, 0x4E, 0x00, /* F7110 */
	0x00, 0x01, 0x4C, 0x00, 0x00, 0x01, 0x4E, 0x00, 0x00, 0x01, 0x7E, 0x00, 0x00, 0x01, 0x4E, 0x00, /* F7120 */
	0x10, 0x48, 0x54, 0x00, 0x10, 0x48, 0x50, 0x00, 0x00, 0x01, 0x83, 0x00, 0x00, 0x09, 0x83, 0x00, /* F7130 */
	0x00, 0x40, 0x00, 0x00, 0x09, 0x42, 0x00, 0x00, 0x00, 0x60, 0x00, 0x00, 0x09, 0x43, 0x00, 0x00, /* F7140 */
	0x00, 0x09, 0x43, 0x53, 0x00, 0x00, 0x00, 0x60, 0x00, 0x09, 0x43, 0x00, 0x00, 0x00, 0x09, 0x83, /* F7150 */
	0x44, 0x00, 0x00, 0x40, 0x00, 0x00, 0x09, 0x44, 0x83, 0x00, 0x00, 0x00, 0x09, 0x45, 0x8D, 0x00, /* F7160 */
	0x00, 0x00, 0x09, 0x45, 0x4F, 0x41, 0x57, 0x00, 0x00, 0x00, 0x09, 0x47, 0x00, 0x00, 0x00, 0x09, /* F7170 */
	0x47, 0x91, 0x00, 0x00, 0x00, 0x60, 0x00, 0xC0, 0x00, 0x00, 0x09, 0x49, 0x55, 0x00, 0x00, 0x00, /* F7180 */
	0x10, 0x43, 0x53, 0x00, 0x10, 0x50, 0x53, 0x00, 0x1C, 0xAE, 0xAE, 0x00, 0x09, 0x98, 0x91, 0x83, /* F7190 */
	0x51, 0x47, 0x00, 0x00, 0x00, 0x09, 0x83, 0x00, 0x00, 0x00, 0x09, 0x4E, 0x00, 0x00, 0x00, 0x1C, /* F71A0 */
	0x4D, 0x41, 0x00, 0x09, 0x4E, 0x52, 0x56, 0x91, 0x00, 0x00, 0x00, 0x09, 0x4F, 0x00, 0x00, 0x00, /* F71B0 */
	0x09, 0x51, 0x54, 0x47, 0x4F, 0x00, 0x00, 0x00, 0x09, 0x52, 0x00, 0x00, 0x00, 0x1D, 0x43, 0x41, /* F71C0 */
	0x8D, 0x00, 0x1D, 0x43, 0x49, 0x8D, 0x00, 0x09, 0x52, 0x91, 0x59, 0x57, 0x00, 0x00, 0x00, 0x09, /* F71D0 */
	0x53, 0x00, 0x00, 0x00, 0x09, 0x53, 0x91, 0x00, 0x00, 0x00, 0x09, 0x53, 0x4E, 0x4C, 0x83, 0x00, /* F71E0 */
	0x00, 0x00, 0x09, 0x54, 0x00, 0x00, 0x00, 0x60, 0x00, 0x09, 0x54, 0x00, 0x00, 0x00, 0x09, 0x54, /* F71F0 */
	0x53, 0x43, 0x47, 0x00, 0x00, 0x00, 0x09, 0x55, 0x00, 0x00, 0x00, 0x09, 0x51, 0x97, 0x91, 0x00, /* F7200 */
	0x00, 0x00, 0x09, 0x82, 0x00, 0x00, 0x00, 0x09, 0x91, 0x00, 0x00, 0x60, 0x00, 0x00, 0x09, 0x91, /* F7210 */
	0x00, 0x00, 0x00, 0x09, 0x57, 0x00, 0x00, 0x00, 0x09, 0x57, 0x00, 0x00, 0x01, 0x8D, 0x00, 0x00, /* F7220 */
	0x09, 0x91, 0x57, 0x00, 0x00, 0x00, 0x09, 0x59, 0x52, 0x91, 0x83, 0x00, 0x00, 0x00, 0x20, 0x01, /* F7230 */
	0x92, 0x86, 0x00, 0x01, 0x8B, 0x00, 0x12, 0x45, 0x5A, 0x49, 0x5B, 0x00, 0x05, 0x73, 0x7A, 0x00, /* F7240 */
	0x00, 0x00, 0x09, 0x83, 0x00, 0x00, 0x40, 0x00, 0x00, 0x10, 0x44, 0x83, 0x00, 0x10, 0x54, 0x83, /* F7250 */
	0x00, 0x09, 0x83, 0x00, 0x00, 0x1C, 0x85, 0x83, 0x00, 0x1C, 0x86, 0x83, 0x00, 0x1D, 0x46, 0x50, /* F7260 */
	0x83, 0x00, 0x1D, 0x48, 0x43, 0x53, 0x00, 0x1C, 0x4C, 0x83, 0x00, 0x40, 0x00, 0x00, 0x10, 0x92, /* F7270 */
	0x83, 0x00, 0x10, 0x97, 0x83, 0x00, 0x11, 0x54, 0x54, 0x83, 0x00, 0x11, 0x50, 0x50, 0x83, 0x00, /* F7280 */
	0x00, 0x11, 0x5B, 0x55, 0x53, 0x00, 0x10, 0x55, 0x53, 0x00, 0x12, 0x41, 0x5B, 0x58, 0x45, 0x00, /* F7290 */
	0x00, 0x12, 0x5B, 0x45, 0x52, 0x50, 0x00, 0x11, 0x5B, 0x45, 0x44, 0x00, 0x12, 0x5B, 0x45, 0x52, /* F72A0 */
	0x5B, 0x00, 0x12, 0x5B, 0x45, 0x52, 0x83, 0x00, 0x00, 0x10, 0x5B, 0x58, 0x00, 0x00, 0x11, 0x8D, /* F72B0 */
	0x45, 0x8D, 0x00, 0x00, 0x11, 0x8D, 0x91, 0x91, 0x00, 0x00, 0x10, 0x43, 0x49, 0x00, 0x10, 0x4C, /* F72C0 */
	0x55, 0x00, 0x00, 0x09, 0x57, 0x00, 0x00, 0x1C, 0x55, 0x51, 0x00, 0x10, 0x8D, 0x87, 0x00, 0x10, /* F72D0 */
	0x49, 0x87, 0x00, 0x10, 0x55, 0x87, 0x00, 0x00, 0x10, 0x8D, 0x87, 0x00, 0x10, 0x49, 0x87, 0x00, /* F72E0 */
	0x10, 0x55, 0x87, 0x00, 0x00, 0x11, 0x51, 0x8D, 0x91, 0x00, 0x10, 0x51, 0x91, 0x00, 0x00, 0x10, /* F72F0 */
	0x45, 0x47, 0x00, 0x09, 0x91, 0x00, 0x00, 0x00, 0x10, 0x8D, 0x4F, 0x00, 0x10, 0x48, 0x54, 0x00, /* F7300 */
	0x00, 0x10, 0x8D, 0x53, 0x00, 0x10, 0x4C, 0x42, 0x00, 0x00, 0x10, 0x8D, 0x52, 0x00, 0x10, 0x8D, /* F7310 */
	0x44, 0x00, 0x10, 0x52, 0x8D, 0x00, 0x00, 0x10, 0x8D, 0x91, 0x00, 0x00, 0x11, 0x8D, 0x91, 0x91, /* F7320 */
	0x00, 0x00, 0x11, 0x45, 0x43, 0x5B, 0x00, 0x00, 0x10, 0x45, 0x8D, 0x00, 0x01, 0x83, 0x00, 0x01, /* F7330 */
	0x8D, 0x00, 0x00, 0x10, 0x47, 0x91, 0x00, 0x00, 0x11, 0x48, 0x43, 0x91, 0x00, 0x11, 0x48, 0x53, /* F7340 */
	0x91, 0x00, 0x11, 0x4D, 0x41, 0x4B, 0x00, 0x11, 0x4D, 0x41, 0x4E, 0x00, 0x10, 0x4D, 0x55, 0x00, /* F7350 */
	0x11, 0x4D, 0x4F, 0x54, 0x00, 0x00, 0x10, 0x48, 0x50, 0x00, 0x10, 0x54, 0x87, 0x00, 0x10, 0x44, /* F7360 */
	0x87, 0x00, 0x00, 0x10, 0x48, 0x91, 0x00, 0x10, 0x48, 0x59, 0x00, 0x00, 0x10, 0x48, 0x54, 0x00, /* F7370 */
	0x01, 0x53, 0x00, 0x00, 0x10, 0x4D, 0x91, 0x00, 0x10, 0x4E, 0x91, 0x00, 0x10, 0x4C, 0x91, 0x00, /* F7380 */
	0x00, 0x11, 0x4E, 0x4F, 0x49, 0x00, 0x10, 0x56, 0x49, 0x00, 0x10, 0x52, 0x41, 0x00, 0x10, 0x4E, /* F7390 */
	0x41, 0x00, 0x10, 0x4C, 0x41, 0x00, 0x00, 0x10, 0x85, 0x91, 0x00, 0x00, 0x11, 0x43, 0x49, 0x92, /* F73A0 */
	0x00, 0x11, 0x43, 0x49, 0x94, 0x00, 0x11, 0x43, 0x49, 0x58, 0x00, 0x11, 0x43, 0x49, 0x4C, 0x00, /* F73B0 */
	0x00, 0x10, 0x43, 0x83, 0x00, 0x10, 0x54, 0x83, 0x00, 0x10, 0x48, 0x83, 0x00, 0x00, 0x10, 0x4E, /* F73C0 */
	0x8D, 0x00, 0x10, 0x4E, 0x83, 0x00, 0x10, 0x52, 0x8D, 0x00, 0x10, 0x52, 0x83, 0x00, 0x00, 0x10, /* F73D0 */
	0x4E, 0x91, 0x00, 0x10, 0x4E, 0x8D, 0x91, 0x00, 0x11, 0x4E, 0x8D, 0x8D, 0x91, 0x00, 0x00, 0x10, /* F73E0 */
	0x52, 0x44, 0x00, 0x10, 0x52, 0x42, 0x00, 0x09, 0x52, 0x4C, 0x42, 0x00, 0x00, 0x00, 0x11, 0x4E, /* F73F0 */
	0x4F, 0x49, 0x00, 0x11, 0x52, 0x4F, 0x49, 0x00, 0x11, 0x4E, 0x4F, 0x45, 0x00, 0x11, 0x4C, 0x41, /* F7400 */
	0x49, 0x00, 0x11, 0x54, 0x4E, 0x91, 0x00, 0x12, 0x52, 0x4F, 0x54, 0x87, 0x00, 0x11, 0x53, 0x45, /* F7410 */
	0x98, 0x00, 0x11, 0x53, 0x45, 0x49, 0x00, 0x11, 0x53, 0x45, 0x48, 0x00, 0x11, 0x4C, 0x41, 0x55, /* F7420 */
	0x00, 0x00, 0x10, 0x53, 0x54, 0x00, 0x10, 0x4B, 0x55, 0x00, 0x10, 0x52, 0x55, 0x00, 0x10, 0x5A, /* F7430 */
	0x55, 0x00, 0x00, 0x10, 0x90, 0x87, 0x00, 0x10, 0x86, 0x87, 0x00, 0x00, 0x10, 0x53, 0x4F, 0x00, /* F7440 */
	0x10, 0x54, 0x49, 0x00, 0x10, 0x54, 0x4F, 0x00, 0x00, 0x10, 0x55, 0x41, 0x00, 0x00, 0x11, 0x55, /* F7450 */
	0x41, 0x45, 0x00, 0x00, 0x11, 0x54, 0x48, 0x43, 0x00, 0x01, 0x48, 0x00, 0x00, 0x11, 0x55, 0x4F, /* F7460 */
	0x44, 0x00, 0x10, 0x45, 0x44, 0x00, 0x00, 0x01, 0x56, 0x00, 0x10, 0x54, 0x4F, 0x00, 0x10, 0x53, /* F7470 */
	0x49, 0x00, 0x00, 0x10, 0x97, 0x91, 0x00, 0x10, 0x54, 0x91, 0x00, 0x11, 0x8D, 0x49, 0x8D, 0x00, /* F7480 */
	0x10, 0x44, 0x41, 0x00, 0x10, 0x44, 0x55, 0x00, 0x10, 0x44, 0x45, 0x00, 0x10, 0x52, 0x55, 0x00, /* F7490 */
	0x11, 0x4D, 0x41, 0x48, 0x00, 0x00, 0x10, 0x91, 0x91, 0x00, 0x00, 0x01, 0x54, 0x00, 0x10, 0x43, /* F74A0 */
	0x45, 0x00, 0x10, 0x43, 0x49, 0x00, 0x10, 0x43, 0x55, 0x00, 0x00, 0x09, 0x91, 0x00, 0x00, 0x11, /* F74B0 */
	0x82, 0x87, 0x83, 0x00, 0x00, 0x01, 0x82, 0x00, 0x00, 0x01, 0x91, 0x00, 0x00, 0x01, 0x57, 0x00, /* F74C0 */
	0x10, 0x55, 0x51, 0x00, 0x00, 0x01, 0x57, 0x00, 0x10, 0x55, 0x51, 0x00, 0x10, 0x55, 0x47, 0x00, /* F74D0 */
	0x00, 0x00, 0x80, 0x00, 0x00, 0x00, 0x80, 0x00, 0x02, 0x00, 0x80, 0x10, 0x00, 0x00, 0x80, 0x10, /* F74E0 */
	0x00, 0x80, 0x80, 0x10, 0x90, 0x80, 0x01, 0x00, 0x00, 0x00, 0x21, 0x10, 0x02, 0x80, 0x25, 0x10, /* F74F0 */
	0x22, 0x80, 0x01, 0x01, 0x00, 0x02, 0x25, 0x10, 0x22, 0x80, 0x01, 0x08, 0x00, 0x00, 0x01, 0x08, /* F7500 */
	0x00, 0x80, 0x03, 0x00, 0x00, 0x80, 0x43, 0x00, 0x00, 0x97, 0x40, 0x00, 0x00, 0x00, 0xC0, 0x00, /* F7510 */
	0x00, 0x00, 0x40, 0x00, 0x40, 0x00, 0x40, 0x00, 0x00, 0x81, 0x40, 0x00, 0x00, 0x84, 0x40, 0x00, /* F7520 */
	0x00, 0x88, 0x40, 0x00, 0x00, 0x98, 0x40, 0x00, 0x00, 0x9F, 0x20, 0x00, 0x40, 0x00, 0xA0, 0x04, /* F7530 */
	0x00, 0x00, 0x20, 0x04, 0x40, 0x00, 0x08, 0x00, 0x00, 0x00, 0xA0, 0x80, 0x00, 0x00, 0x01, 0x80, /* F7540 */
	0x00, 0x00, 0x23, 0x84, 0x43, 0x00, 0x03, 0x80, 0x41, 0x00, 0x00, 0x80, 0x40, 0x00, 0x04, 0x80, /* F7550 */
	0x00, 0x00, 0x04, 0x90, 0x00, 0x00, 0x00, 0x88, 0x00, 0x00, 0x00, 0xA0, 0x00, 0x00, 0x00, 0xA0, /* F7560 */
	0x40, 0x00, 0x40, 0xA0, 0x40, 0x00, 0x02, 0x80, 0x00, 0x00, 0x02, 0x80, 0x13, 0x00, 0x42, 0xA0, /* F7570 */
	0x00, 0x00, 0x40, 0xA0, 0x00, 0x04, 0x00, 0x80, 0x00, 0x04, 0x02, 0x40, 0x00, 0x00, 0x02, 0x40, /* F7580 */
	0x04, 0x80, 0x02, 0x40, 0x04, 0x84, 0x00, 0x01, 0x00, 0x02, 0x04, 0x00, 0x00, 0x00, 0x04, 0x10, /* F7590 */
	0x20, 0x80, 0x00, 0x09, 0x00, 0x00, 0x02, 0x08, 0x00, 0x01, 0x02, 0x08, 0x00, 0x04, 0x00, 0x08, /* F75A0 */
	0x00, 0x00, 0x00, 0x08, 0x00, 0x04, 0x00, 0x20, 0x00, 0x00, 0x02, 0x20, 0x00, 0x82, 0x00, 0x20, /* F75B0 */
	0x00, 0x04, 0x10, 0x00, 0x00, 0x00, 0xB0, 0x00, 0x00, 0x00, 0x10, 0x00, 0x03, 0x02, 0x10, 0x00, /* F75C0 */
	0x10, 0x00, 0x30, 0x00, 0x10, 0x00, 0x10, 0x00, 0x10, 0x02, 0x02, 0x00, 0x00, 0x00, 0x42, 0x00, /* F75D0 */
	0x00, 0x00, 0x02, 0x01, 0x00, 0x00, 0x02, 0x00, 0x80, 0x80, 0x02, 0x00, 0x00, 0x01, 0x02, 0x00, /* F75E0 */
	0x00, 0x02, 0x02, 0x00, 0x00, 0x04, 0x00, 0x00, 0x00, 0x01, 0x00, 0x00, 0x00, 0x85, 0x00, 0x00, /* F75F0 */
	0x00, 0x04, 0x00, 0x00, 0x00, 0x08, 0xFE, 0xFF, 0x00, 0x00, 0x01, 0x00, 0x02, 0x00, 0xA1, 0x04, /* F7600 */
	0x00, 0x00, 0x81, 0x04, 0x02, 0x00, 0x01, 0x04, 0x02, 0x00, 0x21, 0x04, 0x40, 0x00, 0x21, 0x05, /* F7610 */
	0x40, 0x02, 0x01, 0x04, 0x03, 0x00, 0x01, 0x00, 0x04, 0x00, 0x01, 0x10, 0x01, 0x00, 0x01, 0x44, /* F7620 */
	0x00, 0x00, 0xA1, 0x44, 0x00, 0x00, 0x81, 0x44, 0x02, 0x00, 0x81, 0x44, 0x82, 0x00, 0x81, 0x44, /* F7630 */
	0x0A, 0x00, 0x01, 0x44, 0x02, 0x00, 0x01, 0x44, 0x82, 0x00, 0x01, 0x44, 0x0A, 0x00, 0x01, 0x44, /* F7640 */
	0x8A, 0x00, 0x21, 0x44, 0x40, 0x00, 0x21, 0x45, 0x00, 0x02, 0x21, 0x44, 0x48, 0x00, 0x21, 0x44, /* F7650 */
	0x01, 0x00, 0x01, 0x44, 0x03, 0x00, 0x01, 0x44, 0x83, 0x00, 0x01, 0x44, 0x0B, 0x00, 0x21, 0x44, /* F7660 */
	0x09, 0x00, 0x21, 0x40, 0x01, 0x00, 0x15, 0x40, 0x00, 0x00, 0x13, 0x48, 0x00, 0x00, 0x01, 0x64, /* F7670 */
	0x82, 0x00, 0x13, 0x68, 0x00, 0x00, 0x03, 0x68, 0x00, 0x00, 0x11, 0x40, 0x00, 0x00, 0xB1, 0x40, /* F7680 */
	0x00, 0x00, 0xB1, 0x40, 0x80, 0x00, 0xB1, 0x40, 0x08, 0x00, 0x91, 0x50, 0x00, 0x00, 0x31, 0x40, /* F7690 */
	0x40, 0x00, 0x31, 0x40, 0xC0, 0x00, 0x11, 0x40, 0x01, 0x00, 0x31, 0x40, 0x01, 0x00, 0x31, 0x40, /* F76A0 */
	0x81, 0x00, 0x31, 0x40, 0x89, 0x00, 0x11, 0x40, 0x03, 0x02, 0x11, 0x40, 0x03, 0x00, 0x11, 0x50, /* F76B0 */
	0x01, 0x00, 0x11, 0x50, 0x81, 0x00, 0x11, 0x40, 0x81, 0x00, 0x11, 0x40, 0x09, 0x00, 0x13, 0x40, /* F76C0 */
	0x00, 0x00, 0x13, 0x40, 0x08, 0x00, 0x11, 0x40, 0x20, 0x00, 0x11, 0x40, 0xA0, 0x00, 0x01, 0x40, /* F76D0 */
	0x20, 0x00, 0x15, 0x00, 0x00, 0x00, 0x13, 0x08, 0x00, 0x00, 0x52, 0x08, 0x00, 0x01, 0x03, 0x08, /* F76E0 */
	0x00, 0x00, 0x13, 0x28, 0x00, 0x00, 0x13, 0x20, 0x00, 0x00, 0x11, 0x00, 0x00, 0x00, 0xB1, 0x00, /* F76F0 */
	0x00, 0x00, 0xB1, 0x00, 0x04, 0x00, 0x91, 0x10, 0x00, 0x00, 0x11, 0x00, 0x01, 0x00, 0x31, 0x00, /* F7700 */
	0x01, 0x00, 0x11, 0x00, 0x03, 0x00, 0x11, 0x00, 0x03, 0x02, 0x11, 0x00, 0x81, 0x00, 0x11, 0x10, /* F7710 */
	0x01, 0x00, 0x11, 0x10, 0x81, 0x00, 0x13, 0x00, 0x00, 0x00, 0x13, 0x00, 0x04, 0x00, 0x11, 0x00, /* F7720 */
	0x20, 0x00, 0x03, 0x00, 0x00, 0x00, 0x01, 0x00, 0x00, 0x01, 0x00, 0x04, 0x00, 0x00, 0x80, 0x04, /* F7730 */
	0x00, 0x00, 0xE8, 0x04, 0x00, 0x00, 0xA0, 0x04, 0x80, 0x00, 0xA0, 0x04, 0x00, 0x02, 0x80, 0x04, /* F7740 */
	0x02, 0x00, 0x80, 0x04, 0x82, 0x00, 0x80, 0x04, 0x02, 0x02, 0x20, 0x04, 0x00, 0x00, 0x20, 0x04, /* F7750 */
	0x00, 0x02, 0x20, 0x04, 0x00, 0x04, 0x00, 0x04, 0x02, 0x00, 0x00, 0x04, 0x02, 0x02, 0x00, 0x04, /* F7760 */
	0xC2, 0x00, 0x00, 0x04, 0x03, 0x00, 0x00, 0x04, 0x83, 0x00, 0x20, 0x04, 0x01, 0x00, 0x20, 0x04, /* F7770 */
	0x05, 0x00, 0x20, 0x04, 0x01, 0x10, 0x00, 0x04, 0x12, 0x00, 0x00, 0x04, 0x92, 0x00, 0x80, 0x44, /* F7780 */
	0x02, 0x00, 0x80, 0x44, 0x82, 0x00, 0x80, 0x44, 0x02, 0x02, 0xA0, 0x44, 0x00, 0x00, 0xA0, 0x44, /* F7790 */
	0x08, 0x00, 0xE0, 0x44, 0x00, 0x08, 0x40, 0x44, 0x02, 0x08, 0x20, 0x44, 0x40, 0x00, 0x20, 0x44, /* F77A0 */
	0xC0, 0x00, 0x20, 0x44, 0x40, 0x02, 0x40, 0x44, 0x42, 0x00, 0x00, 0x44, 0x12, 0x00, 0x14, 0x40, /* F77B0 */
	0x80, 0x00, 0x02, 0x48, 0x00, 0x00, 0x12, 0x48, 0x00, 0x00, 0x52, 0x48, 0x00, 0x00, 0x12, 0x48, /* F77C0 */
	0x80, 0x00, 0x12, 0x48, 0x00, 0x01, 0x1A, 0x69, 0x00, 0x00, 0x02, 0x68, 0x00, 0x00, 0x12, 0x68, /* F77D0 */
	0x00, 0x00, 0x52, 0x68, 0x00, 0x00, 0x52, 0x68, 0x00, 0x04, 0x1A, 0x68, 0x00, 0x00, 0x12, 0x68, /* F77E0 */
	0x00, 0x04, 0x12, 0x60, 0x00, 0x00, 0x12, 0x60, 0x00, 0x04, 0xB0, 0x40, 0x00, 0x00, 0x50, 0x40, /* F77F0 */
	0x00, 0x00, 0x50, 0x40, 0x00, 0x08, 0x10, 0x40, 0x01, 0x00, 0x30, 0x40, 0x01, 0x00, 0x30, 0x40, /* F7800 */
	0x81, 0x00, 0x10, 0x40, 0x0B, 0x00, 0x10, 0x50, 0x01, 0x00, 0x30, 0x40, 0x40, 0x00, 0x10, 0x40, /* F7810 */
	0x20, 0x00, 0x10, 0x40, 0xA0, 0x00, 0x12, 0x40, 0x00, 0x00, 0x52, 0x40, 0x00, 0x00, 0x52, 0x40, /* F7820 */
	0x00, 0x08, 0x52, 0x40, 0x00, 0x10, 0x12, 0x40, 0x80, 0x00, 0x12, 0x40, 0x00, 0x01, 0x12, 0x40, /* F7830 */
	0x00, 0x02, 0x12, 0x41, 0x00, 0x00, 0x12, 0x41, 0x00, 0x02, 0x10, 0x40, 0x10, 0x02, 0x14, 0x00, /* F7840 */
	0x00, 0x00, 0x00, 0x0D, 0x02, 0x00, 0x12, 0x08, 0x00, 0x00, 0x52, 0x08, 0x00, 0x00, 0x12, 0x08, /* F7850 */
	0x00, 0x02, 0x10, 0x08, 0x10, 0x00, 0x02, 0x08, 0x00, 0x00, 0x1A, 0x29, 0x00, 0x00, 0x00, 0x28, /* F7860 */
	0x00, 0x00, 0x12, 0x28, 0x00, 0x00, 0x1A, 0x28, 0x00, 0x00, 0x1A, 0x28, 0x80, 0x00, 0x02, 0x28, /* F7870 */
	0x00, 0x00, 0x0A, 0x28, 0x00, 0x00, 0x18, 0x20, 0x00, 0x00, 0xB0, 0x20, 0x00, 0x00, 0x90, 0x30, /* F7880 */
	0x00, 0x00, 0x12, 0x20, 0x00, 0x00, 0x1A, 0x20, 0x00, 0x00, 0x12, 0x20, 0x00, 0x04, 0x12, 0x20, /* F7890 */
	0x20, 0x00, 0x02, 0x20, 0x00, 0x00, 0x90, 0x00, 0x02, 0x00, 0x90, 0x10, 0x00, 0x00, 0x10, 0x00, /* F78A0 */
	0x02, 0x00, 0x30, 0x00, 0x40, 0x00, 0x10, 0x10, 0x40, 0x00, 0x10, 0x00, 0x01, 0x00, 0x30, 0x00, /* F78B0 */
	0x01, 0x00, 0x50, 0x00, 0x01, 0x00, 0x10, 0x00, 0x03, 0x00, 0x10, 0x10, 0x01, 0x00, 0x30, 0x10, /* F78C0 */
	0x01, 0x00, 0x12, 0x00, 0x01, 0x00, 0x12, 0x00, 0x00, 0x00, 0x52, 0x00, 0x00, 0x00, 0x12, 0x00, /* F78D0 */
	0x00, 0x01, 0x12, 0x00, 0x00, 0x10, 0x10, 0x00, 0x20, 0x00, 0x10, 0x00, 0xA0, 0x00, 0x00, 0x00, /* F78E0 */
	0x80, 0x00, 0x02, 0x00, 0x80, 0x00, 0x00, 0x00, 0x00, 0x02, 0x02, 0x00, 0x00, 0x02, 0xAB, 0x21, /* F78F0 */
	0xAC, 0x21, 0xAA, 0x21, 0xA6, 0x21, 0xF6, 0x33, 0xDE, 0x2A, 0x7D, 0x23, 0xFE, 0x30, 0xF6, 0x33, /* F7900 */
	0xD6, 0x36, 0xAB, 0x21, 0xDF, 0x26, 0xCA, 0x31, 0xF6, 0x33, 0x92, 0x37, 0xAB, 0x21, 0xB4, 0x21, /* F7910 */
	0xAA, 0x21, 0xDA, 0x34, 0x26, 0x37, 0xF7, 0x29, 0x50, 0x23, 0x3E, 0x2E, 0xF6, 0x33, 0xD6, 0x37, /* F7920 */
	0x7C, 0x2D, 0x1A, 0x23, 0xAA, 0x21, 0xA6, 0x21, 0x96, 0x35, 0x0D, 0x2B, 0x91, 0x25, 0x51, 0x2E, /* F7930 */
	0x06, 0x35, 0x1E, 0x35, 0x16, 0x2E, 0x8A, 0x27, 0xAA, 0x21, 0x06, 0x35, 0x56, 0x36, 0xAB, 0x21, /* F7940 */
	0xE1, 0x26, 0xE5, 0x2F, 0x06, 0x35, 0x9A, 0x37, 0x07, 0x2B, 0xD0, 0x24, 0xC9, 0x33, 0x06, 0x35, /* F7950 */
	0xB6, 0x36, 0xAB, 0x21, 0xE1, 0x26, 0x08, 0x32, 0x06, 0x35, 0x92, 0x37, 0xB0, 0x2B, 0x0F, 0x29, /* F7960 */
	0xAA, 0x21, 0xA6, 0x21, 0x02, 0x37, 0xB3, 0x2C, 0xD9, 0x24, 0xC9, 0x33, 0x06, 0x35, 0xA6, 0x36, /* F7970 */
	0x20, 0x29, 0xDF, 0x26, 0xAA, 0x21, 0xA6, 0x21, 0x26, 0x37, 0xAB, 0x21, 0xE1, 0x26, 0x83, 0x33, /* F7980 */
	0x06, 0x35, 0xDA, 0x37, 0x0F, 0x2E, 0xF9, 0x26, 0x9E, 0x2E, 0x06, 0x35, 0x2E, 0x37, 0xC6, 0x2B, /* F7990 */
	0xED, 0x21, 0x06, 0x31, 0x06, 0x35, 0xDA, 0x37, 0xAB, 0x21, 0xE4, 0x26, 0xC4, 0x31, 0x06, 0x35, /* F79A0 */
	0xDA, 0x37, 0xAB, 0x21, 0xE1, 0x26, 0xAA, 0x21, 0x06, 0x35, 0xD6, 0x37, 0xF7, 0x29, 0x87, 0x23, /* F79B0 */
	0xEF, 0x32, 0xC6, 0x34, 0xC6, 0x36, 0xF7, 0x29, 0xB4, 0x21, 0x41, 0x2E, 0x9A, 0x34, 0x26, 0x37, /* F79C0 */
	0xF7, 0x29, 0x50, 0x23, 0xAA, 0x21, 0xA6, 0x21, 0xC6, 0x36, 0xB7, 0x2C, 0x78, 0x25, 0xAA, 0x21, /* F79D0 */
	0xA6, 0x21, 0xAA, 0x36, 0xAB, 0x21, 0xDF, 0x26, 0xD5, 0x33, 0x6E, 0x34, 0x26, 0x37, 0x28, 0x2C, /* F79E0 */
	0xBE, 0x26, 0xAA, 0x21, 0xA6, 0x21, 0x26, 0x37, 0xD2, 0x2D, 0xCF, 0x28, 0xB1, 0x2E, 0x1A, 0x34, /* F79F0 */
	0xBA, 0x37, 0xE8, 0x2D, 0xD4, 0x27, 0xAA, 0x21, 0xB6, 0x34, 0xD6, 0x37, 0xAB, 0x21, 0xDF, 0x26, /* F7A00 */
	0xAA, 0x21, 0xBE, 0x34, 0xD6, 0x37, 0xAB, 0x21, 0xDF, 0x26, 0xAA, 0x21, 0x32, 0x34, 0xD6, 0x37, /* F7A10 */
	0xAB, 0x21, 0xB4, 0x21, 0xAA, 0x21, 0xB6, 0x34, 0xD6, 0x37, 0xE5, 0x2D, 0xD8, 0x25, 0xAA, 0x21, /* F7A20 */
	0x5A, 0x34, 0x42, 0x34, 0xAB, 0x21, 0xE0, 0x21, 0xAA, 0x21, 0xA6, 0x21, 0xD6, 0x37, 0xAE, 0x2B, /* F7A30 */
	0x8B, 0x26, 0xAA, 0x21, 0x06, 0x35, 0xCE, 0x37, 0xAB, 0x21, 0x14, 0x22, 0xAA, 0x21, 0xA6, 0x21, /* F7A40 */
	0xBE, 0x37, 0x42, 0x2D, 0xED, 0x27, 0xAA, 0x21, 0xAA, 0x34, 0x86, 0x36, 0x87, 0x29, 0x0D, 0x23, /* F7A50 */
	0xAA, 0x21, 0xAA, 0x34, 0x5A, 0x36, 0xAB, 0x21, 0x0D, 0x23, 0xAA, 0x21, 0xAA, 0x34, 0x5A, 0x36, /* F7A60 */
	0x20, 0x2A, 0x08, 0x29, 0x35, 0x2E, 0x06, 0x35, 0x4A, 0x37, 0xF7, 0x29, 0x92, 0x23, 0xAA, 0x21, /* F7A70 */
	0x06, 0x35, 0x46, 0x37, 0x20, 0x29, 0xE7, 0x21, 0x35, 0x2E, 0x06, 0x35, 0x46, 0x37, 0xAB, 0x21, /* F7A80 */
	0x39, 0x28, 0xC9, 0x33, 0x02, 0x34, 0x42, 0x36, 0xAB, 0x21, 0x0D, 0x23, 0xC9, 0x33, 0x96, 0x34, /* F7A90 */
	0x5A, 0x36, 0x04, 0x2B, 0x9D, 0x28, 0xC9, 0x33, 0x06, 0x35, 0xB6, 0x35, 0xAB, 0x21, 0xED, 0x27, /* F7AA0 */
	0xA5, 0x30, 0xE2, 0x34, 0x52, 0x37, 0xAE, 0x2B, 0x2C, 0x26, 0x39, 0x30, 0x3A, 0x34, 0x1E, 0x36, /* F7AB0 */
	0xAE, 0x2B, 0x2F, 0x26, 0x39, 0x30, 0xA6, 0x21, 0x1E, 0x36, 0x4F, 0x29, 0x25, 0x26, 0x39, 0x30, /* F7AC0 */
	0x3A, 0x34, 0x1E, 0x36, 0x4F, 0x29, 0x28, 0x26, 0x39, 0x30, 0x66, 0x34, 0x1E, 0x36, 0xE9, 0x2B, /* F7AD0 */
	0xBB, 0x23, 0xAA, 0x21, 0x0A, 0x34, 0x72, 0x37, 0xAB, 0x21, 0x56, 0x27, 0xAA, 0x21, 0xAE, 0x34, /* F7AE0 */
	0x4E, 0x36, 0x26, 0x2B, 0x09, 0x26, 0xAA, 0x21, 0x66, 0x34, 0xC2, 0x34, 0x48, 0x29, 0x69, 0x23, /* F7AF0 */
	0x1E, 0x31, 0xF6, 0x33, 0xEA, 0x36, 0xDE, 0x2A, 0x32, 0x25, 0xAA, 0x21, 0x06, 0x35, 0xE6, 0x35, /* F7B00 */
	0xAB, 0x21, 0x6C, 0x25, 0xAA, 0x21, 0xA6, 0x21, 0x42, 0x34, 0xF9, 0x29, 0x55, 0x25, 0xD7, 0x2E, /* F7B10 */
	0xF6, 0x33, 0x32, 0x36, 0xF9, 0x29, 0xFA, 0x27, 0x12, 0x31, 0x06, 0x35, 0x0E, 0x35, 0xF9, 0x29, /* F7B20 */
	0x0F, 0x23, 0xAA, 0x21, 0x06, 0x35, 0xFE, 0x35, 0x85, 0x29, 0x55, 0x25, 0xD7, 0x2E, 0xF6, 0x33, /* F7B30 */
	0x32, 0x36, 0x85, 0x29, 0xFA, 0x27, 0x12, 0x31, 0x06, 0x35, 0x0E, 0x35, 0x85, 0x29, 0x0F, 0x23, /* F7B40 */
	0xAA, 0x21, 0x06, 0x35, 0xFE, 0x35, 0x85, 0x29, 0x55, 0x25, 0xA5, 0x30, 0xF6, 0x33, 0x26, 0x36, /* F7B50 */
	0x71, 0x29, 0x0F, 0x23, 0xAA, 0x21, 0xF6, 0x33, 0xFE, 0x35, 0xCD, 0x2B, 0xE9, 0x25, 0xAA, 0x21, /* F7B60 */
	0xF6, 0x33, 0x2E, 0x36, 0xE0, 0x2B, 0xB2, 0x27, 0xAA, 0x21, 0xF6, 0x33, 0x32, 0x35, 0xF5, 0x2B, /* F7B70 */
	0x15, 0x25, 0x3E, 0x2E, 0x06, 0x35, 0xD6, 0x37, 0xCC, 0x2C, 0xD8, 0x22, 0x3C, 0x2F, 0xA6, 0x21, /* F7B80 */
	0x0A, 0x36, 0xD0, 0x2C, 0x06, 0x23, 0xAA, 0x21, 0xA6, 0x21, 0x8A, 0x35, 0x14, 0x2D, 0x22, 0x24, /* F7B90 */
	0xAA, 0x21, 0xF6, 0x33, 0x62, 0x35, 0x73, 0x2B, 0x11, 0x25, 0x7F, 0x30, 0xF6, 0x33, 0x26, 0x37, /* F7BA0 */
	0x61, 0x2C, 0xF2, 0x24, 0xAA, 0x21, 0xA6, 0x21, 0x2E, 0x35, 0x72, 0x2C, 0xF4, 0x22, 0xAA, 0x21, /* F7BB0 */
	0xA6, 0x21, 0x8A, 0x35, 0x61, 0x29, 0x87, 0x22, 0xAA, 0x21, 0xA6, 0x21, 0xAA, 0x35, 0x2A, 0x29, /* F7BC0 */
	0x87, 0x24, 0xAA, 0x21, 0xA6, 0x21, 0x4A, 0x35, 0xC9, 0x2B, 0x7E, 0x24, 0x51, 0x30, 0xA6, 0x21, /* F7BD0 */
	0x4A, 0x35, 0x62, 0x2B, 0xF6, 0x23, 0xAA, 0x21, 0xA6, 0x21, 0x62, 0x35, 0x90, 0x2B, 0xBD, 0x24, /* F7BE0 */
	0xAA, 0x21, 0xA6, 0x21, 0x42, 0x35, 0xC7, 0x2C, 0x58, 0x24, 0xAA, 0x21, 0xA6, 0x21, 0x9E, 0x35, /* F7BF0 */
	0xB3, 0x2C, 0xDF, 0x24, 0x57, 0x30, 0xF6, 0x33, 0x4E, 0x35, 0x5E, 0x2B, 0xFC, 0x23, 0xAA, 0x21, /* F7C00 */
	0x06, 0x35, 0x66, 0x35, 0x6A, 0x2A, 0xB8, 0x27, 0xAA, 0x21, 0x06, 0x35, 0x3A, 0x35, 0x6D, 0x29, /* F7C10 */
	0xAC, 0x27, 0xAA, 0x21, 0x06, 0x35, 0x3A, 0x35, 0x43, 0x2B, 0xD6, 0x28, 0xAA, 0x21, 0x06, 0x35, /* F7C20 */
	0xC6, 0x35, 0xD6, 0x2B, 0x74, 0x22, 0xAA, 0x21, 0xF6, 0x33, 0xAE, 0x35, 0x1F, 0x2C, 0x0C, 0x26, /* F7C30 */
	0xAA, 0x21, 0x06, 0x35, 0xDA, 0x35, 0xAF, 0x2C, 0x58, 0x24, 0x7A, 0x30, 0x86, 0x34, 0xA2, 0x35, /* F7C40 */
	0xA5, 0x2C, 0x58, 0x24, 0xAA, 0x21, 0xA6, 0x21, 0xA2, 0x35, 0x52, 0x2C, 0x5B, 0x28, 0x21, 0x30, /* F7C50 */
	0xA6, 0x21, 0x26, 0x37, 0x52, 0x2C, 0x4D, 0x28, 0xA0, 0x2F, 0xA6, 0x21, 0x26, 0x37, 0xAB, 0x21, /* F7C60 */
	0x0F, 0x23, 0xAA, 0x21, 0xA6, 0x21, 0xC6, 0x34, 0xDE, 0x2A, 0x50, 0x23, 0xAA, 0x21, 0xF6, 0x33, /* F7C70 */
	0xDE, 0x36, 0x54, 0x2B, 0x3D, 0x23, 0x70, 0x2E, 0x06, 0x35, 0x8A, 0x37, 0xD7, 0x2A, 0x6C, 0x28, /* F7C80 */
	0x1E, 0x31, 0xF6, 0x33, 0x26, 0x37, 0xDB, 0x2A, 0xFD, 0x28, 0xF2, 0x2E, 0xF6, 0x33, 0xAE, 0x37, /* F7C90 */
	0xBB, 0x2D, 0x01, 0x28, 0xAA, 0x21, 0xF6, 0x33, 0x9A, 0x36, 0xB3, 0x2D, 0x46, 0x28, 0x3E, 0x2E, /* F7CA0 */
	0xF6, 0x33, 0x26, 0x37, 0xB3, 0x2D, 0x49, 0x28, 0x35, 0x2E, 0xF6, 0x33, 0x26, 0x37, 0xF4, 0x29, /* F7CB0 */
	0x93, 0x22, 0x3E, 0x2E, 0x06, 0x35, 0x26, 0x37, 0xF4, 0x29, 0x96, 0x22, 0x35, 0x2E, 0x06, 0x35, /* F7CC0 */
	0x26, 0x37, 0x79, 0x2D, 0xD1, 0x21, 0x39, 0x2E, 0xF6, 0x33, 0xF2, 0x36, 0x79, 0x2D, 0xD6, 0x21, /* F7CD0 */
	0xA5, 0x30, 0xF6, 0x33, 0xF2, 0x36, 0x8D, 0x2D, 0xAC, 0x22, 0xAA, 0x21, 0xA6, 0x21, 0x76, 0x35, /* F7CE0 */
	0x85, 0x2D, 0x1D, 0x25, 0x1E, 0x31, 0xF6, 0x33, 0xDA, 0x36, 0xBF, 0x2D, 0xB1, 0x21, 0xF5, 0x31, /* F7CF0 */
	0xF6, 0x33, 0x1A, 0x34, 0x4B, 0x2B, 0x09, 0x25, 0x9C, 0x2F, 0xF6, 0x33, 0xD6, 0x37, 0x47, 0x2B, /* F7D00 */
	0xB6, 0x21, 0xAA, 0x21, 0xF6, 0x33, 0xF6, 0x35, 0x50, 0x2B, 0x04, 0x25, 0xAA, 0x21, 0xF6, 0x33, /* F7D10 */
	0x56, 0x37, 0xF3, 0x2D, 0xDA, 0x21, 0x1E, 0x31, 0xF6, 0x33, 0x96, 0x37, 0xF0, 0x2D, 0x20, 0x25, /* F7D20 */
	0xE4, 0x30, 0xF6, 0x33, 0x76, 0x37, 0x98, 0x2B, 0x5E, 0x27, 0xAA, 0x21, 0xF6, 0x33, 0x4E, 0x36, /* F7D30 */
	0x26, 0x2B, 0xF8, 0x21, 0x7E, 0x31, 0xF6, 0x33, 0x9E, 0x37, 0x26, 0x2B, 0xF5, 0x21, 0x43, 0x33, /* F7D40 */
	0xF6, 0x33, 0x9E, 0x37, 0xDE, 0x29, 0xBB, 0x21, 0x1E, 0x31, 0x06, 0x35, 0x26, 0x37, 0x3E, 0x2D, /* F7D50 */
	0x32, 0x27, 0x6C, 0x30, 0x06, 0x35, 0xE2, 0x35, 0x9D, 0x2C, 0x3F, 0x27, 0x3E, 0x2E, 0x06, 0x35, /* F7D60 */
	0x92, 0x37, 0x9D, 0x2C, 0x6F, 0x28, 0x36, 0x31, 0x06, 0x35, 0x92, 0x37, 0x0A, 0x2E, 0x7C, 0x28, /* F7D70 */
	0xAA, 0x21, 0xF6, 0x33, 0x12, 0x36, 0xF8, 0x2D, 0xE7, 0x27, 0xAA, 0x21, 0xF6, 0x33, 0x0A, 0x35, /* F7D80 */
	0x64, 0x2D, 0xEE, 0x22, 0xAA, 0x21, 0xF6, 0x33, 0xA6, 0x35, 0x6B, 0x2B, 0x13, 0x28, 0x39, 0x30, /* F7D90 */
	0xA6, 0x21, 0x9E, 0x36, 0x2E, 0x2E, 0x19, 0x25, 0xAA, 0x21, 0xF6, 0x33, 0xC2, 0x36, 0x1B, 0x2B, /* F7DA0 */
	0xF9, 0x25, 0xAA, 0x21, 0xF6, 0x33, 0xDE, 0x35, 0xAF, 0x2D, 0xD6, 0x23, 0xAA, 0x21, 0x06, 0x35, /* F7DB0 */
	0xEA, 0x35, 0x83, 0x2B, 0x9F, 0x23, 0xAA, 0x21, 0x06, 0x35, 0xEA, 0x35, 0xAB, 0x2D, 0xCD, 0x21, /* F7DC0 */
	0xE3, 0x2E, 0xF6, 0x33, 0xD6, 0x37, 0xD5, 0x2D, 0x6A, 0x22, 0xAA, 0x21, 0xA6, 0x21, 0xCA, 0x35, /* F7DD0 */
	0xF8, 0x2B, 0x04, 0x26, 0xAA, 0x21, 0x06, 0x35, 0xD6, 0x35, 0xB8, 0x2B, 0xC2, 0x25, 0xAA, 0x21, /* F7DE0 */
	0x4A, 0x34, 0x52, 0x35, 0xC0, 0x2B, 0xCF, 0x27, 0xAA, 0x21, 0xA6, 0x21, 0x3E, 0x35, 0x17, 0x2B, /* F7DF0 */
	0xFC, 0x27, 0xAA, 0x21, 0x86, 0x34, 0x32, 0x35, 0x0F, 0x2B, 0x20, 0x26, 0xAA, 0x21, 0xA6, 0x21, /* F7E00 */
	0xBE, 0x35, 0x93, 0x29, 0x12, 0x27, 0xAA, 0x21, 0xA6, 0x21, 0x6E, 0x35, 0xB4, 0x2B, 0x18, 0x28, /* F7E10 */
	0x67, 0x2F, 0xA6, 0x21, 0x32, 0x35, 0xBC, 0x2B, 0xC3, 0x24, 0x30, 0x2F, 0xA6, 0x21, 0x4A, 0x35, /* F7E20 */
	0x83, 0x2A, 0xF4, 0x25, 0xAA, 0x21, 0x5E, 0x34, 0xD6, 0x35, 0x72, 0x2D, 0x91, 0x24, 0xAA, 0x21, /* F7E30 */
	0xA6, 0x21, 0x4A, 0x35, 0xC2, 0x29, 0x2C, 0x24, 0xAA, 0x21, 0xA6, 0x21, 0x62, 0x35, 0x4C, 0x2A, /* F7E40 */
	0x0F, 0x24, 0xAA, 0x21, 0xA6, 0x21, 0x62, 0x35, 0x80, 0x2D, 0xA6, 0x27, 0xAA, 0x21, 0xA6, 0x21, /* F7E50 */
	0x36, 0x35, 0xA3, 0x29, 0x0D, 0x27, 0xAA, 0x21, 0xA6, 0x21, 0x6E, 0x35, 0x88, 0x2D, 0xE8, 0x22, /* F7E60 */
	0xAA, 0x21, 0xA6, 0x21, 0xA6, 0x35, 0xFD, 0x2D, 0x4A, 0x26, 0xAA, 0x21, 0xA6, 0x21, 0xBE, 0x35, /* F7E70 */
	0x01, 0x2E, 0x12, 0x26, 0xAA, 0x21, 0xA6, 0x21, 0xD6, 0x35, 0x97, 0x2C, 0x1D, 0x28, 0xAA, 0x21, /* F7E80 */
	0xA6, 0x21, 0x32, 0x35, 0xFC, 0x2C, 0x06, 0x24, 0xAA, 0x21, 0xA6, 0x21, 0x6A, 0x35, 0xE4, 0x29, /* F7E90 */
	0x70, 0x27, 0xAA, 0x21, 0x62, 0x34, 0x3E, 0x35, 0x0D, 0x2C, 0xBC, 0x22, 0xAA, 0x21, 0xA6, 0x21, /* F7EA0 */
	0x3E, 0x35, 0xE8, 0x29, 0xE2, 0x22, 0xAA, 0x21, 0xA6, 0x21, 0xA6, 0x35, 0xCC, 0x2C, 0xCE, 0x22, /* F7EB0 */
	0xAA, 0x21, 0xA6, 0x21, 0xA6, 0x35, 0x1F, 0x2B, 0xE4, 0x25, 0xAA, 0x21, 0xF6, 0x33, 0xD6, 0x35, /* F7EC0 */
	0x2F, 0x2B, 0x15, 0x23, 0xAA, 0x21, 0xF6, 0x33, 0x8E, 0x35, 0x3F, 0x2B, 0x7E, 0x28, 0xAA, 0x21, /* F7ED0 */
	0xF6, 0x33, 0xBA, 0x35, 0x9F, 0x2A, 0x7B, 0x22, 0xAA, 0x21, 0xF6, 0x33, 0xAA, 0x35, 0x9A, 0x2A, /* F7EE0 */
	0x48, 0x27, 0xC8, 0x30, 0xF6, 0x33, 0x76, 0x35, 0x16, 0x2C, 0x28, 0x22, 0xAA, 0x21, 0xF6, 0x33, /* F7EF0 */
	0xBA, 0x35, 0x00, 0x2D, 0xF7, 0x27, 0x39, 0x30, 0xF6, 0x33, 0xBA, 0x36, 0x05, 0x2E, 0x52, 0x24, /* F7F00 */
	0xAA, 0x21, 0xF6, 0x33, 0x9E, 0x35, 0x1D, 0x2D, 0x6C, 0x26, 0xAA, 0x21, 0xF6, 0x33, 0xBE, 0x35, /* F7F10 */
	0x29, 0x2E, 0x02, 0x25, 0x39, 0x30, 0xA6, 0x21, 0xD2, 0x35, 0xE5, 0x2C, 0xCE, 0x22, 0xAA, 0x21, /* F7F20 */
	0xA6, 0x21, 0xA6, 0x35, 0xDF, 0x2C, 0x6B, 0x27, 0xAA, 0x21, 0xA6, 0x21, 0x36, 0x35, 0xEA, 0x2C, /* F7F30 */
	0xA8, 0x26, 0xAA, 0x21, 0xF6, 0x33, 0xBE, 0x35, 0xFC, 0x2B, 0x04, 0x22, 0x36, 0x2F, 0x06, 0x35, /* F7F40 */
	0x86, 0x35, 0xE1, 0x29, 0x0E, 0x25, 0x35, 0x2E, 0xF6, 0x33, 0xC6, 0x36, 0xD4, 0x2A, 0xEE, 0x23, /* F7F50 */
	0xAA, 0x21, 0xF6, 0x33, 0x72, 0x36, 0x87, 0x2B, 0x99, 0x28, 0xAA, 0x21, 0xF6, 0x33, 0x8A, 0x35, /* F7F60 */
	0xF5, 0x2B, 0x52, 0x23, 0x66, 0x32, 0xF6, 0x33, 0xC6, 0x36, 0xD4, 0x2C, 0xC3, 0x23, 0xA8, 0x2F, /* F7F70 */
	0x06, 0x35, 0xD2, 0x36, 0x54, 0x2A, 0x27, 0x28, 0xAA, 0x21, 0xF6, 0x33, 0x32, 0x35, 0xF7, 0x29, /* F7F80 */
	0x66, 0x23, 0xAA, 0x21, 0xF6, 0x33, 0xC6, 0x36, 0xF7, 0x29, 0x50, 0x23, 0xAA, 0x21, 0xA6, 0x21, /* F7F90 */
	0xC6, 0x36, 0x20, 0x29, 0x87, 0x23, 0x39, 0x30, 0xA6, 0x21, 0xD6, 0x37, 0x23, 0x2B, 0x7D, 0x27, /* F7FA0 */
	0xAA, 0x21, 0x06, 0x35, 0x92, 0x36, 0x0D, 0x2E, 0xAC, 0x21, 0xA6, 0x33, 0x06, 0x35, 0xEE, 0x37, /* F7FB0 */
	0x0D, 0x2B, 0x6E, 0x25, 0xCD, 0x30, 0x06, 0x35, 0xAE, 0x36, 0x26, 0x2B, 0xEE, 0x25, 0x64, 0x33, /* F7FC0 */
	0x06, 0x35, 0x22, 0x37, 0x20, 0x29, 0xB4, 0x21, 0xAA, 0x21, 0xA6, 0x21, 0x26, 0x37, 0x28, 0x2C, /* F7FD0 */
	0xBE, 0x26, 0xAA, 0x21, 0xEE, 0x37, 0x36, 0x37, 0xBF, 0x2D, 0xB6, 0x28, 0x90, 0x30, 0x2A, 0x34, /* F7FE0 */
	0x06, 0x37, 0xDE, 0x2A, 0x50, 0x23, 0xAA, 0x21, 0xEE, 0x37, 0x36, 0x37, 0x28, 0x2C, 0xBE, 0x26, /* F7FF0 */
	0x3E, 0x31, 0xA6, 0x21, 0x26, 0x37, 0xBF, 0x2D, 0x40, 0x28, 0x0B, 0x31, 0xA6, 0x21, 0x36, 0x37, /* F8000 */
	0xAB, 0x21, 0x62, 0x23, 0xFE, 0x32, 0x06, 0x35, 0xF6, 0x36, 0x44, 0x2D, 0xCA, 0x21, 0x35, 0x2E, /* F8010 */
	0xF6, 0x33, 0xD6, 0x37, 0x28, 0x2B, 0xBF, 0x21, 0x1E, 0x31, 0x06, 0x35, 0x26, 0x37, 0x05, 0x2D, /* F8020 */
	0xD1, 0x26, 0x35, 0x2E, 0x06, 0x35, 0x26, 0x37, 0xDE, 0x2A, 0x02, 0x25, 0x3E, 0x2E, 0xF6, 0x33, /* F8030 */
	0xC6, 0x36, 0xAB, 0x21, 0xAE, 0x21, 0x15, 0x2F, 0xDA, 0x34, 0x6E, 0x37, 0xAB, 0x21, 0xB4, 0x21, /* F8040 */
	0xAA, 0x21, 0x22, 0x34, 0x5A, 0x37, 0xAB, 0x21, 0xB4, 0x21, 0xAA, 0x21, 0x1E, 0x34, 0x5A, 0x37, /* F8050 */
	0xAB, 0x21, 0x50, 0x23, 0xAA, 0x21, 0xDA, 0x34, 0xDE, 0x36, 0x07, 0x2B, 0x04, 0x29, 0xAA, 0x21, /* F8060 */
	0xCA, 0x34, 0xC2, 0x34, 0xAB, 0x21, 0x87, 0x23, 0x96, 0x2F, 0x36, 0x34, 0x56, 0x37, 0xDE, 0x2A, /* F8070 */
	0x23, 0x25, 0xAA, 0x21, 0x3E, 0x34, 0x56, 0x37, 0xDE, 0x2A, 0x50, 0x23, 0x1E, 0x31, 0xA6, 0x21, /* F8080 */
	0xC6, 0x36, 0x87, 0x29, 0x56, 0x27, 0x39, 0x30, 0x06, 0x35, 0x12, 0x35, 0xAB, 0x21, 0x87, 0x23, /* F8090 */
	0xAA, 0x21, 0xEE, 0x37, 0xD6, 0x37, 0xAB, 0x21, 0x50, 0x23, 0x3E, 0x2E, 0xF6, 0x33, 0x56, 0x37, /* F80A0 */
	0xAB, 0x21, 0xB1, 0x21, 0xBE, 0x31, 0xF6, 0x33, 0x72, 0x37, 0xAB, 0x21, 0xAC, 0x21, 0x96, 0x2F, /* F80B0 */
	0xF6, 0x33, 0xF2, 0x35, 0xAB, 0x21, 0x50, 0x23, 0xAA, 0x21, 0xB6, 0x34, 0x56, 0x37, 0xAB, 0x21, /* F80C0 */
	0x87, 0x23, 0xAA, 0x21, 0xA6, 0x21, 0x56, 0x37, 0x67, 0x2B, 0xD8, 0x27, 0xAA, 0x21, 0xA6, 0x21, /* F80D0 */
	0x12, 0x35, 0x37, 0x2B, 0x7A, 0x24, 0xAA, 0x21, 0xA6, 0x21, 0x16, 0x35, 0x8F, 0x2A, 0xD4, 0x24, /* F80E0 */
	0x49, 0x30, 0x06, 0x35, 0x46, 0x35, 0x10, 0x2D, 0x40, 0x23, 0xAA, 0x21, 0xA6, 0x21, 0x92, 0x35, /* F80F0 */
	0x8C, 0x2A, 0xE8, 0x26, 0xAA, 0x21, 0x06, 0x35, 0x36, 0x37, 0x28, 0x2C, 0xE8, 0x26, 0x1E, 0x31, /* F8100 */
	0x06, 0x35, 0x36, 0x37, 0x93, 0x2C, 0x95, 0x25, 0xAA, 0x21, 0x06, 0x35, 0xAE, 0x36, 0x87, 0x2A, /* F8110 */
	0x84, 0x25, 0xAA, 0x21, 0xF6, 0x33, 0x52, 0x35, 0x8C, 0x2C, 0xEC, 0x23, 0xAA, 0x21, 0xA6, 0x21, /* F8120 */
	0x76, 0x36, 0xAB, 0x21, 0xEC, 0x23, 0xAA, 0x21, 0xA6, 0x21, 0x72, 0x36, 0xD7, 0x2C, 0x4B, 0x22, /* F8130 */
	0xAA, 0x21, 0xF6, 0x33, 0xAE, 0x35, 0x2E, 0x2D, 0x4B, 0x22, 0xAA, 0x21, 0xF6, 0x33, 0xAE, 0x35, /* F8140 */
	0xDC, 0x29, 0x65, 0x25, 0xAA, 0x21, 0xA6, 0x21, 0xC6, 0x34, 0xAB, 0x21, 0x34, 0x24, 0xAA, 0x21, /* F8150 */
	0xF2, 0x37, 0xB2, 0x37, 0xAB, 0x21, 0x34, 0x24, 0xAA, 0x21, 0xFA, 0x37, 0xB2, 0x37, 0xC6, 0x2B, /* F8160 */
	0xC6, 0x21, 0x86, 0x2E, 0xAE, 0x34, 0xD6, 0x37, 0x98, 0x2A, 0x63, 0x25, 0xAA, 0x21, 0xAA, 0x34, /* F8170 */
	0xD2, 0x34, 0xDE, 0x2A, 0x2F, 0x25, 0x35, 0x2E, 0x06, 0x35, 0xCE, 0x36, 0x98, 0x2A, 0x60, 0x24, /* F8180 */
	0x91, 0x31, 0xDA, 0x34, 0xB2, 0x37, 0xAB, 0x21, 0x34, 0x24, 0xAA, 0x21, 0x02, 0x35, 0xB2, 0x37, /* F8190 */
	0xAB, 0x21, 0x63, 0x25, 0x7A, 0x30, 0xAE, 0x34, 0xD2, 0x34, 0x23, 0x2C, 0x15, 0x29, 0xAA, 0x21, /* F81A0 */
	0xA6, 0x21, 0x8A, 0x35, 0xC4, 0x2B, 0xB8, 0x26, 0xAA, 0x21, 0xFA, 0x33, 0xB6, 0x37, 0xAB, 0x21, /* F81B0 */
	0x34, 0x24, 0xAA, 0x21, 0xA6, 0x21, 0xB2, 0x37, 0xAB, 0x21, 0xAC, 0x21, 0xB9, 0x31, 0xDA, 0x34, /* F81C0 */
	0xDA, 0x34, 0x6F, 0x2D, 0x56, 0x28, 0xC4, 0x2E, 0xA6, 0x21, 0x26, 0x37, 0x42, 0x2D, 0xEF, 0x27, /* F81D0 */
	0xAA, 0x21, 0xA6, 0x21, 0x86, 0x36, 0x9B, 0x2D, 0xAA, 0x23, 0xAA, 0x21, 0xA6, 0x21, 0x26, 0x37, /* F81E0 */
	0x87, 0x29, 0x6C, 0x25, 0xAA, 0x21, 0xB2, 0x34, 0x42, 0x34, 0xAC, 0x29, 0x28, 0x25, 0xEC, 0x2E, /* F81F0 */
	0x06, 0x35, 0x5E, 0x37, 0xB7, 0x29, 0xB9, 0x28, 0xAA, 0x21, 0x06, 0x35, 0xBA, 0x37, 0xC7, 0x29, /* F8200 */
	0xED, 0x27, 0xAA, 0x21, 0x06, 0x35, 0x8A, 0x36, 0xCE, 0x29, 0x42, 0x22, 0xAA, 0x21, 0x06, 0x35, /* F8210 */
	0xAE, 0x35, 0xC7, 0x29, 0xEF, 0x27, 0xAA, 0x21, 0xA6, 0x21, 0x86, 0x36, 0x87, 0x29, 0xED, 0x27, /* F8220 */
	0xAA, 0x21, 0xEA, 0x34, 0x86, 0x36, 0x77, 0x2D, 0xFA, 0x27, 0xAA, 0x21, 0xA6, 0x34, 0x3E, 0x34, /* F8230 */
	0xBE, 0x29, 0x52, 0x27, 0x6C, 0x30, 0xDA, 0x34, 0x26, 0x37, 0xBE, 0x29, 0x52, 0x27, 0x49, 0x30, /* F8240 */
	0x12, 0x34, 0x26, 0x37, 0xA8, 0x29, 0x0F, 0x28, 0xAA, 0x21, 0xA6, 0x21, 0x9A, 0x36, 0xCA, 0x29, /* F8250 */
	0x47, 0x22, 0xAA, 0x21, 0x76, 0x34, 0xB2, 0x35, 0x8F, 0x29, 0x38, 0x22, 0xAA, 0x21, 0xA6, 0x21, /* F8260 */
	0xAE, 0x35, 0x98, 0x29, 0x97, 0x26, 0xAA, 0x21, 0x06, 0x35, 0xC2, 0x35, 0xAF, 0x29, 0xFE, 0x25, /* F8270 */
	0xAA, 0x21, 0x06, 0x35, 0xDA, 0x35, 0xA4, 0x2D, 0x4D, 0x27, 0xAA, 0x21, 0x06, 0x35, 0xBE, 0x36, /* F8280 */
	0xB3, 0x29, 0x42, 0x27, 0x66, 0x30, 0x06, 0x35, 0xBE, 0x36, 0x87, 0x29, 0x6C, 0x25, 0x82, 0x2F, /* F8290 */
	0x06, 0x35, 0x46, 0x36, 0x92, 0x2D, 0x96, 0x27, 0xAA, 0x21, 0x06, 0x35, 0x36, 0x35, 0x87, 0x29, /* F82A0 */
	0x6C, 0x25, 0xAA, 0x21, 0x52, 0x34, 0x42, 0x34, 0x8C, 0x29, 0xEC, 0x26, 0x35, 0x2E, 0xEE, 0x37, /* F82B0 */
	0x36, 0x37, 0x87, 0x29, 0x6C, 0x25, 0xF2, 0x2E, 0xEE, 0x37, 0x6E, 0x36, 0xAB, 0x21, 0x84, 0x24, /* F82C0 */
	0x39, 0x30, 0x7A, 0x34, 0x6A, 0x36, 0xD3, 0x29, 0x75, 0x27, 0xAA, 0x21, 0xA6, 0x21, 0x8E, 0x36, /* F82D0 */
	0xB6, 0x2D, 0x39, 0x26, 0x57, 0x2E, 0x06, 0x35, 0xBE, 0x35, 0xC2, 0x2A, 0x57, 0x22, 0xAA, 0x21, /* F82E0 */
	0xF6, 0x33, 0xAA, 0x35, 0x87, 0x29, 0x0D, 0x23, 0xAA, 0x21, 0xA6, 0x21, 0x5A, 0x36, 0x77, 0x2D, /* F82F0 */
	0xF6, 0x28, 0xAA, 0x21, 0xA6, 0x21, 0x66, 0x36, 0x20, 0x29, 0xF2, 0x21, 0xA8, 0x2F, 0xF6, 0x33, /* F8300 */
	0xB6, 0x34, 0x20, 0x29, 0xDF, 0x26, 0xAA, 0x21, 0x06, 0x34, 0xD6, 0x37, 0x28, 0x2C, 0xBE, 0x26, /* F8310 */
	0x1E, 0x31, 0x76, 0x34, 0x26, 0x37, 0xBF, 0x2D, 0x59, 0x28, 0xAA, 0x21, 0x06, 0x35, 0x26, 0x37, /* F8320 */
	0xBF, 0x2D, 0x40, 0x28, 0x1E, 0x31, 0x76, 0x34, 0x26, 0x37, 0xAB, 0x21, 0xAC, 0x21, 0xC9, 0x33, /* F8330 */
	0x76, 0x34, 0x3A, 0x36, 0xBE, 0x2A, 0xE5, 0x28, 0xAA, 0x21, 0x3E, 0x34, 0xD6, 0x37, 0x0D, 0x2E, /* F8340 */
	0xB4, 0x28, 0x39, 0x30, 0xA6, 0x21, 0xBA, 0x37, 0xB9, 0x2A, 0x5C, 0x22, 0xAA, 0x21, 0xF6, 0x33, /* F8350 */
	0xAE, 0x35, 0xAC, 0x2A, 0xF1, 0x25, 0xAA, 0x21, 0xF6, 0x33, 0x1E, 0x37, 0xA8, 0x2A, 0xB4, 0x21, /* F8360 */
	0xAA, 0x21, 0xA6, 0x21, 0x56, 0x37, 0xBE, 0x2A, 0x5E, 0x28, 0xBE, 0x2E, 0xA6, 0x21, 0xD6, 0x37, /* F8370 */
	0xBE, 0x2A, 0xBE, 0x26, 0xAA, 0x21, 0xA6, 0x21, 0xD6, 0x37, 0xB1, 0x2A, 0xA1, 0x24, 0xF2, 0x30, /* F8380 */
	0xA6, 0x21, 0x4A, 0x35, 0xA5, 0x2A, 0x02, 0x25, 0x1E, 0x31, 0x76, 0x34, 0x26, 0x37, 0x98, 0x2A, /* F8390 */
	0xAC, 0x21, 0xC9, 0x33, 0x76, 0x34, 0xB6, 0x34, 0x8E, 0x2C, 0x41, 0x24, 0xAA, 0x21, 0x6A, 0x34, /* F83A0 */
	0x1A, 0x37, 0x8C, 0x2C, 0xEC, 0x23, 0xAA, 0x21, 0xA6, 0x21, 0x72, 0x36, 0xAB, 0x21, 0xAC, 0x21, /* F83B0 */
	0x3D, 0x30, 0xDA, 0x34, 0x66, 0x36, 0x98, 0x2A, 0x34, 0x24, 0xAA, 0x21, 0xA6, 0x21, 0xB2, 0x37, /* F83C0 */
	0xAB, 0x21, 0x6A, 0x24, 0xAA, 0x21, 0xA6, 0x21, 0x66, 0x36, 0x20, 0x29, 0xB4, 0x21, 0xAA, 0x21, /* F83D0 */
	0xA6, 0x21, 0x26, 0x37, 0xF7, 0x29, 0x02, 0x25, 0xAA, 0x21, 0xF2, 0x33, 0x36, 0x37, 0xF7, 0x29, /* F83E0 */
	0x50, 0x23, 0xAA, 0x21, 0xA6, 0x21, 0xC6, 0x36, 0x28, 0x2C, 0xCF, 0x28, 0xAA, 0x21, 0xF6, 0x34, /* F83F0 */
	0x26, 0x37, 0x28, 0x2C, 0x1A, 0x29, 0xAA, 0x21, 0xA6, 0x21, 0x26, 0x37, 0xBF, 0x2D, 0x91, 0x22, /* F8400 */
	0xC0, 0x30, 0xA6, 0x21, 0xD6, 0x37, 0x9C, 0x29, 0x0D, 0x23, 0xAA, 0x21, 0xDA, 0x34, 0x62, 0x36, /* F8410 */
	0xAB, 0x21, 0xAC, 0x21, 0x5D, 0x2E, 0xF2, 0x34, 0x56, 0x37, 0x98, 0x2A, 0x5D, 0x24, 0x39, 0x30, /* F8420 */
	0x7E, 0x34, 0xB2, 0x37, 0xAB, 0x21, 0x50, 0x23, 0x3E, 0x2E, 0xF2, 0x34, 0xC6, 0x36, 0xAB, 0x21, /* F8430 */
	0x50, 0x23, 0x3E, 0x2E, 0xDE, 0x34, 0xC6, 0x36, 0xAB, 0x21, 0xFF, 0x28, 0x84, 0x32, 0xF2, 0x34, /* F8440 */
	0x56, 0x37, 0xAB, 0x21, 0xFF, 0x28, 0x1E, 0x31, 0xEE, 0x34, 0x62, 0x37, 0xAB, 0x21, 0x02, 0x25, /* F8450 */
	0x3E, 0x2E, 0x12, 0x34, 0xC6, 0x36, 0xAB, 0x21, 0x50, 0x23, 0xAB, 0x33, 0x8A, 0x34, 0xD6, 0x36, /* F8460 */
	0xAB, 0x21, 0x50, 0x23, 0x6A, 0x2E, 0x8A, 0x34, 0xEA, 0x36, 0xAB, 0x21, 0xAE, 0x21, 0x8D, 0x2E, /* F8470 */
	0xDA, 0x34, 0x6A, 0x37, 0xAB, 0x21, 0x01, 0x29, 0x25, 0x30, 0xDA, 0x34, 0x86, 0x37, 0xAB, 0x21, /* F8480 */
	0x50, 0x23, 0xAA, 0x21, 0xDA, 0x34, 0xEA, 0x36, 0x13, 0x2B, 0x9C, 0x27, 0xAA, 0x21, 0x06, 0x35, /* F8490 */
	0xA2, 0x36, 0xAB, 0x21, 0x5F, 0x23, 0x48, 0x32, 0x06, 0x35, 0x2E, 0x37, 0x23, 0x2B, 0x7D, 0x27, /* F84A0 */
	0xAA, 0x21, 0xF6, 0x33, 0x96, 0x36, 0x0D, 0x2B, 0x74, 0x25, 0x35, 0x2E, 0x06, 0x35, 0x56, 0x35, /* F84B0 */
	0xAB, 0x21, 0x5F, 0x23, 0xAC, 0x2F, 0xF6, 0x33, 0xE6, 0x36, 0xAB, 0x21, 0x5F, 0x23, 0xAA, 0x21, /* F84C0 */
	0xF6, 0x33, 0xE2, 0x36, 0xAB, 0x21, 0x50, 0x23, 0xAA, 0x21, 0xBE, 0x34, 0x56, 0x37, 0xAB, 0x21, /* F84D0 */
	0x26, 0x25, 0xAA, 0x21, 0x46, 0x34, 0x56, 0x37, 0xAB, 0x21, 0x50, 0x23, 0xAA, 0x21, 0x26, 0x34, /* F84E0 */
	0x5A, 0x37, 0x09, 0x2B, 0xF1, 0x23, 0xAA, 0x21, 0x76, 0x34, 0x62, 0x35, 0xAB, 0x21, 0x02, 0x25, /* F84F0 */
	0xAA, 0x21, 0xB6, 0x34, 0x56, 0x37, 0xAB, 0x21, 0x26, 0x25, 0xAA, 0x21, 0xA6, 0x21, 0x56, 0x37, /* F8500 */
	0xF7, 0x29, 0xB4, 0x21, 0xAA, 0x21, 0x76, 0x34, 0x42, 0x37, 0x20, 0x29, 0x02, 0x25, 0xAA, 0x21, /* F8510 */
	0x76, 0x34, 0x26, 0x37, 0x28, 0x2C, 0x1A, 0x29, 0xAA, 0x21, 0x76, 0x34, 0x26, 0x37, 0xDE, 0x2A, /* F8520 */
	0x50, 0x23, 0xAA, 0x21, 0x76, 0x34, 0x42, 0x37, 0xBF, 0x2D, 0x91, 0x22, 0xAA, 0x21, 0x76, 0x34, /* F8530 */
	0x26, 0x37, 0x24, 0x2E, 0x50, 0x23, 0xAA, 0x21, 0x76, 0x34, 0x42, 0x37, 0xAB, 0x21, 0xFF, 0x28, /* F8540 */
	0xAA, 0x21, 0xF6, 0x37, 0xC2, 0x34, 0xAB, 0x21, 0xFF, 0x28, 0xA5, 0x30, 0xEE, 0x37, 0xCE, 0x34, /* F8550 */
	0xAB, 0x21, 0xFF, 0x28, 0x5E, 0x30, 0xA6, 0x21, 0xCE, 0x34, 0xAB, 0x21, 0x63, 0x25, 0xAA, 0x21, /* F8560 */
	0xA6, 0x21, 0xD2, 0x34, 0x25, 0x2D, 0xFA, 0x22, 0xAA, 0x21, 0xA6, 0x21, 0xCA, 0x35, 0x8F, 0x29, /* F8570 */
	0x1E, 0x22, 0xAA, 0x21, 0xA6, 0x21, 0xAA, 0x35, 0x9F, 0x29, 0x23, 0x22, 0xAA, 0x21, 0xF6, 0x33, /* F8580 */
	0xAE, 0x35, 0xF7, 0x29, 0x92, 0x23, 0x57, 0x2E, 0x06, 0x35, 0x46, 0x37, 0x20, 0x29, 0xE7, 0x21, /* F8590 */
	0x72, 0x30, 0x06, 0x35, 0x46, 0x37, 0x55, 0x2C, 0x3D, 0x22, 0xAA, 0x21, 0xA6, 0x21, 0xAA, 0x35, /* F85A0 */
	0xBC, 0x2C, 0xA2, 0x26, 0xAA, 0x21, 0x06, 0x35, 0xBE, 0x35, 0x6D, 0x2C, 0x81, 0x22, 0xAA, 0x21, /* F85B0 */
	0xF6, 0x33, 0xAA, 0x35, 0x52, 0x2C, 0x50, 0x28, 0xAA, 0x21, 0xA6, 0x21, 0x26, 0x37, 0x2E, 0x29, /* F85C0 */
	0x6E, 0x22, 0xAA, 0x21, 0xA6, 0x21, 0xAA, 0x35, 0xB7, 0x29, 0xBE, 0x28, 0xAA, 0x21, 0x06, 0x35, /* F85D0 */
	0xCA, 0x35, 0xAB, 0x21, 0xAC, 0x21, 0x39, 0x30, 0xEA, 0x33, 0xA6, 0x21, 0x8D, 0x2B, 0xC7, 0x26, /* F85E0 */
	0xAA, 0x21, 0xA6, 0x21, 0x26, 0x37, 0xAB, 0x21, 0x6C, 0x25, 0xAA, 0x21, 0xA6, 0x21, 0x42, 0x34, /* F85F0 */
	0x5A, 0x29, 0x08, 0x22, 0xCE, 0x32, 0xA6, 0x21, 0xD6, 0x37, 0x20, 0x29, 0xE5, 0x28, 0xA5, 0x30, /* F8600 */
	0x42, 0x34, 0xD6, 0x37, 0x44, 0x29, 0xF8, 0x28, 0x35, 0x2E, 0x06, 0x35, 0x46, 0x35, 0xCC, 0x2A, /* F8610 */
	0x4B, 0x23, 0xAA, 0x21, 0x06, 0x35, 0x92, 0x35, 0x57, 0x29, 0x6D, 0x23, 0x49, 0x30, 0x06, 0x35, /* F8620 */
	0x96, 0x37, 0x20, 0x29, 0xE7, 0x28, 0x39, 0x30, 0xE2, 0x33, 0x26, 0x37, 0x20, 0x29, 0xE7, 0x28, /* F8630 */
	0xAA, 0x21, 0xE2, 0x33, 0xD6, 0x37, 0x33, 0x2B, 0x27, 0x24, 0xAA, 0x21, 0xF6, 0x33, 0x62, 0x35, /* F8640 */
	0x2B, 0x2B, 0x60, 0x22, 0xAA, 0x21, 0xF6, 0x33, 0xAA, 0x35, 0x76, 0x2B, 0xB4, 0x24, 0x39, 0x30, /* F8650 */
	0xF6, 0x33, 0x42, 0x35, 0x43, 0x2B, 0xD2, 0x28, 0xAA, 0x21, 0xDA, 0x34, 0x06, 0x37, 0x28, 0x2B, /* F8660 */
	0xE7, 0x28, 0xAA, 0x21, 0xF6, 0x33, 0xD6, 0x37, 0x48, 0x29, 0x6D, 0x23, 0xDF, 0x32, 0xA6, 0x21, /* F8670 */
	0x96, 0x37, 0x20, 0x29, 0xEA, 0x21, 0xD3, 0x31, 0xF6, 0x33, 0x92, 0x37, 0x6F, 0x2B, 0xD2, 0x22, /* F8680 */
	0xBB, 0x30, 0xA6, 0x21, 0xA6, 0x35, 0xA3, 0x2B, 0xF5, 0x21, 0xAA, 0x21, 0xF6, 0x33, 0xFA, 0x35, /* F8690 */
	0x9C, 0x2B, 0x53, 0x28, 0x76, 0x2E, 0xA6, 0x21, 0x26, 0x37, 0xA9, 0x2B, 0x9B, 0x25, 0xAA, 0x21, /* F86A0 */
	0xA6, 0x21, 0x42, 0x34, 0x8D, 0x2B, 0xCA, 0x26, 0x1E, 0x31, 0x06, 0x35, 0xD6, 0x37, 0x28, 0x2C, /* F86B0 */
	0xCA, 0x26, 0xC1, 0x32, 0xFA, 0x33, 0xD6, 0x37, 0x57, 0x2B, 0x9F, 0x23, 0x1A, 0x32, 0x06, 0x35, /* F86C0 */
	0x56, 0x37, 0xFC, 0x29, 0x16, 0x22, 0x39, 0x30, 0x06, 0x35, 0x0A, 0x37, 0xF7, 0x29, 0x9B, 0x23, /* F86D0 */
	0xAF, 0x30, 0x06, 0x35, 0x7A, 0x37, 0x28, 0x2C, 0xCA, 0x26, 0x1E, 0x31, 0xEE, 0x33, 0x92, 0x37, /* F86E0 */
	0xDE, 0x2D, 0xCA, 0x26, 0x7D, 0x2E, 0xE2, 0x33, 0xD6, 0x37, 0xCC, 0x2D, 0x1A, 0x24, 0xAA, 0x21, /* F86F0 */
	0xA6, 0x21, 0x72, 0x36, 0x00, 0x2B, 0x1A, 0x22, 0xAA, 0x21, 0xA6, 0x21, 0xBE, 0x37, 0xA8, 0x2D, /* F8700 */
	0x5E, 0x27, 0xAA, 0x21, 0xF6, 0x33, 0x4E, 0x36, 0xAB, 0x21, 0x61, 0x28, 0x52, 0x31, 0x76, 0x34, /* F8710 */
	0xD6, 0x37, 0xAB, 0x21, 0x61, 0x28, 0x59, 0x31, 0xEE, 0x34, 0xD6, 0x37, 0x85, 0x29, 0x1C, 0x26, /* F8720 */
	0xAA, 0x21, 0x06, 0x35, 0xEA, 0x37, 0xAB, 0x21, 0xE2, 0x25, 0xAA, 0x21, 0xA6, 0x21, 0xE6, 0x37, /* F8730 */
	0x59, 0x2D, 0x50, 0x25, 0x91, 0x32, 0xF6, 0x33, 0x7A, 0x35, 0x59, 0x2D, 0x4B, 0x25, 0xAA, 0x21, /* F8740 */
	0xF6, 0x33, 0x7A, 0x35, 0xAB, 0x21, 0x8E, 0x26, 0x7C, 0x32, 0x06, 0x35, 0x16, 0x37, 0xCF, 0x2D, /* F8750 */
	0x79, 0x23, 0x1E, 0x31, 0xF6, 0x33, 0xEA, 0x36, 0xD9, 0x2D, 0xA8, 0x28, 0xAA, 0x21, 0xA6, 0x21, /* F8760 */
	0xBA, 0x35, 0x69, 0x2C, 0xB2, 0x22, 0xAA, 0x21, 0xA6, 0x21, 0x76, 0x35, 0x69, 0x29, 0x46, 0x24, /* F8770 */
	0xAA, 0x21, 0xF6, 0x33, 0x1A, 0x37, 0x36, 0x29, 0xA3, 0x22, 0xAA, 0x21, 0x06, 0x35, 0x42, 0x35, /* F8780 */
	0x2A, 0x2C, 0x9F, 0x25, 0xC9, 0x33, 0x06, 0x35, 0xAA, 0x36, 0xC4, 0x2D, 0x65, 0x22, 0xAA, 0x21, /* F8790 */
	0x06, 0x35, 0xAE, 0x35, 0xE6, 0x2A, 0xAA, 0x24, 0x49, 0x30, 0x06, 0x35, 0x46, 0x35, 0x17, 0x2A, /* F87A0 */
	0x7D, 0x25, 0xDF, 0x30, 0xA6, 0x21, 0x52, 0x35, 0x1B, 0x2A, 0x81, 0x27, 0x39, 0x30, 0xA6, 0x21, /* F87B0 */
	0x12, 0x35, 0xAB, 0x21, 0x1E, 0x26, 0xAA, 0x21, 0xA6, 0x21, 0xCE, 0x37, 0x57, 0x29, 0x71, 0x23, /* F87C0 */
	0x49, 0x30, 0x06, 0x35, 0x96, 0x37, 0xE0, 0x2A, 0xC3, 0x21, 0xAA, 0x21, 0xF6, 0x33, 0xD6, 0x37, /* F87D0 */
	0x52, 0x29, 0xDC, 0x28, 0x39, 0x30, 0x06, 0x35, 0xA6, 0x35, 0x3A, 0x2A, 0xC3, 0x28, 0x39, 0x30, /* F87E0 */
	0x06, 0x35, 0xA6, 0x35, 0x80, 0x2C, 0xC4, 0x27, 0x39, 0x30, 0x06, 0x35, 0x12, 0x35, 0x7D, 0x2C, /* F87F0 */
	0x22, 0x28, 0xAA, 0x21, 0x06, 0x35, 0x0E, 0x35, 0x25, 0x2D, 0xDD, 0x22, 0xAA, 0x21, 0xA6, 0x21, /* F8800 */
	0xA6, 0x35, 0x1B, 0x2E, 0xC3, 0x22, 0xAA, 0x21, 0xA6, 0x21, 0x32, 0x35, 0x0B, 0x2A, 0x0A, 0x28, /* F8810 */
	0xAA, 0x21, 0xA6, 0x21, 0x32, 0x35, 0x08, 0x2A, 0x57, 0x23, 0xFF, 0x2E, 0xF6, 0x33, 0x26, 0x37, /* F8820 */
	0xEE, 0x2A, 0xBE, 0x27, 0xAA, 0x21, 0xA6, 0x21, 0x3A, 0x35, 0xC6, 0x2B, 0x04, 0x22, 0x5B, 0x2F, /* F8830 */
	0x06, 0x35, 0x82, 0x35, 0xD2, 0x2B, 0x33, 0x26, 0xAA, 0x21, 0x06, 0x35, 0x22, 0x36, 0x19, 0x2D, /* F8840 */
	0x9C, 0x24, 0xF7, 0x30, 0x06, 0x35, 0x46, 0x35, 0x08, 0x2D, 0x28, 0x22, 0xAA, 0x21, 0x06, 0x35, /* F8850 */
	0xAE, 0x35, 0x72, 0x2A, 0x73, 0x24, 0xAA, 0x21, 0xF6, 0x33, 0x42, 0x35, 0x12, 0x2E, 0x17, 0x26, /* F8860 */
	0xAA, 0x21, 0xF6, 0x33, 0xD6, 0x35, 0x52, 0x2C, 0x8D, 0x22, 0xAA, 0x21, 0xF6, 0x33, 0xD2, 0x37, /* F8870 */
	0x6A, 0x2A, 0xDE, 0x27, 0xC9, 0x33, 0xF6, 0x33, 0x4E, 0x36, 0x5D, 0x2A, 0xE2, 0x27, 0x35, 0x2E, /* F8880 */
	0xF6, 0x33, 0x52, 0x36, 0x33, 0x2A, 0x36, 0x24, 0xAA, 0x21, 0xF6, 0x33, 0x9E, 0x35, 0xEE, 0x2A, /* F8890 */
	0xBE, 0x27, 0xAA, 0x21, 0xA6, 0x21, 0x3A, 0x35, 0xEA, 0x2A, 0x04, 0x26, 0x49, 0x30, 0x06, 0x35, /* F88A0 */
	0xDA, 0x35, 0x50, 0x2A, 0x4C, 0x24, 0xAA, 0x21, 0x06, 0x35, 0xA2, 0x35, 0x12, 0x2A, 0x6C, 0x24, /* F88B0 */
	0xAA, 0x21, 0x06, 0x35, 0x7E, 0x35, 0xF7, 0x29, 0xA3, 0x23, 0x35, 0x2E, 0xF6, 0x33, 0x72, 0x37, /* F88C0 */
	0x2D, 0x2C, 0x46, 0x23, 0x75, 0x2F, 0x06, 0x35, 0xFE, 0x35, 0x7A, 0x2C, 0xA2, 0x27, 0x7C, 0x2F, /* F88D0 */
	0x06, 0x35, 0x4E, 0x36, 0x4E, 0x2C, 0x32, 0x28, 0xAA, 0x21, 0x06, 0x35, 0x9A, 0x36, 0x3E, 0x29, /* F88E0 */
	0x53, 0x26, 0xAA, 0x21, 0xA6, 0x21, 0x1E, 0x36, 0xF3, 0x2A, 0x43, 0x26, 0xAA, 0x21, 0xA6, 0x21, /* F88F0 */
	0x1E, 0x36, 0x98, 0x2A, 0xB2, 0x26, 0xAA, 0x21, 0xFA, 0x34, 0xAA, 0x37, 0x98, 0x2A, 0xAC, 0x26, /* F8900 */
	0x39, 0x30, 0xDA, 0x34, 0xAA, 0x37, 0x8C, 0x2C, 0xAC, 0x26, 0x39, 0x30, 0xDA, 0x34, 0xAA, 0x37, /* F8910 */
	0xAE, 0x2B, 0xAC, 0x26, 0x39, 0x30, 0xDA, 0x34, 0xCA, 0x37, 0xAE, 0x2B, 0x8B, 0x26, 0xAA, 0x21, /* F8920 */
	0x06, 0x35, 0xAA, 0x37, 0x98, 0x2A, 0xAC, 0x26, 0xAA, 0x21, 0x06, 0x35, 0x8E, 0x37, 0x48, 0x29, /* F8930 */
	0x71, 0x23, 0x2D, 0x30, 0xF6, 0x33, 0x96, 0x37, 0x28, 0x2C, 0xEF, 0x26, 0x72, 0x30, 0x72, 0x34, /* F8940 */
	0xD6, 0x37, 0x3A, 0x29, 0xAC, 0x26, 0x59, 0x33, 0x06, 0x35, 0xAA, 0x37, 0x33, 0x29, 0x01, 0x22, /* F8950 */
	0x43, 0x32, 0x06, 0x35, 0xD6, 0x37, 0x20, 0x29, 0x01, 0x22, 0x73, 0x32, 0x06, 0x35, 0xF2, 0x36, /* F8960 */
	0x20, 0x29, 0x01, 0x22, 0x0A, 0x2F, 0x06, 0x35, 0x92, 0x37, 0x20, 0x29, 0x01, 0x22, 0x72, 0x30, /* F8970 */
	0x06, 0x35, 0xD6, 0x37, 0x26, 0x2E, 0x34, 0x23, 0xAA, 0x21, 0xA6, 0x21, 0xFA, 0x36, 0xAB, 0x21, /* F8980 */
	0xB8, 0x26, 0xAA, 0x21, 0x3A, 0x34, 0xB6, 0x37, 0xAB, 0x21, 0xAC, 0x26, 0xAA, 0x21, 0xA6, 0x21, /* F8990 */
	0xAA, 0x37, 0x0F, 0x2A, 0x68, 0x25, 0x39, 0x30, 0x5E, 0x34, 0xFE, 0x35, 0x07, 0x2B, 0xB9, 0x24, /* F89A0 */
	0xC9, 0x33, 0x06, 0x35, 0xB6, 0x36, 0xAB, 0x21, 0xBE, 0x26, 0xAC, 0x32, 0xF6, 0x33, 0xF2, 0x36, /* F89B0 */
	0xAB, 0x21, 0xC0, 0x26, 0xE5, 0x2F, 0x06, 0x35, 0xF6, 0x36, 0xDE, 0x2A, 0x5C, 0x23, 0xAA, 0x21, /* F89C0 */
	0xF6, 0x33, 0xEE, 0x36, 0xF7, 0x29, 0x5C, 0x23, 0xAA, 0x21, 0xF6, 0x33, 0xE2, 0x36, 0x34, 0x2C, /* F89D0 */
	0x86, 0x27, 0x39, 0x30, 0xA6, 0x21, 0x66, 0x36, 0x28, 0x2C, 0xBE, 0x26, 0xAA, 0x21, 0xEE, 0x37, /* F89E0 */
	0x26, 0x37, 0x28, 0x2C, 0x91, 0x22, 0xAA, 0x21, 0xA6, 0x21, 0x26, 0x37, 0xAB, 0x21, 0xE5, 0x28, /* F89F0 */
	0x77, 0x33, 0x9A, 0x34, 0x92, 0x37, 0xAB, 0x21, 0xE5, 0x28, 0xFF, 0x31, 0x9A, 0x34, 0xD6, 0x37, /* F8A00 */
	0x0D, 0x2B, 0x8A, 0x25, 0x51, 0x2E, 0x06, 0x35, 0xB2, 0x36, 0xAB, 0x21, 0xC0, 0x26, 0xAA, 0x21, /* F8A10 */
	0x06, 0x35, 0x2A, 0x37, 0xAB, 0x21, 0xBE, 0x26, 0xAA, 0x21, 0xBE, 0x34, 0xD6, 0x37, 0xAB, 0x21, /* F8A20 */
	0xBE, 0x26, 0xAA, 0x21, 0x2E, 0x34, 0xDA, 0x37, 0xAB, 0x21, 0xDF, 0x26, 0x3E, 0x31, 0xF6, 0x37, /* F8A30 */
	0xD6, 0x37, 0xAB, 0x21, 0xBE, 0x26, 0xAA, 0x21, 0xBA, 0x34, 0xD6, 0x37, 0xAB, 0x21, 0xDF, 0x26, /* F8A40 */
	0xAA, 0x21, 0xA6, 0x21, 0xD6, 0x37, 0xF9, 0x2A, 0xF2, 0x27, 0xAA, 0x21, 0xF6, 0x33, 0x4A, 0x35, /* F8A50 */
	0x0C, 0x2D, 0x81, 0x25, 0xAA, 0x21, 0x06, 0x35, 0xAA, 0x36, 0xAB, 0x21, 0x05, 0x27, 0xAA, 0x21, /* F8A60 */
	0xA6, 0x21, 0x7A, 0x36, 0xAB, 0x21, 0x6C, 0x25, 0xAA, 0x21, 0xA6, 0x21, 0x42, 0x34, 0x89, 0x2C, /* F8A70 */
	0xE2, 0x28, 0x39, 0x30, 0x76, 0x34, 0x0A, 0x36, 0xEB, 0x2D, 0xE8, 0x23, 0xAA, 0x21, 0xDA, 0x34, /* F8A80 */
	0xD6, 0x37, 0xBF, 0x2D, 0x42, 0x28, 0xD1, 0x2E, 0xF6, 0x33, 0x92, 0x37, 0x57, 0x29, 0x75, 0x23, /* F8A90 */
	0x49, 0x30, 0x06, 0x35, 0x96, 0x37, 0x08, 0x2A, 0x83, 0x23, 0xAA, 0x21, 0xF6, 0x33, 0xE6, 0x35, /* F8AA0 */
	0x77, 0x2A, 0xCD, 0x26, 0x47, 0x2E, 0xA6, 0x21, 0xCE, 0x35, 0x6E, 0x2A, 0xDA, 0x23, 0x39, 0x30, /* F8AB0 */
	0xA6, 0x21, 0xD2, 0x35, 0x60, 0x2A, 0x00, 0x23, 0xAA, 0x21, 0xA6, 0x21, 0xA6, 0x35, 0x59, 0x2C, /* F8AC0 */
	0x2D, 0x23, 0xAA, 0x21, 0xA6, 0x21, 0x8E, 0x35, 0xE0, 0x2A, 0xE0, 0x25, 0x39, 0x30, 0xA6, 0x21, /* F8AD0 */
	0xD2, 0x35, 0xF0, 0x29, 0xA5, 0x24, 0xAA, 0x21, 0xA6, 0x21, 0x42, 0x35, 0x44, 0x2A, 0xAF, 0x24, /* F8AE0 */
	0xAA, 0x21, 0xA6, 0x21, 0x42, 0x35, 0xB5, 0x2A, 0x70, 0x26, 0xAA, 0x21, 0xDA, 0x34, 0x16, 0x37, /* F8AF0 */
	0x65, 0x2A, 0xE2, 0x21, 0xAA, 0x21, 0xA6, 0x21, 0xD2, 0x35, 0x65, 0x2C, 0x4F, 0x26, 0xAA, 0x21, /* F8B00 */
	0xF6, 0x33, 0xBE, 0x35, 0x25, 0x29, 0x66, 0x27, 0xAA, 0x21, 0xA6, 0x21, 0x36, 0x35, 0x02, 0x2A, /* F8B10 */
	0x8E, 0x28, 0x39, 0x30, 0xA6, 0x21, 0x12, 0x37, 0x7B, 0x2A, 0x7C, 0x26, 0xAA, 0x21, 0xA6, 0x21, /* F8B20 */
	0x16, 0x37, 0x23, 0x2A, 0x7C, 0x26, 0xAA, 0x21, 0xA6, 0x21, 0x16, 0x37, 0x85, 0x29, 0x6F, 0x28, /* F8B30 */
	0xAA, 0x21, 0xF6, 0x33, 0x26, 0x36, 0x20, 0x29, 0xD1, 0x26, 0xCD, 0x33, 0x76, 0x34, 0x26, 0x37, /* F8B40 */
	0xA2, 0x2C, 0xF2, 0x26, 0x72, 0x30, 0x36, 0x34, 0xD6, 0x37, 0x20, 0x29, 0xF2, 0x26, 0x72, 0x30, /* F8B50 */
	0x36, 0x34, 0xD6, 0x37, 0xA2, 0x2C, 0xC0, 0x23, 0x30, 0x31, 0x4E, 0x34, 0xD6, 0x37, 0x20, 0x29, /* F8B60 */
	0xF5, 0x26, 0x4F, 0x2F, 0x06, 0x35, 0xF2, 0x36, 0x20, 0x29, 0xF5, 0x26, 0x1E, 0x31, 0x06, 0x35, /* F8B70 */
	0x96, 0x37, 0x20, 0x29, 0xC0, 0x23, 0x1E, 0x31, 0xDA, 0x34, 0xD6, 0x37, 0x20, 0x29, 0xF2, 0x26, /* F8B80 */
	0x1E, 0x31, 0xA6, 0x21, 0xD6, 0x37, 0xF9, 0x2C, 0x80, 0x23, 0xAB, 0x2E, 0xDA, 0x34, 0xD6, 0x37, /* F8B90 */
	0xDE, 0x2A, 0x6F, 0x28, 0x1E, 0x31, 0x76, 0x34, 0x56, 0x37, 0xDE, 0x2A, 0x80, 0x23, 0x1E, 0x31, /* F8BA0 */
	0x6A, 0x34, 0x56, 0x37, 0x2F, 0x2A, 0x3C, 0x24, 0x29, 0x30, 0xF6, 0x33, 0x42, 0x34, 0xDB, 0x2C, /* F8BB0 */
	0x8C, 0x24, 0x49, 0x30, 0xA6, 0x21, 0x46, 0x35, 0xD4, 0x2C, 0xC0, 0x23, 0x43, 0x2F, 0xA6, 0x21, /* F8BC0 */
	0x56, 0x37, 0xF7, 0x29, 0x72, 0x28, 0x17, 0x31, 0xEE, 0x37, 0xD6, 0x37, 0xF7, 0x29, 0x6F, 0x28, /* F8BD0 */
	0x1E, 0x31, 0x76, 0x34, 0x56, 0x37, 0x57, 0x29, 0x6F, 0x28, 0x44, 0x30, 0x56, 0x34, 0xD6, 0x37, /* F8BE0 */
	0x28, 0x2C, 0xED, 0x28, 0xA8, 0x2F, 0xA6, 0x21, 0x92, 0x37, 0x3D, 0x2C, 0xCF, 0x25, 0xAA, 0x21, /* F8BF0 */
	0xA6, 0x21, 0x52, 0x35, 0xE1, 0x2D, 0xDC, 0x25, 0xAA, 0x21, 0x3E, 0x36, 0x52, 0x35, 0x30, 0x2C, /* F8C00 */
	0xDC, 0x25, 0xAA, 0x21, 0xA6, 0x21, 0x1A, 0x35, 0x28, 0x2C, 0xEA, 0x28, 0xBB, 0x30, 0x0E, 0x34, /* F8C10 */
	0x92, 0x37, 0x0D, 0x2E, 0x32, 0x27, 0x39, 0x30, 0xA6, 0x21, 0x4E, 0x37, 0xAB, 0x21, 0x6F, 0x28, /* F8C20 */
	0x52, 0x31, 0x76, 0x34, 0xD6, 0x37, 0xAB, 0x21, 0x32, 0x27, 0xAA, 0x21, 0xA6, 0x21, 0x4E, 0x37, /* F8C30 */
	0xF9, 0x29, 0x60, 0x25, 0x3F, 0x31, 0x06, 0x35, 0x26, 0x36, 0xF9, 0x29, 0x1C, 0x29, 0xC5, 0x33, /* F8C40 */
	0xF6, 0x33, 0x12, 0x35, 0x85, 0x29, 0x60, 0x25, 0x3F, 0x31, 0x06, 0x35, 0x26, 0x36, 0x85, 0x29, /* F8C50 */
	0x60, 0x25, 0x32, 0x32, 0x06, 0x35, 0xF6, 0x33, 0x85, 0x29, 0x1C, 0x29, 0xC5, 0x33, 0xF6, 0x33, /* F8C60 */
	0xF6, 0x33, 0x85, 0x29, 0x56, 0x27, 0xAA, 0x21, 0x06, 0x35, 0x26, 0x36, 0x79, 0x29, 0x60, 0x25, /* F8C70 */
	0x3F, 0x31, 0x06, 0x35, 0x26, 0x36, 0x79, 0x29, 0x1C, 0x29, 0xC5, 0x33, 0x06, 0x35, 0xF6, 0x33, /* F8C80 */
	0xBF, 0x2D, 0x69, 0x28, 0x35, 0x2E, 0x06, 0x35, 0xA2, 0x37, 0x42, 0x2C, 0x07, 0x27, 0xAA, 0x21, /* F8C90 */
	0x06, 0x35, 0x82, 0x36, 0x28, 0x2C, 0xD7, 0x26, 0x2C, 0x32, 0x06, 0x35, 0x32, 0x37, 0x28, 0x2C, /* F8CA0 */
	0xD4, 0x26, 0x35, 0x2E, 0x06, 0x35, 0x2A, 0x37, 0xDE, 0x2A, 0x42, 0x25, 0x4C, 0x33, 0xF6, 0x33, /* F8CB0 */
	0x7E, 0x37, 0xFD, 0x2A, 0x79, 0x27, 0xF8, 0x2E, 0xF6, 0x33, 0x4E, 0x36, 0xDE, 0x2A, 0x42, 0x25, /* F8CC0 */
	0x27, 0x32, 0x06, 0x35, 0xE2, 0x37, 0xAB, 0x21, 0x1E, 0x29, 0xEA, 0x30, 0xE2, 0x34, 0xAE, 0x37, /* F8CD0 */
	0xDB, 0x2B, 0x2C, 0x28, 0xAA, 0x21, 0xA6, 0x21, 0x32, 0x35, 0xAB, 0x21, 0xED, 0x27, 0xAA, 0x21, /* F8CE0 */
	0xA2, 0x34, 0x52, 0x37, 0xAB, 0x21, 0x1C, 0x29, 0xA1, 0x31, 0xDA, 0x34, 0xA6, 0x37, 0xC8, 0x2D, /* F8CF0 */
	0x96, 0x24, 0x49, 0x30, 0xDA, 0x34, 0x46, 0x35, 0xC8, 0x2D, 0x91, 0x24, 0x49, 0x30, 0xA6, 0x21, /* F8D00 */
	0x46, 0x35, 0xAB, 0x21, 0x1C, 0x29, 0xF8, 0x2E, 0xC2, 0x34, 0xA6, 0x37, 0xAB, 0x21, 0x1C, 0x29, /* F8D10 */
	0xBB, 0x33, 0x06, 0x35, 0xA6, 0x37, 0x8C, 0x2C, 0x56, 0x27, 0x39, 0x30, 0xA6, 0x21, 0x4E, 0x36, /* F8D20 */
	0xAB, 0x21, 0x56, 0x27, 0xAA, 0x21, 0xA6, 0x21, 0x4E, 0x36, 0x73, 0x29, 0xB5, 0x26, 0xAA, 0x21, /* F8D30 */
	0xF6, 0x33, 0x06, 0x36, 0x59, 0x2D, 0x46, 0x25, 0x91, 0x32, 0x06, 0x35, 0x7A, 0x35, 0xF0, 0x2B, /* F8D40 */
	0xAF, 0x23, 0x3E, 0x2E, 0x06, 0x35, 0xD6, 0x37, 0xEC, 0x2B, 0x59, 0x26, 0x8A, 0x30, 0x06, 0x35, /* F8D50 */
	0x2A, 0x35, 0x37, 0x2A, 0x67, 0x26, 0xC9, 0x33, 0xF6, 0x33, 0xCA, 0x37, 0x42, 0x2D, 0x63, 0x27, /* F8D60 */
	0xAA, 0x21, 0xE2, 0x34, 0x4E, 0x36, 0xAB, 0x21, 0xED, 0x27, 0xAA, 0x21, 0xA2, 0x34, 0x86, 0x36, /* F8D70 */
	0xE9, 0x2B, 0xB6, 0x23, 0xAA, 0x21, 0xF6, 0x33, 0x72, 0x37, 0x4A, 0x2D, 0xAA, 0x25, 0xAA, 0x21, /* F8D80 */
	0xF6, 0x33, 0x52, 0x35, 0x47, 0x2D, 0xD1, 0x23, 0xAA, 0x21, 0x06, 0x35, 0xE6, 0x35, 0x6B, 0x2D, /* F8D90 */
	0x18, 0x27, 0xAA, 0x21, 0x76, 0x34, 0x6E, 0x35, 0x68, 0x2D, 0xDB, 0x26, 0xB7, 0x2E, 0x76, 0x34, /* F8DA0 */
	0x26, 0x37, 0x5D, 0x2C, 0x1E, 0x24, 0xAA, 0x21, 0xA6, 0x21, 0x6A, 0x35, 0x21, 0x2D, 0x1D, 0x27, /* F8DB0 */
	0xAA, 0x21, 0xF6, 0x33, 0x72, 0x35, 0x00, 0x2C, 0x9C, 0x26, 0xAA, 0x21, 0xF6, 0x33, 0xBE, 0x35, /* F8DC0 */
	0xAA, 0x2C, 0xE6, 0x24, 0xAA, 0x21, 0xA6, 0x21, 0x4A, 0x35, 0x08, 0x2C, 0x14, 0x24, 0xAA, 0x21, /* F8DD0 */
	0xA6, 0x21, 0x5E, 0x35, 0xB3, 0x2C, 0xEB, 0x24, 0x4C, 0x30, 0xA6, 0x21, 0x4E, 0x35, 0x54, 0x2D, /* F8DE0 */
	0xFC, 0x24, 0xAA, 0x21, 0xF6, 0x33, 0x42, 0x35, 0x4F, 0x2D, 0xC8, 0x24, 0xAA, 0x21, 0x06, 0x35, /* F8DF0 */
	0x4E, 0x35, 0x93, 0x2A, 0xB1, 0x25, 0xAA, 0x21, 0xF6, 0x33, 0xAA, 0x36, 0x39, 0x2C, 0x0B, 0x24, /* F8E00 */
	0x39, 0x30, 0xDA, 0x34, 0x22, 0x35, 0x85, 0x29, 0xFA, 0x27, 0xAA, 0x21, 0x06, 0x35, 0x0E, 0x35, /* F8E10 */
	0x7C, 0x29, 0xFA, 0x27, 0x6D, 0x33, 0xA6, 0x21, 0x3E, 0x34, 0xD7, 0x2C, 0x51, 0x22, 0xAA, 0x21, /* F8E20 */
	0x06, 0x35, 0x0E, 0x37, 0xD0, 0x2A, 0x95, 0x23, 0xAA, 0x21, 0x06, 0x35, 0x36, 0x37, 0xC9, 0x2A, /* F8E30 */
	0xBD, 0x25, 0xC9, 0x33, 0x06, 0x35, 0x6E, 0x36, 0xA0, 0x2D, 0xA4, 0x25, 0xAA, 0x21, 0x06, 0x35, /* F8E40 */
	0xAA, 0x36, 0x26, 0x2B, 0xAC, 0x21, 0x5E, 0x33, 0x06, 0x35, 0x36, 0x36, 0x9F, 0x2B, 0xC3, 0x26, /* F8E50 */
	0xAA, 0x21, 0x06, 0x35, 0x3A, 0x37, 0x20, 0x29, 0x0F, 0x22, 0x28, 0x31, 0x06, 0x35, 0x26, 0x37, /* F8E60 */
	0xAB, 0x21, 0xFA, 0x27, 0xAA, 0x21, 0xA6, 0x21, 0x3E, 0x34, 0x57, 0x29, 0x40, 0x28, 0xAA, 0x21, /* F8E70 */
	0x3E, 0x34, 0x56, 0x37, 0x57, 0x29, 0xC3, 0x26, 0xAA, 0x21, 0xA6, 0x21, 0xD2, 0x36, 0x20, 0x29, /* F8E80 */
	0x32, 0x24, 0xAA, 0x21, 0xE6, 0x34, 0x36, 0x37, 0x20, 0x29, 0xE5, 0x28, 0xAA, 0x21, 0xA6, 0x21, /* F8E90 */
	0x26, 0x37, 0xF7, 0x29, 0x40, 0x28, 0xAA, 0x21, 0xA6, 0x21, 0x56, 0x37, 0x28, 0x2C, 0x91, 0x22, /* F8EA0 */
	0xAA, 0x21, 0x16, 0x34, 0x26, 0x37, 0x28, 0x2C, 0x59, 0x28, 0x97, 0x2E, 0x9A, 0x34, 0xD6, 0x37, /* F8EB0 */
	0x28, 0x2C, 0x91, 0x22, 0xDD, 0x2E, 0x9A, 0x34, 0x26, 0x37, 0x28, 0x2C, 0xE5, 0x28, 0x35, 0x2E, /* F8EC0 */
	0x9A, 0x34, 0xD6, 0x37, 0x9B, 0x2C, 0x6C, 0x25, 0xAA, 0x21, 0xCA, 0x36, 0x42, 0x34, 0x9B, 0x2C, /* F8ED0 */
	0xD5, 0x25, 0xAA, 0x21, 0xA6, 0x21, 0x42, 0x34, 0x98, 0x2A, 0x34, 0x24, 0xAA, 0x30, 0x66, 0x37, /* F8EE0 */
	0xB2, 0x37, 0x98, 0x2A, 0x63, 0x24, 0xAA, 0x21, 0xDA, 0x34, 0xB2, 0x37, 0x3F, 0x2B, 0x83, 0x28, /* F8EF0 */
	0xAA, 0x21, 0xDA, 0x34, 0xBA, 0x35, 0xAB, 0x21, 0x91, 0x22, 0x32, 0x33, 0x06, 0x35, 0x2E, 0x37, /* F8F00 */
	0xAB, 0x21, 0x91, 0x22, 0xA5, 0x30, 0xDE, 0x34, 0x26, 0x37, 0xAB, 0x21, 0x40, 0x28, 0xAA, 0x21, /* F8F10 */
	0xDA, 0x34, 0x26, 0x37, 0x28, 0x2C, 0x32, 0x24, 0xAA, 0x21, 0xE6, 0x33, 0xD6, 0x37, 0x28, 0x2C, /* F8F20 */
	0x32, 0x24, 0xAA, 0x21, 0xA6, 0x21, 0x26, 0x37, 0xAB, 0x21, 0x91, 0x22, 0xAA, 0x21, 0x36, 0x34, /* F8F30 */
	0xD6, 0x37, 0xAB, 0x21, 0x40, 0x28, 0x23, 0x31, 0xB6, 0x34, 0xD6, 0x37, 0xAB, 0x21, 0x59, 0x28, /* F8F40 */
	0x3E, 0x31, 0xA6, 0x21, 0xD6, 0x37, 0xAB, 0x21, 0x91, 0x22, 0xA5, 0x2E, 0xA6, 0x21, 0xD6, 0x37, /* F8F50 */
	0xAB, 0x21, 0x40, 0x28, 0xAA, 0x21, 0xA6, 0x21, 0xD6, 0x37, 0x28, 0x2C, 0xE8, 0x26, 0xAA, 0x21, /* F8F60 */
	0x06, 0x35, 0x3E, 0x37, 0x28, 0x2C, 0x76, 0x28, 0x63, 0x2E, 0x82, 0x34, 0xD6, 0x37, 0xF7, 0x29, /* F8F70 */
	0x89, 0x23, 0xAA, 0x21, 0x06, 0x35, 0x3E, 0x37, 0xDE, 0x2A, 0x3F, 0x25, 0x1E, 0x31, 0xF6, 0x33, /* F8F80 */
	0x82, 0x37, 0xF3, 0x2C, 0xFE, 0x26, 0xAA, 0x21, 0xA6, 0x21, 0xD6, 0x37, 0xAB, 0x21, 0x7C, 0x28, /* F8F90 */
	0xAA, 0x21, 0xA6, 0x21, 0xC6, 0x37, 0x28, 0x2A, 0x95, 0x28, 0xAA, 0x21, 0xA6, 0x21, 0xBA, 0x35, /* F8FA0 */
	0xAB, 0x21, 0x7C, 0x28, 0xAA, 0x21, 0xD6, 0x34, 0xC6, 0x37, 0x4B, 0x29, 0x91, 0x27, 0xAA, 0x21, /* F8FB0 */
	0xA6, 0x21, 0x96, 0x36, 0x20, 0x29, 0xE5, 0x28, 0xAA, 0x21, 0xFE, 0x33, 0xD6, 0x37, 0xAB, 0x21, /* F8FC0 */
	0x7C, 0x28, 0xA6, 0x33, 0x06, 0x35, 0xC6, 0x37, 0xF7, 0x29, 0x40, 0x28, 0x72, 0x30, 0xFE, 0x33, /* F8FD0 */
	0x56, 0x37, 0xF7, 0x29, 0x40, 0x28, 0x3E, 0x2E, 0xDA, 0x34, 0x56, 0x37, 0xF7, 0x29, 0x9A, 0x22, /* F8FE0 */
	0x1E, 0x31, 0xA6, 0x21, 0x56, 0x37, 0x28, 0x2C, 0xBE, 0x26, 0x1D, 0x2F, 0xEA, 0x33, 0x26, 0x37, /* F8FF0 */
	0xAB, 0x21, 0xB4, 0x28, 0xF8, 0x2E, 0xEE, 0x34, 0xC2, 0x37, 0x28, 0x2C, 0x32, 0x24, 0x35, 0x2E, /* F9000 */
	0xF6, 0x37, 0x26, 0x37, 0x28, 0x2C, 0x32, 0x24, 0x44, 0x30, 0x9E, 0x34, 0x26, 0x37, 0x28, 0x2C, /* F9010 */
	0xBE, 0x26, 0x11, 0x32, 0xA6, 0x21, 0x26, 0x37, 0x28, 0x2C, 0x32, 0x24, 0x3E, 0x2E, 0x4E, 0x34, /* F9020 */
	0x26, 0x37, 0x28, 0x2C, 0xBE, 0x26, 0xAA, 0x21, 0xA6, 0x21, 0x26, 0x37, 0xDE, 0x2A, 0x2B, 0x25, /* F9030 */
	0xAA, 0x21, 0x06, 0x35, 0x46, 0x37, 0xAB, 0x21, 0xB4, 0x28, 0xC9, 0x33, 0xDA, 0x34, 0xC2, 0x37, /* F9040 */
	0xAB, 0x21, 0xB4, 0x28, 0xAA, 0x21, 0xA6, 0x21, 0xBA, 0x37, 0xAB, 0x21, 0xAC, 0x21, 0x5E, 0x33, /* F9050 */
	0x06, 0x35, 0xF6, 0x34, 0xC1, 0x2D, 0xC3, 0x26, 0xAA, 0x21, 0x06, 0x35, 0xDE, 0x37, 0xDE, 0x2A, /* F9060 */
	0x36, 0x25, 0x27, 0x32, 0xF6, 0x33, 0xCE, 0x35, 0xAB, 0x21, 0xB7, 0x25, 0xAA, 0x21, 0xE2, 0x34, /* F9070 */
	0x42, 0x34, 0xAB, 0x21, 0x1C, 0x29, 0x31, 0x2E, 0xA6, 0x21, 0xA6, 0x37, 0x1F, 0x2E, 0xBA, 0x25, /* F9080 */
	0xAA, 0x21, 0xA6, 0x21, 0x42, 0x34, 0xAB, 0x21, 0xBA, 0x25, 0xAA, 0x21, 0xA6, 0x21, 0x42, 0x34, /* F9090 */
	0x23, 0x2B, 0x7D, 0x27, 0xA5, 0x30, 0xF6, 0x33, 0x96, 0x36, 0xEE, 0x2C, 0xDE, 0x23, 0x39, 0x30, /* F90A0 */
	0xA6, 0x21, 0xD2, 0x35, 0x2E, 0x2D, 0x2D, 0x22, 0xAA, 0x21, 0xF6, 0x33, 0xAA, 0x35, 0xC0, 0x2C, /* F90B0 */
	0x5F, 0x26, 0xC9, 0x33, 0xF6, 0x33, 0xCA, 0x37, 0xA2, 0x2C, 0xCC, 0x23, 0x39, 0x2E, 0x06, 0x35, /* F90C0 */
	0x26, 0x37, 0xA2, 0x2C, 0xC7, 0x23, 0xE8, 0x31, 0x06, 0x35, 0x26, 0x37, 0x00, 0x2C, 0x91, 0x26, /* F90D0 */
	0xC9, 0x33, 0xF6, 0x33, 0x16, 0x37, 0x3F, 0x2A, 0xF7, 0x24, 0x39, 0x30, 0xA6, 0x21, 0x4A, 0x35, /* F90E0 */
	0x80, 0x2A, 0x58, 0x25, 0xAA, 0x21, 0x06, 0x35, 0xC6, 0x36, 0x7E, 0x2B, 0xA8, 0x22, 0xAA, 0x21, /* F90F0 */
	0x06, 0x35, 0xCE, 0x35, 0x7A, 0x2B, 0x5C, 0x25, 0xAA, 0x21, 0x06, 0x35, 0x82, 0x35, 0xA6, 0x2B, /* F9100 */
	0xA8, 0x22, 0xAA, 0x21, 0xF6, 0x33, 0x8A, 0x35, 0x94, 0x2B, 0x22, 0x27, 0x39, 0x30, 0xA6, 0x21, /* F9110 */
	0x6E, 0x35, 0x29, 0x2D, 0x2D, 0x22, 0xAA, 0x21, 0xF6, 0x33, 0xAA, 0x35, 0xAB, 0x21, 0xFF, 0x28, /* F9120 */
	0x39, 0x30, 0xDA, 0x34, 0xC2, 0x34, 0xAB, 0x21, 0xFF, 0x28, 0xAA, 0x21, 0x02, 0x35, 0xC2, 0x34, /* F9130 */
	0x89, 0x29, 0xB8, 0x22, 0xAA, 0x21, 0x06, 0x35, 0x42, 0x35, 0x7E, 0x29, 0x9F, 0x22, 0xAA, 0x21, /* F9140 */
	0x06, 0x35, 0xAA, 0x35, 0x9F, 0x2C, 0x34, 0x27, 0xAA, 0x21, 0xF6, 0x33, 0x76, 0x35, 0x85, 0x2D, /* F9150 */
	0x3B, 0x25, 0x49, 0x2F, 0xF6, 0x33, 0xEE, 0x35, 0x77, 0x2D, 0x06, 0x28, 0x38, 0x32, 0x06, 0x35, /* F9160 */
	0x9A, 0x36, 0xAB, 0x21, 0x02, 0x25, 0x3E, 0x2E, 0x12, 0x34, 0x56, 0x37, 0x8C, 0x29, 0xFC, 0x21, /* F9170 */
	0x6D, 0x2F, 0xF6, 0x33, 0x26, 0x37, 0x37, 0x2D, 0xC7, 0x25, 0xAA, 0x21, 0xA6, 0x21, 0x52, 0x35, /* F9180 */
	0x32, 0x2D, 0x85, 0x26, 0xAA, 0x21, 0xA6, 0x21, 0xCE, 0x37, 0x05, 0x2D, 0x66, 0x24, 0xA7, 0x32, /* F9190 */
	0xF6, 0x33, 0x26, 0x37, 0x66, 0x29, 0xC9, 0x22, 0xAA, 0x21, 0xA6, 0x21, 0xA6, 0x35, 0xC6, 0x2B, /* F91A0 */
	0xA6, 0x23, 0x39, 0x30, 0xA6, 0x21, 0xCE, 0x35, 0xEC, 0x29, 0x32, 0x22, 0xAA, 0x21, 0xA6, 0x21, /* F91B0 */
	0x0E, 0x36, 0x22, 0x29, 0x11, 0x23, 0xAA, 0x21, 0xA6, 0x21, 0x8E, 0x35, 0x20, 0x29, 0xB4, 0x21, /* F91C0 */
	0xAA, 0x21, 0xA6, 0x21, 0x26, 0x37, 0xBF, 0x2D, 0x02, 0x25, 0xAA, 0x21, 0x86, 0x34, 0x26, 0x37, /* F91D0 */
	0x28, 0x2C, 0x1A, 0x29, 0xAA, 0x21, 0xA6, 0x21, 0x26, 0x37, 0x2C, 0x2A, 0x71, 0x25, 0x39, 0x30, /* F91E0 */
	0xA6, 0x21, 0x5A, 0x35, 0x2F, 0x2A, 0xA8, 0x22, 0xAA, 0x21, 0xF6, 0x33, 0xD6, 0x35, 0xF7, 0x29, /* F91F0 */
	0xB4, 0x21, 0x3E, 0x2E, 0xA6, 0x21, 0xDE, 0x36, 0xF7, 0x29, 0x50, 0x23, 0xAA, 0x21, 0xA6, 0x21, /* F9200 */
	0xDE, 0x36, 0xAB, 0x21, 0x50, 0x23, 0xAA, 0x21, 0xF6, 0x33, 0xDE, 0x36, 0xAB, 0x21, 0x02, 0x25, /* F9210 */
	0x35, 0x2E, 0xB6, 0x34, 0x56, 0x37, 0xAB, 0x21, 0x26, 0x25, 0xAA, 0x21, 0x76, 0x34, 0x56, 0x37, /* F9220 */
	0xAB, 0x21, 0xFF, 0x28, 0xAA, 0x21, 0xA6, 0x21, 0xC2, 0x34, 0xF7, 0x29, 0xE4, 0x23, 0xE8, 0x31, /* F9230 */
	0xF6, 0x33, 0xCA, 0x36, 0xB7, 0x29, 0xA2, 0x28, 0xAA, 0x21, 0xF6, 0x33, 0x16, 0x36, 0xD8, 0x29, /* F9240 */
	0xA2, 0x28, 0xAA, 0x21, 0xF6, 0x33, 0x16, 0x36, 0x87, 0x29, 0x3C, 0x28, 0xAA, 0x21, 0x06, 0x35, /* F9250 */
	0x4A, 0x36, 0x87, 0x29, 0x0D, 0x23, 0xAA, 0x21, 0xA6, 0x21, 0x5E, 0x36, 0x9D, 0x2C, 0x79, 0x28, /* F9260 */
	0x35, 0x2E, 0xA6, 0x21, 0x3E, 0x37, 0x42, 0x2D, 0x56, 0x27, 0x39, 0x30, 0xDA, 0x34, 0x56, 0x36, /* F9270 */
	0x42, 0x2D, 0xED, 0x27, 0xAA, 0x21, 0xA6, 0x21, 0x6A, 0x36, 0x97, 0x2D, 0xC9, 0x28, 0x85, 0x30, /* F9280 */
	0xA6, 0x21, 0x1A, 0x36, 0x77, 0x2D, 0x3C, 0x28, 0xAA, 0x21, 0xA6, 0x21, 0x46, 0x36, 0x2C, 0x2E, /* F9290 */
	0x39, 0x28, 0xAA, 0x21, 0xFE, 0x34, 0x3E, 0x34, 0xAB, 0x21, 0x39, 0x28, 0xCB, 0x2E, 0x06, 0x35, /* F92A0 */
	0x46, 0x36, 0xAB, 0x21, 0x1C, 0x29, 0xAA, 0x21, 0xA6, 0x21, 0xA6, 0x37, 0x49, 0x2A, 0x37, 0x27, /* F92B0 */
	0x3E, 0x2E, 0x8E, 0x34, 0x2A, 0x36, 0x49, 0x2A, 0x3B, 0x27, 0x3E, 0x2E, 0x76, 0x34, 0x2A, 0x36, /* F92C0 */
	0xFF, 0x29, 0x20, 0x23, 0x39, 0x30, 0x92, 0x34, 0x02, 0x36, 0xFF, 0x29, 0x24, 0x23, 0xAA, 0x21, /* F92D0 */
	0x76, 0x34, 0x02, 0x36, 0x76, 0x2C, 0x28, 0x27, 0x39, 0x30, 0x8E, 0x34, 0x7E, 0x36, 0x76, 0x2C, /* F92E0 */
	0x2D, 0x27, 0x39, 0x30, 0x76, 0x34, 0x7E, 0x36, 0xE3, 0x2A, 0x30, 0x23, 0xAA, 0x21, 0xA6, 0x21, /* F92F0 */
	0x02, 0x36, 0x2A, 0x2C, 0x8D, 0x25, 0x39, 0x30, 0xA6, 0x21, 0x42, 0x34, 0x1C, 0x2C, 0x65, 0x28, /* F9300 */
	0xAA, 0x21, 0xA6, 0x21, 0xCE, 0x35, 0x21, 0x2E, 0x8D, 0x23, 0x39, 0x30, 0x8A, 0x34, 0xD6, 0x37, /* F9310 */
	0x5C, 0x2D, 0x38, 0x23, 0x39, 0x30, 0xA6, 0x21, 0xFA, 0x36, 0x60, 0x2D, 0x80, 0x26, 0x39, 0x30, /* F9320 */
	0x6A, 0x34, 0x16, 0x37, 0x3B, 0x2B, 0x3E, 0x26, 0x39, 0x30, 0xA6, 0x21, 0x16, 0x37, 0x81, 0x29, /* F9330 */
	0xCA, 0x27, 0x39, 0x30, 0xA6, 0x21, 0x4E, 0x36, 0x48, 0x2C, 0x75, 0x26, 0xAA, 0x21, 0xA6, 0x21, /* F9340 */
	0x16, 0x37, 0x84, 0x2C, 0xF1, 0x28, 0xAA, 0x21, 0xA6, 0x21, 0x26, 0x37, 0xF9, 0x2C, 0x80, 0x23, /* F9350 */
	0x39, 0x30, 0xA6, 0x21, 0x26, 0x37, 0x04, 0x2C, 0xAE, 0x26, 0xAA, 0x21, 0xA6, 0x21, 0x9A, 0x35, /* F9360 */
	0x5A, 0x2B, 0x28, 0x23, 0xAA, 0x21, 0xA6, 0x21, 0x8E, 0x35, 0xE5, 0x2B, 0x8A, 0x28, 0xAA, 0x21, /* F9370 */
	0xA6, 0x21, 0xBA, 0x35, 0xBB, 0x29, 0x2C, 0x26, 0xAA, 0x21, 0x3A, 0x34, 0x1E, 0x36, 0x12, 0x2C, /* F9380 */
	0xB0, 0x28, 0xAA, 0x21, 0xA6, 0x21, 0xBA, 0x35, 0xA8, 0x2D, 0x58, 0x27, 0x39, 0x30, 0xA6, 0x21, /* F9390 */
	0x36, 0x35, 0x58, 0x2A, 0x02, 0x24, 0xAA, 0x21, 0xA6, 0x21, 0x62, 0x35, 0x76, 0x29, 0xBB, 0x26, /* F93A0 */
	0x39, 0x30, 0xA6, 0x21, 0x26, 0x37, 0xAB, 0x21, 0x9D, 0x22, 0xAA, 0x21, 0xA6, 0x21, 0x26, 0x35, /* F93B0 */
	0xFE, 0x37, 0x08, 0x38, 0x3E, 0x39, 0x52, 0x39, 0x1A, 0x3A, 0x78, 0x3B, 0xD8, 0x3F, 0x3C, 0x40, /* F93C0 */
	0xC8, 0x40, 0xDA, 0x42, 0x10, 0x44, 0x74, 0x44, 0x00, 0x45, 0x40, 0x46, 0xCC, 0x46, 0xA2, 0x48, /* F93D0 */
	0x56, 0x49, 0x74, 0x49, 0x7E, 0x49, 0x40, 0x4B, 0x3A, 0x4C, 0x7A, 0x4D, 0x6A, 0x4E, 0xA6, 0x4E, /* F93E0 */
	0x5A, 0x4F, 0xA0, 0x4F, 0x3A, 0x51, 0xBC, 0x51, 0x00, 0x00, 0x98, 0xF9, 0x68, 0x06, 0x00, 0x00, /* F93F0 */
	0x00, 0x00, 0x68, 0x06, 0x98, 0xF9, 0x98, 0xF9, 0x11, 0x11, 0x11, 0x11, 0x11, 0x11, 0x11, 0x11, /* F9400 */
	0x08, 0x08, 0x08, 0x08, 0x08, 0x08, 0x08, 0x08, 0x00, 0x05, 0x00, 0x00, 0x00, 0x00, 0x05, 0x00, /* F9410 */
	0x00, 0x00, 0x00, 0x00, 0x00, 0x00, 0x00, 0x00, 0x55, 0x00, 0x4B, 0x00, 0x6E, 0x00, 0x55, 0x00, /* F9420 */
	0x55, 0x00, 0x6E, 0x00, 0x4B, 0x00, 0x55, 0x00, 0x0D, 0x00, 0x0D, 0x00, 0x0F, 0x00, 0x0D, 0x00, /* F9430 */
	0x0D, 0x00, 0x0F, 0x00, 0x0D, 0x00, 0x0D, 0x00, 0x00, 0x00, 0x70, 0xFE, 0x96, 0x00, 0x70, 0xFE, /* F9440 */
	0x96, 0x00, 0x70, 0xFE, 0x96, 0x00, 0x00, 0x00, 0xBA, 0x0E, 0xAC, 0x0D, 0xFA, 0x0F, 0xAC, 0x0D, /* F9450 */
	0xFA, 0x0F, 0xAC, 0x0D, 0xFA, 0x0F, 0x10, 0x0E, 0xD8, 0x43, 0x20, 0x4E, 0x00, 0x40, 0x00, 0x40, /* F9460 */
	0x00, 0x40, 0x00, 0x40, 0x00, 0x40, 0xD8, 0x43, 0xFE, 0x7F, 0x80, 0x66, 0x50, 0x73, 0x80, 0x66, /* F9470 */
	0x50, 0x73, 0x80, 0x66, 0x50, 0x73, 0xFE, 0x7F, 0x00, 0x00, 0x23, 0x28, 0x00, 0x00, 0x23, 0x28, /* F9480 */
	0x00, 0x00, 0x23, 0x28, 0x00, 0x00, 0x00, 0x00, 0x00, 0x00, 0x6E, 0x24, 0x6E, 0x24, 0x6E, 0x24, /* F9490 */
	0x6E, 0x24, 0x6E, 0x24, 0x6E, 0x24, 0x00, 0x00, 0x5A, 0x2C, 0x0A, 0x15, 0x1C, 0x29, 0x0A, 0x15, /* F94A0 */
	0x1C, 0x29, 0x0A, 0x15, 0x1C, 0x29, 0x5A, 0x2C, 0x1A, 0xA0, 0x1D, 0xB5, 0x4A, 0x9A, 0x1D, 0xB5, /* F94B0 */
	0x4A, 0x9A, 0x1D, 0xB5, 0x4A, 0x9A, 0xBD, 0xA9, 0xE2, 0x70, 0x7E, 0x5D, 0x7E, 0x5D, 0x7E, 0x5D, /* F94C0 */
	0x7E, 0x5D, 0x7E, 0x5D, 0x7E, 0x5D, 0x65, 0x6D, 0x2B, 0x6C, 0xD1, 0x5C, 0x3B, 0x6A, 0xD1, 0x5C, /* F94D0 */
	0x3B, 0x6A, 0xD1, 0x5C, 0x3B, 0x6A, 0x7A, 0x66, 0x00, 0x00, 0x41, 0x04, 0xA3, 0x08, 0xE4, 0x0C, /* F94E0 */
	0x25, 0x11, 0x87, 0x15, 0xC8, 0x19, 0x09, 0x1E, 0x6B, 0x22, 0xAC, 0x26, 0xED, 0x2A, 0x4F, 0x2F, /* F94F0 */
	0x90, 0x33, 0xD1, 0x37, 0x33, 0x3C, 0x74, 0x40, 0x00, 0x00, 0x51, 0x06, 0xC3, 0x0C, 0x14, 0x13, /* F9500 */
	0x65, 0x19, 0xB6, 0x1F, 0x07, 0x26, 0x58, 0x2C, 0x88, 0x32, 0xB8, 0x38, 0x09, 0x3F, 0x18, 0x45, /* F9510 */
	0x48, 0x4B, 0x57, 0x51, 0x66, 0x57, 0x54, 0x5D, 0xA0, 0x14, 0x78, 0x0F, 0x78, 0x0F, 0x78, 0x0F, /* F9520 */
	0x50, 0x0A, 0x50, 0x0A, 0x50, 0x0A, 0x50, 0x0A, 0x50, 0x0A, 0x50, 0x0A, 0x28, 0x05, 0x28, 0x05, /* F9530 */
	0x28, 0x05, 0x28, 0x05, 0x28, 0x05, 0x28, 0x05, 0x28, 0x05, 0x28, 0x05, 0x28, 0x05, 0x28, 0x05, /* F9540 */
	0x00, 0x00, 0x00, 0x00, 0x00, 0x00, 0x00, 0x00, 0x00, 0x00, 0x00, 0x00, 0x00, 0x00, 0x00, 0x00, /* F9550 */
	0x00, 0x00, 0x00, 0x00, 0x00, 0x00, 0x00, 0x00, 0x00, 0x00, 0x00, 0x00, 0x00, 0x00, 0x00, 0x00, /* F9560 */
	0x00, 0x00, 0x00, 0x00, 0x00, 0x00, 0x00, 0x00, 0x00, 0x00, 0x00, 0x00, 0x00, 0x00, 0x00, 0x00, /* F9570 */
	0xD8, 0xFA, 0xD8, 0xFA, 0xD8, 0xFA, 0xD8, 0xFA, 0xD8, 0xFA, 0xD8, 0xFA, 0xD8, 0xFA, 0xD8, 0xFA, /* F9580 */
	0xD8, 0xFA, 0xD8, 0xFA, 0xB0, 0xF5, 0xB0, 0xF5, 0xB0, 0xF5, 0xB0, 0xF5, 0xB0, 0xF5, 0xB0, 0xF5, /* F9590 */
	0x88, 0xF0, 0x88, 0xF0, 0x88, 0xF0, 0x60, 0xEB, 0x89, 0x40, 0xAE, 0x40, 0xE1, 0x40, 0x22, 0x41, /* F95A0 */
	0x77, 0x41, 0xE4, 0x41, 0x71, 0x42, 0x29, 0x43, 0x19, 0x44, 0x51, 0x45, 0xE5, 0x46, 0xEF, 0x48, /* F95B0 */
	0x88, 0x4B, 0xC4, 0x4E, 0xA7, 0x52, 0x1D, 0x57, 0xF7, 0x5B, 0xEF, 0x60, 0xC1, 0x65, 0x34, 0x6A, /* F95C0 */
	0x27, 0x6E, 0x8C, 0x71, 0x67, 0x74, 0xC1, 0x76, 0xAB, 0x78, 0x36, 0x7A, 0x71, 0x7B, 0x6B, 0x7C, /* F95D0 */
	0x31, 0x7D, 0xCE, 0x7D, 0x48, 0x7E, 0xA8, 0x7E, 0x00, 0x00, 0x00, 0x00, 0x00, 0x00, 0x00, 0x00, /* F95E0 */
	0x87, 0x64, 0x6C, 0x50, 0x05, 0x43, 0x72, 0x39, 0x43, 0x32, 0xAE, 0x2C, 0x36, 0x28, 0x8E, 0x24, /* F95F0 */
	0x82, 0x21, 0xEE, 0x1E, 0xB9, 0x1C, 0xCE, 0x1A, 0x21, 0x19, 0xA7, 0x17, 0x57, 0x16, 0x2A, 0x15, /* F9600 */
	0x1B, 0x14, 0x26, 0x13, 0x47, 0x12, 0x7B, 0x11, 0xC1, 0x10, 0x15, 0x10, 0x77, 0x0F, 0xE4, 0x0E, /* F9610 */
	0x5C, 0x0E, 0xDD, 0x0D, 0x67, 0x0D, 0xF8, 0x0C, 0x90, 0x0C, 0x2F, 0x0C, 0xD3, 0x0B, 0x7D, 0x0B, /* F9620 */
	0x2B, 0x0B, 0xDE, 0x0A, 0x95, 0x0A, 0x4F, 0x0A, 0x0D, 0x0A, 0xCE, 0x09, 0x93, 0x09, 0x5A, 0x09, /* F9630 */
	0x23, 0x09, 0xEF, 0x08, 0xBD, 0x08, 0x8E, 0x08, 0x60, 0x08, 0x34, 0x08, 0x0A, 0x08, 0xE2, 0x07, /* F9640 */
	0xBB, 0x07, 0x96, 0x07, 0x72, 0x07, 0x4F, 0x07, 0x2E, 0x07, 0x0E, 0x07, 0xEE, 0x06, 0xD0, 0x06, /* F9650 */
	0xB3, 0x06, 0x97, 0x06, 0x7C, 0x06, 0x62, 0x06, 0x48, 0x06, 0x2F, 0x06, 0x17, 0x06, 0x00, 0x06, /* F9660 */
	0xE9, 0x05, 0xD3, 0x05, 0xBE, 0x05, 0xA9, 0x05, 0x95, 0x05, 0x82, 0x05, 0x6F, 0x05, 0x5C, 0x05, /* F9670 */
	0x4A, 0x05, 0x38, 0x05, 0x27, 0x05, 0x17, 0x05, 0x06, 0x05, 0xF6, 0x04, 0xE7, 0x04, 0xD8, 0x04, /* F9680 */
	0xC9, 0x04, 0xBB, 0x04, 0xAD, 0x04, 0x9F, 0x04, 0x91, 0x04, 0x84, 0x04, 0x77, 0x04, 0x6B, 0x04, /* F9690 */
	0x5E, 0x04, 0x52, 0x04, 0x47, 0x04, 0x3B, 0x04, 0x30, 0x04, 0x25, 0x04, 0x1A, 0x04, 0x0F, 0x04, /* F96A0 */
	0x05, 0x04, 0xFB, 0x03, 0xF1, 0x03, 0xE7, 0x03, 0xDD, 0x03, 0xD4, 0x03, 0xCB, 0x03, 0xC2, 0x03, /* F96B0 */
	0xB9, 0x03, 0xB0, 0x03, 0xA7, 0x03, 0x9F, 0x03, 0x97, 0x03, 0x8F, 0x03, 0x87, 0x03, 0x7F, 0x03, /* F96C0 */
	0x77, 0x03, 0x6F, 0x03, 0x68, 0x03, 0x61, 0x03, 0x59, 0x03, 0x52, 0x03, 0x4B, 0x03, 0x44, 0x03, /* F96D0 */
	0x3E, 0x03, 0x37, 0x03, 0x74, 0x40, 0x74, 0x40, 0x74, 0x40, 0x74, 0x40, 0x74, 0x40, 0xD7, 0x40, /* F96E0 */
	0xD7, 0x40, 0x5B, 0x41, 0x5B, 0x41, 0x5B, 0x41, 0x5B, 0x41, 0xBE, 0x41, 0x5B, 0x41, 0xD7, 0x40, /* F96F0 */
	0x54, 0x3C, 0x64, 0x3E, 0x3B, 0x3D, 0x6D, 0x3B, 0xC0, 0x39, 0xD1, 0x37, 0xA0, 0x35, 0xA1, 0x31, /* F9700 */
	0x50, 0x2B, 0x42, 0x21, 0x5C, 0x1C, 0xC0, 0x18, 0x0B, 0x16, 0xA0, 0x14, 0x6F, 0x12, 0x5F, 0x10, /* F9710 */
	0x5F, 0x10, 0x5F, 0x10, 0x00, 0x00, 0x3E, 0x10, 0xB3, 0x2B, 0xCA, 0x32, 0x02, 0x3A, 0xC7, 0x3E, /* F9720 */
	0x00, 0x42, 0x62, 0x46, 0x50, 0x4C, 0x67, 0x53, 0x23, 0x5B, 0xA5, 0x63, 0x0E, 0x6D, 0x04, 0x74, /* F9730 */
	0x6E, 0x79, 0x0A, 0x7D, 0x01, 0x00, 0x4D, 0x18, 0x00, 0x40, 0xAA, 0xAA, 0x63, 0x00, 0x00, 0x00, /* F9740 */
	0x10, 0x27, 0x00, 0x00, 0x00, 0x00, 0x00, 0x00, 0x00, 0x00, 0x80, 0x9C, 0x80, 0x4D, 0x1A, 0xA0, /* F9750 */
	0xE2, 0x70, 0x9F, 0xB3, 0x2D, 0x70, 0x00, 0x00, 0x00, 0x00, 0x00, 0x00, 0x00, 0x00, 0x60, 0x7A, /* F9760 */
	0x00, 0x78, 0x00, 0x00, 0x00, 0x00, 0x00, 0x00, 0xD8, 0x43, 0x00, 0x00, 0x00, 0x20, 0x00, 0x00, /* F9770 */
	0x2B, 0x6C, 0x00, 0x00, 0x3C, 0x62, 0x00, 0x00, 0x00, 0x00, 0x00, 0x00, 0x00, 0x00, 0x00, 0x00, /* F9780 */
	0x00, 0x00, 0x00, 0x00, 0x00, 0x00, 0x00, 0x00, 0x00, 0x78, 0x00, 0x00, 0x00, 0x00, 0x00, 0x00, /* F9790 */
	0x5A, 0x2C, 0x00, 0x00, 0x00, 0x00, 0x3C, 0x33, 0xA9, 0x2B, 0xAB, 0x25, 0xD7, 0x20, 0xE4, 0x1C, /* F97A0 */
	0x9F, 0x19, 0xE1, 0x16, 0x8F, 0x14, 0x94, 0x12, 0xDF, 0x10, 0x64, 0x0F, 0x19, 0x0E, 0xF7, 0x0C, /* F97B0 */
	0xF6, 0x0B, 0x12, 0x0B, 0x47, 0x0A, 0x92, 0x09, 0xE8, 0x08, 0x00, 0x20, 0xF6, 0x1F, 0xEB, 0x1F, /* F97C0 */
	0xE1, 0x1F, 0xD7, 0x1F, 0xCD, 0x1F, 0xC2, 0x1F, 0xB8, 0x1F, 0xAE, 0x1F, 0xA3, 0x1F, 0x99, 0x1F, /* F97D0 */
	0x8F, 0x1F, 0x85, 0x1F, 0x7B, 0x1F, 0x71, 0x1F, 0x67, 0x1F, 0x5D, 0x1F, 0x53, 0x1F, 0x48, 0x1F, /* F97E0 */
	0x3E, 0x1F, 0x34, 0x1F, 0x2A, 0x1F, 0x20, 0x1F, 0x16, 0x1F, 0x0C, 0x1F, 0x02, 0x1F, 0xF8, 0x1E, /* F97F0 */
	0xEE, 0x1E, 0xE4, 0x1E, 0xDA, 0x1E, 0xD0, 0x1E, 0xC7, 0x1E, 0xBD, 0x1E, 0xB3, 0x1E, 0xA9, 0x1E, /* F9800 */
	0xA0, 0x1E, 0x96, 0x1E, 0x8C, 0x1E, 0x82, 0x1E, 0x78, 0x1E, 0x6E, 0x1E, 0x64, 0x1E, 0x5A, 0x1E, /* F9810 */
	0x50, 0x1E, 0x46, 0x1E, 0x3D, 0x1E, 0x33, 0x1E, 0x29, 0x1E, 0x1F, 0x1E, 0x16, 0x1E, 0x0D, 0x1E, /* F9820 */
	0x04, 0x1E, 0xFA, 0x1D, 0xF0, 0x1D, 0xE6, 0x1D, 0xDD, 0x1D, 0xD3, 0x1D, 0xCA, 0x1D, 0xC0, 0x1D, /* F9830 */
	0xB6, 0x1D, 0xAD, 0x1D, 0xA3, 0x1D, 0x99, 0x1D, 0x90, 0x1D, 0x86, 0x1D, 0x7C, 0x1D, 0x73, 0x1D, /* F9840 */
	0x6A, 0x1D, 0x61, 0x1D, 0x57, 0x1D, 0x4E, 0x1D, 0x45, 0x1D, 0x3B, 0x1D, 0x32, 0x1D, 0x28, 0x1D, /* F9850 */
	0x1F, 0x1D, 0x15, 0x1D, 0x0C, 0x1D, 0x03, 0x1D, 0xFA, 0x1C, 0xF0, 0x1C, 0xE6, 0x1C, 0xDD, 0x1C, /* F9860 */
	0xD4, 0x1C, 0xCB, 0x1C, 0xC2, 0x1C, 0xB9, 0x1C, 0xB0, 0x1C, 0xA6, 0x1C, 0x9D, 0x1C, 0x94, 0x1C, /* F9870 */
	0x8B, 0x1C, 0x82, 0x1C, 0x78, 0x1C, 0x6F, 0x1C, 0x66, 0x1C, 0x5D, 0x1C, 0x54, 0x1C, 0x4B, 0x1C, /* F9880 */
	0x42, 0x1C, 0x39, 0x1C, 0x30, 0x1C, 0x26, 0x1C, 0x1D, 0x1C, 0x14, 0x1C, 0x0B, 0x1C, 0x02, 0x1C, /* F9890 */
	0xF9, 0x1B, 0xF0, 0x1B, 0xE7, 0x1B, 0xDE, 0x1B, 0xD5, 0x1B, 0xCC, 0x1B, 0xC4, 0x1B, 0xBB, 0x1B, /* F98A0 */
	0xB2, 0x1B, 0xA9, 0x1B, 0xA0, 0x1B, 0x97, 0x1B, 0x8E, 0x1B, 0x85, 0x1B, 0x7C, 0x1B, 0x74, 0x1B, /* F98B0 */
	0x6B, 0x1B, 0x62, 0x1B, 0x59, 0x1B, 0x50, 0x1B, 0x48, 0x1B, 0x00, 0x20, 0xEB, 0x1F, 0xD7, 0x1F, /* F98C0 */
	0xC2, 0x1F, 0xAE, 0x1F, 0x99, 0x1F, 0x85, 0x1F, 0x71, 0x1F, 0x5D, 0x1F, 0x49, 0x1F, 0x34, 0x1F, /* F98D0 */
	0x20, 0x1F, 0x0C, 0x1F, 0xF8, 0x1E, 0xE4, 0x1E, 0xD1, 0x1E, 0xBD, 0x1E, 0xA9, 0x1E, 0x95, 0x1E, /* F98E0 */
	0x81, 0x1E, 0x6E, 0x1E, 0x5B, 0x1E, 0x47, 0x1E, 0x34, 0x1E, 0x20, 0x1E, 0x0D, 0x1E, 0xF9, 0x1D, /* F98F0 */
	0xE6, 0x1D, 0xD3, 0x1D, 0xC0, 0x1D, 0xAD, 0x1D, 0x9A, 0x1D, 0x87, 0x1D, 0x74, 0x1D, 0x61, 0x1D, /* F9900 */
	0x4E, 0x1D, 0x3B, 0x1D, 0x28, 0x1D, 0x15, 0x1D, 0x02, 0x1D, 0xF0, 0x1C, 0xDE, 0x1C, 0xCB, 0x1C, /* F9910 */
	0xB9, 0x1C, 0xA6, 0x1C, 0x93, 0x1C, 0x81, 0x1C, 0x6F, 0x1C, 0x5D, 0x1C, 0x4A, 0x1C, 0x38, 0x1C, /* F9920 */
	0x26, 0x1C, 0x14, 0x1C, 0x02, 0x1C, 0xF0, 0x1B, 0xDE, 0x1B, 0xCC, 0x1B, 0xBA, 0x1B, 0xA8, 0x1B, /* F9930 */
	0x97, 0x1B, 0x85, 0x1B, 0x73, 0x1B, 0x61, 0x1B, 0x4F, 0x1B, 0x3E, 0x1B, 0x2D, 0x1B, 0x1B, 0x1B, /* F9940 */
	0x0A, 0x1B, 0xF9, 0x1A, 0xE7, 0x1A, 0xD6, 0x1A, 0xC4, 0x1A, 0xB3, 0x1A, 0xA2, 0x1A, 0x91, 0x1A, /* F9950 */
	0x80, 0x1A, 0x6F, 0x1A, 0x5E, 0x1A, 0x4D, 0x1A, 0x3C, 0x1A, 0x2C, 0x1A, 0x1B, 0x1A, 0x0A, 0x1A, /* F9960 */
	0xFA, 0x19, 0xE9, 0x19, 0xD8, 0x19, 0xC8, 0x19, 0xB7, 0x19, 0xA7, 0x19, 0x96, 0x19, 0x86, 0x19, /* F9970 */
	0x75, 0x19, 0x65, 0x19, 0x55, 0x19, 0x44, 0x19, 0x34, 0x19, 0x24, 0x19, 0x14, 0x19, 0x04, 0x19, /* F9980 */
	0xF4, 0x18, 0xE3, 0x18, 0xD3, 0x18, 0xC4, 0x18, 0xB4, 0x18, 0xA4, 0x18, 0x94, 0x18, 0x84, 0x18, /* F9990 */
	0x74, 0x18, 0x65, 0x18, 0x55, 0x18, 0x45, 0x18, 0x36, 0x18, 0x26, 0x18, 0x17, 0x18, 0x07, 0x18, /* F99A0 */
	0xF8, 0x17, 0xE8, 0x17, 0xD9, 0x17, 0xCA, 0x17, 0xBA, 0x17, 0xAB, 0x17, 0x9C, 0x17, 0x8D, 0x17, /* F99B0 */
	0x7E, 0x17, 0x6F, 0x17, 0x5F, 0x17, 0x50, 0x17, 0x41, 0x17, 0x00, 0x40, 0x00, 0x40, 0xFF, 0x3F, /* F99C0 */
	0xFD, 0x3F, 0xFC, 0x3F, 0xFA, 0x3F, 0xF7, 0x3F, 0xF4, 0x3F, 0xF1, 0x3F, 0xED, 0x3F, 0xE9, 0x3F, /* F99D0 */
	0xE5, 0x3F, 0xE0, 0x3F, 0xDA, 0x3F, 0xD4, 0x3F, 0xCE, 0x3F, 0xC8, 0x3F, 0xC1, 0x3F, 0xB9, 0x3F, /* F99E0 */
	0xB1, 0x3F, 0xA9, 0x3F, 0xA0, 0x3F, 0x97, 0x3F, 0x8E, 0x3F, 0x84, 0x3F, 0x7A, 0x3F, 0x6F, 0x3F, /* F99F0 */
	0x64, 0x3F, 0x58, 0x3F, 0x4C, 0x3F, 0x40, 0x3F, 0x33, 0x3F, 0x26, 0x3F, 0x18, 0x3F, 0x0A, 0x3F, /* F9A00 */
	0xFC, 0x3E, 0xED, 0x3E, 0xDE, 0x3E, 0xCE, 0x3E, 0xBE, 0x3E, 0xAE, 0x3E, 0x9D, 0x3E, 0x8B, 0x3E, /* F9A10 */
	0x7A, 0x3E, 0x68, 0x3E, 0x55, 0x3E, 0x42, 0x3E, 0x2F, 0x3E, 0x1B, 0x3E, 0x07, 0x3E, 0xF3, 0x3D, /* F9A20 */
	0xDE, 0x3D, 0xC9, 0x3D, 0xB3, 0x3D, 0x9D, 0x3D, 0x86, 0x3D, 0x70, 0x3D, 0x58, 0x3D, 0x41, 0x3D, /* F9A30 */
	0x29, 0x3D, 0x10, 0x3D, 0xF7, 0x3C, 0xDE, 0x3C, 0xC4, 0x3C, 0xAA, 0x3C, 0x90, 0x3C, 0x75, 0x3C, /* F9A40 */
	0x5A, 0x3C, 0x3E, 0x3C, 0x22, 0x3C, 0x06, 0x3C, 0xE9, 0x3B, 0xCC, 0x3B, 0xAE, 0x3B, 0x90, 0x3B, /* F9A50 */
	0x72, 0x3B, 0x53, 0x3B, 0x34, 0x3B, 0x15, 0x3B, 0xF5, 0x3A, 0xD5, 0x3A, 0xB4, 0x3A, 0x93, 0x3A, /* F9A60 */
	0x72, 0x3A, 0x50, 0x3A, 0x2E, 0x3A, 0x0B, 0x3A, 0xE8, 0x39, 0xC5, 0x39, 0xA1, 0x39, 0x7D, 0x39, /* F9A70 */
	0x59, 0x39, 0x34, 0x39, 0x0F, 0x39, 0xEA, 0x38, 0xC4, 0x38, 0x9E, 0x38, 0x77, 0x38, 0x50, 0x38, /* F9A80 */
	0x29, 0x38, 0x01, 0x38, 0xD9, 0x37, 0xB1, 0x37, 0x88, 0x37, 0x5F, 0x37, 0x35, 0x37, 0x0B, 0x37, /* F9A90 */
	0xE1, 0x36, 0xB7, 0x36, 0x8C, 0x36, 0x60, 0x36, 0x35, 0x36, 0x09, 0x36, 0xDD, 0x35, 0xB0, 0x35, /* F9AA0 */
	0x83, 0x35, 0x56, 0x35, 0x28, 0x35, 0xFA, 0x34, 0xCB, 0x34, 0x9D, 0x34, 0x6E, 0x34, 0x3E, 0x34, /* F9AB0 */
	0x0E, 0x34, 0xDE, 0x33, 0xAE, 0x33, 0x7D, 0x33, 0x4C, 0x33, 0x1B, 0x33, 0xE9, 0x32, 0xB7, 0x32, /* F9AC0 */
	0x84, 0x32, 0x52, 0x32, 0x1F, 0x32, 0xEB, 0x31, 0xB8, 0x31, 0x84, 0x31, 0x4F, 0x31, 0x1B, 0x31, /* F9AD0 */
	0xE6, 0x30, 0xB0, 0x30, 0x7B, 0x30, 0x45, 0x30, 0x0F, 0x30, 0xD8, 0x2F, 0xA1, 0x2F, 0x6A, 0x2F, /* F9AE0 */
	0x32, 0x2F, 0xFB, 0x2E, 0xC3, 0x2E, 0x8A, 0x2E, 0x52, 0x2E, 0x19, 0x2E, 0xDF, 0x2D, 0xA6, 0x2D, /* F9AF0 */
	0x6C, 0x2D, 0x32, 0x2D, 0xF7, 0x2C, 0xBC, 0x2C, 0x81, 0x2C, 0x46, 0x2C, 0x0A, 0x2C, 0xCE, 0x2B, /* F9B00 */
	0x92, 0x2B, 0x56, 0x2B, 0x19, 0x2B, 0xDC, 0x2A, 0x9F, 0x2A, 0x61, 0x2A, 0x23, 0x2A, 0xE5, 0x29, /* F9B10 */
	0xA7, 0x29, 0x68, 0x29, 0x29, 0x29, 0xEA, 0x28, 0xAA, 0x28, 0x6B, 0x28, 0x2B, 0x28, 0xEB, 0x27, /* F9B20 */
	0xAA, 0x27, 0x69, 0x27, 0x28, 0x27, 0xE7, 0x26, 0xA5, 0x26, 0x64, 0x26, 0x22, 0x26, 0xDF, 0x25, /* F9B30 */
	0x9D, 0x25, 0x5A, 0x25, 0x17, 0x25, 0xD4, 0x24, 0x90, 0x24, 0x4D, 0x24, 0x09, 0x24, 0xC4, 0x23, /* F9B40 */
	0x80, 0x23, 0x3B, 0x23, 0xF7, 0x22, 0xB1, 0x22, 0x6C, 0x22, 0x27, 0x22, 0xE1, 0x21, 0x9B, 0x21, /* F9B50 */
	0x55, 0x21, 0x0E, 0x21, 0xC8, 0x20, 0x81, 0x20, 0x3A, 0x20, 0xF2, 0x1F, 0xAB, 0x1F, 0x63, 0x1F, /* F9B60 */
	0x1B, 0x1F, 0xD3, 0x1E, 0x8B, 0x1E, 0x42, 0x1E, 0xFA, 0x1D, 0xB1, 0x1D, 0x68, 0x1D, 0x1F, 0x1D, /* F9B70 */
	0xD5, 0x1C, 0x8C, 0x1C, 0x42, 0x1C, 0xF8, 0x1B, 0xAE, 0x1B, 0x63, 0x1B, 0x19, 0x1B, 0xCE, 0x1A, /* F9B80 */
	0x83, 0x1A, 0x38, 0x1A, 0xED, 0x19, 0xA1, 0x19, 0x56, 0x19, 0x0A, 0x19, 0xBE, 0x18, 0x72, 0x18, /* F9B90 */
	0x26, 0x18, 0xDA, 0x17, 0x8D, 0x17, 0x41, 0x17, 0xF4, 0x16, 0xA7, 0x16, 0x5A, 0x16, 0x0C, 0x16, /* F9BA0 */
	0xBF, 0x15, 0x71, 0x15, 0x24, 0x15, 0xD6, 0x14, 0x88, 0x14, 0x3A, 0x14, 0xEC, 0x13, 0x9D, 0x13, /* F9BB0 */
	0x4F, 0x13, 0x00, 0x13, 0xB2, 0x12, 0x63, 0x12, 0x14, 0x12, 0xC5, 0x11, 0x76, 0x11, 0x26, 0x11, /* F9BC0 */
	0xD7, 0x10, 0x87, 0x10, 0x38, 0x10, 0xE8, 0x0F, 0x98, 0x0F, 0x48, 0x0F, 0xF8, 0x0E, 0xA8, 0x0E, /* F9BD0 */
	0x58, 0x0E, 0x08, 0x0E, 0xB7, 0x0D, 0x67, 0x0D, 0x16, 0x0D, 0xC5, 0x0C, 0x75, 0x0C, 0x24, 0x0C, /* F9BE0 */
	0xD3, 0x0B, 0x82, 0x0B, 0x31, 0x0B, 0xE0, 0x0A, 0x8F, 0x0A, 0x3D, 0x0A, 0xEC, 0x09, 0x9B, 0x09, /* F9BF0 */
	0x49, 0x09, 0xF8, 0x08, 0xA6, 0x08, 0x54, 0x08, 0x03, 0x08, 0xB1, 0x07, 0x5F, 0x07, 0x0D, 0x07, /* F9C00 */
	0xBB, 0x06, 0x6A, 0x06, 0x18, 0x06, 0xC6, 0x05, 0x73, 0x05, 0x21, 0x05, 0xCF, 0x04, 0x7D, 0x04, /* F9C10 */
	0x2B, 0x04, 0xD9, 0x03, 0x87, 0x03, 0x34, 0x03, 0xE2, 0x02, 0x90, 0x02, 0x3D, 0x02, 0xEB, 0x01, /* F9C20 */
	0x99, 0x01, 0x46, 0x01, 0xF4, 0x00, 0xA2, 0x00, 0x4F, 0x00, 0xFE, 0xFF, 0xAC, 0xFF, 0x59, 0xFF, /* F9C30 */
	0x07, 0xFF, 0xB5, 0xFE, 0x62, 0xFE, 0x10, 0xFE, 0xBE, 0xFD, 0x6B, 0xFD, 0x19, 0xFD, 0xC7, 0xFC, /* F9C40 */
	0x74, 0xFC, 0x22, 0xFC, 0xD0, 0xFB, 0x7E, 0xFB, 0x2C, 0xFB, 0xDA, 0xFA, 0x87, 0xFA, 0x35, 0xFA, /* F9C50 */
	0xE3, 0xF9, 0x91, 0xF9, 0x40, 0xF9, 0xEE, 0xF8, 0x9C, 0xF8, 0x4A, 0xF8, 0xF8, 0xF7, 0xA7, 0xF7, /* F9C60 */
	0x55, 0xF7, 0x03, 0xF7, 0xB2, 0xF6, 0x60, 0xF6, 0x0F, 0xF6, 0xBE, 0xF5, 0x6C, 0xF5, 0x1B, 0xF5, /* F9C70 */
	0xCA, 0xF4, 0x79, 0xF4, 0x28, 0xF4, 0xD7, 0xF3, 0x86, 0xF3, 0x36, 0xF3, 0xE5, 0xF2, 0x94, 0xF2, /* F9C80 */
	0x44, 0xF2, 0xF3, 0xF1, 0xA3, 0xF1, 0x53, 0xF1, 0x03, 0xF1, 0xB3, 0xF0, 0x63, 0xF0, 0x13, 0xF0, /* F9C90 */
	0xC3, 0xEF, 0x74, 0xEF, 0x24, 0xEF, 0xD5, 0xEE, 0x86, 0xEE, 0x36, 0xEE, 0xE7, 0xED, 0x98, 0xED, /* F9CA0 */
	0x4A, 0xED, 0xFB, 0xEC, 0xAC, 0xEC, 0x5E, 0xEC, 0x0F, 0xEC, 0xC1, 0xEB, 0x73, 0xEB, 0x25, 0xEB, /* F9CB0 */
	0xD7, 0xEA, 0x8A, 0xEA, 0x3C, 0xEA, 0xEF, 0xE9, 0xA2, 0xE9, 0x55, 0xE9, 0x08, 0xE9, 0xBB, 0xE8, /* F9CC0 */
	0x6E, 0xE8, 0x22, 0xE8, 0xD5, 0xE7, 0x89, 0xE7, 0x3D, 0xE7, 0xF1, 0xE6, 0xA6, 0xE6, 0x5A, 0xE6, /* F9CD0 */
	0x0F, 0xE6, 0xC3, 0xE5, 0x78, 0xE5, 0x2E, 0xE5, 0xE3, 0xE4, 0x98, 0xE4, 0x4E, 0xE4, 0x04, 0xE4, /* F9CE0 */
	0xBA, 0xE3, 0x70, 0xE3, 0x26, 0xE3, 0xDD, 0xE2, 0x94, 0xE2, 0x4B, 0xE2, 0x02, 0xE2, 0xB9, 0xE1, /* F9CF0 */
	0x71, 0xE1, 0x28, 0xE1, 0xE0, 0xE0, 0x99, 0xE0, 0x51, 0xE0, 0x09, 0xE0, 0xC2, 0xDF, 0x7B, 0xDF, /* F9D00 */
	0x34, 0xDF, 0xEE, 0xDE, 0xA7, 0xDE, 0x61, 0xDE, 0x1B, 0xDE, 0xD5, 0xDD, 0x90, 0xDD, 0x4A, 0xDD, /* F9D10 */
	0x05, 0xDD, 0xC1, 0xDC, 0x7C, 0xDC, 0x38, 0xDC, 0xF3, 0xDB, 0xAF, 0xDB, 0x6C, 0xDB, 0x28, 0xDB, /* F9D20 */
	0xE5, 0xDA, 0xA2, 0xDA, 0x5F, 0xDA, 0x1D, 0xDA, 0xDB, 0xD9, 0x99, 0xD9, 0x57, 0xD9, 0x15, 0xD9, /* F9D30 */
	0xD4, 0xD8, 0x93, 0xD8, 0x52, 0xD8, 0x12, 0xD8, 0xD2, 0xD7, 0x92, 0xD7, 0x52, 0xD7, 0x12, 0xD7, /* F9D40 */
	0xD3, 0xD6, 0x94, 0xD6, 0x56, 0xD6, 0x17, 0xD6, 0xD9, 0xD5, 0x9B, 0xD5, 0x5E, 0xD5, 0x20, 0xD5, /* F9D50 */
	0xE3, 0xD4, 0xA7, 0xD4, 0x6A, 0xD4, 0x2E, 0xD4, 0xF2, 0xD3, 0xB7, 0xD3, 0x7B, 0xD3, 0x40, 0xD3, /* F9D60 */
	0x06, 0xD3, 0xCB, 0xD2, 0x91, 0xD2, 0x57, 0xD2, 0x1E, 0xD2, 0xE4, 0xD1, 0xAB, 0xD1, 0x73, 0xD1, /* F9D70 */
	0x3A, 0xD1, 0x02, 0xD1, 0xCA, 0xD0, 0x93, 0xD0, 0x5C, 0xD0, 0x25, 0xD0, 0xEE, 0xCF, 0xB8, 0xCF, /* F9D80 */
	0x82, 0xCF, 0x4D, 0xCF, 0x18, 0xCF, 0xE3, 0xCE, 0xAE, 0xCE, 0x7A, 0xCE, 0x46, 0xCE, 0x12, 0xCE, /* F9D90 */
	0xDF, 0xCD, 0xAC, 0xCD, 0x79, 0xCD, 0x46, 0xCD, 0x14, 0xCD, 0xE3, 0xCC, 0xB1, 0xCC, 0x80, 0xCC, /* F9DA0 */
	0x4F, 0xCC, 0x1F, 0xCC, 0xEF, 0xCB, 0xBF, 0xCB, 0x90, 0xCB, 0x61, 0xCB, 0x32, 0xCB, 0x04, 0xCB, /* F9DB0 */
	0xD6, 0xCA, 0xA8, 0xCA, 0x7B, 0xCA, 0x4E, 0xCA, 0x22, 0xCA, 0x00, 0x00, 0x00, 0x00, 0x00, 0x00, /* F9DC0 */
	0x00, 0x00, 0x00, 0x00, 0x00, 0x00, 0x00, 0x00, 0x00, 0x00, 0x00, 0x00, 0x00, 0x00, 0x00, 0x00, /* F9DD0 */
	0x00, 0x00, 0x00, 0x00, 0x00, 0x00, 0x00, 0x00, 0x00, 0x00, 0x00, 0x00, 0x00, 0x00, 0x00, 0x00, /* F9DE0 */
	0x00, 0x00, 0x00, 0x00, 0x00, 0x00, 0x00, 0x00, 0x00, 0x00, 0x00, 0x00, 0x00, 0x00, 0x00, 0x00, /* F9DF0 */
	0x00, 0x00, 0x00, 0x00, 0x00, 0x00, 0x00, 0x00, 0x00, 0x00, 0x00, 0x00, 0x00, 0x00, 0x00, 0x00, /* F9E00 */
	0x00, 0x00, 0x00, 0x00, 0x00, 0x00, 0x00, 0x00, 0x00, 0x00, 0x00, 0x00, 0x00, 0x00, 0x00, 0x00, /* F9E10 */
	0x00, 0x00, 0x00, 0x00, 0x00, 0x00, 0x00, 0x00, 0x00, 0x00, 0x00, 0x00, 0x00, 0x00, 0x00, 0x00, /* F9E20 */
	0x00, 0x00, 0x00, 0x00, 0x00, 0x00, 0x00, 0x00, 0x00, 0x00, 0x00, 0x00, 0x00, 0x00, 0x00, 0x00, /* F9E30 */
	0x00, 0x00, 0x00, 0x00, 0x00, 0x00, 0x00, 0x00, 0x00, 0x00, 0x00, 0x00, 0x00, 0x00, 0x00, 0x00, /* F9E40 */
	0x00, 0x00, 0x00, 0x00, 0x00, 0x00, 0x00, 0x00, 0x00, 0x00, 0x00, 0x00, 0x00, 0x00, 0x00, 0x00, /* F9E50 */
	0x00, 0x00, 0x00, 0x00, 0x00, 0x00, 0x00, 0x00, 0x00, 0x00, 0x00, 0x00, 0x00, 0x00, 0x00, 0x00, /* F9E60 */
	0x00, 0x00, 0x00, 0x00, 0x00, 0x00, 0x00, 0x00, 0x00, 0x00, 0x00, 0x00, 0x00, 0x00, 0x00, 0x00, /* F9E70 */
	0x00, 0x00, 0x00, 0x00, 0x00, 0x00, 0x00, 0x00, 0x00, 0x00, 0x00, 0x00, 0x00, 0x00, 0x00, 0x00, /* F9E80 */
	0x00, 0x00, 0x00, 0x00, 0x00, 0x00, 0x00, 0x00, 0x00, 0x00, 0x00, 0x00, 0x00, 0x00, 0x00, 0x00, /* F9E90 */
	0x00, 0x00, 0x00, 0x00, 0x00, 0x00, 0x00, 0x00, 0x00, 0x00, 0x00, 0x00, 0x00, 0x00, 0x00, 0x00, /* F9EA0 */
	0x00, 0x00, 0x00, 0x00, 0x00, 0x00, 0x00, 0x00, 0x01, 0x00, 0x01, 0x00, 0x01, 0x00, 0x01, 0x00, /* F9EB0 */
	0x01, 0x00, 0x01, 0x00, 0x01, 0x00, 0x01, 0x00, 0x02, 0x00, 0x02, 0x00, 0x02, 0x00, 0x02, 0x00, /* F9EC0 */
	0x02, 0x00, 0x03, 0x00, 0x03, 0x00, 0x04, 0x00, 0x04, 0x00, 0x05, 0x00, 0x05, 0x00, 0x06, 0x00, /* F9ED0 */
	0x07, 0x00, 0x08, 0x00, 0x09, 0x00, 0x0A, 0x00, 0x0B, 0x00, 0x0C, 0x00, 0x0E, 0x00, 0x10, 0x00, /* F9EE0 */
	0x12, 0x00, 0x14, 0x00, 0x17, 0x00, 0x19, 0x00, 0x1D, 0x00, 0x20, 0x00, 0x24, 0x00, 0x29, 0x00, /* F9EF0 */
	0x2E, 0x00, 0x33, 0x00, 0x39, 0x00, 0x41, 0x00, 0x49, 0x00, 0x51, 0x00, 0x5B, 0x00, 0x67, 0x00, /* F9F00 */
	0x73, 0x00, 0x81, 0x00, 0x91, 0x00, 0xA3, 0x00, 0xB7, 0x00, 0xCD, 0x00, 0xE6, 0x00, 0x03, 0x01, /* F9F10 */
	0x22, 0x01, 0x46, 0x01, 0x6D, 0x01, 0x9A, 0x01, 0xCC, 0x01, 0x04, 0x02, 0x43, 0x02, 0x8A, 0x02, /* F9F20 */
	0xDA, 0x02, 0x33, 0x03, 0x97, 0x03, 0x07, 0x04, 0x85, 0x04, 0x12, 0x05, 0xB0, 0x05, 0x62, 0x06, /* F9F30 */
	0x29, 0x07, 0x09, 0x08, 0x04, 0x09, 0x1E, 0x0A, 0x5A, 0x0B, 0xBD, 0x0C, 0x4B, 0x0E, 0x09, 0x10, /* F9F40 */
	0xFE, 0x11, 0x30, 0x14, 0xA7, 0x16, 0x6B, 0x19, 0x85, 0x1C, 0x00, 0x20, 0xE7, 0x23, 0x49, 0x28, /* F9F50 */
	0x33, 0x2D, 0xB7, 0x32, 0xE7, 0x38, 0xD9, 0x3F, 0xA3, 0x47, 0x61, 0x50, 0x30, 0x5A, 0x31, 0x65, /* F9F60 */
	0x8A, 0x71, 0x64, 0x7F, 0x18, 0x00, 0x21, 0x00, 0x26, 0x00, 0x28, 0x00, 0x2B, 0x00, 0x2C, 0x00, /* F9F70 */
	0x2E, 0x00, 0x2F, 0x00, 0x30, 0x00, 0x31, 0x00, 0x32, 0x00, 0x33, 0x00, 0x34, 0x00, 0x34, 0x00, /* F9F80 */
	0x35, 0x00, 0x35, 0x00, 0x36, 0x00, 0x36, 0x00, 0x37, 0x00, 0x37, 0x00, 0x38, 0x00, 0x38, 0x00, /* F9F90 */
	0x39, 0x00, 0x39, 0x00, 0x39, 0x00, 0x3A, 0x00, 0x3A, 0x00, 0x3A, 0x00, 0x3B, 0x00, 0x3B, 0x00, /* F9FA0 */
	0x3B, 0x00, 0x3C, 0x00, 0x3C, 0x00, 0x3C, 0x00, 0x3C, 0x00, 0x3D, 0x00, 0x3D, 0x00, 0x3D, 0x00, /* F9FB0 */
	0x3D, 0x00, 0x3E, 0x00, 0x3E, 0x00, 0x3E, 0x00, 0x3E, 0x00, 0x3E, 0x00, 0x3F, 0x00, 0x3F, 0x00, /* F9FC0 */
	0x3F, 0x00, 0x3F, 0x00, 0x3F, 0x00, 0x3F, 0x00, 0x40, 0x00, 0x40, 0x00, 0x40, 0x00, 0x40, 0x00, /* F9FD0 */
	0x40, 0x00, 0x40, 0x00, 0x41, 0x00, 0x41, 0x00, 0x41, 0x00, 0x41, 0x00, 0x41, 0x00, 0x41, 0x00, /* F9FE0 */
	0x42, 0x00, 0x42, 0x00, 0x42, 0x00, 0x42, 0x00, 0x42, 0x00, 0x42, 0x00, 0x42, 0x00, 0x42, 0x00, /* F9FF0 */
	0x43, 0x00, 0x43, 0x00, 0x43, 0x00, 0x43, 0x00, 0x43, 0x00, 0x43, 0x00, 0x43, 0x00, 0x43, 0x00, /* FA000 */
	0x44, 0x00, 0x44, 0x00, 0x44, 0x00, 0x44, 0x00, 0x44, 0x00, 0x44, 0x00, 0x44, 0x00, 0x44, 0x00, /* FA010 */
	0x44, 0x00, 0x44, 0x00, 0x45, 0x00, 0x45, 0x00, 0x45, 0x00, 0x45, 0x00, 0x45, 0x00, 0x45, 0x00, /* FA020 */
	0x45, 0x00, 0x45, 0x00, 0x45, 0x00, 0x45, 0x00, 0x45, 0x00, 0x46, 0x00, 0x46, 0x00, 0x46, 0x00, /* FA030 */
	0x46, 0x00, 0x46, 0x00, 0x46, 0x00, 0x46, 0x00, 0x46, 0x00, 0x46, 0x00, 0x46, 0x00, 0x46, 0x00, /* FA040 */
	0x46, 0x00, 0x47, 0x00, 0x47, 0x00, 0x47, 0x00, 0x47, 0x00, 0x47, 0x00, 0x47, 0x00, 0x47, 0x00, /* FA050 */
	0x47, 0x00, 0x47, 0x00, 0x47, 0x00, 0x0B, 0x00, 0x0B, 0x00, 0x0A, 0x00, 0x0A, 0x00, 0x09, 0x00, /* FA060 */
	0x08, 0x00, 0x08, 0x00, 0x07, 0x00, 0x06, 0x00, 0x06, 0x00, 0x05, 0x00, 0x04, 0x00, 0x04, 0x00, /* FA070 */
	0x03, 0x00, 0x02, 0x00, 0x02, 0x00, 0x01, 0x00, 0x00, 0x00, 0x00, 0x00, 0x00, 0x00, 0x00, 0x00, /* FA080 */
	0x00, 0x00, 0x00, 0x00, 0x00, 0x00, 0x00, 0x00, 0x00, 0x00, 0x00, 0x00, 0x00, 0x00, 0x00, 0x00, /* FA090 */
	0x00, 0x00, 0x00, 0x00, 0x00, 0x00, 0x00, 0x00, 0x00, 0x00, 0x00, 0x00, 0x00, 0x00, 0x00, 0x00, /* FA0A0 */
	0x00, 0x00, 0x00, 0x00, 0x00, 0x00, 0x00, 0x00, 0x00, 0x00, 0x00, 0x00, 0x00, 0x00, 0x00, 0x00, /* FA0B0 */
	0x00, 0x00, 0x00, 0x00, 0x00, 0x00, 0x00, 0x00, 0x00, 0x00, 0x00, 0x00, 0x00, 0x00, 0x00, 0x00, /* FA0C0 */
	0x00, 0x00, 0x00, 0x00, 0x00, 0x00, 0x00, 0x00, 0x00, 0x00, 0x00, 0x00, 0x00, 0x00, 0x00, 0x00, /* FA0D0 */
	0x00, 0x00, 0x00, 0x00, 0x00, 0x00, 0x00, 0x00, 0x00, 0x00, 0x00, 0x00, 0x00, 0x00, 0x00, 0x00, /* FA0E0 */
	0x00, 0x00, 0x00, 0x00, 0x00, 0x00, 0x00, 0x00, 0x00, 0x00, 0x00, 0x00, 0x00, 0x00, 0x00, 0x00, /* FA0F0 */
	0x00, 0x00, 0x00, 0x00, 0x00, 0x00, 0x00, 0x00, 0x00, 0x00, 0x00, 0x00, 0x00, 0x00, 0x00, 0x00, /* FA100 */
	0x00, 0x00, 0x00, 0x00, 0x00, 0x00, 0x00, 0x00, 0x00, 0x00, 0x00, 0x00, 0x00, 0x00, 0x00, 0x00, /* FA110 */
	0x00, 0x00, 0x00, 0x00, 0x00, 0x00, 0x00, 0x00, 0x00, 0x00, 0x00, 0x00, 0x00, 0x00, 0x00, 0x00, /* FA120 */
	0x00, 0x00, 0x00, 0x00, 0x00, 0x00, 0x00, 0x00, 0x00, 0x00, 0x00, 0x00, 0x00, 0x00, 0x00, 0x00, /* FA130 */
	0x00, 0x00, 0x00, 0x00, 0x00, 0x00, 0x00, 0x00, 0x00, 0x00, 0x00, 0x00, 0x00, 0x00, 0x00, 0x00, /* FA140 */
	0x00, 0x00, 0x98, 0x08, 0xA4, 0x06, 0x14, 0x05, 0xE8, 0x03, 0xF3, 0x02, 0xF4, 0x01, 0xA0, 0x01, /* FA150 */
	0x5E, 0x01, 0x18, 0x01, 0x0E, 0x01, 0xDC, 0x00, 0xA2, 0x00, 0x8F, 0x00, 0x86, 0x00, 0x7A, 0x00, /* FA160 */
	0x5A, 0x00, 0x50, 0x00, 0x46, 0x00, 0x32, 0x00, 0x1E, 0x00, 0x1E, 0x00, 0x1E, 0x00, 0x1E, 0x00, /* FA170 */
	0x1E, 0x00, 0x1E, 0x00, 0x1E, 0x00, 0xC8, 0x00, 0xC8, 0x00, 0xC8, 0x00, 0xC8, 0x00, 0xB9, 0x00, /* FA180 */
	0xB4, 0x00, 0xAF, 0x00, 0xAA, 0x00, 0xA0, 0x00, 0x96, 0x00, 0x8C, 0x00, 0x82, 0x00, 0x78, 0x00, /* FA190 */
	0x6E, 0x00, 0x64, 0x00, 0x61, 0x00, 0x59, 0x00, 0x4E, 0x00, 0x49, 0x00, 0x3F, 0x00, 0x37, 0x00, /* FA1A0 */
	0x31, 0x00, 0x28, 0x00, 0x13, 0x00, 0x13, 0x00, 0x13, 0x00, 0x7F, 0xBF, 0xE7, 0xBD, 0xAB, 0xBD, /* FA1B0 */
	0xCB, 0xAD, 0x6B, 0xAC, 0x6A, 0xAC, 0x4A, 0xAC, 0x4A, 0x2C, 0x4A, 0x28, 0x42, 0x28, 0x42, 0x20, /* FA1C0 */
	0x40, 0x20, 0x40, 0x20, 0x00, 0x00, 0x00, 0x00, 0x64, 0x00, 0x46, 0x00, 0xA0, 0x00, 0x78, 0x00, /* FA1D0 */
	0x50, 0x00, 0x50, 0x00, 0x50, 0x00, 0x50, 0x00, 0x50, 0x00, 0x50, 0x00, 0x50, 0x00, 0x50, 0x00, /* FA1E0 */
	0x50, 0x00, 0xFF, 0x00, 0xFF, 0x00, 0xFF, 0x00, 0xFF, 0x00, 0xCC, 0x00, 0xCC, 0x00, 0xCC, 0x00, /* FA1F0 */
	0xFF, 0x00, 0xFF, 0x00, 0x1F, 0x00, 0x0F, 0x00, 0x0F, 0x00, 0x7F, 0x00, 0x00, 0x00, 0x00, 0x3C, /* FA200 */
	0x3C, 0x3C, 0x3C, 0x3C, 0x00, 0x64, 0x70, 0x96, 0xCE, 0x46, 0x2D, 0x37, 0x0E, 0x64, 0x10, 0x08, /* FA210 */
	0x00, 0x00, 0xFF, 0x00, 0x00, 0x00, 0x00, 0x00, 0x00, 0x00, 0x00, 0xFF, 0xFF, 0xFF, 0xE1, 0x0F, /* FA220 */
	0x0F, 0x0F, 0x0E, 0xFF, 0x10, 0x08, 0x00, 0x00, 0xFF, 0x00, 0x00, 0x00, 0x00, 0x00, 0x00, 0x00, /* FA230 */
	0x00, 0x40, 0xE1, 0xBE, 0xD7, 0x28, 0x41, 0x46, 0x0E, 0xFF, 0x10, 0x08, 0x00, 0x00, 0xFF, 0x00, /* FA240 */
	0x00, 0x00, 0x00, 0x00, 0x00, 0x00, 0x00, 0xBC, 0x51, 0xA8, 0xD4, 0x1E, 0x1E, 0x50, 0x0E, 0xFF, /* FA250 */
	0x10, 0x08, 0x00, 0x00, 0xFF, 0x00, 0x00, 0x00, 0x00, 0x00, 0x00, 0x00, 0x00, 0x3C, 0x57, 0x89, /* FA260 */
	0xCE, 0x2D, 0x1E, 0x28, 0x0E, 0xFF, 0x10, 0x08, 0x00, 0x00, 0xFF, 0x00, 0x00, 0x00, 0x00, 0x00, /* FA270 */
	0x00, 0x00, 0x00, 0x90, 0xA7, 0xA5, 0xD4, 0x1E, 0x19, 0x3C, 0x0E, 0xFF, 0x10, 0x08, 0x00, 0x00, /* FA280 */
	0xFF, 0x00, 0x00, 0x00, 0x00, 0x00, 0x00, 0x00, 0x00, 0x7C, 0x64, 0x60, 0xE1, 0x23, 0x23, 0x28, /* FA290 */
	0x0E, 0xFF, 0x10, 0x08, 0x00, 0x00, 0x00, 0xFF, 0x1E, 0x00, 0x00, 0x00, 0x32, 0x50, 0x00, 0x64, /* FA2A0 */
	0x6F, 0xA8, 0xD4, 0x64, 0x46, 0x6E, 0x0E, 0x00, 0x10, 0x08, 0x00, 0x00, 0x00, 0xFF, 0x24, 0x00, /* FA2B0 */
	0x46, 0x34, 0x3C, 0x3C, 0x00, 0x64, 0x96, 0x47, 0xC1, 0x64, 0x3C, 0x50, 0x0E, 0x00, 0x10, 0x08, /* FA2C0 */
	0x00, 0x00, 0xFF, 0xFF, 0x00, 0x00, 0x00, 0x00, 0x32, 0x50, 0x00, 0x4B, 0x6F, 0x53, 0xCE, 0x64, /* FA2D0 */
	0x46, 0x6E, 0x0E, 0xFF, 0x10, 0x08, 0x00, 0x00, 0xFF, 0x00, 0x08, 0x00, 0x00, 0x00, 0x00, 0x00, /* FA2E0 */
	0x00, 0x80, 0x6F, 0x53, 0xD4, 0x64, 0x4B, 0x6E, 0x39, 0xFF, 0x10, 0x08, 0x00, 0x00, 0x3C, 0x00, /* FA2F0 */
	0x00, 0x00, 0x00, 0x00, 0x00, 0x00, 0x00, 0x64, 0x71, 0x90, 0xCE, 0x32, 0x32, 0x46, 0x0E, 0x32, /* FA300 */
	0x10, 0x08, 0x00, 0x00, 0x0F, 0x30, 0x18, 0x18, 0x1C, 0x2C, 0x2C, 0x2C, 0x32, 0x30, 0x30, 0x30, /* FA310 */
	0x32, 0x34, 0x3A, 0x3A, 0x20, 0x54, 0x68, 0x69, 0x73, 0x20, 0x69, 0x73, 0x20, 0x76, 0x65, 0x72, /* FA320 */
	0x73, 0x69, 0x6F, 0x6E, 0x20, 0x33, 0x2E, 0x34, 0x2E, 0x31, 0x20, 0x74, 0x65, 0x73, 0x74, 0x20, /* FA330 */
	0x6D, 0x6F, 0x64, 0x65, 0x2C, 0x20, 0x61, 0x63, 0x74, 0x69, 0x76, 0x61, 0x74, 0x65, 0x64, 0x20, /* FA340 */
	0x62, 0x79, 0x20, 0x73, 0x77, 0x69, 0x74, 0x63, 0x68, 0x20, 0x73, 0x34, 0x20, 0x64, 0x61, 0x73, /* FA350 */
	0x68, 0x20, 0x37, 0x20, 0x2E, 0x2E, 0x2E, 0x20, 0x00, 0x00, 0x24, 0x62, 0x00, 0x05, 0x18, 0x13, /* FA360 */
	0x62, 0x63, 0x75, 0x18, 0x13, 0x45, 0x69, 0x55, 0x18, 0x01, 0x01, 0x18, 0x11, 0x48, 0x0B, 0x95, /* FA370 */
	0x18, 0x11, 0x48, 0x18, 0x12, 0x33, 0x01, 0x08, 0x18, 0x13, 0x69, 0x18, 0x13, 0x59, 0x18, 0x01, /* FA380 */
	0x05, 0x18, 0x0B, 0x95, 0x0A, 0xA0, 0x18, 0x13, 0x70, 0x18, 0x11, 0x4D, 0x6D, 0x18, 0x13, 0x53, /* FA390 */
	0x18, 0x01, 0x00, 0x0B, 0x95, 0x18, 0x01, 0x00, 0x0B, 0x9D, 0x18, 0x01, 0x00, 0x18, 0x0B, 0x95, /* FA3A0 */
	0x18, 0x0B, 0x9D, 0x18, 0x01, 0x0A, 0x0B, 0x91, 0x18, 0x13, 0x73, 0x18, 0x13, 0x55, 0x77, 0x62, /* FA3B0 */
	0x63, 0x75, 0x18, 0x13, 0x34, 0x45, 0x69, 0x7C, 0x18, 0x13, 0x6C, 0x18, 0x13, 0x40, 0x7C, 0x18, /* FA3C0 */
	0x01, 0x00, 0x0A, 0x91, 0x18, 0x13, 0x52, 0x18, 0x11, 0x48, 0x0B, 0x91, 0x0A, 0x9D, 0x18, 0x00, /* FA3D0 */
	0x00, 0x0B, 0x9D, 0x18, 0x0A, 0x91, 0x18, 0x13, 0x5A, 0x18, 0x01, 0x06, 0x18, 0x01, 0x07, 0x18, /* FA3E0 */
	0x01, 0x09, 0x18, 0x01, 0x08, 0x18, 0x13, 0x33, 0x18, 0x13, 0x57, 0x18, 0x13, 0x4C, 0x18, 0x13, /* FA3F0 */
	0x20, 0x18, 0x13, 0x73, 0x0D, 0xA0, 0x0D, 0x95, 0x18, 0x13, 0x73, 0x0C, 0xA0, 0x0D, 0x95, 0x18, /* FA400 */
	0x13, 0x73, 0x0C, 0x95, 0x0D, 0x9D, 0x18, 0x13, 0x73, 0x15, 0x33, 0x18, 0x13, 0x73, 0x0C, 0x95, /* FA410 */
	0x0C, 0x9D, 0x0D, 0x91, 0x18, 0x11, 0x45, 0x55, 0x59, 0x34, 0x18, 0x0A, 0x80, 0x18, 0x0B, 0x90, /* FA420 */
	0x18, 0x00, 0x0A, 0x0B, 0x81, 0x18, 0x00, 0x0A, 0x0B, 0x91, 0x18, 0x01, 0x03, 0x00, 0x0A, 0x0B, /* FA430 */
	0x91, 0x18, 0x01, 0x03, 0x00, 0x0A, 0x0B, 0x81, 0x18, 0x00, 0x0A, 0x18, 0x0B, 0x86, 0x12, 0x73, /* FA440 */
	0x18, 0x0B, 0x85, 0x18, 0x11, 0x4A, 0x13, 0x7A, 0x15, 0x52, 0x18, 0x0B, 0x86, 0x18, 0x01, 0x03, /* FA450 */
	0x00, 0x0A, 0x01, 0x06, 0x18, 0x13, 0x6E, 0x18, 0x13, 0x61, 0x18, 0x13, 0x73, 0x15, 0x52, 0x18, /* FA460 */
	0x13, 0x73, 0x15, 0x20, 0x18, 0x00, 0x80, 0xFF, 0x08, 0x00, 0x2A, 0xDF, 0x00, 0xFF, 0x0F, 0x00, /* FA470 */
	0x38, 0xDF, 0x80, 0xFF, 0x03, 0x00, 0xB2, 0xEB, 0x02, 0xFF, 0x06, 0x00, 0xC4, 0xEB, 0x80, 0xFF, /* FA480 */
	0x00, 0x00, 0x58, 0xDE, 0x00, 0xFF, 0x00, 0x00, 0x66, 0xDE, 0x80, 0xFF, 0x35, 0x00, 0x2E, 0xDE, /* FA490 */
	0x80, 0xFF, 0x90, 0x01, 0x00, 0xDF, 0x00, 0xFF, 0xB0, 0x04, 0xBA, 0xDE, 0x81, 0xFF, 0x64, 0x00, /* FA4A0 */
	0xBA, 0xDE, 0x01, 0xFF, 0x64, 0x00, 0xC8, 0xDE, 0x80, 0xFF, 0x78, 0x05, 0xBA, 0xDE, 0x80, 0xFF, /* FA4B0 */
	0x2C, 0x01, 0xF2, 0xDE, 0x00, 0xFF, 0x64, 0x00, 0x00, 0xDF, 0x86, 0xFF, 0x00, 0x00, 0x2A, 0xEB, /* FA4C0 */
	0x87, 0xFF, 0x00, 0x00, 0xAC, 0xDE, 0x86, 0xFF, 0x00, 0x00, 0x2C, 0xEB, 0x87, 0xFF, 0x00, 0x00, /* FA4D0 */
	0xBA, 0xDE, 0x86, 0xFF, 0x00, 0x00, 0x2E, 0xEB, 0x07, 0xFF, 0x00, 0x00, 0xC8, 0xDE, 0x80, 0xFF, /* FA4E0 */
	0xB0, 0x00, 0xAC, 0xDE, 0x80, 0xFF, 0xBC, 0x06, 0xBA, 0xDE, 0x80, 0xFF, 0xF0, 0x08, 0xC8, 0xDE, /* FA4F0 */
	0x80, 0xFF, 0x00, 0x0E, 0xD6, 0xDE, 0x00, 0xFF, 0x32, 0x00, 0xF2, 0xDE, 0x80, 0xFF, 0x3E, 0x00, /* FA500 */
	0x58, 0xDE, 0x80, 0xFF, 0x2D, 0x00, 0x66, 0xDE, 0x00, 0xFF, 0x2D, 0x00, 0x74, 0xDE, 0x80, 0xFF, /* FA510 */
	0x3E, 0x00, 0x58, 0xDE, 0x80, 0xFF, 0x2F, 0x00, 0x9E, 0xDE, 0x00, 0xFF, 0x32, 0x00, 0xF2, 0xDE, /* FA520 */
	0x80, 0xFF, 0xE4, 0x03, 0xBA, 0xDE, 0x80, 0xFF, 0x50, 0x08, 0xC8, 0xDE, 0x00, 0xFF, 0x00, 0x0D, /* FA530 */
	0xD6, 0xDE, 0x80, 0xFF, 0x24, 0x04, 0xBA, 0xDE, 0x80, 0xFF, 0x70, 0x0A, 0xC8, 0xDE, 0x00, 0xFF, /* FA540 */
	0xB0, 0x0D, 0xD6, 0xDE, 0x80, 0xFF, 0x32, 0x00, 0x66, 0xDE, 0x00, 0xFF, 0x32, 0x00, 0x74, 0xDE, /* FA550 */
	0x80, 0xFF, 0x3A, 0x00, 0xC8, 0xEB, 0x00, 0xFF, 0x1F, 0x00, 0xCA, 0xEB, 0x00, 0xFF, 0xD8, 0x00, /* FA560 */
	0xAC, 0xDE, 0x80, 0xFF, 0xB0, 0x04, 0xBA, 0xDE, 0x00, 0xFF, 0x3E, 0x00, 0x58, 0xDE, 0x80, 0xFF, /* FA570 */
	0x3E, 0x00, 0xC8, 0xEB, 0x00, 0xFF, 0x46, 0x00, 0x58, 0xDE, 0x80, 0xFF, 0x10, 0x40, 0x66, 0xEB, /* FA580 */
	0x00, 0xFF, 0x80, 0x66, 0x68, 0xEB, 0x00, 0xFF, 0x0E, 0x06, 0xBA, 0xDE, 0x00, 0xFF, 0x46, 0x05, /* FA590 */
	0xBA, 0xDE, 0x80, 0xFF, 0x03, 0x00, 0xB4, 0xEB, 0x80, 0xFF, 0x7C, 0x06, 0xBA, 0xDE, 0x00, 0xFF, /* FA5A0 */
	0xD0, 0x08, 0xC8, 0xDE, 0x00, 0xFF, 0xD6, 0x06, 0xC8, 0xDE, 0x80, 0xFF, 0x80, 0x66, 0x66, 0xEB, /* FA5B0 */
	0x00, 0xFF, 0x70, 0x26, 0x68, 0xEB, 0x80, 0xFF, 0x44, 0x00, 0xC8, 0xEB, 0x00, 0xFF, 0x00, 0x00, /* FA5C0 */
	0xCA, 0xEB, 0x02, 0xFF, 0x07, 0x00, 0xC8, 0xEB, 0x80, 0xFF, 0x9C, 0x01, 0xAC, 0xDE, 0x80, 0xFF, /* FA5D0 */
	0xB4, 0x04, 0xBA, 0xDE, 0x80, 0xFF, 0x80, 0x09, 0xC8, 0xDE, 0x00, 0xFF, 0x70, 0x0C, 0xD6, 0xDE, /* FA5E0 */
	0x80, 0xFF, 0x41, 0x00, 0xC8, 0xEB, 0x80, 0xFF, 0x28, 0x00, 0xCA, 0xEB, 0x80, 0xFF, 0x3A, 0x00, /* FA5F0 */
	0x66, 0xDE, 0x80, 0xFF, 0x38, 0x00, 0x74, 0xDE, 0x00, 0xFF, 0x38, 0x00, 0x90, 0xDE, 0x80, 0xFF, /* FA600 */
	0x38, 0x00, 0xC8, 0xEB, 0x80, 0xFF, 0x37, 0x00, 0x66, 0xDE, 0x80, 0xFF, 0x9C, 0x01, 0xAC, 0xDE, /* FA610 */
	0x80, 0xFF, 0x9C, 0x04, 0xBA, 0xDE, 0x00, 0xFF, 0x80, 0x0A, 0xC8, 0xDE, 0x80, 0xFF, 0x08, 0x00, /* FA620 */
	0x2A, 0xDF, 0x80, 0xFF, 0x0E, 0x00, 0x38, 0xDF, 0x80, 0xFF, 0x03, 0x00, 0x22, 0xDF, 0x00, 0xFF, /* FA630 */
	0x03, 0x00, 0x30, 0xDF, 0x01, 0xFF, 0x5E, 0x01, 0xBA, 0xDE, 0x01, 0xFF, 0x64, 0x00, 0xBA, 0xDE, /* FA640 */
	0x80, 0xFF, 0x4E, 0x00, 0x74, 0xDE, 0x80, 0xFF, 0x4B, 0x00, 0x90, 0xDE, 0x80, 0xFF, 0xAA, 0x05, /* FA650 */
	0xBA, 0xDE, 0x00, 0xFF, 0x48, 0x0D, 0xD6, 0xDE, 0x80, 0xFF, 0x12, 0x00, 0x2A, 0xDF, 0x80, 0xFF, /* FA660 */
	0x0C, 0x00, 0x38, 0xDF, 0x80, 0xFF, 0x03, 0x00, 0x22, 0xDF, 0x80, 0xFF, 0x03, 0x00, 0x30, 0xDF, /* FA670 */
	0x00, 0xFF, 0x2D, 0x00, 0x2E, 0xDE, 0x80, 0xFF, 0x46, 0x00, 0xE4, 0xDE, 0x00, 0xFF, 0xA4, 0x06, /* FA680 */
	0xBA, 0xDE, 0x80, 0xFF, 0x2A, 0x00, 0x3C, 0xDE, 0x80, 0xFF, 0x21, 0x00, 0x4A, 0xDE, 0x00, 0xFF, /* FA690 */
	0x4D, 0x00, 0x90, 0xDE, 0x80, 0xFF, 0x04, 0x00, 0xA0, 0xDE, 0x80, 0xFF, 0x90, 0x01, 0xAC, 0xDE, /* FA6A0 */
	0x80, 0xFF, 0x1C, 0x07, 0xBA, 0xDE, 0x00, 0xFF, 0x70, 0x09, 0xC8, 0xDE, 0x80, 0xFF, 0x04, 0x00, /* FA6B0 */
	0xA0, 0xDE, 0x80, 0xFF, 0x90, 0x01, 0xAC, 0xDE, 0x80, 0xFF, 0xDC, 0x05, 0xBA, 0xDE, 0x00, 0xFF, /* FA6C0 */
	0xE0, 0x0D, 0xD6, 0xDE, 0x80, 0xFF, 0x90, 0x01, 0xAC, 0xDE, 0x00, 0xFF, 0x04, 0x06, 0xBA, 0xDE, /* FA6D0 */
	0x80, 0xFF, 0x04, 0x00, 0xA0, 0xDE, 0x80, 0xFF, 0x90, 0x01, 0xAC, 0xDE, 0x00, 0xFF, 0x44, 0x05, /* FA6E0 */
	0xBA, 0xDE, 0x80, 0xFF, 0x3E, 0x00, 0x3C, 0xDE, 0x80, 0xFF, 0x1F, 0x00, 0x4A, 0xDE, 0x80, 0xFF, /* FA6F0 */
	0x00, 0x00, 0x9E, 0xDE, 0x80, 0xFF, 0x00, 0x00, 0x58, 0xDE, 0x80, 0xFF, 0x00, 0x00, 0x66, 0xDE, /* FA700 */
	0x80, 0xFF, 0x00, 0x00, 0x74, 0xDE, 0x80, 0xFF, 0x3E, 0x00, 0x82, 0xDE, 0x00, 0xFF, 0x3C, 0x00, /* FA710 */
	0x90, 0xDE, 0x80, 0xFF, 0x45, 0x00, 0x74, 0xDE, 0x80, 0xFF, 0x3C, 0x00, 0x82, 0xDE, 0x00, 0xFF, /* FA720 */
	0x37, 0x00, 0x90, 0xDE, 0x82, 0xFF, 0x32, 0x00, 0xBA, 0xDE, 0x02, 0xFF, 0xC8, 0x00, 0xC8, 0xDE, /* FA730 */
	0x80, 0xFF, 0x80, 0x66, 0x66, 0xEB, 0x00, 0xFF, 0x80, 0x66, 0x68, 0xEB, 0x00, 0xFF, 0x0E, 0x06, /* FA740 */
	0xBA, 0xDE, 0x80, 0xFF, 0x2A, 0x00, 0x3C, 0xDE, 0x80, 0xFF, 0x4D, 0x00, 0x90, 0xDE, 0x00, 0xFF, /* FA750 */
	0x21, 0x00, 0x4A, 0xDE, 0x02, 0xFF, 0x14, 0x00, 0x2E, 0xDE, 0x80, 0xFF, 0x05, 0x00, 0x34, 0xDE, /* FA760 */
	0x00, 0xFF, 0x05, 0x00, 0x42, 0xDE, 0x80, 0xFF, 0x10, 0x01, 0xAC, 0xDE, 0x00, 0xFF, 0xC0, 0x09, /* FA770 */
	0xC8, 0xDE, 0x80, 0xFF, 0x38, 0x00, 0x2E, 0xDE, 0x00, 0xFF, 0x41, 0x00, 0x3C, 0xDE, 0x00, 0xFF, /* FA780 */
	0x20, 0x09, 0xC8, 0xDE, 0x81, 0xFF, 0x05, 0x00, 0x3C, 0xDE, 0x80, 0xFF, 0x54, 0x06, 0xBA, 0xDE, /* FA790 */
	0x80, 0xFF, 0xF0, 0x08, 0xC8, 0xDE, 0x00, 0xFF, 0xA0, 0x0E, 0xD6, 0xDE, 0x81, 0xFF, 0x05, 0x00, /* FA7A0 */
	0x3C, 0xDE, 0x80, 0xFF, 0x37, 0x00, 0x90, 0xDE, 0x80, 0xFF, 0xC8, 0x00, 0xAC, 0xDE, 0x80, 0xFF, /* FA7B0 */
	0x5C, 0x06, 0xBA, 0xDE, 0x80, 0xFF, 0x60, 0x09, 0xC8, 0xDE, 0x00, 0xFF, 0x80, 0x0D, 0xD6, 0xDE, /* FA7C0 */
	0x81, 0xFF, 0x05, 0x00, 0x2E, 0xDE, 0x80, 0xFF, 0x8C, 0x00, 0xAC, 0xDE, 0x80, 0xFF, 0xDC, 0x06, /* FA7D0 */
	0xBA, 0xDE, 0x80, 0xFF, 0xC0, 0x09, 0xC8, 0xDE, 0x00, 0xFF, 0x30, 0x0E, 0xD6, 0xDE, 0x80, 0xFF, /* FA7E0 */
	0x2D, 0x00, 0x58, 0xDE, 0x00, 0xFF, 0x2D, 0x00, 0x66, 0xDE, 0x80, 0xFF, 0xE4, 0x00, 0xAC, 0xDE, /* FA7F0 */
	0x80, 0xFF, 0xDC, 0x05, 0xBA, 0xDE, 0x80, 0xFF, 0x60, 0x09, 0xC8, 0xDE, 0x00, 0xFF, 0x90, 0x0D, /* FA800 */
	0xD6, 0xDE, 0x80, 0xFF, 0x28, 0x01, 0xAC, 0xDE, 0x80, 0xFF, 0x43, 0x00, 0x82, 0xDE, 0x80, 0xFF, /* FA810 */
	0x3F, 0x00, 0x90, 0xDE, 0x01, 0xFF, 0x04, 0x00, 0x3C, 0xDE, 0x80, 0xFF, 0x11, 0x00, 0x2A, 0xDF, /* FA820 */
	0x80, 0xFF, 0x28, 0x00, 0x2E, 0xDE, 0x80, 0xFF, 0x43, 0x00, 0x3C, 0xDE, 0x80, 0xFF, 0x49, 0x00, /* FA830 */
	0x82, 0xDE, 0x80, 0xFF, 0x06, 0x00, 0x34, 0xDE, 0x00, 0xFF, 0x32, 0x00, 0x4A, 0xDE, 0x80, 0xFF, /* FA840 */
	0x49, 0x00, 0x74, 0xDE, 0x80, 0xFF, 0x28, 0x01, 0xAC, 0xDE, 0x00, 0xFF, 0xA0, 0x0E, 0xD6, 0xDE, /* FA850 */
	0x80, 0xFF, 0x00, 0x00, 0x2E, 0xDE, 0x80, 0xFF, 0x49, 0x00, 0x74, 0xDE, 0x80, 0xFF, 0x0F, 0x00, /* FA860 */
	0x2A, 0xDF, 0x80, 0xFF, 0x0F, 0x00, 0x38, 0xDF, 0x80, 0xFF, 0x03, 0x00, 0x34, 0xDE, 0x00, 0xFF, /* FA870 */
	0x45, 0x00, 0x3C, 0xDE, 0x80, 0xFF, 0x28, 0x01, 0xAC, 0xDE, 0x80, 0xFF, 0x28, 0x00, 0x2E, 0xDE, /* FA880 */
	0x80, 0xFF, 0x32, 0x00, 0x4A, 0xDE, 0x80, 0xFF, 0x03, 0x00, 0x34, 0xDE, 0x00, 0xFF, 0x45, 0x00, /* FA890 */
	0x3C, 0xDE, 0x80, 0xFF, 0x33, 0x00, 0x4A, 0xDE, 0x00, 0xFF, 0x46, 0x00, 0x58, 0xDE, 0x80, 0xFF, /* FA8A0 */
	0x04, 0x00, 0xB6, 0xEB, 0x80, 0xFF, 0x30, 0x00, 0xCA, 0xEB, 0x80, 0xFF, 0xD4, 0x06, 0xBA, 0xDE, /* FA8B0 */
	0x00, 0xFF, 0xC0, 0x09, 0xC8, 0xDE, 0x80, 0xFF, 0x37, 0x00, 0x58, 0xDE, 0x80, 0xFF, 0x44, 0x00, /* FA8C0 */
	0x74, 0xDE, 0x80, 0xFF, 0x44, 0x00, 0x82, 0xDE, 0x00, 0xFF, 0x41, 0x00, 0x90, 0xDE, 0x80, 0xFF, /* FA8D0 */
	0x06, 0x00, 0xB6, 0xEB, 0x80, 0xFF, 0x34, 0x00, 0x58, 0xDE, 0x80, 0xFF, 0x37, 0x00, 0x66, 0xDE, /* FA8E0 */
	0x80, 0xFF, 0x3E, 0x00, 0x74, 0xDE, 0x80, 0xFF, 0x41, 0x00, 0x82, 0xDE, 0x00, 0xFF, 0x44, 0x00, /* FA8F0 */
	0x90, 0xDE, 0x80, 0xFF, 0x08, 0x07, 0xBA, 0xDE, 0x80, 0xFF, 0x60, 0x09, 0xC8, 0xDE, 0x00, 0xFF, /* FA900 */
	0x30, 0x0D, 0xD6, 0xDE, 0x80, 0xFF, 0xFC, 0x00, 0xAC, 0xDE, 0x80, 0xFF, 0x60, 0x09, 0xC8, 0xDE, /* FA910 */
	0x00, 0xFF, 0xC0, 0x0C, 0xD6, 0xDE, 0x80, 0xFF, 0x3C, 0x00, 0x9E, 0xDE, 0x80, 0xFF, 0x38, 0x00, /* FA920 */
	0x58, 0xDE, 0x80, 0xFF, 0x38, 0x00, 0x66, 0xDE, 0x80, 0xFF, 0x32, 0x00, 0x82, 0xDE, 0x00, 0xFF, /* FA930 */
	0x32, 0x00, 0x90, 0xDE, 0x80, 0xFF, 0xB8, 0x01, 0xAC, 0xDE, 0x80, 0xFF, 0x04, 0x06, 0xBA, 0xDE, /* FA940 */
	0x80, 0xFF, 0xC0, 0x09, 0xC8, 0xDE, 0x00, 0xFF, 0x20, 0x0D, 0xD6, 0xDE, 0x80, 0xFF, 0x03, 0x00, /* FA950 */
	0xB6, 0xEB, 0x00, 0xFF, 0x3C, 0x00, 0xC8, 0xEB, 0x80, 0xFF, 0x04, 0x00, 0xB6, 0xEB, 0x80, 0xFF, /* FA960 */
	0x37, 0x00, 0x58, 0xDE, 0x80, 0xFF, 0x41, 0x00, 0x66, 0xDE, 0x80, 0xFF, 0x3C, 0x00, 0x82, 0xDE, /* FA970 */
	0x00, 0xFF, 0x41, 0x00, 0x90, 0xDE, 0x80, 0xFF, 0x78, 0x02, 0xAC, 0xDE, 0x80, 0xFF, 0x44, 0x06, /* FA980 */
	0xBA, 0xDE, 0x80, 0xFF, 0x10, 0x0A, 0xC8, 0xDE, 0x00, 0xFF, 0xD0, 0x0E, 0xD6, 0xDE, 0x80, 0xFF, /* FA990 */
	0x05, 0x00, 0xB6, 0xEB, 0x80, 0xFF, 0x28, 0x00, 0xCA, 0xEB, 0x80, 0xFF, 0x35, 0x00, 0xC8, 0xEB, /* FA9A0 */
	0x00, 0xFF, 0x7F, 0x00, 0xB4, 0xEB, 0x80, 0xFF, 0x30, 0x00, 0x58, 0xDE, 0x80, 0xFF, 0x30, 0x00, /* FA9B0 */
	0x66, 0xDE, 0x80, 0xFF, 0x3E, 0x00, 0x74, 0xDE, 0x80, 0xFF, 0x3E, 0x00, 0x82, 0xDE, 0x00, 0xFF, /* FA9C0 */
	0x3C, 0x00, 0x90, 0xDE, 0x80, 0xFF, 0xC0, 0x01, 0xAC, 0xDE, 0x80, 0xFF, 0x6C, 0x06, 0xBA, 0xDE, /* FA9D0 */
	0x00, 0xFF, 0x90, 0x0D, 0xD6, 0xDE, 0x80, 0xFF, 0x02, 0x00, 0xB6, 0xEB, 0x80, 0xFF, 0x32, 0x00, /* FA9E0 */
	0xC8, 0xEB, 0x00, 0xFF, 0x30, 0x00, 0xCA, 0xEB, 0x80, 0xFF, 0x43, 0x00, 0x66, 0xDE, 0x80, 0xFF, /* FA9F0 */
	0x41, 0x00, 0x82, 0xDE, 0x80, 0xFF, 0x41, 0x00, 0x90, 0xDE, 0x00, 0xFF, 0x41, 0x00, 0x9E, 0xDE, /* FAA00 */
	0x80, 0xFF, 0x05, 0x00, 0xB6, 0xEB, 0x80, 0xFF, 0x32, 0x00, 0xC8, 0xEB, 0x80, 0xFF, 0x2D, 0x00, /* FAA10 */
	0xCA, 0xEB, 0x80, 0xFF, 0x46, 0x00, 0x74, 0xDE, 0x00, 0xFF, 0x3C, 0x00, 0x9E, 0xDE, 0x80, 0xFF, /* FAA20 */
	0x3A, 0x00, 0xC8, 0xEB, 0x80, 0xFF, 0x3C, 0x00, 0x66, 0xDE, 0x80, 0xFF, 0x00, 0x00, 0x74, 0xDE, /* FAA30 */
	0x80, 0xFF, 0x3F, 0x00, 0x82, 0xDE, 0x80, 0xFF, 0x42, 0x00, 0x90, 0xDE, 0x80, 0xFF, 0x05, 0x00, /* FAA40 */
	0xB6, 0xEB, 0x00, 0xFF, 0xA0, 0x0E, 0xD6, 0xDE, 0x80, 0xFF, 0x28, 0x00, 0x58, 0xDE, 0x80, 0xFF, /* FAA50 */
	0x00, 0x00, 0x66, 0xDE, 0x80, 0xFF, 0x68, 0x01, 0xAC, 0xDE, 0x80, 0xFF, 0x84, 0x06, 0xBA, 0xDE, /* FAA60 */
	0x80, 0xFF, 0x50, 0x09, 0xC8, 0xDE, 0x00, 0xFF, 0xF0, 0x0C, 0xD6, 0xDE, 0x80, 0xFF, 0x54, 0x08, /* FAA70 */
	0xBA, 0xDE, 0x00, 0xFF, 0x4B, 0x00, 0x00, 0xDF, 0x80, 0xFF, 0x44, 0x00, 0x66, 0xDE, 0x00, 0xFF, /* FAA80 */
	0x44, 0x00, 0x74, 0xDE, 0x80, 0xFF, 0x8C, 0x07, 0xBA, 0xDE, 0x00, 0xFF, 0xC0, 0x09, 0xC8, 0xDE, /* FAA90 */
	0x80, 0xFF, 0x3C, 0x00, 0x82, 0xDE, 0x00, 0xFF, 0x3C, 0x00, 0x90, 0xDE, 0x00, 0xFF, 0xF0, 0x08, /* FAAA0 */
	0xC8, 0xDE, 0x82, 0xFF, 0x0F, 0x00, 0x9E, 0xDE, 0x80, 0xFF, 0x44, 0x00, 0x66, 0xDE, 0x80, 0xFF, /* FAAB0 */
	0x44, 0x00, 0x74, 0xDE, 0x00, 0xFF, 0x41, 0x00, 0x90, 0xDE, 0x80, 0xFF, 0x3C, 0x00, 0x58, 0xDE, /* FAAC0 */
	0x80, 0xFF, 0x49, 0x00, 0x66, 0xDE, 0x00, 0xFF, 0x41, 0x00, 0x74, 0xDE, 0x80, 0xFF, 0xF4, 0x05, /* FAAD0 */
	0xBA, 0xDE, 0x80, 0xFF, 0x00, 0x0A, 0xC8, 0xDE, 0x00, 0xFF, 0xB0, 0x0E, 0xD6, 0xDE, 0x80, 0xFF, /* FAAE0 */
	0x00, 0x00, 0xC6, 0xEB, 0x80, 0xFF, 0x00, 0x00, 0x66, 0xDE, 0x00, 0xFF, 0x00, 0x00, 0x74, 0xDE, /* FAAF0 */
	0x80, 0xFF, 0x2C, 0x08, 0xBA, 0xDE, 0x00, 0xFF, 0x34, 0x00, 0xC8, 0xEB, 0x80, 0xFF, 0x8C, 0x07, /* FAB00 */
	0xBA, 0xDE, 0x80, 0xFF, 0x00, 0x00, 0x9E, 0xDE, 0x00, 0xFF, 0x37, 0x00, 0xC8, 0xEB, 0x80, 0xFF, /* FAB10 */
	0xDC, 0x05, 0xBA, 0xDE, 0x80, 0xFF, 0x80, 0x0A, 0xC8, 0xDE, 0x80, 0xFF, 0x40, 0x0E, 0xD6, 0xDE, /* FAB20 */
	0x80, 0xFF, 0x34, 0x00, 0xC8, 0xEB, 0x00, 0xFF, 0x35, 0x00, 0xC6, 0xEB, 0x00, 0xFF, 0x2A, 0x00, /* FAB30 */
	0x2E, 0xDE, 0x80, 0xFF, 0x43, 0x00, 0x66, 0xDE, 0x00, 0xFF, 0x41, 0x00, 0x90, 0xDE, 0x81, 0xFF, /* FAB40 */
	0x01, 0x00, 0xB6, 0xEB, 0x00, 0xFF, 0x98, 0x08, 0xC8, 0xDE, 0x80, 0xFF, 0x3C, 0x00, 0x58, 0xDE, /* FAB50 */
	0x00, 0xFF, 0x3C, 0x00, 0x66, 0xDE, 0x80, 0xFF, 0x28, 0x00, 0x58, 0xDE, 0x80, 0xFF, 0x28, 0x00, /* FAB60 */
	0x66, 0xDE, 0x00, 0xFF, 0x4D, 0x00, 0x74, 0xDE, 0x00, 0xFF, 0x33, 0x00, 0xCA, 0xEB, 0x80, 0xFF, /* FAB70 */
	0x19, 0x00, 0x82, 0xDE, 0x00, 0xFF, 0x19, 0x00, 0x90, 0xDE, 0x80, 0xFF, 0x4D, 0x00, 0x58, 0xDE, /* FAB80 */
	0x00, 0xFF, 0x3D, 0x00, 0x66, 0xDE, 0x80, 0xFF, 0x46, 0x05, 0xBA, 0xDE, 0x00, 0xFF, 0x0E, 0x06, /* FAB90 */
	0xC8, 0xDE, 0x80, 0xFF, 0xD8, 0x7E, 0x6A, 0xEB, 0x80, 0xFF, 0x34, 0x04, 0xBA, 0xDE, 0x80, 0xFF, /* FABA0 */
	0x90, 0x05, 0xC8, 0xDE, 0x00, 0xFF, 0xBE, 0x0A, 0xD6, 0xDE, 0x80, 0xFF, 0x00, 0x00, 0x66, 0xDE, /* FABB0 */
	0x80, 0xFF, 0x3A, 0x00, 0x74, 0xDE, 0x80, 0xFF, 0x00, 0x00, 0x9E, 0xDE, 0x00, 0xFF, 0x00, 0x00, /* FABC0 */
	0x82, 0xDE, 0x80, 0xFF, 0x00, 0x00, 0x82, 0xDE, 0x00, 0xFF, 0x00, 0x00, 0x90, 0xDE, 0x80, 0xFF, /* FABD0 */
	0xCC, 0x08, 0xBA, 0xDE, 0x80, 0xFF, 0xA0, 0x09, 0xC8, 0xDE, 0x80, 0xFF, 0x70, 0x0C, 0xD6, 0xDE, /* FABE0 */
	0x00, 0xFF, 0x40, 0x33, 0xB0, 0xEB, 0x80, 0xFF, 0x00, 0x00, 0x58, 0xDE, 0x80, 0xFF, 0x32, 0x00, /* FABF0 */
	0x74, 0xDE, 0x80, 0xFF, 0x24, 0x08, 0xBA, 0xDE, 0x80, 0xFF, 0x90, 0x0A, 0xC8, 0xDE, 0x00, 0xFF, /* FAC00 */
	0xC0, 0x0C, 0xD6, 0xDE, 0x80, 0xFF, 0x00, 0x00, 0x74, 0xDE, 0x80, 0xFF, 0x3C, 0x00, 0x82, 0xDE, /* FAC10 */
	0x00, 0xFF, 0x64, 0x00, 0x00, 0xDF, 0x80, 0xFF, 0xBA, 0x0E, 0xD6, 0xDE, 0x80, 0xFF, 0x37, 0x00, /* FAC20 */
	0xC8, 0xEB, 0x00, 0xFF, 0x40, 0x33, 0xB0, 0xEB, 0x80, 0xFF, 0x44, 0x05, 0xBA, 0xDE, 0x80, 0xFF, /* FAC30 */
	0x10, 0x06, 0xC8, 0xDE, 0x80, 0xFF, 0x68, 0x0D, 0xD6, 0xDE, 0x00, 0xFF, 0x40, 0x33, 0xB0, 0xEB, /* FAC40 */
	0x80, 0xFF, 0x28, 0x00, 0x66, 0xDE, 0x80, 0xFF, 0x32, 0x00, 0x74, 0xDE, 0x00, 0xFF, 0x3C, 0x00, /* FAC50 */
	0x82, 0xDE, 0x80, 0xFF, 0xEC, 0x06, 0xBA, 0xDE, 0x80, 0xFF, 0xC0, 0x08, 0xC8, 0xDE, 0x00, 0xFF, /* FAC60 */
	0xF0, 0x0D, 0xD6, 0xDE, 0x80, 0xFF, 0x3F, 0x00, 0xC8, 0xEB, 0x80, 0xFF, 0x3F, 0x00, 0x58, 0xDE, /* FAC70 */
	0x80, 0xFF, 0x30, 0x00, 0x66, 0xDE, 0x80, 0xFF, 0x0C, 0x04, 0xBA, 0xDE, 0x00, 0xFF, 0xC0, 0x08, /* FAC80 */
	0xC8, 0xDE, 0x80, 0xFF, 0x7C, 0x04, 0xBA, 0xDE, 0x00, 0xFF, 0x40, 0x05, 0xC8, 0xDE, 0x80, 0xFF, /* FAC90 */
	0x3A, 0x00, 0xC8, 0xEB, 0x80, 0xFF, 0x00, 0x00, 0x66, 0xDE, 0x80, 0xFF, 0x30, 0x00, 0x74, 0xDE, /* FACA0 */
	0x00, 0xFF, 0x30, 0x00, 0x82, 0xDE, 0x80, 0xFF, 0x44, 0x00, 0x58, 0xDE, 0x80, 0xFF, 0x2D, 0x00, /* FACB0 */
	0x66, 0xDE, 0x80, 0xFF, 0x44, 0x00, 0x74, 0xDE, 0x00, 0xFF, 0x32, 0x00, 0x90, 0xDE, 0x80, 0xFF, /* FACC0 */
	0x9C, 0x04, 0xBA, 0xDE, 0x00, 0xFF, 0x90, 0x08, 0xC8, 0xDE, 0x80, 0xFF, 0x00, 0x00, 0x66, 0xDE, /* FACD0 */
	0x80, 0xFF, 0x32, 0x00, 0x74, 0xDE, 0x80, 0xFF, 0xB4, 0x06, 0xBA, 0xDE, 0x00, 0xFF, 0x70, 0x07, /* FACE0 */
	0xC8, 0xDE, 0x80, 0xFF, 0x3D, 0x00, 0xC8, 0xEB, 0x80, 0xFF, 0x00, 0x00, 0x66, 0xDE, 0x80, 0xFF, /* FACF0 */
	0x3A, 0x00, 0x9E, 0xDE, 0x80, 0xFF, 0x6C, 0x05, 0xBA, 0xDE, 0x80, 0xFF, 0x6C, 0x05, 0xBA, 0xDE, /* FAD00 */
	0x00, 0xFF, 0x10, 0x07, 0xC8, 0xDE, 0x80, 0xFF, 0x74, 0x05, 0xBA, 0xDE, 0x00, 0xFF, 0x20, 0x08, /* FAD10 */
	0xC8, 0xDE, 0x80, 0xFF, 0x00, 0x00, 0x2E, 0xDE, 0x80, 0xFF, 0x38, 0x00, 0xC8, 0xEB, 0x80, 0xFF, /* FAD20 */
	0x1F, 0x00, 0xCA, 0xEB, 0x80, 0xFF, 0xFC, 0x08, 0xBA, 0xDE, 0x00, 0xFF, 0xE0, 0x09, 0xC8, 0xDE, /* FAD30 */
	0x80, 0xFF, 0x00, 0x00, 0x58, 0xDE, 0x80, 0xFF, 0x2D, 0x00, 0x74, 0xDE, 0x00, 0xFF, 0x37, 0x00, /* FAD40 */
	0x90, 0xDE, 0x80, 0xFF, 0xD2, 0x08, 0xBA, 0xDE, 0x80, 0xFF, 0xAA, 0x09, 0xC8, 0xDE, 0x00, 0xFF, /* FAD50 */
	0x70, 0x0C, 0xD6, 0xDE, 0x80, 0xFF, 0xF4, 0x00, 0xAC, 0xDE, 0x80, 0xFF, 0x0C, 0x08, 0xBA, 0xDE, /* FAD60 */
	0x80, 0xFF, 0xA0, 0x0A, 0xC8, 0xDE, 0x00, 0xFF, 0x50, 0x0D, 0xD6, 0xDE, 0x80, 0xFF, 0x2D, 0x00, /* FAD70 */
	0x2E, 0xDE, 0x80, 0xFF, 0x00, 0x00, 0x58, 0xDE, 0x80, 0xFF, 0x3F, 0x00, 0x66, 0xDE, 0x80, 0xFF, /* FAD80 */
	0x00, 0x00, 0x74, 0xDE, 0x00, 0xFF, 0x37, 0x00, 0x82, 0xDE, 0x80, 0xFF, 0x09, 0x00, 0x2A, 0xDF, /* FAD90 */
	0x00, 0xFF, 0x0F, 0x00, 0x38, 0xDF, 0x80, 0xFF, 0x3A, 0x00, 0xC8, 0xEB, 0x80, 0xFF, 0x3F, 0x00, /* FADA0 */
	0x58, 0xDE, 0x80, 0xFF, 0x00, 0x00, 0x66, 0xDE, 0x80, 0xFF, 0x00, 0x00, 0x74, 0xDE, 0x80, 0xFF, /* FADB0 */
	0x37, 0x00, 0x82, 0xDE, 0x00, 0xFF, 0x00, 0x00, 0x90, 0xDE, 0x80, 0xFF, 0x8C, 0x00, 0xF2, 0xDE, /* FADC0 */
	0x80, 0xFF, 0x1C, 0x01, 0xAC, 0xDE, 0x80, 0xFF, 0x8C, 0x06, 0xBA, 0xDE, 0x80, 0xFF, 0x60, 0x08, /* FADD0 */
	0xC8, 0xDE, 0x00, 0xFF, 0xA0, 0x0D, 0xD6, 0xDE, 0x80, 0xFF, 0x5C, 0x05, 0xBA, 0xDE, 0x00, 0xFF, /* FADE0 */
	0x20, 0x07, 0xC8, 0xDE, 0x80, 0xFF, 0x40, 0x00, 0x58, 0xDE, 0x80, 0xFF, 0x40, 0x00, 0x66, 0xDE, /* FADF0 */
	0x80, 0xFF, 0x37, 0x00, 0x82, 0xDE, 0x00, 0xFF, 0x38, 0x00, 0xC8, 0xEB, 0x80, 0xFF, 0x0C, 0x06, /* FAE00 */
	0xBA, 0xDE, 0x80, 0xFF, 0x70, 0x08, 0xC8, 0xDE, 0x00, 0xFF, 0xF0, 0x0C, 0xD6, 0xDE, 0x80, 0xFF, /* FAE10 */
	0x9C, 0x03, 0xBA, 0xDE, 0x00, 0xFF, 0xD0, 0x09, 0xC8, 0xDE, 0x80, 0xFF, 0x37, 0x00, 0x82, 0xDE, /* FAE20 */
	0x80, 0xFF, 0x41, 0x00, 0x58, 0xDE, 0x00, 0xFF, 0x00, 0x00, 0x66, 0xDE, 0x80, 0xFF, 0x41, 0x00, /* FAE30 */
	0xC8, 0xEB, 0x00, 0xFF, 0x22, 0x00, 0xCA, 0xEB, 0x80, 0xFF, 0x34, 0x00, 0x2E, 0xDE, 0x00, 0xFF, /* FAE40 */
	0x00, 0x00, 0x58, 0xDE, 0x80, 0xFF, 0xEC, 0x09, 0xBA, 0xDE, 0x00, 0xFF, 0x40, 0x0B, 0xC8, 0xDE, /* FAE50 */
	0x80, 0xFF, 0x3E, 0x00, 0x66, 0xDE, 0x80, 0xFF, 0xBC, 0x07, 0xBA, 0xDE, 0x80, 0xFF, 0x80, 0x08, /* FAE60 */
	0xC8, 0xDE, 0x00, 0xFF, 0x50, 0x0E, 0xD6, 0xDE, 0x80, 0xFF, 0x3E, 0x00, 0x58, 0xDE, 0x00, 0xFF, /* FAE70 */
	0x3E, 0x00, 0x66, 0xDE, 0x80, 0xFF, 0x2C, 0x07, 0xBA, 0xDE, 0x00, 0xFF, 0xE0, 0x07, 0xC8, 0xDE, /* FAE80 */
	0x80, 0xFF, 0x04, 0x05, 0xBA, 0xDE, 0x00, 0xFF, 0xD0, 0x05, 0xC8, 0xDE, 0x80, 0xFF, 0x37, 0x00, /* FAE90 */
	0xC8, 0xEB, 0x80, 0xFF, 0x31, 0x00, 0xCA, 0xEB, 0x80, 0xFF, 0x2A, 0x00, 0x66, 0xDE, 0x00, 0xFF, /* FAEA0 */
	0x2A, 0x00, 0x74, 0xDE, 0x80, 0xFF, 0x34, 0x06, 0xBA, 0xDE, 0x00, 0xFF, 0x60, 0x07, 0xC8, 0xDE, /* FAEB0 */
	0x00, 0xFF, 0x37, 0x00, 0x9E, 0xDE, 0x80, 0xFF, 0x30, 0x00, 0x66, 0xDE, 0x80, 0xFF, 0x30, 0x00, /* FAEC0 */
	0x74, 0xDE, 0x80, 0xFF, 0x3C, 0x06, 0xBA, 0xDE, 0x00, 0xFF, 0x00, 0x07, 0xC8, 0xDE, 0x80, 0xFF, /* FAED0 */
	0x00, 0x00, 0x66, 0xDE, 0x80, 0xFF, 0x00, 0x00, 0x74, 0xDE, 0x80, 0xFF, 0x04, 0x05, 0xBA, 0xDE, /* FAEE0 */
	0x00, 0xFF, 0x00, 0x07, 0xC8, 0xDE, 0x80, 0xFF, 0x50, 0x00, 0x82, 0xDE, 0x00, 0xFF, 0x50, 0x00, /* FAEF0 */
	0x90, 0xDE, 0x00, 0xFF, 0x50, 0x00, 0x74, 0xDE, 0x80, 0xFF, 0x98, 0x08, 0xBA, 0xDE, 0x00, 0xFF, /* FAF00 */
	0x60, 0x09, 0xC8, 0xDE, 0x80, 0xFF, 0x50, 0x00, 0x58, 0xDE, 0x80, 0xFF, 0x4B, 0x00, 0x66, 0xDE, /* FAF10 */
	0x00, 0xFF, 0x28, 0x00, 0x74, 0xDE, 0x80, 0xFF, 0x02, 0x08, 0xBA, 0xDE, 0x00, 0xFF, 0xCA, 0x08, /* FAF20 */
	0xC8, 0xDE, 0x80, 0xFF, 0xAC, 0x07, 0xBA, 0xDE, 0x00, 0xFF, 0x74, 0x08, 0xC8, 0xDE, 0x80, 0xFF, /* FAF30 */
	0x4B, 0x00, 0x66, 0xDE, 0x00, 0xFF, 0x28, 0x00, 0x74, 0xDE, 0x80, 0xFF, 0x40, 0x06, 0xBA, 0xDE, /* FAF40 */
	0x00, 0xFF, 0x08, 0x07, 0xC8, 0xDE, 0x80, 0xFF, 0x94, 0x06, 0xBA, 0xDE, 0x00, 0xFF, 0x5C, 0x07, /* FAF50 */
	0xC8, 0xDE, 0x80, 0xFF, 0x28, 0x00, 0x4A, 0xDE, 0x80, 0xFF, 0x3C, 0x00, 0x74, 0xDE, 0x80, 0xFF, /* FAF60 */
	0x2A, 0x00, 0x82, 0xDE, 0x80, 0xFF, 0x2A, 0x00, 0x90, 0xDE, 0x80, 0xFF, 0xF0, 0x0A, 0xC8, 0xDE, /* FAF70 */
	0x00, 0xFF, 0xB0, 0x0D, 0xD6, 0xDE, 0x80, 0xFF, 0x28, 0x00, 0x4A, 0xDE, 0x80, 0xFF, 0x44, 0x00, /* FAF80 */
	0x3C, 0xDE, 0x80, 0xFF, 0x46, 0x00, 0x66, 0xDE, 0x80, 0xFF, 0x39, 0x00, 0x90, 0xDE, 0x00, 0xFF, /* FAF90 */
	0xE0, 0x08, 0xC8, 0xDE, 0x80, 0xFF, 0x41, 0x00, 0x3C, 0xDE, 0x80, 0xFF, 0x43, 0x00, 0x66, 0xDE, /* FAFA0 */
	0x00, 0xFF, 0x36, 0x00, 0x90, 0xDE, 0x80, 0xFF, 0x3D, 0x00, 0x3C, 0xDE, 0x80, 0xFF, 0xF0, 0x08, /* FAFB0 */
	0xC8, 0xDE, 0x00, 0xFF, 0xE0, 0x0D, 0xD6, 0xDE, 0x80, 0xFF, 0x28, 0x00, 0x4A, 0xDE, 0x00, 0xFF, /* FAFC0 */
	0xB0, 0x0D, 0xD6, 0xDE, 0x80, 0xFF, 0x40, 0x00, 0x3C, 0xDE, 0x00, 0xFF, 0x60, 0x09, 0xC8, 0xDE, /* FAFD0 */
	0x80, 0xFF, 0x28, 0x00, 0x4A, 0xDE, 0x00, 0xFF, 0x39, 0x00, 0x90, 0xDE, 0x80, 0xFF, 0x40, 0x00, /* FAFE0 */
	0x82, 0xDE, 0x80, 0xFF, 0x37, 0x00, 0x90, 0xDE, 0x00, 0xFF, 0xB8, 0x00, 0x00, 0xDF, 0x82, 0xFF, /* FAFF0 */
	0x01, 0x00, 0x90, 0xDE, 0x80, 0xFF, 0x00, 0x09, 0xC8, 0xDE, 0x00, 0xFF, 0xD0, 0x0B, 0xD6, 0xDE, /* FB000 */
	0x00, 0xFF, 0xA4, 0x06, 0xBA, 0xDE, 0x80, 0xFF, 0x3A, 0x00, 0x74, 0xDE, 0x80, 0xFF, 0x30, 0x00, /* FB010 */
	0x82, 0xDE, 0x80, 0xFF, 0x30, 0x00, 0x90, 0xDE, 0x00, 0xFF, 0xB0, 0x0D, 0xD6, 0xDE, 0x80, 0xFF, /* FB020 */
	0x48, 0x00, 0x66, 0xDE, 0x80, 0xFF, 0xD0, 0x08, 0xC8, 0xDE, 0x00, 0xFF, 0x60, 0x0C, 0xD6, 0xDE, /* FB030 */
	0x80, 0xFF, 0x3C, 0x00, 0x82, 0xDE, 0x00, 0xFF, 0x36, 0x00, 0x90, 0xDE, 0x80, 0xFF, 0x2D, 0x00, /* FB040 */
	0x90, 0xDE, 0x00, 0xFF, 0x60, 0x0A, 0xC8, 0xDE, 0x80, 0xFF, 0x35, 0x00, 0x58, 0xDE, 0x80, 0xFF, /* FB050 */
	0x32, 0x00, 0x74, 0xDE, 0x00, 0xFF, 0xD0, 0x09, 0xC8, 0xDE, 0x80, 0xFF, 0x26, 0x00, 0x82, 0xDE, /* FB060 */
	0x80, 0xFF, 0x26, 0x00, 0x90, 0xDE, 0x00, 0xFF, 0x96, 0x00, 0x00, 0xDF, 0x80, 0xFF, 0x37, 0x00, /* FB070 */
	0x58, 0xDE, 0x80, 0xFF, 0x32, 0x00, 0x74, 0xDE, 0x80, 0xFF, 0x2C, 0x00, 0x82, 0xDE, 0x00, 0xFF, /* FB080 */
	0x2C, 0x00, 0x90, 0xDE, 0x80, 0xFF, 0x31, 0x00, 0x58, 0xDE, 0x80, 0xFF, 0x2E, 0x00, 0x74, 0xDE, /* FB090 */
	0x00, 0xFF, 0xD0, 0x09, 0xC8, 0xDE, 0x80, 0xFF, 0x22, 0x00, 0x82, 0xDE, 0x00, 0xFF, 0x22, 0x00, /* FB0A0 */
	0x90, 0xDE, 0x00, 0xFF, 0x00, 0x0A, 0xC8, 0xDE, 0x80, 0xFF, 0xE4, 0x06, 0xBA, 0xDE, 0x80, 0xFF, /* FB0B0 */
	0x10, 0x0A, 0xC8, 0xDE, 0x00, 0xFF, 0xA0, 0x0E, 0xD6, 0xDE, 0x80, 0xFF, 0x86, 0x00, 0xE4, 0xDE, /* FB0C0 */
	0x80, 0xFF, 0x6E, 0x00, 0x00, 0xDF, 0x80, 0xFF, 0xE4, 0x05, 0xBA, 0xDE, 0x00, 0xFF, 0xBE, 0x09, /* FB0D0 */
	0xC8, 0xDE, 0x80, 0xFF, 0x44, 0x00, 0x82, 0xDE, 0x00, 0xFF, 0x4A, 0x00, 0x90, 0xDE, 0x00, 0xFF, /* FB0E0 */
	0xAC, 0x06, 0xBA, 0xDE, 0x80, 0xFF, 0x00, 0x00, 0x58, 0xDE, 0x80, 0xFF, 0x36, 0x00, 0x66, 0xDE, /* FB0F0 */
	0x00, 0xFF, 0xD0, 0x09, 0xC8, 0xDE, 0x80, 0xFF, 0x49, 0x00, 0x74, 0xDE, 0x00, 0xFF, 0x46, 0x00, /* FB100 */
	0x82, 0xDE, 0x00, 0xFF, 0xA0, 0x0E, 0xD6, 0xDE, 0x00, 0xFF, 0x41, 0x00, 0x3C, 0xDE, 0x00, 0xFF, /* FB110 */
	0x3E, 0x00, 0x3C, 0xDE, 0x80, 0xFF, 0x46, 0x00, 0x82, 0xDE, 0x00, 0xFF, 0x44, 0x00, 0x90, 0xDE, /* FB120 */
	0x80, 0xFF, 0x3B, 0x00, 0x66, 0xDE, 0x00, 0xFF, 0x42, 0x00, 0x74, 0xDE, 0x80, 0xFF, 0x32, 0x00, /* FB130 */
	0x66, 0xDE, 0x00, 0xFF, 0x40, 0x00, 0x90, 0xDE, 0x80, 0xFF, 0x36, 0x00, 0x58, 0xDE, 0x00, 0xFF, /* FB140 */
	0x44, 0x00, 0x90, 0xDE, 0x80, 0xFF, 0x4D, 0x00, 0x74, 0xDE, 0x80, 0xFF, 0x4D, 0x00, 0x82, 0xDE, /* FB150 */
	0x00, 0xFF, 0x4D, 0x00, 0x90, 0xDE, 0x00, 0xFF, 0x37, 0x00, 0x4A, 0xDE, 0x80, 0xFF, 0x4A, 0x00, /* FB160 */
	0x90, 0xDE, 0x00, 0xFF, 0x42, 0x00, 0x3C, 0xDE, 0x80, 0xFF, 0x24, 0x06, 0xBA, 0xDE, 0x00, 0xFF, /* FB170 */
	0x90, 0x0A, 0xC8, 0xDE, 0x80, 0xFF, 0x40, 0x00, 0x3C, 0xDE, 0x80, 0xFF, 0x32, 0x00, 0x4A, 0xDE, /* FB180 */
	0x80, 0xFF, 0x48, 0x00, 0x74, 0xDE, 0x00, 0xFF, 0x48, 0x00, 0x82, 0xDE, 0x00, 0xFF, 0x48, 0x00, /* FB190 */
	0x90, 0xDE, 0x80, 0xFF, 0x28, 0x00, 0x58, 0xDE, 0x80, 0xFF, 0x37, 0x00, 0x66, 0xDE, 0x80, 0xFF, /* FB1A0 */
	0x3F, 0x00, 0x74, 0xDE, 0x80, 0xFF, 0x4E, 0x00, 0x82, 0xDE, 0x00, 0xFF, 0x48, 0x00, 0x90, 0xDE, /* FB1B0 */
	0x80, 0xFF, 0x00, 0x00, 0x2E, 0xDE, 0x80, 0xFF, 0x38, 0x00, 0x3C, 0xDE, 0x80, 0xFF, 0x33, 0x00, /* FB1C0 */
	0x4A, 0xDE, 0x00, 0xFF, 0x00, 0x00, 0xB4, 0xEB, 0x80, 0xFF, 0x7C, 0x05, 0xBA, 0xDE, 0x00, 0xFF, /* FB1D0 */
	0xF0, 0x09, 0xD6, 0xDE, 0x80, 0xFF, 0x04, 0x00, 0xB4, 0xEB, 0x80, 0xFF, 0x9C, 0x01, 0xAC, 0xDE, /* FB1E0 */
	0x80, 0xFF, 0xD4, 0x04, 0xBA, 0xDE, 0x80, 0xFF, 0xA0, 0x06, 0xC8, 0xDE, 0x00, 0xFF, 0xD0, 0x0C, /* FB1F0 */
	0xD6, 0xDE, 0x80, 0xFF, 0x33, 0x00, 0xC8, 0xEB, 0x00, 0xFF, 0x6C, 0x05, 0xBA, 0xDE, 0x00, 0xFF, /* FB200 */
	0x32, 0x00, 0x58, 0xDE, 0x00, 0xFF, 0x37, 0x00, 0x58, 0xDE, 0x00, 0xFF, 0x3C, 0x00, 0x58, 0xDE, /* FB210 */
	0x00, 0xFF, 0x41, 0x00, 0x58, 0xDE, 0x00, 0xFF, 0x00, 0x00, 0x66, 0xDE, 0x00, 0xFF, 0x32, 0x00, /* FB220 */
	0x66, 0xDE, 0x00, 0xFF, 0x3C, 0x00, 0x66, 0xDE, 0x00, 0xFF, 0x41, 0x00, 0x66, 0xDE, 0x00, 0xFF, /* FB230 */
	0x42, 0x00, 0x66, 0xDE, 0x00, 0xFF, 0x19, 0x00, 0x74, 0xDE, 0x00, 0xFF, 0x37, 0x00, 0x74, 0xDE, /* FB240 */
	0x00, 0xFF, 0x3A, 0x00, 0x74, 0xDE, 0x00, 0xFF, 0x3C, 0x00, 0x74, 0xDE, 0x00, 0xFF, 0x41, 0x00, /* FB250 */
	0x74, 0xDE, 0x00, 0xFF, 0x44, 0x00, 0x74, 0xDE, 0x00, 0xFF, 0x4B, 0x00, 0x74, 0xDE, 0x00, 0xFF, /* FB260 */
	0x2D, 0x00, 0x82, 0xDE, 0x00, 0xFF, 0x32, 0x00, 0x82, 0xDE, 0x00, 0xFF, 0x34, 0x00, 0x82, 0xDE, /* FB270 */
	0x00, 0xFF, 0x38, 0x00, 0x82, 0xDE, 0x00, 0xFF, 0x3A, 0x00, 0x82, 0xDE, 0x00, 0xFF, 0x41, 0x00, /* FB280 */
	0x82, 0xDE, 0x00, 0xFF, 0x44, 0x00, 0x82, 0xDE, 0x00, 0xFF, 0x46, 0x00, 0x82, 0xDE, 0x00, 0xFF, /* FB290 */
	0x48, 0x00, 0x82, 0xDE, 0x00, 0xFF, 0x4B, 0x00, 0x82, 0xDE, 0x00, 0xFF, 0x32, 0x00, 0x90, 0xDE, /* FB2A0 */
	0x00, 0xFF, 0x3C, 0x00, 0x90, 0xDE, 0x00, 0xFF, 0x46, 0x00, 0x90, 0xDE, 0x00, 0xFF, 0x00, 0x00, /* FB2B0 */
	0x9E, 0xDE, 0x00, 0xFF, 0x32, 0x00, 0x9E, 0xDE, 0x00, 0xFF, 0x37, 0x00, 0x9E, 0xDE, 0x00, 0xFF, /* FB2C0 */
	0x41, 0x00, 0x4A, 0xDE, 0x00, 0xFF, 0x28, 0x00, 0x4A, 0xDE, 0x00, 0xFF, 0x44, 0x00, 0xC8, 0xEB, /* FB2D0 */
	0x00, 0xFF, 0x46, 0x00, 0x3C, 0xDE, 0x80, 0xFF, 0x3C, 0x00, 0xC8, 0xEB, 0x80, 0xFF, 0x00, 0x00, /* FB2E0 */
	0x66, 0xDE, 0x80, 0xFF, 0x41, 0x00, 0x90, 0xDE, 0x00, 0xFF, 0xB0, 0x0E, 0xD6, 0xDE, 0x80, 0xFF, /* FB2F0 */
	0x32, 0x00, 0xC6, 0xEB, 0x80, 0xFF, 0x0C, 0x06, 0xBA, 0xDE, 0x80, 0xFF, 0xA0, 0x08, 0xC8, 0xDE, /* FB300 */
	0x80, 0xFF, 0x90, 0x0C, 0xD6, 0xDE, 0x80, 0xFF, 0x10, 0x00, 0x2A, 0xDF, 0x00, 0xFF, 0x0F, 0x00, /* FB310 */
	0x38, 0xDF, 0x02, 0xFF, 0x01, 0x00, 0xB4, 0xEB, 0x80, 0xFF, 0x00, 0x00, 0x74, 0xDE, 0x80, 0xFF, /* FB320 */
	0xEC, 0x09, 0xBA, 0xDE, 0x80, 0xFF, 0x70, 0x0B, 0xC8, 0xDE, 0x00, 0xFF, 0xA0, 0x0E, 0xD6, 0xDE, /* FB330 */
	0x80, 0xFF, 0x01, 0x00, 0xB6, 0xEB, 0x80, 0xFF, 0x3E, 0x00, 0xC8, 0xEB, 0x80, 0xFF, 0x37, 0x00, /* FB340 */
	0xCA, 0xEB, 0x80, 0xFF, 0xDC, 0x05, 0xBA, 0xDE, 0x00, 0xFF, 0x40, 0x08, 0xC8, 0xDE, 0x76, 0x63, /* FB350 */
	0x00, 0x00, 0x76, 0x63, 0x20, 0x71, 0x38, 0x71, 0x02, 0x71, 0x00, 0x00, 0x82, 0x63, 0x00, 0x00, /* FB360 */
	0x8E, 0x63, 0x00, 0x00, 0x9A, 0x63, 0x00, 0x00, 0xAC, 0x63, 0x00, 0x00, 0xB8, 0x63, 0x00, 0x00, /* FB370 */
	0x76, 0x63, 0xCA, 0x63, 0xCE, 0x71, 0x00, 0x00, 0x76, 0x63, 0xCA, 0x63, 0xD4, 0x71, 0x00, 0x00, /* FB380 */
	0x76, 0x63, 0xCA, 0x63, 0x00, 0x00, 0x76, 0x63, 0x8A, 0x64, 0xEE, 0x63, 0x0C, 0x64, 0x6E, 0x71, /* FB390 */
	0x00, 0x00, 0x76, 0x63, 0x1E, 0x64, 0x30, 0x64, 0x6C, 0x64, 0x00, 0x00, 0x76, 0x63, 0x42, 0x64, /* FB3A0 */
	0x6C, 0x64, 0x54, 0x64, 0x6E, 0x71, 0x0E, 0x71, 0x00, 0x00, 0x76, 0x63, 0x72, 0x64, 0x8A, 0x64, /* FB3B0 */
	0x00, 0x00, 0x76, 0x63, 0x8A, 0x64, 0x00, 0x00, 0x76, 0x63, 0x8A, 0x64, 0xDA, 0x71, 0x0E, 0x71, /* FB3C0 */
	0xBC, 0x71, 0x00, 0x00, 0x96, 0x64, 0x8A, 0x64, 0x00, 0x00, 0x5A, 0x6A, 0x80, 0x71, 0x4A, 0x71, /* FB3D0 */
	0xC2, 0x71, 0xA2, 0x64, 0x8A, 0x64, 0x00, 0x00, 0x9C, 0x64, 0x8A, 0x64, 0x00, 0x00, 0x8A, 0x64, /* FB3E0 */
	0xD2, 0x64, 0x20, 0x71, 0x00, 0x00, 0x8A, 0x64, 0x00, 0x00, 0x76, 0x63, 0x72, 0x64, 0xBA, 0x64, /* FB3F0 */
	0x00, 0x00, 0x76, 0x63, 0xBA, 0x64, 0x00, 0x00, 0x76, 0x63, 0xBA, 0x64, 0xDA, 0x71, 0x0E, 0x71, /* FB400 */
	0xBC, 0x71, 0x00, 0x00, 0x96, 0x64, 0xBA, 0x64, 0x00, 0x00, 0x9C, 0x64, 0xBA, 0x64, 0x00, 0x00, /* FB410 */
	0xBA, 0x64, 0xC6, 0x64, 0x00, 0x00, 0xBA, 0x64, 0xD2, 0x64, 0x20, 0x71, 0x00, 0x00, 0x0E, 0x71, /* FB420 */
	0x2C, 0x71, 0x4A, 0x71, 0x74, 0x71, 0x00, 0x00, 0xBA, 0x64, 0x00, 0x00, 0x76, 0x63, 0x72, 0x64, /* FB430 */
	0xBA, 0x64, 0xB4, 0x64, 0x00, 0x00, 0x76, 0x63, 0xBA, 0x64, 0xB4, 0x64, 0x00, 0x00, 0x76, 0x63, /* FB440 */
	0xBA, 0x64, 0xB4, 0x64, 0xDA, 0x71, 0x0E, 0x71, 0xBC, 0x71, 0x00, 0x00, 0x96, 0x64, 0xBA, 0x64, /* FB450 */
	0xB4, 0x64, 0x00, 0x00, 0x9C, 0x64, 0xBA, 0x64, 0xB4, 0x64, 0x00, 0x00, 0xBA, 0x64, 0xB4, 0x64, /* FB460 */
	0xD2, 0x64, 0x20, 0x71, 0x00, 0x00, 0xBA, 0x64, 0xB4, 0x64, 0x00, 0x00, 0x76, 0x63, 0x72, 0x64, /* FB470 */
	0x00, 0x00, 0x76, 0x63, 0x7E, 0x64, 0x00, 0x00, 0x76, 0x63, 0xDA, 0x71, 0x0E, 0x71, 0xBC, 0x71, /* FB480 */
	0x00, 0x00, 0x96, 0x64, 0x00, 0x00, 0x9C, 0x64, 0x00, 0x00, 0xD2, 0x64, 0x20, 0x71, 0x00, 0x00, /* FB490 */
	0x1A, 0x71, 0x80, 0x71, 0xC2, 0x71, 0xD8, 0x64, 0xF0, 0x64, 0x00, 0x00, 0x14, 0x71, 0x4A, 0x71, /* FB4A0 */
	0xC2, 0x71, 0x0E, 0x65, 0x00, 0x00, 0xDE, 0x67, 0x02, 0x68, 0x00, 0x00, 0xAE, 0x67, 0x5A, 0x6A, /* FB4B0 */
	0xC6, 0x67, 0x00, 0x00, 0x26, 0x68, 0x44, 0x68, 0x5C, 0x71, 0x5C, 0x68, 0x00, 0x00, 0x22, 0x72, /* FB4C0 */
	0x98, 0x71, 0xB6, 0x71, 0x00, 0x00, 0x68, 0x68, 0x86, 0x68, 0x00, 0x00, 0x4E, 0x6A, 0x42, 0x6A, /* FB4D0 */
	0x8C, 0x71, 0x00, 0x00, 0x2C, 0x71, 0x14, 0x68, 0x00, 0x00, 0x9E, 0x68, 0xB6, 0x68, 0xD4, 0x68, /* FB4E0 */
	0x00, 0x00, 0x2E, 0x69, 0x00, 0x00, 0xE6, 0x68, 0xF8, 0x68, 0x00, 0x00, 0x10, 0x69, 0x00, 0x00, /* FB4F0 */
	0x62, 0x71, 0xA0, 0x69, 0xC0, 0x6D, 0x00, 0x00, 0xE6, 0x71, 0x5C, 0x71, 0x8C, 0x71, 0x00, 0x00, /* FB500 */
	0x76, 0x63, 0x42, 0x6A, 0x8C, 0x71, 0x00, 0x00, 0x66, 0x6A, 0xB0, 0x71, 0x8C, 0x71, 0xDE, 0x6A, /* FB510 */
	0x00, 0x00, 0x68, 0x71, 0x32, 0x71, 0x74, 0x71, 0xF6, 0x6A, 0x00, 0x00, 0x8E, 0x63, 0x20, 0x71, /* FB520 */
	0x14, 0x6B, 0x26, 0x6B, 0x00, 0x00, 0x50, 0x71, 0x20, 0x71, 0x38, 0x71, 0xD2, 0x6A, 0x38, 0x6B, /* FB530 */
	0x00, 0x00, 0x20, 0x71, 0xD2, 0x6A, 0x50, 0x6B, 0xC8, 0x71, 0x62, 0x6B, 0x00, 0x00, 0xA2, 0x6A, /* FB540 */
	0xBA, 0x6A, 0x00, 0x00, 0x9E, 0x6B, 0x1A, 0x71, 0xBC, 0x71, 0x92, 0x6B, 0x00, 0x00, 0xB6, 0x6B, /* FB550 */
	0x6E, 0x71, 0xCE, 0x6B, 0xBC, 0x71, 0x00, 0x00, 0x80, 0x71, 0xC0, 0x6D, 0x60, 0x6D, 0x00, 0x00, /* FB560 */
	0x1A, 0x71, 0x26, 0x71, 0x74, 0x71, 0xBC, 0x71, 0x84, 0x6D, 0x00, 0x00, 0xBC, 0x71, 0x1A, 0x71, /* FB570 */
	0x80, 0x71, 0x9C, 0x6D, 0x90, 0x6D, 0x00, 0x00, 0x80, 0x71, 0xDE, 0x6D, 0x00, 0x00, 0x1A, 0x71, /* FB580 */
	0x2C, 0x71, 0x86, 0x71, 0xC0, 0x6D, 0xB4, 0x6D, 0x00, 0x00, 0x74, 0x6B, 0xBC, 0x71, 0x80, 0x71, /* FB590 */
	0x00, 0x00, 0xF2, 0x6B, 0x4A, 0x71, 0x74, 0x71, 0x00, 0x00, 0xDA, 0x6B, 0x74, 0x71, 0xBC, 0x71, /* FB5A0 */
	0x00, 0x00, 0x4A, 0x71, 0x16, 0x6C, 0x00, 0x00, 0x80, 0x71, 0xBC, 0x71, 0x40, 0x6C, 0x22, 0x6C, /* FB5B0 */
	0x00, 0x00, 0x1A, 0x71, 0x74, 0x71, 0xC6, 0x6D, 0x00, 0x00, 0x76, 0x63, 0x66, 0x6A, 0xB0, 0x71, /* FB5C0 */
	0x8C, 0x71, 0x52, 0x6C, 0x00, 0x00, 0x7C, 0x6C, 0x9A, 0x6C, 0x64, 0x6C, 0x00, 0x00, 0x76, 0x63, /* FB5D0 */
	0xA6, 0x6C, 0xCA, 0x6C, 0x00, 0x00, 0x76, 0x63, 0xE8, 0x6C, 0x74, 0x71, 0x20, 0x71, 0x26, 0x71, /* FB5E0 */
	0x00, 0x00, 0x76, 0x63, 0xF4, 0x6C, 0x0C, 0x6D, 0x00, 0x00, 0x76, 0x63, 0x44, 0x71, 0x7E, 0x6A, /* FB5F0 */
	0x2A, 0x6D, 0x96, 0x6A, 0xBC, 0x71, 0x78, 0x6A, 0x00, 0x00, 0x76, 0x63, 0x1E, 0x6D, 0x7E, 0x6A, /* FB600 */
	0x2A, 0x6D, 0x44, 0x71, 0x3C, 0x6D, 0xBC, 0x71, 0x00, 0x00, 0x76, 0x63, 0xA6, 0x6C, 0xCA, 0x6C, /* FB610 */
	0xBC, 0x71, 0x00, 0x00, 0x76, 0x63, 0xBC, 0x71, 0x48, 0x6D, 0x38, 0x71, 0x6E, 0x71, 0x54, 0x6D, /* FB620 */
	0x00, 0x00, 0x76, 0x63, 0x4A, 0x6E, 0x00, 0x00, 0x76, 0x63, 0x56, 0x6E, 0x00, 0x00, 0x76, 0x63, /* FB630 */
	0x02, 0x6E, 0x78, 0x6D, 0xF6, 0x6D, 0x00, 0x00, 0x76, 0x63, 0x02, 0x6E, 0x78, 0x6D, 0xB0, 0x71, /* FB640 */
	0x8C, 0x71, 0x08, 0x6E, 0x00, 0x00, 0x76, 0x63, 0x14, 0x6E, 0x9E, 0x71, 0xAA, 0x71, 0x26, 0x6E, /* FB650 */
	0x00, 0x00, 0x76, 0x63, 0x32, 0x6E, 0x00, 0x00, 0x76, 0x63, 0x3E, 0x6E, 0x20, 0x71, 0x9E, 0x71, /* FB660 */
	0xAA, 0x71, 0x00, 0x00, 0x8A, 0x64, 0x00, 0x00, 0xB4, 0x64, 0xBA, 0x64, 0x00, 0x00, 0xBA, 0x64, /* FB670 */
	0x00, 0x00, 0x2C, 0x65, 0x44, 0x65, 0x40, 0x66, 0x00, 0x00, 0x2C, 0x65, 0x4A, 0x65, 0x40, 0x66, /* FB680 */
	0x00, 0x00, 0x2C, 0x65, 0x40, 0x66, 0x00, 0x00, 0x44, 0x65, 0x40, 0x66, 0x00, 0x00, 0x4A, 0x65, /* FB690 */
	0x40, 0x66, 0x00, 0x00, 0x40, 0x66, 0x00, 0x00, 0x2C, 0x65, 0x4A, 0x65, 0x00, 0x00, 0x2C, 0x65, /* FB6A0 */
	0x00, 0x00, 0x4A, 0x65, 0x00, 0x00, 0x2C, 0x65, 0x44, 0x65, 0x00, 0x00, 0x44, 0x65, 0x00, 0x00, /* FB6B0 */
	0x2C, 0x65, 0x86, 0x65, 0x40, 0x66, 0xA4, 0x71, 0x8E, 0x66, 0xE0, 0x71, 0x6C, 0x64, 0x00, 0x00, /* FB6C0 */
	0x2C, 0x65, 0x82, 0x66, 0xA4, 0x71, 0x94, 0x66, 0x6C, 0x64, 0x00, 0x00, 0x68, 0x65, 0xD0, 0x66, /* FB6D0 */
	0xE0, 0x71, 0xB6, 0x71, 0x06, 0x70, 0x00, 0x00, 0x2C, 0x65, 0x82, 0x66, 0xA4, 0x71, 0xAC, 0x66, /* FB6E0 */
	0x00, 0x00, 0x2C, 0x65, 0xEE, 0x66, 0xE0, 0x71, 0xFA, 0x66, 0x56, 0x71, 0x9E, 0x71, 0x00, 0x00, /* FB6F0 */
	0x2C, 0x65, 0x40, 0x66, 0x82, 0x66, 0xA4, 0x71, 0x00, 0x00, 0x2C, 0x65, 0x82, 0x66, 0xA4, 0x71, /* FB700 */
	0x00, 0x00, 0x2C, 0x65, 0x82, 0x66, 0x12, 0x67, 0x32, 0x71, 0x00, 0x00, 0x2C, 0x65, 0x2A, 0x67, /* FB710 */
	0x4E, 0x67, 0x2C, 0x71, 0xB6, 0x71, 0x00, 0x00, 0x2C, 0x65, 0xE0, 0x71, 0x84, 0x67, 0x00, 0x00, /* FB720 */
	0x2C, 0x65, 0x60, 0x67, 0x2C, 0x71, 0x98, 0x71, 0xB6, 0x71, 0x00, 0x00, 0x2C, 0x65, 0x4C, 0x66, /* FB730 */
	0xAA, 0x71, 0x64, 0x66, 0x00, 0x00, 0x2C, 0x65, 0x4C, 0x66, 0xAA, 0x71, 0x00, 0x00, 0x52, 0x66, /* FB740 */
	0x00, 0x00, 0xA4, 0x65, 0xF2, 0x65, 0x00, 0x00, 0xBC, 0x65, 0xF2, 0x65, 0x00, 0x00, 0xD4, 0x65, /* FB750 */
	0xF2, 0x65, 0x00, 0x00, 0xF2, 0x65, 0x00, 0x00, 0xE0, 0x65, 0xF2, 0x65, 0x00, 0x00, 0x6A, 0x66, /* FB760 */
	0x76, 0x66, 0xF2, 0x65, 0x00, 0x00, 0x2C, 0x65, 0x64, 0x66, 0x00, 0x00, 0x2C, 0x65, 0x40, 0x66, /* FB770 */
	0x64, 0x66, 0x00, 0x00, 0x2C, 0x65, 0x40, 0x66, 0x00, 0x00, 0x40, 0x66, 0x52, 0x66, 0x00, 0x00, /* FB780 */
	0x34, 0x66, 0x00, 0x00, 0x2C, 0x65, 0x34, 0x66, 0x00, 0x00, 0x2C, 0x65, 0x34, 0x66, 0x40, 0x66, /* FB790 */
	0x00, 0x00, 0xA2, 0x67, 0x00, 0x00, 0x62, 0x6E, 0x38, 0x71, 0xC8, 0x71, 0x00, 0x00, 0x22, 0x66, /* FB7A0 */
	0x32, 0x71, 0x56, 0x71, 0x00, 0x00, 0x80, 0x71, 0x56, 0x71, 0x86, 0x6E, 0x00, 0x00, 0x7A, 0x71, /* FB7B0 */
	0x56, 0x71, 0xA4, 0x6E, 0x00, 0x00, 0xE0, 0x6E, 0x80, 0x71, 0x56, 0x71, 0xB6, 0x6E, 0x00, 0x00, /* FB7C0 */
	0x7A, 0x71, 0x56, 0x71, 0xC8, 0x6E, 0x38, 0x71, 0xAA, 0x71, 0x00, 0x00, 0xE0, 0x6E, 0x80, 0x71, /* FB7D0 */
	0x56, 0x71, 0xD4, 0x6E, 0x00, 0x00, 0xEC, 0x6E, 0x00, 0x00, 0x40, 0x6F, 0xFE, 0x6E, 0x38, 0x71, /* FB7E0 */
	0x5C, 0x71, 0x00, 0x00, 0x10, 0x6F, 0x5A, 0x6A, 0x56, 0x71, 0x40, 0x6F, 0x00, 0x00, 0x16, 0x6F, /* FB7F0 */
	0x00, 0x00, 0x2E, 0x6F, 0x40, 0x6F, 0x00, 0x00, 0x18, 0x70, 0x0E, 0x71, 0x2C, 0x71, 0x54, 0x70, /* FB800 */
	0x66, 0x70, 0xC2, 0x71, 0xB8, 0x6F, 0x00, 0x00, 0x18, 0x70, 0x0E, 0x71, 0x2C, 0x71, 0x54, 0x70, /* FB810 */
	0xC2, 0x71, 0x66, 0x70, 0xCA, 0x6F, 0x12, 0x70, 0x00, 0x00, 0x18, 0x70, 0x0E, 0x71, 0x2C, 0x71, /* FB820 */
	0x54, 0x70, 0xC2, 0x71, 0x66, 0x70, 0xEE, 0x6F, 0x00, 0x00, 0x18, 0x70, 0x54, 0x70, 0xC2, 0x71, /* FB830 */
	0x66, 0x70, 0xF4, 0x6F, 0x12, 0x70, 0x00, 0x00, 0x18, 0x70, 0x0E, 0x71, 0x2C, 0x71, 0x54, 0x70, /* FB840 */
	0xC2, 0x71, 0x66, 0x70, 0x78, 0x70, 0x00, 0x00, 0x0E, 0x71, 0x2C, 0x71, 0x54, 0x70, 0xC2, 0x71, /* FB850 */
	0x6C, 0x70, 0x00, 0x00, 0x84, 0x70, 0xC2, 0x71, 0x9C, 0x70, 0x00, 0x00, 0x84, 0x70, 0x9C, 0x70, /* FB860 */
	0x00, 0x00, 0xB6, 0x71, 0x84, 0x70, 0x00, 0x00, 0x3E, 0x71, 0x4A, 0x71, 0x4C, 0x6F, 0x6E, 0x71, /* FB870 */
	0xBC, 0x71, 0x00, 0x00, 0x58, 0x6F, 0x6A, 0x6F, 0xBC, 0x71, 0x00, 0x00, 0x3E, 0x71, 0x7C, 0x6F, /* FB880 */
	0xB2, 0x6F, 0xBC, 0x71, 0x00, 0x00, 0x3E, 0x71, 0x94, 0x6F, 0xA6, 0x6F, 0xBC, 0x71, 0x00, 0x00, /* FB890 */
	0x38, 0x71, 0x56, 0x71, 0xA0, 0x69, 0xBC, 0x71, 0x40, 0x72, 0x00, 0x00, 0x38, 0x71, 0xD2, 0x6A, /* FB8A0 */
	0xBC, 0x71, 0x28, 0x72, 0x00, 0x00, 0xD2, 0x6A, 0x5C, 0x71, 0x8C, 0x71, 0x58, 0x69, 0x3C, 0x6A, /* FB8B0 */
	0x76, 0x63, 0x00, 0x00, 0x76, 0x63, 0x7C, 0x69, 0xA2, 0x70, 0x00, 0x00, 0x76, 0x63, 0xA2, 0x70, /* FB8C0 */
	0x00, 0x00, 0x76, 0x63, 0x88, 0x69, 0x20, 0x71, 0x94, 0x69, 0x00, 0x00, 0x76, 0x63, 0xC8, 0x71, /* FB8D0 */
	0x00, 0x00, 0x76, 0x63, 0xA0, 0x69, 0xAC, 0x69, 0x00, 0x00, 0x76, 0x63, 0xA0, 0x69, 0x00, 0x00, /* FB8E0 */
	0x76, 0x63, 0xB2, 0x69, 0x8C, 0x71, 0x00, 0x00, 0x76, 0x63, 0xCA, 0x69, 0xDC, 0x69, 0x00, 0x00, /* FB8F0 */
	0x76, 0x63, 0xCA, 0x69, 0x00, 0x00, 0xFE, 0x71, 0x32, 0x71, 0xA0, 0x69, 0x00, 0x00, 0xEE, 0x69, /* FB900 */
	0x00, 0x6A, 0x00, 0x00, 0xEE, 0x69, 0x0C, 0x6A, 0x00, 0x00, 0x1E, 0x6A, 0x5A, 0x6A, 0xD2, 0x6A, /* FB910 */
	0x98, 0x71, 0x44, 0x71, 0x00, 0x00, 0x3C, 0x6A, 0x00, 0x00, 0x8E, 0x63, 0xC0, 0x70, 0xD8, 0x70, /* FB920 */
	0xA0, 0x69, 0x20, 0x71, 0x4A, 0x71, 0x00, 0x00, 0x0E, 0x71, 0xE4, 0x70, 0x00, 0x00, 0x57, 0x01, /* FB930 */
	0xB3, 0xDE, 0x55, 0x03, 0xB3, 0xDE, 0x15, 0x07, 0xB3, 0xDE, 0x88, 0x44, 0xB3, 0xDE, 0x00, 0x00, /* FB940 */
	0x00, 0x00, 0x55, 0x03, 0xB3, 0xDE, 0x15, 0x07, 0xB3, 0xDE, 0x88, 0x44, 0xB3, 0xDE, 0x00, 0x00, /* FB950 */
	0x00, 0x00, 0x57, 0x01, 0xB3, 0xDE, 0x55, 0x03, 0xB3, 0xDE, 0x2B, 0x10, 0xB3, 0xDE, 0x88, 0x44, /* FB960 */
	0xB3, 0xDE, 0x00, 0x00, 0x00, 0x00, 0x55, 0x03, 0xB3, 0xDE, 0x2B, 0x10, 0xB3, 0xDE, 0x88, 0x44, /* FB970 */
	0xB3, 0xDE, 0x00, 0x00, 0x00, 0x00, 0x55, 0x03, 0xB3, 0xDE, 0x2B, 0x10, 0xB3, 0xDE, 0x4F, 0x1B, /* FB980 */
	0xB3, 0xDE, 0x88, 0x44, 0xB3, 0xDE, 0x00, 0x00, 0x00, 0x00, 0xCA, 0x00, 0xB3, 0xDE, 0x57, 0x13, /* FB990 */
	0xB3, 0xDE, 0x4F, 0x1B, 0xB3, 0xDE, 0xBA, 0x1D, 0xB3, 0xDE, 0x88, 0x44, 0xB3, 0xDE, 0x00, 0x00, /* FB9A0 */
	0x00, 0x00, 0xCA, 0x00, 0xB3, 0xDE, 0x57, 0x13, 0xB3, 0xDE, 0x4F, 0x1B, 0xB3, 0xDE, 0x88, 0x44, /* FB9B0 */
	0xB3, 0xDE, 0x00, 0x00, 0x00, 0x00, 0x57, 0x13, 0xB3, 0xDE, 0x4F, 0x1B, 0xB3, 0xDE, 0xBA, 0x1D, /* FB9C0 */
	0xB3, 0xDE, 0x88, 0x44, 0xB3, 0xDE, 0x00, 0x00, 0x00, 0x00, 0x57, 0x13, 0xB3, 0xDE, 0x4F, 0x1B, /* FB9D0 */
	0xB3, 0xDE, 0x88, 0x44, 0xB3, 0xDE, 0x00, 0x00, 0x00, 0x00, 0xCA, 0x00, 0xB3, 0xDE, 0x57, 0x01, /* FB9E0 */
	0xB3, 0xDE, 0x57, 0x13, 0xB3, 0xDE, 0x90, 0x16, 0xB3, 0xDE, 0x88, 0x44, 0xB3, 0xDE, 0x00, 0x00, /* FB9F0 */
	0x00, 0x00, 0xCA, 0x00, 0xB3, 0xDE, 0x57, 0x13, 0xB3, 0xDE, 0x90, 0x16, 0xB3, 0xDE, 0x88, 0x44, /* FBA00 */
	0xB3, 0xDE, 0x00, 0x00, 0x00, 0x00, 0x57, 0x01, 0xB3, 0xDE, 0x57, 0x13, 0xB3, 0xDE, 0x90, 0x16, /* FBA10 */
	0xB3, 0xDE, 0x88, 0x44, 0xB3, 0xDE, 0x00, 0x00, 0x00, 0x00, 0x57, 0x13, 0xB3, 0xDE, 0x90, 0x16, /* FBA20 */
	0xB3, 0xDE, 0x88, 0x44, 0xB3, 0xDE, 0x00, 0x00, 0x00, 0x00, 0xCA, 0x00, 0xB3, 0xDE, 0x57, 0x01, /* FBA30 */
	0xB3, 0xDE, 0x55, 0x03, 0xB3, 0xDE, 0x2B, 0x10, 0xB3, 0xDE, 0x88, 0x44, 0xB3, 0xDE, 0x00, 0x00, /* FBA40 */
	0x00, 0x00, 0xCA, 0x00, 0xB3, 0xDE, 0x55, 0x03, 0xB3, 0xDE, 0x2B, 0x10, 0xB3, 0xDE, 0x88, 0x44, /* FBA50 */
	0xB3, 0xDE, 0x00, 0x00, 0x00, 0x00, 0x4F, 0x1B, 0xB3, 0xDE, 0x88, 0x44, 0xB3, 0xDE, 0x00, 0x00, /* FBA60 */
	0x00, 0x00, 0xBB, 0x03, 0xC4, 0xD3, 0x57, 0x01, 0xB3, 0xDE, 0x88, 0x44, 0xB3, 0xDE, 0x00, 0x00, /* FBA70 */
	0x00, 0x00, 0xBB, 0x03, 0xC4, 0xD3, 0x88, 0x44, 0xB3, 0xDE, 0x00, 0x00, 0x00, 0x00, 0x88, 0x44, /* FBA80 */
	0xB3, 0xDE, 0x00, 0x00, 0x00, 0x00, 0x25, 0x63, 0x70, 0x72, 0x3E, 0x78, 0x00, 0x00, 0x00, 0x00, /* FBA90 */
	0x00, 0x00, 0x3E, 0x78, 0x00, 0x00, 0x00, 0x00, 0x00, 0x00, 0x3E, 0x78, 0x00, 0x00, 0x00, 0x00, /* FBAA0 */
	0x00, 0x00, 0x52, 0x78, 0x00, 0x00, 0x00, 0x00, 0x2A, 0x78, 0x62, 0x78, 0x00, 0x00, 0xB4, 0x62, /* FBAB0 */
	0x38, 0x78, 0x62, 0x78, 0x00, 0x00, 0x00, 0x00, 0x00, 0x00, 0x62, 0x78, 0x00, 0x00, 0x00, 0x00, /* FBAC0 */
	0x00, 0x00, 0x62, 0x78, 0x00, 0x00, 0x00, 0x00, 0x00, 0x00, 0x76, 0x78, 0x00, 0x00, 0x00, 0x00, /* FBAD0 */
	0x00, 0x00, 0x62, 0x78, 0x00, 0x00, 0x00, 0x00, 0x00, 0x00, 0x76, 0x78, 0x00, 0x00, 0x9A, 0x62, /* FBAE0 */
	0x74, 0x75, 0x86, 0x78, 0x00, 0x00, 0x00, 0x00, 0x00, 0x00, 0x86, 0x78, 0x00, 0x00, 0x9A, 0x62, /* FBAF0 */
	0x78, 0x75, 0x86, 0x78, 0x00, 0x00, 0x00, 0x00, 0x00, 0x00, 0x86, 0x78, 0x00, 0x00, 0x9A, 0x62, /* FBB00 */
	0x7E, 0x75, 0x86, 0x78, 0x00, 0x00, 0x00, 0x00, 0x00, 0x00, 0x86, 0x78, 0x00, 0x00, 0x6F, 0x62, /* FBB10 */
	0x74, 0x72, 0x86, 0x78, 0x00, 0x00, 0x74, 0x62, 0x78, 0x72, 0x86, 0x78, 0x00, 0x00, 0x79, 0x62, /* FBB20 */
	0x7C, 0x72, 0x86, 0x78, 0x00, 0x00, 0x00, 0x00, 0x00, 0x00, 0x86, 0x78, 0x00, 0x00, 0x8F, 0x62, /* FBB30 */
	0xF6, 0x72, 0xB2, 0x78, 0x00, 0x00, 0x74, 0x62, 0xD4, 0x72, 0x9A, 0x78, 0x00, 0x00, 0x92, 0x62, /* FBB40 */
	0xE8, 0x72, 0x9A, 0x78, 0x00, 0x00, 0x9E, 0x62, 0xEE, 0x72, 0x9A, 0x78, 0x00, 0x00, 0xB9, 0x62, /* FBB50 */
	0x2E, 0x73, 0x9A, 0x78, 0x00, 0x00, 0xD5, 0x62, 0xA0, 0x73, 0x9A, 0x78, 0x00, 0x00, 0xFC, 0x62, /* FBB60 */
	0xAC, 0x73, 0x9A, 0x78, 0x00, 0x00, 0x00, 0x00, 0xF6, 0x72, 0x9A, 0x78, 0x00, 0x00, 0x8F, 0x62, /* FBB70 */
	0x38, 0x73, 0xB2, 0x78, 0x00, 0x00, 0x74, 0x62, 0x14, 0x73, 0x9A, 0x78, 0x00, 0x00, 0x92, 0x62, /* FBB80 */
	0x1A, 0x73, 0x9A, 0x78, 0x00, 0x00, 0x97, 0x62, 0x20, 0x73, 0x9A, 0x78, 0x00, 0x00, 0x9E, 0x62, /* FBB90 */
	0x26, 0x73, 0x9A, 0x78, 0x00, 0x00, 0xB9, 0x62, 0x2E, 0x73, 0x9A, 0x78, 0x00, 0x00, 0xD5, 0x62, /* FBBA0 */
	0xA0, 0x73, 0x9A, 0x78, 0x00, 0x00, 0xFC, 0x62, 0xAC, 0x73, 0x9A, 0x78, 0x00, 0x00, 0x00, 0x00, /* FBBB0 */
	0x38, 0x73, 0x9A, 0x78, 0x00, 0x00, 0x8F, 0x62, 0x76, 0x73, 0xB2, 0x78, 0x00, 0x00, 0x74, 0x62, /* FBBC0 */
	0x5C, 0x73, 0x9A, 0x78, 0x00, 0x00, 0x92, 0x62, 0x64, 0x73, 0x9A, 0x78, 0x00, 0x00, 0x9E, 0x62, /* FBBD0 */
	0x6C, 0x73, 0x9A, 0x78, 0x00, 0x00, 0xB9, 0x62, 0x2E, 0x73, 0x9A, 0x78, 0x00, 0x00, 0xD5, 0x62, /* FBBE0 */
	0xA0, 0x73, 0x9A, 0x78, 0x00, 0x00, 0xFC, 0x62, 0xAC, 0x73, 0x9A, 0x78, 0x00, 0x00, 0x00, 0x00, /* FBBF0 */
	0x76, 0x73, 0x9A, 0x78, 0x00, 0x00, 0x8F, 0x62, 0x38, 0x73, 0xB2, 0x78, 0x00, 0x00, 0x74, 0x62, /* FBC00 */
	0x14, 0x73, 0x9A, 0x78, 0x00, 0x00, 0x92, 0x62, 0x1A, 0x73, 0x9A, 0x78, 0x00, 0x00, 0x97, 0x62, /* FBC10 */
	0x20, 0x73, 0x9A, 0x78, 0x00, 0x00, 0x9E, 0x62, 0x26, 0x73, 0x9A, 0x78, 0x00, 0x00, 0xB9, 0x62, /* FBC20 */
	0x2E, 0x73, 0x9A, 0x78, 0x00, 0x00, 0xD5, 0x62, 0xA0, 0x73, 0x9A, 0x78, 0x00, 0x00, 0xFC, 0x62, /* FBC30 */
	0xAC, 0x73, 0x9A, 0x78, 0x00, 0x00, 0x00, 0x00, 0x38, 0x73, 0x9A, 0x78, 0x00, 0x00, 0x8F, 0x62, /* FBC40 */
	0x00, 0x00, 0xB2, 0x78, 0x00, 0x00, 0x89, 0x62, 0xDA, 0x72, 0x9A, 0x78, 0x00, 0x00, 0x74, 0x62, /* FBC50 */
	0x92, 0x73, 0x9A, 0x78, 0x00, 0x00, 0x92, 0x62, 0x96, 0x73, 0x9A, 0x78, 0x00, 0x00, 0x9E, 0x62, /* FBC60 */
	0x9A, 0x73, 0x9A, 0x78, 0x00, 0x00, 0xB9, 0x62, 0x2E, 0x73, 0x9A, 0x78, 0x00, 0x00, 0xD5, 0x62, /* FBC70 */
	0xA0, 0x73, 0x9A, 0x78, 0x00, 0x00, 0xFC, 0x62, 0xAC, 0x73, 0x9A, 0x78, 0x00, 0x00, 0x00, 0x00, /* FBC80 */
	0x00, 0x00, 0x9A, 0x78, 0x00, 0x00, 0x8F, 0x62, 0x00, 0x00, 0xB2, 0x78, 0x00, 0x00, 0x74, 0x62, /* FBC90 */
	0x92, 0x73, 0x9A, 0x78, 0x00, 0x00, 0x92, 0x62, 0x96, 0x73, 0x9A, 0x78, 0x00, 0x00, 0x9E, 0x62, /* FBCA0 */
	0x9A, 0x73, 0x9A, 0x78, 0x00, 0x00, 0xB9, 0x62, 0x2E, 0x73, 0x9A, 0x78, 0x00, 0x00, 0xD5, 0x62, /* FBCB0 */
	0xA0, 0x73, 0x9A, 0x78, 0x00, 0x00, 0xFC, 0x62, 0xAC, 0x73, 0x9A, 0x78, 0x00, 0x00, 0x00, 0x00, /* FBCC0 */
	0x00, 0x00, 0x9A, 0x78, 0x00, 0x00, 0x8F, 0x62, 0x00, 0x00, 0xB2, 0x78, 0x00, 0x00, 0x89, 0x62, /* FBCD0 */
	0xDA, 0x72, 0x9A, 0x78, 0x00, 0x00, 0x74, 0x62, 0x92, 0x73, 0x9A, 0x78, 0x00, 0x00, 0x92, 0x62, /* FBCE0 */
	0x96, 0x73, 0x9A, 0x78, 0x00, 0x00, 0x9E, 0x62, 0x9A, 0x73, 0x9A, 0x78, 0x00, 0x00, 0xB9, 0x62, /* FBCF0 */
	0x2E, 0x73, 0x9A, 0x78, 0x00, 0x00, 0xD5, 0x62, 0xA0, 0x73, 0x9A, 0x78, 0x00, 0x00, 0xFC, 0x62, /* FBD00 */
	0xAC, 0x73, 0x9A, 0x78, 0x00, 0x00, 0x00, 0x00, 0x00, 0x00, 0x9A, 0x78, 0x00, 0x00, 0x8F, 0x62, /* FBD10 */
	0xC2, 0x72, 0xDA, 0x78, 0x00, 0x00, 0xEA, 0x62, 0x96, 0x72, 0xC6, 0x78, 0x00, 0x00, 0xED, 0x62, /* FBD20 */
	0xBA, 0x72, 0xC6, 0x78, 0x00, 0x00, 0xF0, 0x62, 0xA2, 0x72, 0xC6, 0x78, 0x00, 0x00, 0x84, 0x62, /* FBD30 */
	0xAC, 0x72, 0xC6, 0x78, 0x00, 0x00, 0xE7, 0x62, 0xC8, 0x72, 0xC6, 0x78, 0x00, 0x00, 0x00, 0x00, /* FBD40 */
	0xC2, 0x72, 0xC6, 0x78, 0x00, 0x00, 0x8F, 0x62, 0x02, 0x73, 0xDA, 0x78, 0x00, 0x00, 0xEA, 0x62, /* FBD50 */
	0x96, 0x72, 0xC6, 0x78, 0x00, 0x00, 0xED, 0x62, 0xFA, 0x72, 0xC6, 0x78, 0x00, 0x00, 0xF0, 0x62, /* FBD60 */
	0xA2, 0x72, 0xC6, 0x78, 0x00, 0x00, 0x84, 0x62, 0xAC, 0x72, 0xC6, 0x78, 0x00, 0x00, 0xE7, 0x62, /* FBD70 */
	0xC8, 0x72, 0xC6, 0x78, 0x00, 0x00, 0x00, 0x00, 0xC2, 0x72, 0xC6, 0x78, 0x00, 0x00, 0x8F, 0x62, /* FBD80 */
	0x46, 0x73, 0xDA, 0x78, 0x00, 0x00, 0xEA, 0x62, 0x96, 0x72, 0xC6, 0x78, 0x00, 0x00, 0xED, 0x62, /* FBD90 */
	0x3C, 0x73, 0xC6, 0x78, 0x00, 0x00, 0xF0, 0x62, 0xA2, 0x72, 0xC6, 0x78, 0x00, 0x00, 0x84, 0x62, /* FBDA0 */
	0xAC, 0x72, 0xC6, 0x78, 0x00, 0x00, 0xE7, 0x62, 0x4E, 0x73, 0xC6, 0x78, 0x00, 0x00, 0x00, 0x00, /* FBDB0 */
	0x46, 0x73, 0xC6, 0x78, 0x00, 0x00, 0x8F, 0x62, 0x02, 0x73, 0xDA, 0x78, 0x00, 0x00, 0xEA, 0x62, /* FBDC0 */
	0x96, 0x72, 0xC6, 0x78, 0x00, 0x00, 0xED, 0x62, 0xFA, 0x72, 0xC6, 0x78, 0x00, 0x00, 0xF0, 0x62, /* FBDD0 */
	0xA2, 0x72, 0xC6, 0x78, 0x00, 0x00, 0x84, 0x62, 0xAC, 0x72, 0xC6, 0x78, 0x00, 0x00, 0xE7, 0x62, /* FBDE0 */
	0x08, 0x73, 0xC6, 0x78, 0x00, 0x00, 0x00, 0x00, 0x02, 0x73, 0xC6, 0x78, 0x00, 0x00, 0x8F, 0x62, /* FBDF0 */
	0x5E, 0x72, 0xDA, 0x78, 0x00, 0x00, 0xEA, 0x62, 0x96, 0x72, 0xC6, 0x78, 0x00, 0x00, 0xED, 0x62, /* FBE00 */
	0x7C, 0x73, 0xC6, 0x78, 0x00, 0x00, 0xF0, 0x62, 0xA2, 0x72, 0xC6, 0x78, 0x00, 0x00, 0x84, 0x62, /* FBE10 */
	0xAC, 0x72, 0xC6, 0x78, 0x00, 0x00, 0xE7, 0x62, 0x88, 0x73, 0xC6, 0x78, 0x00, 0x00, 0x00, 0x00, /* FBE20 */
	0x5E, 0x72, 0xC6, 0x78, 0x00, 0x00, 0x8F, 0x62, 0x5E, 0x72, 0xDA, 0x78, 0x00, 0x00, 0xEA, 0x62, /* FBE30 */
	0x96, 0x72, 0xC6, 0x78, 0x00, 0x00, 0xED, 0x62, 0x7C, 0x73, 0xC6, 0x78, 0x00, 0x00, 0xF0, 0x62, /* FBE40 */
	0xA2, 0x72, 0xC6, 0x78, 0x00, 0x00, 0x84, 0x62, 0xAC, 0x72, 0xC6, 0x78, 0x00, 0x00, 0xE7, 0x62, /* FBE50 */
	0x88, 0x73, 0xC6, 0x78, 0x00, 0x00, 0xFC, 0x62, 0x82, 0x73, 0xC6, 0x78, 0x00, 0x00, 0x00, 0x00, /* FBE60 */
	0x5E, 0x72, 0xC6, 0x78, 0x00, 0x00, 0x97, 0x62, 0xF2, 0x73, 0x9A, 0x78, 0x00, 0x00, 0x36, 0x63, /* FBE70 */
	0xF6, 0x73, 0x9A, 0x78, 0x00, 0x00, 0xEA, 0x62, 0xB6, 0x73, 0x9A, 0x78, 0x00, 0x00, 0x68, 0x63, /* FBE80 */
	0xCE, 0x73, 0x9A, 0x78, 0x00, 0x00, 0xED, 0x62, 0xBC, 0x73, 0x9A, 0x78, 0x00, 0x00, 0xF6, 0x62, /* FBE90 */
	0xC4, 0x73, 0x9A, 0x78, 0x00, 0x00, 0xD5, 0x62, 0xDC, 0x73, 0x9A, 0x78, 0x00, 0x00, 0xF0, 0x62, /* FBEA0 */
	0xE4, 0x73, 0x9A, 0x78, 0x00, 0x00, 0xF3, 0x62, 0xD6, 0x73, 0x9A, 0x78, 0x00, 0x00, 0xF9, 0x62, /* FBEB0 */
	0x00, 0x74, 0x9A, 0x78, 0x00, 0x00, 0x65, 0x63, 0x08, 0x74, 0x9A, 0x78, 0x00, 0x00, 0x8F, 0x62, /* FBEC0 */
	0x00, 0x00, 0xB2, 0x78, 0x00, 0x00, 0x00, 0x00, 0x00, 0x00, 0x9A, 0x78, 0x00, 0x00, 0x97, 0x62, /* FBED0 */
	0xF2, 0x73, 0x9A, 0x78, 0x00, 0x00, 0x36, 0x63, 0xEA, 0x73, 0x9A, 0x78, 0x00, 0x00, 0xEA, 0x62, /* FBEE0 */
	0xB6, 0x73, 0x9A, 0x78, 0x00, 0x00, 0x68, 0x63, 0xCE, 0x73, 0x9A, 0x78, 0x00, 0x00, 0xED, 0x62, /* FBEF0 */
	0xBC, 0x73, 0x9A, 0x78, 0x00, 0x00, 0xF6, 0x62, 0xC4, 0x73, 0x9A, 0x78, 0x00, 0x00, 0xD5, 0x62, /* FBF00 */
	0xDC, 0x73, 0x9A, 0x78, 0x00, 0x00, 0xF0, 0x62, 0xE4, 0x73, 0x9A, 0x78, 0x00, 0x00, 0xF3, 0x62, /* FBF10 */
	0xD6, 0x73, 0x9A, 0x78, 0x00, 0x00, 0xF9, 0x62, 0x00, 0x74, 0x9A, 0x78, 0x00, 0x00, 0x65, 0x63, /* FBF20 */
	0x08, 0x74, 0x9A, 0x78, 0x00, 0x00, 0x8F, 0x62, 0x00, 0x00, 0xB2, 0x78, 0x00, 0x00, 0x00, 0x00, /* FBF30 */
	0x00, 0x00, 0x9A, 0x78, 0x00, 0x00, 0x97, 0x62, 0xF2, 0x73, 0x9A, 0x78, 0x00, 0x00, 0x3B, 0x63, /* FBF40 */
	0xFC, 0x73, 0x9A, 0x78, 0x00, 0x00, 0xEA, 0x62, 0xB6, 0x73, 0x9A, 0x78, 0x00, 0x00, 0x68, 0x63, /* FBF50 */
	0xCE, 0x73, 0x9A, 0x78, 0x00, 0x00, 0xED, 0x62, 0xBC, 0x73, 0x9A, 0x78, 0x00, 0x00, 0xF6, 0x62, /* FBF60 */
	0xC4, 0x73, 0x9A, 0x78, 0x00, 0x00, 0xD5, 0x62, 0xDC, 0x73, 0x9A, 0x78, 0x00, 0x00, 0xF0, 0x62, /* FBF70 */
	0xE4, 0x73, 0x9A, 0x78, 0x00, 0x00, 0xF3, 0x62, 0xD6, 0x73, 0x9A, 0x78, 0x00, 0x00, 0xF9, 0x62, /* FBF80 */
	0x00, 0x74, 0x9A, 0x78, 0x00, 0x00, 0x65, 0x63, 0x08, 0x74, 0x9A, 0x78, 0x00, 0x00, 0x8F, 0x62, /* FBF90 */
	0x00, 0x00, 0xB2, 0x78, 0x00, 0x00, 0x00, 0x00, 0x00, 0x00, 0x9A, 0x78, 0x00, 0x00, 0x97, 0x62, /* FBFA0 */
	0xB6, 0x77, 0xC6, 0x78, 0x00, 0x00, 0xEA, 0x62, 0xCC, 0x77, 0xC6, 0x78, 0x00, 0x00, 0xED, 0x62, /* FBFB0 */
	0xDC, 0x77, 0xC6, 0x78, 0x00, 0x00, 0xF0, 0x62, 0xEA, 0x77, 0xC6, 0x78, 0x00, 0x00, 0xF6, 0x62, /* FBFC0 */
	0xF0, 0x77, 0xC6, 0x78, 0x00, 0x00, 0xF3, 0x62, 0x00, 0x78, 0xC6, 0x78, 0x00, 0x00, 0xD5, 0x62, /* FBFD0 */
	0x10, 0x74, 0xC6, 0x78, 0x00, 0x00, 0x65, 0x63, 0x06, 0x78, 0xC6, 0x78, 0x00, 0x00, 0x8F, 0x62, /* FBFE0 */
	0x5E, 0x72, 0xDA, 0x78, 0x00, 0x00, 0x00, 0x00, 0x5E, 0x72, 0xC6, 0x78, 0x00, 0x00, 0x97, 0x62, /* FBFF0 */
	0xB6, 0x77, 0xC6, 0x78, 0x00, 0x00, 0x31, 0x63, 0x14, 0x78, 0xC6, 0x78, 0x00, 0x00, 0xEA, 0x62, /* FC000 */
	0xC4, 0x77, 0xC6, 0x78, 0x00, 0x00, 0xED, 0x62, 0xD2, 0x77, 0xC6, 0x78, 0x00, 0x00, 0xF0, 0x62, /* FC010 */
	0xE2, 0x77, 0xC6, 0x78, 0x00, 0x00, 0xF6, 0x62, 0xF0, 0x77, 0xC6, 0x78, 0x00, 0x00, 0xF3, 0x62, /* FC020 */
	0xF8, 0x77, 0xC6, 0x78, 0x00, 0x00, 0xD5, 0x62, 0x10, 0x74, 0xC6, 0x78, 0x00, 0x00, 0x65, 0x63, /* FC030 */
	0x06, 0x78, 0xC6, 0x78, 0x00, 0x00, 0x8F, 0x62, 0x5E, 0x72, 0xDA, 0x78, 0x00, 0x00, 0x00, 0x00, /* FC040 */
	0x5E, 0x72, 0xC6, 0x78, 0x00, 0x00, 0x49, 0x63, 0x1A, 0x78, 0xC6, 0x78, 0x00, 0x00, 0x97, 0x62, /* FC050 */
	0xB6, 0x77, 0xC6, 0x78, 0x00, 0x00, 0x42, 0x63, 0x0E, 0x78, 0xC6, 0x78, 0x00, 0x00, 0xEA, 0x62, /* FC060 */
	0xC4, 0x77, 0xC6, 0x78, 0x00, 0x00, 0xED, 0x62, 0xD2, 0x77, 0xC6, 0x78, 0x00, 0x00, 0xF0, 0x62, /* FC070 */
	0xE2, 0x77, 0xC6, 0x78, 0x00, 0x00, 0xF6, 0x62, 0xF0, 0x77, 0xC6, 0x78, 0x00, 0x00, 0xF3, 0x62, /* FC080 */
	0xF8, 0x77, 0xC6, 0x78, 0x00, 0x00, 0xD5, 0x62, 0x10, 0x74, 0xC6, 0x78, 0x00, 0x00, 0x65, 0x63, /* FC090 */
	0x06, 0x78, 0xC6, 0x78, 0x00, 0x00, 0x8F, 0x62, 0x5E, 0x72, 0xDA, 0x78, 0x00, 0x00, 0x00, 0x00, /* FC0A0 */
	0x5E, 0x72, 0xC6, 0x78, 0x00, 0x00, 0x97, 0x62, 0xB6, 0x77, 0xC6, 0x78, 0x00, 0x00, 0x5E, 0x63, /* FC0B0 */
	0x0E, 0x78, 0xC6, 0x78, 0x00, 0x00, 0xEA, 0x62, 0xC4, 0x77, 0xC6, 0x78, 0x00, 0x00, 0xED, 0x62, /* FC0C0 */
	0xD2, 0x77, 0xC6, 0x78, 0x00, 0x00, 0xF0, 0x62, 0xE2, 0x77, 0xC6, 0x78, 0x00, 0x00, 0xF6, 0x62, /* FC0D0 */
	0xF0, 0x77, 0xC6, 0x78, 0x00, 0x00, 0xF3, 0x62, 0xF8, 0x77, 0xC6, 0x78, 0x00, 0x00, 0xD5, 0x62, /* FC0E0 */
	0x10, 0x74, 0xC6, 0x78, 0x00, 0x00, 0x65, 0x63, 0x06, 0x78, 0xC6, 0x78, 0x00, 0x00, 0x8F, 0x62, /* FC0F0 */
	0x5E, 0x72, 0xDA, 0x78, 0x00, 0x00, 0x00, 0x00, 0x5E, 0x72, 0xC6, 0x78, 0x00, 0x00, 0xEA, 0x62, /* FC100 */
	0x18, 0x74, 0x9A, 0x78, 0x00, 0x00, 0xED, 0x62, 0x22, 0x74, 0x9A, 0x78, 0x00, 0x00, 0xF0, 0x62, /* FC110 */
	0x2C, 0x74, 0x9A, 0x78, 0x00, 0x00, 0xF6, 0x62, 0x36, 0x74, 0x9A, 0x78, 0x00, 0x00, 0xF3, 0x62, /* FC120 */
	0x42, 0x74, 0x9A, 0x78, 0x00, 0x00, 0xD5, 0x62, 0x4E, 0x74, 0x9A, 0x78, 0x00, 0x00, 0x97, 0x62, /* FC130 */
	0x68, 0x74, 0x9A, 0x78, 0x00, 0x00, 0xFC, 0x62, 0x9A, 0x74, 0x9A, 0x78, 0x00, 0x00, 0xF9, 0x62, /* FC140 */
	0x54, 0x74, 0x9A, 0x78, 0x00, 0x00, 0xC9, 0x62, 0x5E, 0x74, 0x9A, 0x78, 0x00, 0x00, 0x8C, 0x62, /* FC150 */
	0xB8, 0x74, 0x9A, 0x78, 0x00, 0x00, 0xB9, 0x62, 0xA2, 0x74, 0x9A, 0x78, 0x00, 0x00, 0x4C, 0x63, /* FC160 */
	0xAA, 0x74, 0x9A, 0x78, 0x00, 0x00, 0x51, 0x63, 0xB2, 0x74, 0xB2, 0x78, 0x00, 0x00, 0x8F, 0x62, /* FC170 */
	0x68, 0x74, 0xB2, 0x78, 0x00, 0x00, 0x00, 0x00, 0x68, 0x74, 0x9A, 0x78, 0x00, 0x00, 0xEA, 0x62, /* FC180 */
	0x18, 0x74, 0x9A, 0x78, 0x00, 0x00, 0xED, 0x62, 0x22, 0x74, 0x9A, 0x78, 0x00, 0x00, 0xF0, 0x62, /* FC190 */
	0x2C, 0x74, 0x9A, 0x78, 0x00, 0x00, 0xF6, 0x62, 0x36, 0x74, 0x9A, 0x78, 0x00, 0x00, 0xF3, 0x62, /* FC1A0 */
	0x42, 0x74, 0x9A, 0x78, 0x00, 0x00, 0xD5, 0x62, 0x4E, 0x74, 0x9A, 0x78, 0x00, 0x00, 0x97, 0x62, /* FC1B0 */
	0x70, 0x74, 0x9A, 0x78, 0x00, 0x00, 0xFC, 0x62, 0x9A, 0x74, 0x9A, 0x78, 0x00, 0x00, 0xF9, 0x62, /* FC1C0 */
	0x54, 0x74, 0x9A, 0x78, 0x00, 0x00, 0xC9, 0x62, 0x5E, 0x74, 0x9A, 0x78, 0x00, 0x00, 0x8C, 0x62, /* FC1D0 */
	0xB8, 0x74, 0x9A, 0x78, 0x00, 0x00, 0xB9, 0x62, 0xA2, 0x74, 0x9A, 0x78, 0x00, 0x00, 0x4C, 0x63, /* FC1E0 */
	0xAA, 0x74, 0x9A, 0x78, 0x00, 0x00, 0x51, 0x63, 0xB2, 0x74, 0xB2, 0x78, 0x00, 0x00, 0x8F, 0x62, /* FC1F0 */
	0x70, 0x74, 0xB2, 0x78, 0x00, 0x00, 0x00, 0x00, 0x70, 0x74, 0x9A, 0x78, 0x00, 0x00, 0xEA, 0x62, /* FC200 */
	0x18, 0x74, 0x9A, 0x78, 0x00, 0x00, 0xED, 0x62, 0x22, 0x74, 0x9A, 0x78, 0x00, 0x00, 0xF0, 0x62, /* FC210 */
	0x2C, 0x74, 0x9A, 0x78, 0x00, 0x00, 0xF6, 0x62, 0x36, 0x74, 0x9A, 0x78, 0x00, 0x00, 0xF3, 0x62, /* FC220 */
	0x42, 0x74, 0x9A, 0x78, 0x00, 0x00, 0xD5, 0x62, 0x4E, 0x74, 0x9A, 0x78, 0x00, 0x00, 0x97, 0x62, /* FC230 */
	0x7C, 0x74, 0x9A, 0x78, 0x00, 0x00, 0xFC, 0x62, 0x9A, 0x74, 0x9A, 0x78, 0x00, 0x00, 0xF9, 0x62, /* FC240 */
	0x54, 0x74, 0x9A, 0x78, 0x00, 0x00, 0xC9, 0x62, 0x5E, 0x74, 0x9A, 0x78, 0x00, 0x00, 0x8C, 0x62, /* FC250 */
	0xB8, 0x74, 0x9A, 0x78, 0x00, 0x00, 0xB9, 0x62, 0xA2, 0x74, 0x9A, 0x78, 0x00, 0x00, 0x4C, 0x63, /* FC260 */
	0xAA, 0x74, 0x9A, 0x78, 0x00, 0x00, 0x51, 0x63, 0xB2, 0x74, 0xB2, 0x78, 0x00, 0x00, 0x8F, 0x62, /* FC270 */
	0x7C, 0x74, 0xB2, 0x78, 0x00, 0x00, 0x00, 0x00, 0x7C, 0x74, 0x9A, 0x78, 0x00, 0x00, 0xEA, 0x62, /* FC280 */
	0x18, 0x74, 0x9A, 0x78, 0x00, 0x00, 0xED, 0x62, 0x22, 0x74, 0x9A, 0x78, 0x00, 0x00, 0xF0, 0x62, /* FC290 */
	0x2C, 0x74, 0x9A, 0x78, 0x00, 0x00, 0xF6, 0x62, 0x36, 0x74, 0x9A, 0x78, 0x00, 0x00, 0xF3, 0x62, /* FC2A0 */
	0x42, 0x74, 0x9A, 0x78, 0x00, 0x00, 0xD5, 0x62, 0x4E, 0x74, 0x9A, 0x78, 0x00, 0x00, 0x97, 0x62, /* FC2B0 */
	0x88, 0x74, 0x9A, 0x78, 0x00, 0x00, 0xFC, 0x62, 0x9A, 0x74, 0x9A, 0x78, 0x00, 0x00, 0xF9, 0x62, /* FC2C0 */
	0x54, 0x74, 0x9A, 0x78, 0x00, 0x00, 0xC9, 0x62, 0x5E, 0x74, 0x9A, 0x78, 0x00, 0x00, 0x8C, 0x62, /* FC2D0 */
	0xB8, 0x74, 0x9A, 0x78, 0x00, 0x00, 0xB9, 0x62, 0xA2, 0x74, 0x9A, 0x78, 0x00, 0x00, 0x4C, 0x63, /* FC2E0 */
	0xAA, 0x74, 0x9A, 0x78, 0x00, 0x00, 0x51, 0x63, 0xB2, 0x74, 0xB2, 0x78, 0x00, 0x00, 0x8F, 0x62, /* FC2F0 */
	0x88, 0x74, 0xB2, 0x78, 0x00, 0x00, 0x00, 0x00, 0x88, 0x74, 0x9A, 0x78, 0x00, 0x00, 0xEA, 0x62, /* FC300 */
	0x18, 0x74, 0x9A, 0x78, 0x00, 0x00, 0xED, 0x62, 0x22, 0x74, 0x9A, 0x78, 0x00, 0x00, 0xF0, 0x62, /* FC310 */
	0x2C, 0x74, 0x9A, 0x78, 0x00, 0x00, 0xF6, 0x62, 0x36, 0x74, 0x9A, 0x78, 0x00, 0x00, 0xF3, 0x62, /* FC320 */
	0x42, 0x74, 0x9A, 0x78, 0x00, 0x00, 0xD5, 0x62, 0x4E, 0x74, 0x9A, 0x78, 0x00, 0x00, 0x97, 0x62, /* FC330 */
	0x8E, 0x74, 0x9A, 0x78, 0x00, 0x00, 0xFC, 0x62, 0x9A, 0x74, 0x9A, 0x78, 0x00, 0x00, 0xF9, 0x62, /* FC340 */
	0x54, 0x74, 0x9A, 0x78, 0x00, 0x00, 0xC9, 0x62, 0x5E, 0x74, 0x9A, 0x78, 0x00, 0x00, 0x8C, 0x62, /* FC350 */
	0xB8, 0x74, 0x9A, 0x78, 0x00, 0x00, 0xB9, 0x62, 0xA2, 0x74, 0x9A, 0x78, 0x00, 0x00, 0x4C, 0x63, /* FC360 */
	0xAA, 0x74, 0x9A, 0x78, 0x00, 0x00, 0x51, 0x63, 0xB2, 0x74, 0xB2, 0x78, 0x00, 0x00, 0x8F, 0x62, /* FC370 */
	0x8E, 0x74, 0xB2, 0x78, 0x00, 0x00, 0x00, 0x00, 0x8E, 0x74, 0x9A, 0x78, 0x00, 0x00, 0xEA, 0x62, /* FC380 */
	0x18, 0x74, 0x9A, 0x78, 0x00, 0x00, 0xED, 0x62, 0x22, 0x74, 0x9A, 0x78, 0x00, 0x00, 0xF0, 0x62, /* FC390 */
	0x2C, 0x74, 0x9A, 0x78, 0x00, 0x00, 0xF6, 0x62, 0x36, 0x74, 0x9A, 0x78, 0x00, 0x00, 0xF3, 0x62, /* FC3A0 */
	0x42, 0x74, 0x9A, 0x78, 0x00, 0x00, 0xD5, 0x62, 0x4E, 0x74, 0x9A, 0x78, 0x00, 0x00, 0x97, 0x62, /* FC3B0 */
	0xC2, 0x74, 0x9A, 0x78, 0x00, 0x00, 0xFC, 0x62, 0x9A, 0x74, 0x9A, 0x78, 0x00, 0x00, 0xF9, 0x62, /* FC3C0 */
	0x54, 0x74, 0x9A, 0x78, 0x00, 0x00, 0xC9, 0x62, 0x5E, 0x74, 0x9A, 0x78, 0x00, 0x00, 0x8C, 0x62, /* FC3D0 */
	0xB8, 0x74, 0x9A, 0x78, 0x00, 0x00, 0xB9, 0x62, 0xA2, 0x74, 0x9A, 0x78, 0x00, 0x00, 0x4C, 0x63, /* FC3E0 */
	0xAA, 0x74, 0x9A, 0x78, 0x00, 0x00, 0x51, 0x63, 0xB2, 0x74, 0xB2, 0x78, 0x00, 0x00, 0x8F, 0x62, /* FC3F0 */
	0xC2, 0x74, 0xB2, 0x78, 0x00, 0x00, 0x00, 0x00, 0xC2, 0x74, 0x9A, 0x78, 0x00, 0x00, 0xEA, 0x62, /* FC400 */
	0xCA, 0x74, 0xC6, 0x78, 0x00, 0x00, 0xED, 0x62, 0xD6, 0x74, 0xC6, 0x78, 0x00, 0x00, 0xF0, 0x62, /* FC410 */
	0xDE, 0x74, 0xC6, 0x78, 0x00, 0x00, 0xF6, 0x62, 0xE6, 0x74, 0xC6, 0x78, 0x00, 0x00, 0xF3, 0x62, /* FC420 */
	0xF2, 0x74, 0xC6, 0x78, 0x00, 0x00, 0xD5, 0x62, 0xFA, 0x74, 0xC6, 0x78, 0x00, 0x00, 0x97, 0x62, /* FC430 */
	0x3E, 0x75, 0xC6, 0x78, 0x00, 0x00, 0xFC, 0x62, 0x0A, 0x75, 0xC6, 0x78, 0x00, 0x00, 0xF9, 0x62, /* FC440 */
	0x1A, 0x75, 0xC6, 0x78, 0x00, 0x00, 0x8C, 0x62, 0x24, 0x75, 0xC6, 0x78, 0x00, 0x00, 0x8F, 0x62, /* FC450 */
	0x5E, 0x72, 0xDA, 0x78, 0x00, 0x00, 0x2B, 0x63, 0x5E, 0x72, 0xC6, 0x78, 0x00, 0x00, 0x00, 0x00, /* FC460 */
	0x3E, 0x75, 0xC6, 0x78, 0x00, 0x00, 0xEA, 0x62, 0xCA, 0x74, 0xC6, 0x78, 0x00, 0x00, 0xED, 0x62, /* FC470 */
	0xD6, 0x74, 0xC6, 0x78, 0x00, 0x00, 0xF0, 0x62, 0xDE, 0x74, 0xC6, 0x78, 0x00, 0x00, 0xF6, 0x62, /* FC480 */
	0xE6, 0x74, 0xC6, 0x78, 0x00, 0x00, 0xF3, 0x62, 0xF2, 0x74, 0xC6, 0x78, 0x00, 0x00, 0xD5, 0x62, /* FC490 */
	0xFA, 0x74, 0xC6, 0x78, 0x00, 0x00, 0x97, 0x62, 0x48, 0x75, 0xC6, 0x78, 0x00, 0x00, 0xFC, 0x62, /* FC4A0 */
	0x0A, 0x75, 0xC6, 0x78, 0x00, 0x00, 0xF9, 0x62, 0x1A, 0x75, 0xC6, 0x78, 0x00, 0x00, 0x8C, 0x62, /* FC4B0 */
	0x24, 0x75, 0xC6, 0x78, 0x00, 0x00, 0x8F, 0x62, 0x5E, 0x72, 0xDA, 0x78, 0x00, 0x00, 0x2B, 0x63, /* FC4C0 */
	0x5E, 0x72, 0xC6, 0x78, 0x00, 0x00, 0x00, 0x00, 0x48, 0x75, 0xC6, 0x78, 0x00, 0x00, 0xEA, 0x62, /* FC4D0 */
	0xCA, 0x74, 0xC6, 0x78, 0x00, 0x00, 0xED, 0x62, 0xD6, 0x74, 0xC6, 0x78, 0x00, 0x00, 0xF0, 0x62, /* FC4E0 */
	0xDE, 0x74, 0xC6, 0x78, 0x00, 0x00, 0xF6, 0x62, 0xE6, 0x74, 0xC6, 0x78, 0x00, 0x00, 0xF3, 0x62, /* FC4F0 */
	0xF2, 0x74, 0xC6, 0x78, 0x00, 0x00, 0xD5, 0x62, 0xFA, 0x74, 0xC6, 0x78, 0x00, 0x00, 0x97, 0x62, /* FC500 */
	0x56, 0x75, 0xC6, 0x78, 0x00, 0x00, 0xFC, 0x62, 0x0A, 0x75, 0xC6, 0x78, 0x00, 0x00, 0xF9, 0x62, /* FC510 */
	0x1A, 0x75, 0xC6, 0x78, 0x00, 0x00, 0x8C, 0x62, 0x24, 0x75, 0xC6, 0x78, 0x00, 0x00, 0x8F, 0x62, /* FC520 */
	0x32, 0x75, 0xDA, 0x78, 0x00, 0x00, 0x2B, 0x63, 0x32, 0x75, 0xC6, 0x78, 0x00, 0x00, 0x00, 0x00, /* FC530 */
	0x56, 0x75, 0xC6, 0x78, 0x00, 0x00, 0xEA, 0x62, 0xCA, 0x74, 0xC6, 0x78, 0x00, 0x00, 0xED, 0x62, /* FC540 */
	0xD6, 0x74, 0xC6, 0x78, 0x00, 0x00, 0xF0, 0x62, 0xDE, 0x74, 0xC6, 0x78, 0x00, 0x00, 0xF6, 0x62, /* FC550 */
	0xE6, 0x74, 0xC6, 0x78, 0x00, 0x00, 0xF3, 0x62, 0xF2, 0x74, 0xC6, 0x78, 0x00, 0x00, 0xD5, 0x62, /* FC560 */
	0xFA, 0x74, 0xC6, 0x78, 0x00, 0x00, 0x97, 0x62, 0x62, 0x75, 0xC6, 0x78, 0x00, 0x00, 0xFC, 0x62, /* FC570 */
	0x0A, 0x75, 0xC6, 0x78, 0x00, 0x00, 0xF9, 0x62, 0x1A, 0x75, 0xC6, 0x78, 0x00, 0x00, 0x8C, 0x62, /* FC580 */
	0x24, 0x75, 0xC6, 0x78, 0x00, 0x00, 0x8F, 0x62, 0x38, 0x75, 0xDA, 0x78, 0x00, 0x00, 0x2B, 0x63, /* FC590 */
	0x38, 0x75, 0xC6, 0x78, 0x00, 0x00, 0x00, 0x00, 0x62, 0x75, 0xC6, 0x78, 0x00, 0x00, 0xEA, 0x62, /* FC5A0 */
	0xCA, 0x74, 0xC6, 0x78, 0x00, 0x00, 0xED, 0x62, 0xD6, 0x74, 0xC6, 0x78, 0x00, 0x00, 0xF0, 0x62, /* FC5B0 */
	0xDE, 0x74, 0xC6, 0x78, 0x00, 0x00, 0xF6, 0x62, 0xE6, 0x74, 0xC6, 0x78, 0x00, 0x00, 0xF3, 0x62, /* FC5C0 */
	0xF2, 0x74, 0xC6, 0x78, 0x00, 0x00, 0xD5, 0x62, 0xFA, 0x74, 0xC6, 0x78, 0x00, 0x00, 0x97, 0x62, /* FC5D0 */
	0x68, 0x75, 0xC6, 0x78, 0x00, 0x00, 0xFC, 0x62, 0x0A, 0x75, 0xC6, 0x78, 0x00, 0x00, 0xF9, 0x62, /* FC5E0 */
	0x1A, 0x75, 0xC6, 0x78, 0x00, 0x00, 0x8C, 0x62, 0x24, 0x75, 0xC6, 0x78, 0x00, 0x00, 0x8F, 0x62, /* FC5F0 */
	0x38, 0x75, 0xDA, 0x78, 0x00, 0x00, 0x2B, 0x63, 0x38, 0x75, 0xC6, 0x78, 0x00, 0x00, 0x00, 0x00, /* FC600 */
	0x68, 0x75, 0xC6, 0x78, 0x00, 0x00, 0xEA, 0x62, 0xCA, 0x74, 0xC6, 0x78, 0x00, 0x00, 0xED, 0x62, /* FC610 */
	0xD6, 0x74, 0xC6, 0x78, 0x00, 0x00, 0xF0, 0x62, 0xDE, 0x74, 0xC6, 0x78, 0x00, 0x00, 0xF6, 0x62, /* FC620 */
	0xE6, 0x74, 0xC6, 0x78, 0x00, 0x00, 0xF3, 0x62, 0xF2, 0x74, 0xC6, 0x78, 0x00, 0x00, 0xD5, 0x62, /* FC630 */
	0xFA, 0x74, 0xC6, 0x78, 0x00, 0x00, 0x97, 0x62, 0x5E, 0x72, 0xC6, 0x78, 0x00, 0x00, 0xFC, 0x62, /* FC640 */
	0x0A, 0x75, 0xC6, 0x78, 0x00, 0x00, 0xF9, 0x62, 0x1A, 0x75, 0xC6, 0x78, 0x00, 0x00, 0x8C, 0x62, /* FC650 */
	0x24, 0x75, 0xC6, 0x78, 0x00, 0x00, 0x8F, 0x62, 0x5E, 0x72, 0xDA, 0x78, 0x00, 0x00, 0x2B, 0x63, /* FC660 */
	0x5E, 0x72, 0xC6, 0x78, 0x00, 0x00, 0x00, 0x00, 0x5E, 0x72, 0xC6, 0x78, 0x00, 0x00, 0x02, 0x63, /* FC670 */
	0x78, 0x77, 0x9A, 0x78, 0x00, 0x00, 0x09, 0x63, 0x84, 0x77, 0x9A, 0x78, 0x00, 0x00, 0x10, 0x63, /* FC680 */
	0x8C, 0x77, 0x9A, 0x78, 0x00, 0x00, 0x17, 0x63, 0x8C, 0x77, 0x9A, 0x78, 0x00, 0x00, 0x1C, 0x63, /* FC690 */
	0x96, 0x77, 0x9A, 0x78, 0x00, 0x00, 0x6B, 0x63, 0xA0, 0x77, 0x9A, 0x78, 0x00, 0x00, 0x70, 0x63, /* FC6A0 */
	0xAC, 0x77, 0x9A, 0x78, 0x00, 0x00, 0x6C, 0x62, 0x00, 0x00, 0x9A, 0x78, 0x00, 0x00, 0x00, 0x00, /* FC6B0 */
	0x00, 0x00, 0xB2, 0x78, 0x00, 0x00, 0x54, 0x63, 0x62, 0x72, 0xC6, 0x78, 0x00, 0x00, 0x6C, 0x62, /* FC6C0 */
	0x5E, 0x72, 0xC6, 0x78, 0x00, 0x00, 0x00, 0x00, 0x5E, 0x72, 0xDA, 0x78, 0x00, 0x00, 0xA6, 0x62, /* FC6D0 */
	0x8A, 0x75, 0x2A, 0x79, 0x00, 0x00, 0xAB, 0x62, 0x82, 0x75, 0x2A, 0x79, 0x00, 0x00, 0xB1, 0x62, /* FC6E0 */
	0x9E, 0x75, 0x02, 0x79, 0x00, 0x00, 0x00, 0x00, 0x98, 0x75, 0x02, 0x79, 0x00, 0x00, 0xA1, 0x62, /* FC6F0 */
	0x82, 0x75, 0x2A, 0x79, 0x00, 0x00, 0xA6, 0x62, 0x8A, 0x75, 0x2A, 0x79, 0x00, 0x00, 0xAB, 0x62, /* FC700 */
	0x92, 0x75, 0x2A, 0x79, 0x00, 0x00, 0xAE, 0x62, 0x98, 0x75, 0x02, 0x79, 0x00, 0x00, 0xB1, 0x62, /* FC710 */
	0x9E, 0x75, 0x02, 0x79, 0x00, 0x00, 0x00, 0x00, 0xA4, 0x75, 0x02, 0x79, 0x00, 0x00, 0xA1, 0x62, /* FC720 */
	0xB6, 0x75, 0x2A, 0x79, 0x00, 0x00, 0xA6, 0x62, 0xA8, 0x75, 0x2A, 0x79, 0x00, 0x00, 0xAB, 0x62, /* FC730 */
	0xAE, 0x75, 0x2A, 0x79, 0x00, 0x00, 0xAE, 0x62, 0xBC, 0x75, 0x02, 0x79, 0x00, 0x00, 0xB1, 0x62, /* FC740 */
	0xB2, 0x75, 0x02, 0x79, 0x00, 0x00, 0x00, 0x00, 0x00, 0x00, 0x02, 0x79, 0x00, 0x00, 0xA1, 0x62, /* FC750 */
	0x82, 0x75, 0x2A, 0x79, 0x00, 0x00, 0xA6, 0x62, 0x8A, 0x75, 0x2A, 0x79, 0x00, 0x00, 0xAB, 0x62, /* FC760 */
	0x92, 0x75, 0x2A, 0x79, 0x00, 0x00, 0xAE, 0x62, 0x98, 0x75, 0x02, 0x79, 0x00, 0x00, 0xB1, 0x62, /* FC770 */
	0x9E, 0x75, 0x02, 0x79, 0x00, 0x00, 0x9E, 0x62, 0xA2, 0x76, 0x02, 0x79, 0x00, 0x00, 0x00, 0x00, /* FC780 */
	0xA4, 0x75, 0x02, 0x79, 0x00, 0x00, 0xA1, 0x62, 0xB6, 0x75, 0x16, 0x79, 0x00, 0x00, 0xA6, 0x62, /* FC790 */
	0xA8, 0x75, 0x16, 0x79, 0x00, 0x00, 0xAB, 0x62, 0xAE, 0x75, 0x16, 0x79, 0x00, 0x00, 0xAE, 0x62, /* FC7A0 */
	0xBC, 0x75, 0xEA, 0x78, 0x00, 0x00, 0xB1, 0x62, 0xB2, 0x75, 0xEA, 0x78, 0x00, 0x00, 0x00, 0x00, /* FC7B0 */
	0x00, 0x00, 0xEA, 0x78, 0x00, 0x00, 0xEA, 0x62, 0x08, 0x77, 0x02, 0x79, 0x00, 0x00, 0xED, 0x62, /* FC7C0 */
	0x18, 0x77, 0x02, 0x79, 0x00, 0x00, 0xF0, 0x62, 0x2A, 0x77, 0x02, 0x79, 0x00, 0x00, 0xF6, 0x62, /* FC7D0 */
	0x3A, 0x77, 0x02, 0x79, 0x00, 0x00, 0xF3, 0x62, 0x48, 0x77, 0x02, 0x79, 0x00, 0x00, 0x2E, 0x63, /* FC7E0 */
	0x58, 0x77, 0x02, 0x79, 0x00, 0x00, 0xFF, 0x62, 0x72, 0x77, 0x02, 0x79, 0x00, 0x00, 0x5B, 0x63, /* FC7F0 */
	0x64, 0x77, 0x02, 0x79, 0x00, 0x00, 0x00, 0x00, 0x6C, 0x77, 0x02, 0x79, 0x00, 0x00, 0xEA, 0x62, /* FC800 */
	0x08, 0x77, 0x02, 0x79, 0x00, 0x00, 0xED, 0x62, 0x18, 0x77, 0x02, 0x79, 0x00, 0x00, 0xF0, 0x62, /* FC810 */
	0x2A, 0x77, 0x02, 0x79, 0x00, 0x00, 0xF6, 0x62, 0x3A, 0x77, 0x02, 0x79, 0x00, 0x00, 0xF3, 0x62, /* FC820 */
	0x48, 0x77, 0x02, 0x79, 0x00, 0x00, 0x2E, 0x63, 0x58, 0x77, 0x02, 0x79, 0x00, 0x00, 0xFF, 0x62, /* FC830 */
	0x72, 0x77, 0x02, 0x79, 0x00, 0x00, 0x5B, 0x63, 0x64, 0x77, 0x02, 0x79, 0x00, 0x00, 0x00, 0x00, /* FC840 */
	0x6C, 0x77, 0x02, 0x79, 0x00, 0x00, 0xEA, 0x62, 0x08, 0x77, 0x02, 0x79, 0x00, 0x00, 0xED, 0x62, /* FC850 */
	0x18, 0x77, 0x02, 0x79, 0x00, 0x00, 0xF0, 0x62, 0x2A, 0x77, 0x02, 0x79, 0x00, 0x00, 0xF6, 0x62, /* FC860 */
	0x3A, 0x77, 0x02, 0x79, 0x00, 0x00, 0xF3, 0x62, 0x48, 0x77, 0x02, 0x79, 0x00, 0x00, 0x2E, 0x63, /* FC870 */
	0x58, 0x77, 0x02, 0x79, 0x00, 0x00, 0xFF, 0x62, 0x72, 0x77, 0x02, 0x79, 0x00, 0x00, 0x5B, 0x63, /* FC880 */
	0x64, 0x77, 0x02, 0x79, 0x00, 0x00, 0x00, 0x00, 0x6C, 0x77, 0x02, 0x79, 0x00, 0x00, 0xEA, 0x62, /* FC890 */
	0x08, 0x77, 0x02, 0x79, 0x00, 0x00, 0xED, 0x62, 0x18, 0x77, 0x02, 0x79, 0x00, 0x00, 0xF0, 0x62, /* FC8A0 */
	0x2A, 0x77, 0x02, 0x79, 0x00, 0x00, 0xF6, 0x62, 0x3A, 0x77, 0x02, 0x79, 0x00, 0x00, 0xF3, 0x62, /* FC8B0 */
	0x48, 0x77, 0x02, 0x79, 0x00, 0x00, 0x2E, 0x63, 0x58, 0x77, 0x02, 0x79, 0x00, 0x00, 0xFF, 0x62, /* FC8C0 */
	0x72, 0x77, 0x02, 0x79, 0x00, 0x00, 0x5B, 0x63, 0x64, 0x77, 0x02, 0x79, 0x00, 0x00, 0x00, 0x00, /* FC8D0 */
	0x6C, 0x77, 0x02, 0x79, 0x00, 0x00, 0xEA, 0x62, 0x08, 0x77, 0x02, 0x79, 0x00, 0x00, 0xED, 0x62, /* FC8E0 */
	0x18, 0x77, 0x02, 0x79, 0x00, 0x00, 0xF0, 0x62, 0x2A, 0x77, 0x02, 0x79, 0x00, 0x00, 0xF6, 0x62, /* FC8F0 */
	0x3A, 0x77, 0x02, 0x79, 0x00, 0x00, 0xF3, 0x62, 0x48, 0x77, 0x02, 0x79, 0x00, 0x00, 0x2E, 0x63, /* FC900 */
	0x58, 0x77, 0x02, 0x79, 0x00, 0x00, 0xFF, 0x62, 0x72, 0x77, 0x02, 0x79, 0x00, 0x00, 0x5B, 0x63, /* FC910 */
	0x64, 0x77, 0x02, 0x79, 0x00, 0x00, 0x00, 0x00, 0x6C, 0x77, 0x02, 0x79, 0x00, 0x00, 0xEA, 0x62, /* FC920 */
	0x08, 0x77, 0xEA, 0x78, 0x00, 0x00, 0xED, 0x62, 0x18, 0x77, 0xEA, 0x78, 0x00, 0x00, 0xF0, 0x62, /* FC930 */
	0x2A, 0x77, 0xEA, 0x78, 0x00, 0x00, 0xF6, 0x62, 0x3A, 0x77, 0xEA, 0x78, 0x00, 0x00, 0xF3, 0x62, /* FC940 */
	0x48, 0x77, 0xEA, 0x78, 0x00, 0x00, 0x2E, 0x63, 0x58, 0x77, 0xEA, 0x78, 0x00, 0x00, 0xFF, 0x62, /* FC950 */
	0x72, 0x77, 0xEA, 0x78, 0x00, 0x00, 0x5B, 0x63, 0x64, 0x77, 0xEA, 0x78, 0x00, 0x00, 0x00, 0x00, /* FC960 */
	0x6C, 0x77, 0xEA, 0x78, 0x00, 0x00, 0xEA, 0x62, 0x08, 0x77, 0x02, 0x79, 0x00, 0x00, 0xED, 0x62, /* FC970 */
	0x18, 0x77, 0x02, 0x79, 0x00, 0x00, 0xF0, 0x62, 0x2A, 0x77, 0x02, 0x79, 0x00, 0x00, 0xF6, 0x62, /* FC980 */
	0x3A, 0x77, 0x02, 0x79, 0x00, 0x00, 0xF3, 0x62, 0x48, 0x77, 0x02, 0x79, 0x00, 0x00, 0x2E, 0x63, /* FC990 */
	0x58, 0x77, 0x02, 0x79, 0x00, 0x00, 0xFF, 0x62, 0x72, 0x77, 0x02, 0x79, 0x00, 0x00, 0x5B, 0x63, /* FC9A0 */
	0x64, 0x77, 0x02, 0x79, 0x00, 0x00, 0x00, 0x00, 0x6C, 0x77, 0x02, 0x79, 0x00, 0x00, 0xEA, 0x62, /* FC9B0 */
	0xC0, 0x75, 0x2A, 0x79, 0x00, 0x00, 0xED, 0x62, 0xD0, 0x75, 0x2A, 0x79, 0x00, 0x00, 0xF0, 0x62, /* FC9C0 */
	0xDC, 0x75, 0x2A, 0x79, 0x00, 0x00, 0xF6, 0x62, 0xE8, 0x75, 0x2A, 0x79, 0x00, 0x00, 0xF3, 0x62, /* FC9D0 */
	0xF2, 0x75, 0x2A, 0x79, 0x00, 0x00, 0xFF, 0x62, 0x1C, 0x76, 0x2A, 0x79, 0x00, 0x00, 0x51, 0x63, /* FC9E0 */
	0x28, 0x76, 0x2A, 0x79, 0x00, 0x00, 0xE4, 0x62, 0x12, 0x76, 0x2A, 0x79, 0x00, 0x00, 0x00, 0x00, /* FC9F0 */
	0x00, 0x76, 0x2A, 0x79, 0x00, 0x00, 0xEA, 0x62, 0xC0, 0x75, 0x16, 0x79, 0x00, 0x00, 0xED, 0x62, /* FCA00 */
	0xD0, 0x75, 0x16, 0x79, 0x00, 0x00, 0xF0, 0x62, 0xDC, 0x75, 0x16, 0x79, 0x00, 0x00, 0xF6, 0x62, /* FCA10 */
	0xE8, 0x75, 0x16, 0x79, 0x00, 0x00, 0xF3, 0x62, 0xF2, 0x75, 0x16, 0x79, 0x00, 0x00, 0xFF, 0x62, /* FCA20 */
	0x1C, 0x76, 0x16, 0x79, 0x00, 0x00, 0x51, 0x63, 0x28, 0x76, 0x16, 0x79, 0x00, 0x00, 0xE4, 0x62, /* FCA30 */
	0x30, 0x76, 0x16, 0x79, 0x00, 0x00, 0x00, 0x00, 0x0A, 0x76, 0x16, 0x79, 0x00, 0x00, 0xEA, 0x62, /* FCA40 */
	0xC0, 0x75, 0x2A, 0x79, 0x00, 0x00, 0xED, 0x62, 0xD0, 0x75, 0x2A, 0x79, 0x00, 0x00, 0xF0, 0x62, /* FCA50 */
	0xDC, 0x75, 0x2A, 0x79, 0x00, 0x00, 0xF6, 0x62, 0xE8, 0x75, 0x2A, 0x79, 0x00, 0x00, 0xF3, 0x62, /* FCA60 */
	0xF2, 0x75, 0x2A, 0x79, 0x00, 0x00, 0xFF, 0x62, 0x1C, 0x76, 0x2A, 0x79, 0x00, 0x00, 0x51, 0x63, /* FCA70 */
	0x28, 0x76, 0x2A, 0x79, 0x00, 0x00, 0xE4, 0x62, 0x30, 0x76, 0x2A, 0x79, 0x00, 0x00, 0x00, 0x00, /* FCA80 */
	0x0A, 0x76, 0x2A, 0x79, 0x00, 0x00, 0xE4, 0x62, 0x3C, 0x76, 0x2A, 0x79, 0x00, 0x00, 0x00, 0x00, /* FCA90 */
	0x46, 0x76, 0x2A, 0x79, 0x00, 0x00, 0xE4, 0x62, 0x76, 0x76, 0x16, 0x79, 0x00, 0x00, 0x00, 0x00, /* FCAA0 */
	0xAE, 0x75, 0x16, 0x79, 0x00, 0x00, 0xE4, 0x62, 0x7C, 0x76, 0x2A, 0x79, 0x00, 0x00, 0x00, 0x00, /* FCAB0 */
	0x84, 0x76, 0x2A, 0x79, 0x00, 0x00, 0xE4, 0x62, 0x76, 0x76, 0x2A, 0x79, 0x00, 0x00, 0x00, 0x00, /* FCAC0 */
	0xAE, 0x75, 0x2A, 0x79, 0x00, 0x00, 0xEA, 0x62, 0x52, 0x76, 0x02, 0x79, 0x00, 0x00, 0xED, 0x62, /* FCAD0 */
	0x58, 0x76, 0x02, 0x79, 0x00, 0x00, 0xF0, 0x62, 0x5E, 0x76, 0x02, 0x79, 0x00, 0x00, 0xF6, 0x62, /* FCAE0 */
	0x68, 0x76, 0x02, 0x79, 0x00, 0x00, 0xF3, 0x62, 0x64, 0x76, 0x02, 0x79, 0x00, 0x00, 0xD5, 0x62, /* FCAF0 */
	0x6E, 0x76, 0x02, 0x79, 0x00, 0x00, 0x00, 0x00, 0x00, 0x00, 0x02, 0x79, 0x00, 0x00, 0xEA, 0x62, /* FCB00 */
	0x52, 0x76, 0xEA, 0x78, 0x00, 0x00, 0xED, 0x62, 0x58, 0x76, 0xEA, 0x78, 0x00, 0x00, 0xF0, 0x62, /* FCB10 */
	0x5E, 0x76, 0xEA, 0x78, 0x00, 0x00, 0xF6, 0x62, 0x68, 0x76, 0xEA, 0x78, 0x00, 0x00, 0xF3, 0x62, /* FCB20 */
	0x64, 0x76, 0xEA, 0x78, 0x00, 0x00, 0xD5, 0x62, 0x6E, 0x76, 0xEA, 0x78, 0x00, 0x00, 0x00, 0x00, /* FCB30 */
	0x00, 0x00, 0xEA, 0x78, 0x00, 0x00, 0xEA, 0x62, 0x52, 0x76, 0x02, 0x79, 0x00, 0x00, 0xED, 0x62, /* FCB40 */
	0x58, 0x76, 0x02, 0x79, 0x00, 0x00, 0xF0, 0x62, 0x5E, 0x76, 0x02, 0x79, 0x00, 0x00, 0xF6, 0x62, /* FCB50 */
	0x68, 0x76, 0x02, 0x79, 0x00, 0x00, 0xF3, 0x62, 0x64, 0x76, 0x02, 0x79, 0x00, 0x00, 0xD5, 0x62, /* FCB60 */
	0x6E, 0x76, 0x02, 0x79, 0x00, 0x00, 0x00, 0x00, 0xA4, 0x75, 0x02, 0x79, 0x00, 0x00, 0xEA, 0x62, /* FCB70 */
	0x52, 0x76, 0x02, 0x79, 0x00, 0x00, 0xED, 0x62, 0x58, 0x76, 0x02, 0x79, 0x00, 0x00, 0xF0, 0x62, /* FCB80 */
	0x5E, 0x76, 0x02, 0x79, 0x00, 0x00, 0xF6, 0x62, 0x68, 0x76, 0x02, 0x79, 0x00, 0x00, 0xF3, 0x62, /* FCB90 */
	0x64, 0x76, 0x02, 0x79, 0x00, 0x00, 0xD5, 0x62, 0x6E, 0x76, 0x02, 0x79, 0x00, 0x00, 0x00, 0x00, /* FCBA0 */
	0x00, 0x00, 0x02, 0x79, 0x00, 0x00, 0xCC, 0x62, 0xA6, 0x76, 0xEA, 0x78, 0x00, 0x00, 0xEA, 0x62, /* FCBB0 */
	0xB6, 0x76, 0xEA, 0x78, 0x00, 0x00, 0xED, 0x62, 0xBE, 0x76, 0xEA, 0x78, 0x00, 0x00, 0xF0, 0x62, /* FCBC0 */
	0xC6, 0x76, 0xEA, 0x78, 0x00, 0x00, 0xF6, 0x62, 0xDC, 0x76, 0xEA, 0x78, 0x00, 0x00, 0xF3, 0x62, /* FCBD0 */
	0xD0, 0x76, 0xEA, 0x78, 0x00, 0x00, 0xDF, 0x62, 0x90, 0x76, 0xEA, 0x78, 0x00, 0x00, 0x00, 0x00, /* FCBE0 */
	0xAE, 0x76, 0xEA, 0x78, 0x00, 0x00, 0xEA, 0x62, 0xB6, 0x76, 0x02, 0x79, 0x00, 0x00, 0xED, 0x62, /* FCBF0 */
	0xBE, 0x76, 0x02, 0x79, 0x00, 0x00, 0xF0, 0x62, 0xC6, 0x76, 0x02, 0x79, 0x00, 0x00, 0xF6, 0x62, /* FCC00 */
	0xDC, 0x76, 0x02, 0x79, 0x00, 0x00, 0xF3, 0x62, 0xD0, 0x76, 0x02, 0x79, 0x00, 0x00, 0xDF, 0x62, /* FCC10 */
	0x90, 0x76, 0x02, 0x79, 0x00, 0x00, 0x00, 0x00, 0xE6, 0x76, 0x02, 0x79, 0x00, 0x00, 0xEA, 0x62, /* FCC20 */
	0xB6, 0x76, 0x02, 0x79, 0x00, 0x00, 0xED, 0x62, 0xBE, 0x76, 0x02, 0x79, 0x00, 0x00, 0xF0, 0x62, /* FCC30 */
	0xC6, 0x76, 0x02, 0x79, 0x00, 0x00, 0xF6, 0x62, 0xDC, 0x76, 0x02, 0x79, 0x00, 0x00, 0xF3, 0x62, /* FCC40 */
	0xD0, 0x76, 0x02, 0x79, 0x00, 0x00, 0xDF, 0x62, 0x90, 0x76, 0x02, 0x79, 0x00, 0x00, 0x00, 0x00, /* FCC50 */
	0xEA, 0x76, 0x02, 0x79, 0x00, 0x00, 0xEA, 0x62, 0xB6, 0x76, 0x02, 0x79, 0x00, 0x00, 0xED, 0x62, /* FCC60 */
	0xBE, 0x76, 0x02, 0x79, 0x00, 0x00, 0xF0, 0x62, 0xC6, 0x76, 0x02, 0x79, 0x00, 0x00, 0xF6, 0x62, /* FCC70 */
	0xDC, 0x76, 0x02, 0x79, 0x00, 0x00, 0xF3, 0x62, 0xD0, 0x76, 0x02, 0x79, 0x00, 0x00, 0xDF, 0x62, /* FCC80 */
	0x90, 0x76, 0x02, 0x79, 0x00, 0x00, 0x00, 0x00, 0xF4, 0x76, 0x02, 0x79, 0x00, 0x00, 0xEA, 0x62, /* FCC90 */
	0xB6, 0x76, 0x02, 0x79, 0x00, 0x00, 0xED, 0x62, 0xBE, 0x76, 0x02, 0x79, 0x00, 0x00, 0xF0, 0x62, /* FCCA0 */
	0xC6, 0x76, 0x02, 0x79, 0x00, 0x00, 0xF6, 0x62, 0xDC, 0x76, 0x02, 0x79, 0x00, 0x00, 0xF3, 0x62, /* FCCB0 */
	0xD0, 0x76, 0x02, 0x79, 0x00, 0x00, 0xDF, 0x62, 0x90, 0x76, 0x02, 0x79, 0x00, 0x00, 0x00, 0x00, /* FCCC0 */
	0xFE, 0x76, 0x02, 0x79, 0x00, 0x00, 0xEA, 0x62, 0xB6, 0x76, 0x02, 0x79, 0x00, 0x00, 0xED, 0x62, /* FCCD0 */
	0xBE, 0x76, 0x02, 0x79, 0x00, 0x00, 0xF0, 0x62, 0xC6, 0x76, 0x02, 0x79, 0x00, 0x00, 0xF6, 0x62, /* FCCE0 */
	0xDC, 0x76, 0x02, 0x79, 0x00, 0x00, 0xF3, 0x62, 0xD0, 0x76, 0x02, 0x79, 0x00, 0x00, 0xDF, 0x62, /* FCCF0 */
	0x90, 0x76, 0x02, 0x79, 0x00, 0x00, 0x00, 0x00, 0x02, 0x77, 0x02, 0x79, 0x00, 0x00, 0xEA, 0x62, /* FCD00 */
	0xB6, 0x76, 0x02, 0x79, 0x00, 0x00, 0xED, 0x62, 0xBE, 0x76, 0x02, 0x79, 0x00, 0x00, 0xF0, 0x62, /* FCD10 */
	0xC6, 0x76, 0x02, 0x79, 0x00, 0x00, 0xF6, 0x62, 0xDC, 0x76, 0x02, 0x79, 0x00, 0x00, 0xF3, 0x62, /* FCD20 */
	0xD0, 0x76, 0x02, 0x79, 0x00, 0x00, 0xDF, 0x62, 0x90, 0x76, 0x02, 0x79, 0x00, 0x00, 0x00, 0x00, /* FCD30 */
	0xAE, 0x76, 0x02, 0x79, 0x00, 0x00, 0xB1, 0x62, 0x94, 0x76, 0x16, 0x79, 0x00, 0x00, 0xE4, 0x62, /* FCD40 */
	0x76, 0x76, 0x16, 0x79, 0x00, 0x00, 0x00, 0x00, 0xAE, 0x75, 0x16, 0x79, 0x00, 0x00, 0xB1, 0x62, /* FCD50 */
	0x9A, 0x76, 0x2A, 0x79, 0x00, 0x00, 0xE4, 0x62, 0x7C, 0x76, 0x2A, 0x79, 0x00, 0x00, 0x00, 0x00, /* FCD60 */
	0x92, 0x75, 0x2A, 0x79, 0x00, 0x00, 0xB1, 0x62, 0x94, 0x76, 0x2A, 0x79, 0x00, 0x00, 0xE4, 0x62, /* FCD70 */
	0x76, 0x76, 0x2A, 0x79, 0x00, 0x00, 0x00, 0x00, 0xAE, 0x75, 0x2A, 0x79, 0x00, 0x00, 0x7C, 0x62, /* FCD80 */
	0x80, 0x72, 0x3A, 0x79, 0x00, 0x00, 0xD8, 0x62, 0x88, 0x72, 0x3A, 0x79, 0x00, 0x00, 0x81, 0x62, /* FCD90 */
	0x90, 0x72, 0x3A, 0x79, 0x00, 0x00, 0x00, 0x00, 0x90, 0x72, 0x62, 0x78, 0x00, 0x00, 0x7C, 0x62, /* FCDA0 */
	0x80, 0x72, 0x52, 0x79, 0x00, 0x00, 0xD8, 0x62, 0x88, 0x72, 0x52, 0x79, 0x00, 0x00, 0x81, 0x62, /* FCDB0 */
	0x90, 0x72, 0x52, 0x79, 0x00, 0x00, 0x00, 0x00, 0x90, 0x72, 0x76, 0x78, 0x00, 0x00, 0x00, 0x00, /* FCDC0 */
	0x00, 0x00, 0x62, 0x78, 0x00, 0x00, 0x00, 0x00, 0x00, 0x00, 0x76, 0x78, 0x00, 0x00, 0x00, 0x00, /* FCDD0 */
	0x26, 0x78, 0x66, 0x79, 0x00, 0x00, 0x00, 0x00, 0x6C, 0x72, 0x72, 0x79, 0x00, 0x00, 0x00, 0x00, /* FCDE0 */
	0x6C, 0x72, 0x82, 0x79, 0x00, 0x00, 0x00, 0x00, 0x00, 0x00, 0x8E, 0x79, 0x00, 0x00, 0x96, 0x79, /* FCDF0 */
	0xA6, 0x79, 0xAE, 0x79, 0xB6, 0x79, 0xBE, 0x79, 0xCE, 0x79, 0xD6, 0x79, 0xDE, 0x79, 0xE6, 0x79, /* FCE00 */
	0xEE, 0x79, 0xFE, 0x79, 0x0E, 0x7A, 0x1E, 0x7A, 0x3E, 0x7A, 0x7E, 0x7A, 0xC6, 0x7A, 0x06, 0x7B, /* FCE10 */
	0x4E, 0x7B, 0x96, 0x7B, 0xD6, 0x7B, 0x1E, 0x7C, 0x56, 0x7C, 0x8E, 0x7C, 0xC6, 0x7C, 0xFE, 0x7C, /* FCE20 */
	0x36, 0x7D, 0x76, 0x7D, 0xDE, 0x7D, 0x46, 0x7E, 0xAE, 0x7E, 0xFE, 0x7E, 0x56, 0x7F, 0xB6, 0x7F, /* FCE30 */
	0x0E, 0x80, 0x8E, 0x80, 0x0E, 0x81, 0x8E, 0x81, 0x0E, 0x82, 0x8E, 0x82, 0x0E, 0x83, 0x76, 0x83, /* FCE40 */
	0xDE, 0x83, 0x46, 0x84, 0xAE, 0x84, 0x16, 0x85, 0x7E, 0x85, 0xC6, 0x85, 0xDE, 0x85, 0xFE, 0x85, /* FCE50 */
	0x2E, 0x86, 0x5E, 0x86, 0x96, 0x86, 0xC6, 0x86, 0x0E, 0x87, 0x56, 0x87, 0x9E, 0x87, 0xE6, 0x87, /* FCE60 */
	0x2E, 0x88, 0x76, 0x88, 0xBE, 0x88, 0x06, 0x89, 0x4E, 0x89, 0x96, 0x89, 0xA6, 0x89, 0xB6, 0x89, /* FCE70 */
	0xC6, 0x89, 0xD6, 0x89, 0x0E, 0x8A, 0x46, 0x8A, 0x7E, 0x8A, 0xB6, 0x8A, 0xF6, 0x8A, 0x2E, 0x8B, /* FCE80 */
	0x66, 0x8B, 0x9E, 0x8B, 0xD6, 0x8B, 0x0E, 0x8C, 0x46, 0x8C, 0x5E, 0x8C, 0x76, 0x8C, 0x8E, 0x8C, /* FCE90 */
	0xAE, 0x8C, 0xCE, 0x8C, 0xD6, 0x8C, 0xDE, 0x8C, 0xE6, 0x8C, 0xEE, 0x8C, 0xF6, 0x8C, 0x02, 0x01, /* FCEA0 */
	0x01, 0x01, 0x02, 0x01, 0x01, 0x01, 0x01, 0x02, 0x02, 0x02, 0x04, 0x08, 0x09, 0x08, 0x09, 0x09, /* FCEB0 */
	0x08, 0x09, 0x07, 0x07, 0x07, 0x07, 0x07, 0x08, 0x0D, 0x0D, 0x0D, 0x0A, 0x0B, 0x0C, 0x0B, 0x10, /* FCEC0 */
	0x10, 0x10, 0x10, 0x10, 0x10, 0x0D, 0x0D, 0x0D, 0x0D, 0x0D, 0x0D, 0x09, 0x03, 0x04, 0x06, 0x06, /* FCED0 */
	0x07, 0x06, 0x09, 0x09, 0x09, 0x09, 0x09, 0x09, 0x09, 0x09, 0x09, 0x09, 0x02, 0x02, 0x02, 0x02, /* FCEE0 */
	0x07, 0x07, 0x07, 0x07, 0x08, 0x07, 0x07, 0x07, 0x07, 0x07, 0x07, 0x03, 0x03, 0x03, 0x04, 0x04, /* FCEF0 */
	0x01, 0x01, 0x01, 0x01, 0x01, 0x01, 0x02, 0x02, 0x02, 0x02, 0x02, 0x02, 0x02, 0x02, 0x02, 0x02, /* FCF00 */
	0x02, 0x02, 0x02, 0x02, 0x02, 0x02, 0x02, 0x02, 0x02, 0x02, 0x02, 0x02, 0x02, 0x02, 0x02, 0x02, /* FCF10 */
	0x02, 0x02, 0x02, 0x02, 0x02, 0x02, 0x02, 0x01, 0x01, 0x01, 0x01, 0x01, 0x01, 0x01, 0x01, 0x00, /* FCF20 */
	0x01, 0x01, 0x02, 0x02, 0x02, 0x02, 0x02, 0x02, 0x02, 0x02, 0x01, 0x01, 0x01, 0x01, 0x01, 0x02, /* FCF30 */
	0x06, 0x06, 0x06, 0x06, 0x06, 0x06, 0x06, 0x06, 0x06, 0x06, 0x06, 0x06, 0x06, 0x06, 0x06, 0x06, /* FCF40 */
	0x06, 0x06, 0x06, 0x06, 0x06, 0x06, 0x06, 0x06, 0x06, 0x06, 0x06, 0x06, 0x06, 0x06, 0x06, 0x06, /* FCF50 */
	0x06, 0x05, 0x04, 0x05, 0x05, 0x05, 0x05, 0x05, 0x05, 0x03, 0x05, 0x05, 0x06, 0x06, 0x06, 0x06, /* FCF60 */
	0x06, 0x06, 0x06, 0x06, 0x05, 0x05, 0x05, 0x05, 0x05, 0x06, 0x08, 0x08, 0x08, 0x08, 0x08, 0x08, /* FCF70 */
	0x08, 0x08, 0x08, 0x08, 0x08, 0x08, 0x08, 0x08, 0x08, 0x08, 0x08, 0x08, 0x08, 0x08, 0x08, 0x08, /* FCF80 */
	0x08, 0x08, 0x08, 0x08, 0x08, 0x08, 0x08, 0x08, 0x08, 0x08, 0x08, 0x07, 0x07, 0x07, 0x07, 0x07, /* FCF90 */
	0x07, 0x07, 0x07, 0x07, 0x07, 0x07, 0x08, 0x08, 0x08, 0x08, 0x08, 0x08, 0x08, 0x08, 0x07, 0x07, /* FCFA0 */
	0x07, 0x07, 0x07, 0x08, 0x0A, 0x09, 0x09, 0x09, 0x0B, 0x0B, 0x09, 0x0B, 0x0A, 0x09, 0x0B, 0x0A, /* FCFB0 */
	0x09, 0x0A, 0x0A, 0x0B, 0x0B, 0x09, 0x0A, 0x0B, 0x0B, 0x0B, 0x09, 0x0B, 0x0B, 0x0B, 0x0B, 0x09, /* FCFC0 */
	0x0A, 0x0B, 0x0B, 0x0B, 0x0B, 0x0B, 0x0B, 0x0B, 0x0B, 0x0B, 0x0B, 0x0B, 0x0B, 0x0B, 0x0B, 0x0B, /* FCFD0 */
	0x0B, 0x0B, 0x0B, 0x0B, 0x0B, 0x0B, 0x0B, 0x0B, 0x0B, 0x0B, 0x0B, 0x0B, 0x0B, 0x0B, 0x0C, 0x0C, /* FCFE0 */
	0x0C, 0x0C, 0x0C, 0x0C, 0x0C, 0x0C, 0x0C, 0x0C, 0x0C, 0x0C, 0x0C, 0x0C, 0x0C, 0x0C, 0x0C, 0x0C, /* FCFF0 */
	0x0C, 0x0C, 0x0C, 0x0C, 0x0C, 0x0C, 0x0C, 0x0C, 0x0C, 0x0C, 0x0C, 0x0C, 0x0C, 0x0C, 0x0C, 0x0C, /* FD000 */
	0x0C, 0x0C, 0x0C, 0x0C, 0x0C, 0x0C, 0x0C, 0x0C, 0x0C, 0x0C, 0x0C, 0x0C, 0x0C, 0x0C, 0x0C, 0x0C, /* FD010 */
	0x0C, 0x0C, 0x0C, 0x0C, 0x0C, 0x0C, 0x0C, 0x0C, 0x0F, 0x0D, 0x0D, 0x0D, 0x10, 0x10, 0x0D, 0x10, /* FD020 */
	0x0F, 0x0D, 0x10, 0x0F, 0x0D, 0x0F, 0x0F, 0x0E, 0x0E, 0x0D, 0x0F, 0x0E, 0x0E, 0x0E, 0x0D, 0x12, /* FD030 */
	0x12, 0x12, 0x10, 0x0D, 0x0F, 0x0E, 0x12, 0x12, 0x12, 0x12, 0x12, 0x12, 0x12, 0x12, 0x12, 0x12, /* FD040 */
	0x12, 0x12, 0x12, 0x12, 0x12, 0x12, 0x12, 0x12, 0x12, 0x13, 0x12, 0x12, 0x12, 0x12, 0x12, 0x12, /* FD050 */
	0x12, 0x11, 0x16, 0x14, 0x14, 0x14, 0x17, 0x17, 0x14, 0x17, 0x16, 0x14, 0x17, 0x16, 0x14, 0x16, /* FD060 */
	0x16, 0x15, 0x15, 0x14, 0x16, 0x15, 0x15, 0x15, 0x14, 0x18, 0x18, 0x18, 0x17, 0x14, 0x16, 0x15, /* FD070 */
	0x18, 0x18, 0x18, 0x18, 0x18, 0x18, 0x18, 0x18, 0x18, 0x18, 0x18, 0x18, 0x18, 0x18, 0x18, 0x18, /* FD080 */
	0x18, 0x18, 0x18, 0x19, 0x18, 0x18, 0x18, 0x18, 0x18, 0x18, 0x18, 0x18, 0x1C, 0x1C, 0x1C, 0x1C, /* FD090 */
	0x1C, 0x1C, 0x1C, 0x1C, 0x1C, 0x1C, 0x1C, 0x1C, 0x1C, 0x1C, 0x1C, 0x1C, 0x1C, 0x1C, 0x1C, 0x1C, /* FD0A0 */
	0x1C, 0x1C, 0x1C, 0x1C, 0x1C, 0x1C, 0x1C, 0x1C, 0x1C, 0x1C, 0x1C, 0x1C, 0x1C, 0x1C, 0x1C, 0x1C, /* FD0B0 */
	0x1C, 0x1C, 0x1C, 0x1C, 0x1C, 0x1C, 0x1C, 0x1C, 0x1C, 0x1C, 0x1C, 0x1C, 0x1A, 0x1A, 0x1C, 0x1C, /* FD0C0 */
	0x1C, 0x1C, 0x1C, 0x1C, 0x1C, 0x1B, 0x20, 0x20, 0x20, 0x20, 0x20, 0x20, 0x20, 0x20, 0x20, 0x20, /* FD0D0 */
	0x20, 0x20, 0x20, 0x20, 0x20, 0x20, 0x20, 0x20, 0x20, 0x20, 0x20, 0x20, 0x20, 0x1F, 0x20, 0x20, /* FD0E0 */
	0x20, 0x20, 0x20, 0x20, 0x20, 0x20, 0x20, 0x20, 0x20, 0x20, 0x20, 0x20, 0x20, 0x20, 0x20, 0x20, /* FD0F0 */
	0x20, 0x20, 0x20, 0x20, 0x20, 0x20, 0x20, 0x1D, 0x20, 0x20, 0x20, 0x20, 0x20, 0x20, 0x20, 0x1E, /* FD100 */
	0x25, 0x21, 0x21, 0x22, 0x23, 0x23, 0x22, 0x23, 0x25, 0x22, 0x23, 0x25, 0x22, 0x25, 0x25, 0x24, /* FD110 */
	0x24, 0x22, 0x25, 0x24, 0x24, 0x24, 0x22, 0x26, 0x26, 0x26, 0x26, 0x26, 0x26, 0x26, 0x26, 0x26, /* FD120 */
	0x26, 0x26, 0x26, 0x26, 0x26, 0x26, 0x26, 0x26, 0x26, 0x26, 0x26, 0x26, 0x26, 0x26, 0x26, 0x26, /* FD130 */
	0x26, 0x26, 0x26, 0x26, 0x26, 0x26, 0x26, 0x26, 0x26, 0x26, 0x2B, 0x27, 0x27, 0x28, 0x29, 0x29, /* FD140 */
	0x28, 0x29, 0x2B, 0x28, 0x29, 0x2B, 0x28, 0x2B, 0x2B, 0x2A, 0x2A, 0x28, 0x2B, 0x2A, 0x2A, 0x2A, /* FD150 */
	0x28, 0x2C, 0x2C, 0x2C, 0x2C, 0x2C, 0x2C, 0x2C, 0x2C, 0x2C, 0x2C, 0x2C, 0x2C, 0x2C, 0x2C, 0x2C, /* FD160 */
	0x2C, 0x2C, 0x2C, 0x2C, 0x2C, 0x2C, 0x2C, 0x2C, 0x2C, 0x2C, 0x2C, 0x2C, 0x2C, 0x2C, 0x2C, 0x2C, /* FD170 */
	0x2C, 0x2C, 0x2C, 0x2C, 0x2D, 0x2D, 0x2D, 0x2D, 0x2D, 0x2D, 0x2D, 0x2D, 0x2D, 0x2D, 0x2D, 0x2D, /* FD180 */
	0x2D, 0x2D, 0x2D, 0x2D, 0x2D, 0x2D, 0x2D, 0x2D, 0x2D, 0x2D, 0x2D, 0x2D, 0x2D, 0x2D, 0x2D, 0x2D, /* FD190 */
	0x2D, 0x2D, 0x2D, 0x2D, 0x2D, 0x2D, 0x2D, 0x2D, 0x2D, 0x2D, 0x2D, 0x2D, 0x2D, 0x2D, 0x2D, 0x2D, /* FD1A0 */
	0x2D, 0x2D, 0x2D, 0x2D, 0x2D, 0x2D, 0x2D, 0x2D, 0x2D, 0x2D, 0x2D, 0x2D, 0x2D, 0x2D, 0x2E, 0x2E, /* FD1B0 */
	0x2E, 0x2E, 0x2E, 0x2E, 0x2E, 0x2E, 0x2E, 0x2E, 0x2E, 0x2E, 0x2E, 0x2E, 0x2E, 0x2E, 0x2E, 0x2E, /* FD1C0 */
	0x2E, 0x2E, 0x2E, 0x2E, 0x2E, 0x2E, 0x2E, 0x2E, 0x2E, 0x2E, 0x2E, 0x2E, 0x2E, 0x2E, 0x2E, 0x2E, /* FD1D0 */
	0x2E, 0x2E, 0x2E, 0x2E, 0x2E, 0x2E, 0x2E, 0x2E, 0x2E, 0x2E, 0x2E, 0x2E, 0x2E, 0x2E, 0x2E, 0x2E, /* FD1E0 */
	0x2E, 0x2E, 0x2E, 0x2E, 0x2E, 0x2E, 0x2E, 0x2E, 0x30, 0x2F, 0x2F, 0x2F, 0x30, 0x30, 0x2F, 0x30, /* FD1F0 */
	0x30, 0x2F, 0x30, 0x30, 0x2F, 0x30, 0x30, 0x30, 0x30, 0x2F, 0x30, 0x30, 0x30, 0x30, 0x2F, 0x32, /* FD200 */
	0x31, 0x31, 0x30, 0x2F, 0x30, 0x30, 0x30, 0x30, 0x30, 0x33, 0x33, 0x33, 0x33, 0x33, 0x33, 0x33, /* FD210 */
	0x33, 0x33, 0x33, 0x33, 0x31, 0x31, 0x31, 0x31, 0x31, 0x31, 0x31, 0x31, 0x33, 0x33, 0x33, 0x33, /* FD220 */
	0x33, 0x30, 0x38, 0x34, 0x34, 0x35, 0x36, 0x36, 0x35, 0x36, 0x38, 0x35, 0x36, 0x38, 0x35, 0x38, /* FD230 */
	0x38, 0x37, 0x37, 0x35, 0x38, 0x37, 0x37, 0x37, 0x35, 0x3A, 0x3A, 0x3A, 0x3A, 0x3A, 0x3A, 0x37, /* FD240 */
	0x3A, 0x3A, 0x3A, 0x39, 0x39, 0x39, 0x39, 0x39, 0x39, 0x39, 0x39, 0x39, 0x39, 0x39, 0x3A, 0x3A, /* FD250 */
	0x3A, 0x3A, 0x3A, 0x3A, 0x3A, 0x3A, 0x39, 0x39, 0x39, 0x39, 0x39, 0x3A, 0x3B, 0x3B, 0x3B, 0x3B, /* FD260 */
	0x3B, 0x3B, 0x3B, 0x3B, 0x3B, 0x3B, 0x3B, 0x3B, 0x3B, 0x3B, 0x3B, 0x3B, 0x3B, 0x3B, 0x3B, 0x3B, /* FD270 */
	0x3B, 0x3B, 0x3B, 0x3D, 0x3D, 0x3D, 0x3D, 0x3D, 0x3D, 0x3B, 0x3D, 0x3D, 0x3D, 0x3C, 0x3C, 0x3C, /* FD280 */
	0x3C, 0x3C, 0x3C, 0x3C, 0x3C, 0x3C, 0x3C, 0x3C, 0x3D, 0x3D, 0x3D, 0x3D, 0x3D, 0x3D, 0x3D, 0x3D, /* FD290 */
	0x3C, 0x3C, 0x3C, 0x3C, 0x3C, 0x3D, 0x40, 0x40, 0x40, 0x40, 0x40, 0x40, 0x40, 0x40, 0x40, 0x40, /* FD2A0 */
	0x40, 0x40, 0x40, 0x40, 0x40, 0x40, 0x40, 0x40, 0x40, 0x40, 0x40, 0x40, 0x40, 0x41, 0x41, 0x41, /* FD2B0 */
	0x41, 0x41, 0x41, 0x40, 0x41, 0x41, 0x41, 0x3F, 0x3F, 0x3F, 0x3F, 0x3F, 0x3F, 0x3F, 0x3F, 0x3F, /* FD2C0 */
	0x3F, 0x3F, 0x41, 0x41, 0x41, 0x41, 0x41, 0x41, 0x41, 0x41, 0x3F, 0x3F, 0x3F, 0x3F, 0x3F, 0x3E, /* FD2D0 */
	0x44, 0x44, 0x44, 0x44, 0x44, 0x44, 0x44, 0x44, 0x44, 0x44, 0x44, 0x44, 0x44, 0x44, 0x44, 0x44, /* FD2E0 */
	0x44, 0x44, 0x44, 0x44, 0x44, 0x44, 0x44, 0x45, 0x45, 0x45, 0x45, 0x45, 0x45, 0x44, 0x45, 0x45, /* FD2F0 */
	0x45, 0x43, 0x43, 0x43, 0x43, 0x43, 0x43, 0x43, 0x43, 0x43, 0x43, 0x43, 0x45, 0x45, 0x45, 0x45, /* FD300 */
	0x45, 0x45, 0x45, 0x45, 0x43, 0x43, 0x43, 0x43, 0x43, 0x42, 0x4B, 0x47, 0x47, 0x48, 0x49, 0x49, /* FD310 */
	0x48, 0x49, 0x4B, 0x48, 0x49, 0x4B, 0x48, 0x4B, 0x4B, 0x4A, 0x4A, 0x48, 0x4B, 0x4A, 0x4A, 0x4A, /* FD320 */
	0x48, 0x4C, 0x4C, 0x4C, 0x4C, 0x4C, 0x4C, 0x4A, 0x4C, 0x4C, 0x4C, 0x46, 0x46, 0x46, 0x46, 0x46, /* FD330 */
	0x46, 0x46, 0x46, 0x46, 0x46, 0x46, 0x4C, 0x4C, 0x4C, 0x4C, 0x4C, 0x4C, 0x4C, 0x4C, 0x46, 0x46, /* FD340 */
	0x46, 0x46, 0x46, 0x4C, 0x4E, 0x4E, 0x4E, 0x4E, 0x4E, 0x4E, 0x4E, 0x4E, 0x4E, 0x4E, 0x4E, 0x4E, /* FD350 */
	0x4E, 0x4E, 0x4E, 0x4E, 0x4E, 0x4E, 0x4E, 0x4E, 0x4E, 0x4E, 0x4E, 0x4F, 0x4F, 0x4F, 0x4F, 0x4F, /* FD360 */
	0x4F, 0x4E, 0x4F, 0x4F, 0x4F, 0x4D, 0x4D, 0x4D, 0x4D, 0x4D, 0x4D, 0x4D, 0x4D, 0x4D, 0x4D, 0x4D, /* FD370 */
	0x4F, 0x4F, 0x4F, 0x4F, 0x4F, 0x4F, 0x4F, 0x4F, 0x4D, 0x4D, 0x4D, 0x4D, 0x4D, 0x4F, 0x51, 0x51, /* FD380 */
	0x51, 0x51, 0x51, 0x51, 0x51, 0x51, 0x51, 0x51, 0x51, 0x51, 0x51, 0x51, 0x51, 0x51, 0x51, 0x51, /* FD390 */
	0x51, 0x51, 0x51, 0x51, 0x51, 0x51, 0x51, 0x51, 0x51, 0x51, 0x51, 0x51, 0x51, 0x51, 0x51, 0x50, /* FD3A0 */
	0x50, 0x50, 0x50, 0x50, 0x50, 0x50, 0x50, 0x50, 0x50, 0x50, 0x51, 0x51, 0x51, 0x51, 0x51, 0x51, /* FD3B0 */
	0x51, 0x51, 0x50, 0x50, 0x50, 0x50, 0x50, 0x51, 0x53, 0x53, 0x53, 0x53, 0x53, 0x53, 0x53, 0x53, /* FD3C0 */
	0x53, 0x53, 0x53, 0x53, 0x53, 0x53, 0x53, 0x53, 0x53, 0x53, 0x53, 0x53, 0x53, 0x53, 0x53, 0x53, /* FD3D0 */
	0x53, 0x53, 0x53, 0x53, 0x53, 0x53, 0x53, 0x53, 0x53, 0x52, 0x52, 0x52, 0x52, 0x52, 0x52, 0x52, /* FD3E0 */
	0x52, 0x52, 0x52, 0x52, 0x53, 0x53, 0x53, 0x53, 0x53, 0x53, 0x53, 0x53, 0x52, 0x52, 0x52, 0x52, /* FD3F0 */
	0x52, 0x53, 0x54, 0x54, 0x54, 0x54, 0x54, 0x54, 0x54, 0x54, 0x54, 0x54, 0x54, 0x54, 0x54, 0x54, /* FD400 */
	0x54, 0x54, 0x54, 0x54, 0x54, 0x54, 0x54, 0x54, 0x54, 0x54, 0x54, 0x54, 0x54, 0x54, 0x54, 0x54, /* FD410 */
	0x54, 0x54, 0x54, 0x54, 0x54, 0x54, 0x54, 0x54, 0x54, 0x54, 0x54, 0x54, 0x54, 0x54, 0x54, 0x54, /* FD420 */
	0x54, 0x54, 0x54, 0x54, 0x54, 0x54, 0x54, 0x54, 0x54, 0x54, 0x54, 0x54, 0x56, 0x56, 0x56, 0x56, /* FD430 */
	0x56, 0x56, 0x56, 0x56, 0x56, 0x56, 0x56, 0x56, 0x56, 0x56, 0x56, 0x56, 0x56, 0x56, 0x56, 0x56, /* FD440 */
	0x56, 0x56, 0x56, 0x56, 0x56, 0x56, 0x56, 0x56, 0x56, 0x56, 0x56, 0x56, 0x56, 0x55, 0x55, 0x55, /* FD450 */
	0x55, 0x55, 0x55, 0x55, 0x55, 0x55, 0x55, 0x55, 0x56, 0x56, 0x56, 0x56, 0x56, 0x56, 0x56, 0x56, /* FD460 */
	0x55, 0x55, 0x55, 0x55, 0x55, 0x57, 0x06, 0x8E, 0x06, 0x8E, 0x06, 0x8E, 0x06, 0x8E, 0x06, 0x8E, /* FD470 */
	0x06, 0x8E, 0x06, 0x8E, 0x06, 0x8E, 0x06, 0x8E, 0x06, 0x8E, 0x06, 0x8E, 0x06, 0x8E, 0x06, 0x8E, /* FD480 */
	0x06, 0x8E, 0x06, 0x8E, 0x06, 0x8E, 0x06, 0x8E, 0x06, 0x8E, 0x06, 0x8E, 0x06, 0x8E, 0x06, 0x8E, /* FD490 */
	0x06, 0x8E, 0x06, 0x8E, 0x7A, 0x8E, 0x7A, 0x8E, 0x7A, 0x8E, 0x7A, 0x8E, 0x7A, 0x8E, 0x40, 0x8E, /* FD4A0 */
	0x06, 0x8E, 0x8E, 0x92, 0xC8, 0x92, 0x8E, 0x92, 0x62, 0x8F, 0x28, 0x8F, 0xD6, 0x8F, 0x9C, 0x8F, /* FD4B0 */
	0x02, 0x93, 0xBE, 0x90, 0x84, 0x90, 0x4A, 0x90, 0x10, 0x90, 0x02, 0x93, 0xBE, 0x90, 0xF8, 0x90, /* FD4C0 */
	0xF8, 0x90, 0xA6, 0x91, 0xE0, 0x91, 0x6C, 0x91, 0x32, 0x91, 0x54, 0x92, 0x1A, 0x92, 0xB4, 0x8E, /* FD4D0 */
	0xB4, 0x8E, 0xEE, 0x8E, 0xEE, 0x8E, 0xB4, 0x8E, 0x3C, 0x93, 0x39, 0xFF, 0xFF, 0xFF, 0xFF, 0xFF, /* FD4E0 */
	0xFF, 0xFF, 0xFF, 0xFF, 0xFF, 0xFF, 0xFF, 0xFF, 0xFF, 0xFF, 0xFF, 0xFF, 0xFF, 0x12, 0x00, 0xFF, /* FD4F0 */
	0xFF, 0xFF, 0xFF, 0xFF, 0xFF, 0xFF, 0xFF, 0xFF, 0xFF, 0xFF, 0x13, 0x01, 0x21, 0x27, 0x23, 0x02, /* FD500 */
	0x2D, 0x28, 0x20, 0x03, 0x26, 0x29, 0x19, 0x34, 0x36, 0x04, 0x22, 0x2A, 0x1C, 0x31, 0x24, 0x05, /* FD510 */
	0x2C, 0x1A, 0x2F, 0x1B, 0x30, 0xFF, 0xFF, 0xFF, 0xFF, 0xFF, 0xFF, 0x06, 0x07, 0x08, 0x1E, 0x09, /* FD520 */
	0x0A, 0x0B, 0x1F, 0x0C, 0x17, 0x0D, 0x18, 0x35, 0x37, 0x14, 0x1D, 0x2B, 0x0E, 0x33, 0x25, 0x0F, /* FD530 */
	0x15, 0x10, 0x2E, 0x11, 0x32, 0xFF, 0x16, 0xFF, 0x38, 0x00, 0xCA, 0x93, 0x45, 0x75, 0x44, 0xAC, /* FD540 */
	0x7C, 0x46, 0xB5, 0x5D, 0x4A, 0x8D, 0xB9, 0x67, 0x5F, 0x6F, 0x94, 0x64, 0x8B, 0x68, 0x6E, 0x85, /* FD550 */
	0xAA, 0x95, 0x5F, 0x70, 0x65, 0x55, 0x4B, 0x3C, 0x5A, 0x6B, 0x70, 0x52, 0x70, 0x32, 0x4B, 0x32, /* FD560 */
	0x4B, 0x32, 0x4B, 0x64, 0x3E, 0x57, 0x64, 0x32, 0x3E, 0x64, 0x4B, 0x64, 0x4B, 0x64, 0x64, 0x7D, /* FD570 */
	0x82, 0x82, 0x70, 0x70, 0x82, 0x64, 0xCE, 0xB4, 0xD7, 0x50, 0x5C, 0xBE, 0x90, 0x72, 0x3C, 0x90, /* FD580 */
	0x79, 0x11, 0xB2, 0xB9, 0x34, 0x41, 0x2C, 0x16, 0x53, 0x6A, 0x4B, 0x5B, 0x90, 0x25, 0x25, 0x44, /* FD590 */
	0x10, 0xC4, 0x3A, 0x7D, 0x76, 0x0C, 0x76, 0x32, 0x32, 0xA2, 0xA2, 0x89, 0xA9, 0x8F, 0xBC, 0xAF, /* FD5A0 */
	0x70, 0x89, 0x4E, 0x4E, 0x96, 0x96, 0x7D, 0x89, 0x8F, 0x8F, 0x44, 0x44, 0xA2, 0x47, 0xAF, 0x70, /* FD5B0 */
	0xA5, 0x9E, 0xB4, 0xA8, 0x90, 0x94, 0x93, 0x84, 0x83, 0x9A, 0x92, 0xA5, 0x9B, 0x99, 0x9D, 0x8A, /* FD5C0 */
	0xA3, 0xA7, 0x5B, 0x93, 0xA5, 0x94, 0x8F, 0xB2, 0xB2, 0xBB, 0x92, 0xBC, 0x51, 0x9C, 0x99, 0x83, /* FD5D0 */
	0x99, 0x83, 0x83, 0xA8, 0xA8, 0xA8, 0xAF, 0x96, 0x8A, 0x83, 0x96, 0xA8, 0x83, 0x83, 0xA2, 0xA2, /* FD5E0 */
	0x9C, 0xA8, 0x96, 0x96, 0x83, 0x83, 0x8F, 0x9C, 0x8C, 0x96, 0xDA, 0xE0, 0xDD, 0xE2, 0xCA, 0xD0, /* FD5F0 */
	0xE6, 0xCE, 0xC6, 0xE6, 0xE3, 0xD0, 0xDB, 0xDD, 0xD3, 0xC5, 0xD3, 0xCC, 0xD3, 0xD8, 0xE0, 0xDA, /* FD600 */
	0xDC, 0xF3, 0xF3, 0xF3, 0xDA, 0xE1, 0xE1, 0xE1, 0xE1, 0xDA, 0xE1, 0xE1, 0xE1, 0xE1, 0xE1, 0xE1, /* FD610 */
	0xC8, 0xC8, 0xE1, 0xE1, 0xE1, 0xE1, 0xE1, 0xE1, 0xE1, 0xE1, 0xE1, 0xE1, 0xC8, 0xC8, 0x96, 0x96, /* FD620 */
	0xC8, 0xD2, 0xE1, 0xE1, 0x19, 0x1D, 0x19, 0x57, 0x1B, 0x19, 0x58, 0x14, 0x14, 0x30, 0x64, 0x28, /* FD630 */
	0x17, 0x1E, 0x38, 0x1D, 0x2B, 0x28, 0x1D, 0x18, 0x37, 0x26, 0x1C, 0x20, 0x20, 0x23, 0x28, 0x14, /* FD640 */
	0x1E, 0x3A, 0x64, 0x64, 0x96, 0x64, 0x64, 0x64, 0x64, 0x64, 0x64, 0x64, 0x20, 0x20, 0x46, 0x64, /* FD650 */
	0x28, 0x64, 0x50, 0x1E, 0x96, 0x64, 0x96, 0x64, 0x50, 0x50, 0x32, 0x32, 0x50, 0x46, 0x38, 0x33, /* FD660 */
	0x3A, 0x2B, 0x27, 0x35, 0x59, 0x1E, 0x34, 0x49, 0x36, 0x37, 0x32, 0x35, 0x29, 0x21, 0x2C, 0x37, /* FD670 */
	0x2B, 0x23, 0x2F, 0x31, 0x2B, 0x1E, 0x1E, 0x1E, 0x1E, 0x7D, 0x23, 0x1E, 0x3C, 0x3C, 0x50, 0x3C, /* FD680 */
	0x3C, 0x46, 0x46, 0x46, 0x37, 0x37, 0x35, 0x35, 0x2D, 0x46, 0x64, 0x3C, 0x3E, 0x3E, 0x46, 0x46, /* FD690 */
	0x37, 0x37, 0x4B, 0x4B, 0x96, 0x96, 0x4B, 0x2D, 0x8E, 0x74, 0x77, 0x46, 0x3B, 0x8D, 0x89, 0x37, /* FD6A0 */
	0x37, 0x7A, 0x52, 0x51, 0x5C, 0xB1, 0x42, 0x3A, 0x44, 0x46, 0x2F, 0x40, 0x45, 0x54, 0x3C, 0x28, /* FD6B0 */
	0x28, 0x1E, 0x1E, 0xC8, 0x23, 0x3C, 0x64, 0x64, 0x96, 0x46, 0x46, 0x6E, 0x6E, 0x6E, 0x87, 0x87, /* FD6C0 */
	0x49, 0x49, 0x37, 0x6E, 0x64, 0x46, 0x64, 0x64, 0x6E, 0x6E, 0x87, 0x87, 0x46, 0x46, 0x32, 0x32, /* FD6D0 */
	0x49, 0x37, 0x3C, 0x3C, 0x3C, 0x3C, 0x3C, 0x3C, 0x3C, 0x3C, 0x3C, 0x3C, 0x3C, 0x3C, 0x3C, 0x3C, /* FD6E0 */
	0x3C, 0x3C, 0x3C, 0x3C, 0x3C, 0x3C, 0x3C, 0x3C, 0x3C, 0x39, 0x39, 0x39, 0x39, 0x39, 0x39, 0x3C, /* FD6F0 */
	0x30, 0x39, 0x00, 0x32, 0x00, 0x32, 0x00, 0x1E, 0x32, 0x00, 0x32, 0x00, 0x3C, 0x32, 0x37, 0x00, /* FD700 */
	0x37, 0x00, 0x34, 0x00, 0x2F, 0x00, 0x37, 0x37, 0x37, 0x3A, 0x37, 0x00, 0x40, 0x33, 0x10, 0x40, /* FD710 */
	0xB0, 0x59, 0x28, 0xD3, 0xC0, 0xCC, 0x10, 0x40, 0x90, 0xD9, 0xC0, 0xCC, 0xC0, 0xCC, 0x00, 0x00, /* FD720 */
	0xC0, 0xCC, 0x90, 0xD9, 0xD0, 0x0C, 0xA0, 0x19, 0x90, 0xD9, 0xC0, 0xCC, 0x60, 0xE6, 0x90, 0xD9, /* FD730 */
	0xC0, 0xCC, 0x30, 0xF3, 0xC0, 0xCC, 0x00, 0x00, 0x00, 0x00, 0x50, 0xA6, 0x50, 0xA6, 0x50, 0xA6, /* FD740 */
	0x50, 0xA6, 0x10, 0x40, 0xC0, 0xCC, 0x00, 0x00, 0x00, 0x00, 0xC0, 0xCC, 0x00, 0x00, 0x00, 0x00, /* FD750 */
	0x00, 0x00, 0x00, 0x00, 0x00, 0x00, 0x00, 0x00, 0xB0, 0x59, 0xB0, 0x59, 0x90, 0xD9, 0x90, 0xD9, /* FD760 */
	0x00, 0x00, 0x00, 0x00, 0x00, 0x00, 0x00, 0x00, 0x00, 0x00, 0x00, 0x00, 0x00, 0x00, 0x00, 0x00, /* FD770 */
	0xB0, 0x59, 0xB0, 0x59, 0x00, 0x00, 0x00, 0x00, 0x00, 0x00, 0x00, 0x00, 0x90, 0xD9, 0x00, 0x00, /* FD780 */
	0x62, 0x64, 0x45, 0x82, 0x61, 0x54, 0xAD, 0x53, 0x82, 0x8F, 0x82, 0x7D, 0x76, 0x79, 0x86, 0x6E, /* FD790 */
	0x9E, 0x6E, 0x6E, 0xC1, 0xD7, 0xA1, 0x28, 0x3C, 0x85, 0x37, 0x57, 0x86, 0x2E, 0x44, 0x8F, 0x66, /* FD7A0 */
	0x5A, 0x65, 0x40, 0x9B, 0x66, 0x9E, 0xA9, 0x98, 0x95, 0x86, 0x92, 0x89, 0x62, 0x98, 0xA2, 0x5E, /* FD7B0 */
	0x93, 0x65, 0x63, 0x8A, 0x9F, 0x8E, 0x1A, 0x16, 0x19, 0x1F, 0x1B, 0x10, 0x2A, 0x15, 0x1A, 0x1E, /* FD7C0 */
	0x21, 0x15, 0x19, 0x19, 0x1A, 0x1E, 0x29, 0x18, 0x2D, 0x35, 0x3A, 0x38, 0x2E, 0x1A, 0x37, 0x39, /* FD7D0 */
	0x1F, 0x31, 0x29, 0x1B, 0x2B, 0x23, 0x2D, 0x23, 0x2B, 0x2D, 0x3D, 0x79, 0x83, 0x57, 0x3E, 0x38, /* FD7E0 */
	0x51, 0x3A, 0x29, 0x3D, 0x44, 0x27, 0x3D, 0x2A, 0x29, 0x3A, 0x42, 0x41, 0x90, 0xD9, 0x40, 0x33, /* FD7F0 */
	0x80, 0x66, 0x40, 0x33, 0xC0, 0xCC, 0x60, 0xE6, 0x90, 0xD9, 0xC0, 0xCC, 0x90, 0xD9, 0x00, 0x00, /* FD800 */
	0xC0, 0xCC, 0x90, 0xD9, 0x00, 0x00, 0x90, 0xD9, 0x90, 0xD9, 0x60, 0xE6, 0x00, 0x00, 0x40, 0x33, /* FD810 */
	0xA8, 0x39, 0x78, 0x46, 0xA8, 0x39, 0x28, 0x4E, 0x38, 0x3C, 0x38, 0x3C, 0x18, 0x60, 0x78, 0x46, /* FD820 */
	0x78, 0x46, 0xB0, 0x59, 0xC8, 0x3E, 0x80, 0x3D, 0x48, 0x53, 0x60, 0x38, 0x88, 0x34, 0x48, 0x53, /* FD830 */
	0x80, 0x66, 0x08, 0x49, 0x07, 0x1A, 0x14, 0x0B, 0x18, 0x08, 0x19, 0x16, 0x0B, 0x14, 0x0A, 0x08, /* FD840 */
	0x14, 0x08, 0x09, 0x16, 0x18, 0x0A, 0x00, 0x00, 0x00, 0x00, 0x00, 0x00, 0x00, 0x00, 0x00, 0x00, /* FD850 */
	0x00, 0x14, 0x14, 0x00, 0x00, 0x37, 0x37, 0x37, 0x3C, 0x3F, 0x3C, 0x44, 0x44, 0x00, 0x00, 0x00, /* FD860 */
	0x00, 0x00, 0x00, 0x00, 0x39, 0x97, 0x00, 0x36, 0x33, 0x33, 0x00, 0x00, 0x00, 0x00, 0x00, 0x00, /* FD870 */
	0x00, 0x00, 0x00, 0x00, 0x00, 0x00, 0x00, 0x00, 0x32, 0x00, 0x00, 0x00, 0x00, 0x00, 0x00, 0x00, /* FD880 */
	0x00, 0x00, 0x00, 0x00, 0x59, 0x97, 0x3C, 0x3C, 0x3C, 0x3C, 0x00, 0x00, 0x00, 0x00, 0x3C, 0x00, /* FD890 */
	0x00, 0x43, 0x3E, 0x3C, 0x00, 0x00, 0x40, 0x00, 0x00, 0x00, 0x00, 0x00, 0x00, 0x3C, 0x3C, 0x3C, /* FD8A0 */
	0x3C, 0x3C, 0x3C, 0x00, 0x79, 0x97, 0x3C, 0x3C, 0x3C, 0x3C, 0x00, 0x00, 0x34, 0x34, 0x3C, 0x3F, /* FD8B0 */
	0x46, 0x37, 0x37, 0x3C, 0x3C, 0x00, 0x00, 0x00, 0x00, 0x00, 0x00, 0x46, 0x46, 0x3C, 0x3C, 0x3C, /* FD8C0 */
	0x3C, 0x3C, 0x3C, 0x00, 0x99, 0x97, 0x3C, 0x3C, 0x3C, 0x3C, 0x00, 0x00, 0x3C, 0x3C, 0x3C, 0x00, /* FD8D0 */
	0x42, 0x19, 0x19, 0x3C, 0x3C, 0x00, 0x00, 0x00, 0x00, 0x44, 0x4B, 0x42, 0x42, 0x3C, 0x3C, 0x3C, /* FD8E0 */
	0x3C, 0x3C, 0x3C, 0x00, 0xB9, 0x97, 0x3C, 0x3C, 0x3C, 0x3C, 0x00, 0x00, 0x46, 0x46, 0x3C, 0x00, /* FD8F0 */
	0x44, 0x2A, 0x2A, 0x3C, 0x3C, 0x00, 0x00, 0x00, 0x00, 0x44, 0x40, 0x44, 0x44, 0x3C, 0x3C, 0x3C, /* FD900 */
	0x3C, 0x3C, 0x3C, 0x00, 0xD9, 0x97, 0x3C, 0x3C, 0x3C, 0x3C, 0x00, 0x00, 0x49, 0x49, 0x3C, 0x00, /* FD910 */
	0x3A, 0x00, 0x00, 0x3C, 0x3C, 0x00, 0x00, 0x3C, 0x3C, 0x44, 0x4E, 0x3A, 0x3A, 0x3C, 0x3C, 0x3C, /* FD920 */
	0x3C, 0x3C, 0x3C, 0x00, 0xF9, 0x97, 0x00, 0x00, 0x00, 0x00, 0x00, 0x00, 0x00, 0x00, 0x00, 0x00, /* FD930 */
	0x00, 0x00, 0x00, 0x00, 0x00, 0x40, 0x40, 0x36, 0x36, 0x00, 0x00, 0x00, 0x00, 0x00, 0x00, 0x00, /* FD940 */
	0x00, 0x00, 0x00, 0x00, 0x19, 0x98, 0x00, 0x06, 0x08, 0x08, 0x0A, 0x0A, 0x0A, 0x08, 0xEA, 0x01, /* FD950 */
	0xAA, 0x05, 0xC4, 0x09, 0x10, 0x40, 0x18, 0x60, 0x10, 0x40, 0xD8, 0x2C, 0x08, 0x20, 0x10, 0x40, /* FD960 */
	0x08, 0x20, 0xD8, 0x2C, 0x10, 0x40, 0x18, 0x60, 0x10, 0x40, 0x10, 0x40, 0x48, 0x53, 0x48, 0x53, /* FD970 */
	0x10, 0x40, 0x10, 0x40, 0xC0, 0x70, 0x90, 0x54, 0x58, 0x41, 0xF8, 0x31, 0x70, 0x26, 0x78, 0x1D, /* FD980 */
	0x10, 0x17, 0xF0, 0x11, 0xD0, 0x0C, 0x40, 0x0A, 0xB0, 0x07, 0x68, 0x06, 0x20, 0x05, 0xD8, 0x03, /* FD990 */
	0x90, 0x02, 0x10, 0x02, 0x02, 0x04, 0x02, 0x03, 0x03, 0x03, 0x03, 0x03, 0x03, 0x06, 0x06, 0x06, /* FD9A0 */
	0x05, 0x05, 0x05, 0x06, 0x0C, 0x0C, 0x02, 0x02, 0x02, 0x02, 0x40, 0x40, 0x40, 0x40, 0x40, 0x0E, /* FD9B0 */
	0x86, 0x98, 0x00, 0x01, 0x00, 0x03, 0x02, 0x00, 0x01, 0x02, 0x02, 0x01, 0x03, 0x02, 0x01, 0x01, /* FD9C0 */
	0x03, 0x02, 0x02, 0x02, 0x03, 0x03, 0x03, 0x03, 0x01, 0x04, 0x04, 0x04, 0x04, 0x04, 0x04, 0x05, /* FD9D0 */
	0x07, 0x07, 0x07, 0x08, 0x08, 0x08, 0x08, 0x08, 0x08, 0x08, 0x08, 0x08, 0x08, 0x08, 0x06, 0x06, /* FD9E0 */
	0x06, 0x06, 0x06, 0x06, 0x06, 0x06, 0x08, 0x08, 0x08, 0x08, 0x08, 0x09, 0x00, 0x08, 0x10, 0x18, /* FD9F0 */
	0x20, 0x28, 0x30, 0x38, 0x40, 0x41, 0x41, 0x3F, 0x3A, 0x39, 0x39, 0x39, 0x39, 0x3F, 0x3F, 0x3F, /* FDA00 */
	0x3F, 0x3A, 0x3C, 0x3C, 0x3F, 0x37, 0x37, 0x3C, 0x3C, 0x39, 0x2E, 0x39, 0x39, 0x3C, 0x3F, 0x38, /* FDA10 */
	0x3A, 0x3A, 0x32, 0x41, 0x3F, 0x7F, 0x7F, 0x7F, 0x7F, 0x7F, 0x7F, 0x7F, 0x7F, 0x7F, 0x7F, 0x7F, /* FDA20 */
	0x7F, 0x7F, 0x7F, 0x36, 0x7F, 0x7F, 0x7F, 0x7F, 0x7F, 0x7F, 0x7F, 0x3F, 0x7F, 0x34, 0x3A, 0x34, /* FDA30 */
	0x36, 0x3A, 0x36, 0x3F, 0x3F, 0x39, 0x38, 0x3C, 0x3A, 0x3A, 0x39, 0x3A, 0x3F, 0x28, 0x28, 0x00, /* FDA40 */
	0x1F, 0x00, 0x00, 0x00, 0x00, 0x33, 0x33, 0x33, 0x33, 0x33, 0x33, 0x33, 0x33, 0x00, 0x00, 0x00, /* FDA50 */
	0x00, 0x00, 0x00, 0x00, 0x00, 0x30, 0x00, 0x33, 0x30, 0x33, 0x2D, 0x33, 0x33, 0x33, 0x33, 0x33, /* FDA60 */
	0x33, 0x33, 0x33, 0x33, 0x33, 0x00, 0x00, 0x00, 0x00, 0x00, 0x00, 0x00, 0x00, 0x33, 0x33, 0x33, /* FDA70 */
	0x33, 0x33, 0x33, 0x00, 0x33, 0x00, 0x00, 0x00, 0x00, 0x00, 0x00, 0x00, 0x00, 0x00, 0x00, 0x1F, /* FDA80 */
	0x33, 0x33, 0x00, 0x33, 0x33, 0x7F, 0x7F, 0x3C, 0x7F, 0x41, 0x41, 0x41, 0x41, 0x41, 0x41, 0x41, /* FDA90 */
	0x41, 0x41, 0x41, 0x41, 0x41, 0x3E, 0x3C, 0x3C, 0x41, 0x7F, 0x7F, 0x7F, 0x7F, 0x32, 0x7F, 0x38, /* FDAA0 */
	0x00, 0x41, 0x00, 0x00, 0x41, 0x7F, 0x7F, 0x7F, 0x7F, 0x7F, 0x7F, 0x7F, 0x7F, 0x7F, 0x7F, 0x7F, /* FDAB0 */
	0x7F, 0x7F, 0x7F, 0x00, 0x7F, 0x7F, 0x7F, 0x7F, 0x7F, 0x7F, 0x7F, 0x46, 0x7F, 0x00, 0x00, 0x00, /* FDAC0 */
	0x00, 0x41, 0x7F, 0x41, 0x41, 0x00, 0x00, 0x00, 0x00, 0x37, 0x2D, 0x37, 0x37, 0x37, 0x7F, 0x35, /* FDAD0 */
	0x37, 0x7F, 0x7F, 0x00, 0x7F, 0x7F, 0x7F, 0x7F, 0x7F, 0x7F, 0x7F, 0x7F, 0x7F, 0x00, 0x2D, 0x32, /* FDAE0 */
	0x32, 0x7F, 0x29, 0x7F, 0x7F, 0x00, 0x00, 0x00, 0x00, 0x7F, 0x7F, 0x7F, 0x7F, 0x7F, 0x7F, 0x7F, /* FDAF0 */
	0x7F, 0x7F, 0x7F, 0x7F, 0x7F, 0x7F, 0x7F, 0x7F, 0x7F, 0x7F, 0x7F, 0x00, 0x7F, 0x7F, 0x7F, 0x7F, /* FDB00 */
	0x7F, 0x7F, 0x7F, 0x7F, 0x7F, 0x00, 0x00, 0x00, 0x00, 0x7F, 0x00, 0x00, 0x7F, 0x7F, 0x7F, 0x7F, /* FDB10 */
	0x7F, 0x7F, 0x7F, 0x7F, 0x7F, 0x01, 0x01, 0x01, 0x01, 0x01, 0x01, 0x01, 0x01, 0x01, 0x01, 0x01, /* FDB20 */
	0x01, 0x01, 0x01, 0x03, 0x01, 0x01, 0x01, 0x01, 0x01, 0x01, 0x01, 0x01, 0x01, 0x02, 0x02, 0x02, /* FDB30 */
	0x02, 0x02, 0x02, 0x02, 0x02, 0x7F, 0x7F, 0x7F, 0x7F, 0x7F, 0x7F, 0x7F, 0x7F, 0x01, 0x01, 0x01, /* FDB40 */
	0x01, 0x01, 0x01, 0x01, 0x01, 0x01, 0x01, 0x01, 0x01, 0x01, 0x01, 0x01, 0x01, 0x02, 0x02, 0x02, /* FDB50 */
	0x02, 0x02, 0x01, 0x01, 0x01, 0x02, 0x02, 0x02, 0x02, 0x02, 0x02, 0x02, 0x02, 0x7F, 0x7F, 0x7F, /* FDB60 */
	0x7F, 0x7F, 0x7F, 0x7F, 0x7F, 0x07, 0x05, 0x05, 0x06, 0x05, 0x07, 0x7F, 0x05, 0x7F, 0x7F, 0x7F, /* FDB70 */
	0x7F, 0x7F, 0x7F, 0x7F, 0x7F, 0x01, 0x03, 0x04, 0x06, 0x05, 0x07, 0x7F, 0x05, 0x7F, 0x7F, 0x7F, /* FDB80 */
	0x7F, 0x7F, 0x7F, 0x7F, 0x7F, 0x7F, 0x7F, 0x7F, 0x7F, 0x7F, 0x7F, 0x7F, 0x7F, 0x7F, 0x7F, 0x7F, /* FDB90 */
	0x7F, 0x7F, 0x7F, 0x7F, 0x7F, 0x7F, 0x7F, 0x7F, 0x7F, 0x7F, 0x7F, 0x7F, 0x7F, 0x07, 0x05, 0x07, /* FDBA0 */
	0x05, 0x05, 0x07, 0x7F, 0x05, 0x00, 0x00, 0xFF, 0x00, 0xFF, 0x40, 0x00, 0xFF, 0x72, 0x1C, 0x00, /* FDBB0 */
	0xFF, 0x90, 0x40, 0x10, 0x00, 0xFF, 0xA4, 0x5C, 0x29, 0x0A, 0x00, 0xFF, 0xB2, 0x72, 0x40, 0x1C, /* FDBC0 */
	0x07, 0x00, 0xFF, 0xBC, 0x83, 0x54, 0x2F, 0x15, 0x05, 0x00, 0xFF, 0xC4, 0x90, 0x64, 0x40, 0x24, /* FDBD0 */
	0x10, 0x04, 0x00, 0xFF, 0xCA, 0x9B, 0x72, 0x4F, 0x33, 0x1C, 0x0D, 0x03, 0x00, 0xFF, 0xCF, 0xA4, /* FDBE0 */
	0x7D, 0x5C, 0x40, 0x29, 0x17, 0x0A, 0x03, 0x00, 0xFF, 0xD4, 0xAB, 0x87, 0x68, 0x4C, 0x35, 0x22, /* FDBF0 */
	0x13, 0x08, 0x02, 0x00, 0xFF, 0xD7, 0xB2, 0x90, 0x72, 0x57, 0x40, 0x2C, 0x1C, 0x10, 0x07, 0x02, /* FDC00 */
	0x00, 0xFF, 0xDA, 0xB7, 0x97, 0x7B, 0x61, 0x4A, 0x37, 0x26, 0x18, 0x0E, 0x06, 0x02, 0x00, 0xFF, /* FDC10 */
	0xDD, 0xBC, 0x9E, 0x83, 0x6A, 0x54, 0x40, 0x2F, 0x21, 0x15, 0x0C, 0x05, 0x01, 0x00, 0xFF, 0xDF, /* FDC20 */
	0xC0, 0xA4, 0x8A, 0x72, 0x5C, 0x49, 0x38, 0x29, 0x1C, 0x12, 0x0A, 0x05, 0x01, 0x00, 0xFF, 0xE1, /* FDC30 */
	0xC4, 0xA9, 0x90, 0x79, 0x64, 0x51, 0x40, 0x31, 0x24, 0x19, 0x10, 0x09, 0x04, 0x01, 0x00, 0xFF, /* FDC40 */
	0xE3, 0xC7, 0xAE, 0x96, 0x80, 0x6B, 0x59, 0x48, 0x39, 0x2B, 0x20, 0x16, 0x0E, 0x08, 0x04, 0x01, /* FDC50 */
	0x00, 0xFF, 0xE4, 0xCA, 0xB2, 0x9B, 0x86, 0x72, 0x60, 0x4F, 0x40, 0x33, 0x27, 0x1C, 0x14, 0x0D, /* FDC60 */
	0x07, 0x03, 0x01, 0x00, 0xFF, 0xE6, 0xCD, 0xB6, 0xA0, 0x8B, 0x78, 0x66, 0x56, 0x47, 0x39, 0x2D, /* FDC70 */
	0x23, 0x1A, 0x12, 0x0B, 0x06, 0x03, 0x01, 0x00, 0xFF, 0xE7, 0xCF, 0xB9, 0xA4, 0x90, 0x7D, 0x6C, /* FDC80 */
	0x5C, 0x4D, 0x40, 0x34, 0x29, 0x1F, 0x17, 0x10, 0x0A, 0x06, 0x03, 0x01, 0x00, 0x00, 0xB5, 0x9A, /* FDC90 */
	0xB7, 0x9A, 0xB9, 0x9A, 0xBC, 0x9A, 0xC0, 0x9A, 0xC5, 0x9A, 0xCB, 0x9A, 0xD2, 0x9A, 0xDA, 0x9A, /* FDCA0 */
	0xE3, 0x9A, 0xED, 0x9A, 0xF8, 0x9A, 0x04, 0x9B, 0x11, 0x9B, 0x1F, 0x9B, 0x2E, 0x9B, 0x3E, 0x9B, /* FDCB0 */
	0x4F, 0x9B, 0x61, 0x9B, 0x74, 0x9B, 0x88, 0x9B, 0x01, 0x00, 0x02, 0x00, 0x04, 0x00, 0x08, 0x00, /* FDCC0 */
	0x10, 0x00, 0x20, 0x00, 0x40, 0x00, 0x80, 0x00, 0x00, 0x01, 0x00, 0x02, 0x00, 0x04, 0x00, 0x08, /* FDCD0 */
	0x00, 0x10, 0x00, 0x20, 0x00, 0x40, 0x00, 0x80, 0x00, 0x00, 0x00, 0x00, 0x01, 0x91, 0x00, 0x10, /* FDCE0 */
	0x8D, 0x91, 0x00, 0x11, 0xAC, 0xAD, 0x91, 0x00, 0x10, 0x8D, 0x59, 0x00, 0x11, 0x53, 0xA8, 0x91, /* FDCF0 */
	0x00, 0x11, 0xAA, 0x48, 0x91, 0x00, 0x11, 0xAB, 0x52, 0x91, 0x00, 0x11, 0x53, 0xA7, 0x52, 0x00, /* FDD00 */
	0x11, 0x54, 0x48, 0x52, 0x00, 0x11, 0x43, 0x48, 0xAD, 0x00, 0x11, 0x53, 0x43, 0x48, 0x00, 0x11, /* FDD10 */
	0x53, 0x48, 0x52, 0x00, 0x11, 0x53, 0x50, 0x4C, 0x00, 0x00, 0x10, 0x8D, 0x91, 0x00, 0x11, 0xAC, /* FDD20 */
	0xAD, 0x91, 0x00, 0x10, 0x8D, 0x59, 0x00, 0x11, 0x53, 0xA8, 0x91, 0x00, 0x11, 0xAA, 0x48, 0x91, /* FDD30 */
	0x00, 0x11, 0xAB, 0x52, 0x91, 0x00, 0x11, 0x53, 0xA7, 0x52, 0x00, 0x11, 0x54, 0x48, 0x52, 0x00, /* FDD40 */
	0x11, 0x43, 0x48, 0xAD, 0x00, 0x11, 0x53, 0x43, 0x48, 0x00, 0x11, 0x53, 0x48, 0x52, 0x00, 0x11, /* FDD50 */
	0x53, 0x50, 0x4C, 0x00, 0x00, 0x10, 0x53, 0x91, 0x00, 0x10, 0x47, 0x91, 0x00, 0x10, 0x4C, 0x8D, /* FDD60 */
	0x00, 0x10, 0x48, 0x54, 0x00, 0x10, 0x47, 0x44, 0x00, 0x11, 0x54, 0x41, 0x49, 0x00, 0x11, 0x47, /* FDD70 */
	0x4E, 0x45, 0x00, 0x11, 0x8D, 0x91, 0x55, 0x00, 0x10, 0x55, 0x8D, 0x00, 0x10, 0x47, 0x52, 0x00, /* FDD80 */
	0x05, 0x43, 0x56, 0x5A, 0x00, 0x00, 0x00, 0x10, 0x54, 0x49, 0x00, 0x05, 0x43, 0x47, 0x00, 0x00, /* FDD90 */
	0x10, 0x4E, 0x41, 0x00, 0x10, 0x4E, 0x45, 0x00, 0x00, 0x10, 0x45, 0x43, 0x00, 0x11, 0x45, 0x53, /* FDDA0 */
	0x91, 0x00, 0x11, 0x45, 0x47, 0x91, 0x00, 0x10, 0x45, 0x56, 0x00, 0x11, 0x45, 0x48, 0x54, 0x00, /* FDDB0 */
	0x11, 0x45, 0x4C, 0x90, 0x00, 0x11, 0x45, 0x4C, 0x86, 0x00, 0x11, 0x45, 0x47, 0x44, 0x00, 0x12, /* FDDC0 */
	0x45, 0x54, 0x41, 0x49, 0x00, 0x12, 0x45, 0x47, 0x4E, 0x45, 0x00, 0x12, 0x45, 0x54, 0x49, 0x4E, /* FDDD0 */
	0x00, 0x11, 0x45, 0x47, 0x52, 0x00, 0x11, 0x45, 0x8D, 0x59, 0x00, 0x10, 0x45, 0x55, 0x00, 0x10, /* FDDE0 */
	0x45, 0x49, 0x00, 0x10, 0x45, 0x5A, 0x00, 0x12, 0x45, 0x8D, 0x91, 0x55, 0x00, 0x00, 0x32, 0xA4, /* FDDF0 */
	0x3C, 0xA4, 0x46, 0xA4, 0xE6, 0xA4, 0x00, 0x00, 0x44, 0x45, 0x00, 0x80, 0x00, 0x10, 0xAD, 0x45, /* FDE00 */
	0x00, 0x10, 0x85, 0x84, 0x00, 0x10, 0x8D, 0x4C, 0x00, 0x10, 0x84, 0x8D, 0x00, 0x10, 0x44, 0x98, /* FDE10 */
	0x00, 0x10, 0x42, 0x52, 0x00, 0x11, 0x8D, 0x91, 0x91, 0x00, 0x10, 0x91, 0x91, 0x00, 0x10, 0x52, /* FDE20 */
	0x4F, 0x00, 0x12, 0x54, 0x49, 0x8D, 0x91, 0x00, 0x10, 0x54, 0x45, 0x00, 0x11, 0x4E, 0x4F, 0x53, /* FDE30 */
	0x00, 0x10, 0xAE, 0x8D, 0x00, 0x05, 0x57, 0x59, 0x58, 0x00, 0x00, 0x00, 0xE8, 0xA2, 0x00, 0x00, /* FDE40 */
	0x44, 0x00, 0x10, 0x45, 0x8D, 0x00, 0x00, 0x00, 0xAE, 0xA5, 0x32, 0xA4, 0x46, 0xA4, 0x00, 0x00, /* FDE50 */
	0x44, 0x4F, 0x4F, 0x48, 0x00, 0x44, 0x4E, 0x41, 0x4C, 0x00, 0x44, 0x4F, 0x4F, 0x57, 0x00, 0x44, /* FDE60 */
	0x41, 0x45, 0x48, 0x00, 0x44, 0x52, 0x4F, 0x46, 0x00, 0x09, 0x46, 0x00, 0x00, 0x00, 0x45, 0x4C, /* FDE70 */
	0x42, 0x41, 0x00, 0x09, 0x49, 0x00, 0x00, 0x00, 0x45, 0x52, 0x40, 0x00, 0x45, 0x56, 0x40, 0x00, /* FDE80 */
	0x45, 0x4C, 0x4C, 0x49, 0x56, 0x00, 0x45, 0x4C, 0x41, 0x44, 0x00, 0x45, 0x44, 0x49, 0x53, 0x00, /* FDE90 */
	0x45, 0x4D, 0x4F, 0x53, 0x00, 0x45, 0x56, 0x4F, 0x52, 0x47, 0x00, 0x45, 0x52, 0x49, 0x48, 0x53, /* FDEA0 */
	0x00, 0x45, 0x52, 0x45, 0x4D, 0x00, 0x45, 0x54, 0x41, 0x00, 0x11, 0x4E, 0x4F, 0x49, 0x00, 0x00, /* FDEB0 */
	0x45, 0x54, 0x41, 0x47, 0x00, 0x45, 0x45, 0x4C, 0x00, 0x45, 0x52, 0x41, 0x57, 0x00, 0x45, 0x5A, /* FDEC0 */
	0x49, 0x00, 0x10, 0x4C, 0x41, 0x00, 0x00, 0x45, 0x43, 0x00, 0x46, 0x46, 0x49, 0x4C, 0x43, 0x00, /* FDED0 */
	0xF2, 0xA2, 0x28, 0xA4, 0x32, 0xA4, 0x3C, 0xA4, 0x46, 0xA4, 0xE6, 0xA4, 0xE8, 0xA2, 0x00, 0x00, /* FDEE0 */
	0x47, 0x4E, 0x49, 0x00, 0x1E, 0x8D, 0x8D, 0x8D, 0x8D, 0x00, 0x00, 0x47, 0x4E, 0x49, 0x4C, 0x00, /* FDEF0 */
	0x80, 0x00, 0x10, 0x85, 0x98, 0x00, 0x1C, 0x42, 0x4D, 0x00, 0x10, 0x85, 0x84, 0x00, 0x10, 0x85, /* FDF00 */
	0x85, 0x00, 0x05, 0x44, 0x52, 0x48, 0x86, 0x84, 0x00, 0x00, 0x00, 0x47, 0x52, 0x55, 0x42, 0x00, /* FDF10 */
	0x01, 0x45, 0x00, 0x11, 0x47, 0x4E, 0x49, 0x00, 0x00, 0x47, 0x52, 0x55, 0x42, 0x00, 0x01, 0x53, /* FDF20 */
	0x00, 0x00, 0x32, 0xA4, 0x3C, 0xA4, 0x46, 0xA4, 0x00, 0x00, 0x48, 0x53, 0x49, 0x00, 0x10, 0x8D, /* FDF30 */
	0x8D, 0x00, 0x11, 0x8D, 0x91, 0x91, 0x00, 0x10, 0x4E, 0x45, 0x00, 0x10, 0x52, 0x45, 0x00, 0x10, /* FDF40 */
	0x57, 0x91, 0x00, 0x01, 0x59, 0x00, 0x00, 0x48, 0x47, 0x55, 0x4F, 0x52, 0x4F, 0x42, 0x00, 0x48, /* FDF50 */
	0x54, 0x52, 0x4F, 0x57, 0x00, 0x4B, 0x45, 0x45, 0x52, 0x43, 0x00, 0x4C, 0x00, 0x10, 0x48, 0x43, /* FDF60 */
	0x00, 0x09, 0x52, 0x4C, 0x48, 0x57, 0x59, 0x91, 0x00, 0x00, 0x00, 0x4C, 0x41, 0x00, 0x11, 0x43, /* FDF70 */
	0x49, 0x8D, 0x00, 0x01, 0x57, 0x00, 0x00, 0x4C, 0x55, 0x46, 0x00, 0x4C, 0x4C, 0x40, 0x00, 0x4C, /* FDF80 */
	0x4C, 0x49, 0x48, 0x00, 0x09, 0x43, 0x00, 0x00, 0x00, 0x4C, 0x45, 0x42, 0x00, 0x10, 0x91, 0x8D, /* FDF90 */
	0x00, 0x00, 0x4D, 0x53, 0x49, 0x00, 0x10, 0xA3, 0xBE, 0xA4, 0xC8, 0xA4, 0x00, 0x00, 0x4D, 0x41, /* FDFA0 */
	0x48, 0x00, 0x09, 0x42, 0x53, 0x54, 0x00, 0x00, 0x00, 0x00, 0x5A, 0xA4, 0x32, 0xA4, 0x3C, 0xA4, /* FDFB0 */
	0x46, 0xA4, 0xBE, 0xA4, 0xC8, 0xA4, 0x00, 0xA4, 0x00, 0x00, 0x4E, 0x41, 0x4D, 0x00, 0x4E, 0x4E, /* FDFC0 */
	0x41, 0x4D, 0x00, 0x09, 0x4D, 0x45, 0x00, 0x00, 0x00, 0x4E, 0x45, 0x4D, 0x00, 0x4E, 0x4F, 0x53, /* FDFD0 */
	0x52, 0x45, 0x50, 0x00, 0x4E, 0x41, 0x4D, 0x4F, 0x57, 0x00, 0x4E, 0x45, 0x4D, 0x4F, 0x57, 0x00, /* FDFE0 */
	0x4E, 0x57, 0x4F, 0x54, 0x00, 0x4E, 0x57, 0x41, 0x4C, 0x00, 0x4E, 0x45, 0x53, 0x00, 0x09, 0x91, /* FDFF0 */
	0x59, 0x4C, 0x53, 0x00, 0x00, 0x00, 0x4E, 0x4F, 0x53, 0x00, 0x05, 0x8D, 0x59, 0x00, 0x00, 0x00, /* FE000 */
	0x4E, 0x4F, 0x54, 0x53, 0x00, 0x1C, 0x4C, 0x41, 0x00, 0x1C, 0x4C, 0x4F, 0x00, 0x01, 0x8D, 0x00, /* FE010 */
	0x11, 0x45, 0x4C, 0x8D, 0x00, 0x00, 0x4E, 0x4F, 0x54, 0x00, 0x1D, 0x48, 0x47, 0x49, 0x00, 0x10, /* FE020 */
	0x52, 0x45, 0x00, 0x05, 0x46, 0x4D, 0x50, 0x53, 0x48, 0x97, 0x00, 0x00, 0x00, 0x00, 0xBE, 0xA4, /* FE030 */
	0xC8, 0xA4, 0x00, 0xA4, 0x00, 0x00, 0x4F, 0x52, 0x4F, 0x42, 0x00, 0x00, 0x32, 0xA4, 0x3C, 0xA4, /* FE040 */
	0x46, 0xA4, 0x50, 0xA4, 0xA6, 0xA3, 0xCE, 0xA3, 0xBE, 0xA4, 0xC8, 0xA4, 0x00, 0x00, 0x50, 0x49, /* FE050 */
	0x48, 0x53, 0x00, 0x10, 0x45, 0x43, 0x00, 0x10, 0x45, 0x49, 0x00, 0x10, 0x45, 0x4F, 0x00, 0x11, /* FE060 */
	0x45, 0x53, 0x91, 0x00, 0x11, 0x45, 0x47, 0x91, 0x00, 0x11, 0x45, 0x48, 0x54, 0x00, 0x11, 0x45, /* FE070 */
	0x48, 0x50, 0x00, 0x11, 0x45, 0x42, 0x4D, 0x00, 0x10, 0x45, 0x56, 0x00, 0x11, 0x45, 0x47, 0x44, /* FE080 */
	0x00, 0x12, 0x45, 0x54, 0x41, 0x49, 0x00, 0x12, 0x45, 0x47, 0x4E, 0x45, 0x00, 0x11, 0x45, 0x8D, /* FE090 */
	0x59, 0x00, 0x11, 0x45, 0x5A, 0x91, 0x00, 0x12, 0x45, 0x8D, 0x91, 0x55, 0x00, 0x00, 0x52, 0x45, /* FE0A0 */
	0x00, 0x00, 0x36, 0xA5, 0x1A, 0xA3, 0x24, 0xA3, 0x06, 0xA3, 0x00, 0x00, 0x52, 0x00, 0xE8, 0xA2, /* FE0B0 */
	0x00, 0x00, 0x52, 0x4F, 0x00, 0x09, 0x91, 0x96, 0x00, 0x00, 0x00, 0x52, 0x45, 0x4C, 0x00, 0x1C, /* FE0C0 */
	0x42, 0x4D, 0x00, 0x1C, 0x54, 0x53, 0x00, 0x09, 0x4C, 0x57, 0x91, 0x00, 0x00, 0x00, 0x52, 0x45, /* FE0D0 */
	0x4E, 0x00, 0x80, 0x00, 0x1D, 0x44, 0x4E, 0x49, 0x00, 0x01, 0x85, 0x00, 0x01, 0x86, 0x00, 0x10, /* FE0E0 */
	0x48, 0x8D, 0x00, 0x00, 0x52, 0x45, 0x54, 0x41, 0x57, 0x00, 0x52, 0x45, 0x49, 0x45, 0x4D, 0x00, /* FE0F0 */
	0x52, 0x45, 0x59, 0x45, 0x4D, 0x00, 0x52, 0x45, 0x59, 0x41, 0x4D, 0x00, 0x52, 0x45, 0x49, 0x41, /* FE100 */
	0x4D, 0x00, 0x52, 0x45, 0x55, 0x41, 0x42, 0x00, 0x52, 0x45, 0x55, 0x41, 0x4E, 0x00, 0xDC, 0xA4, /* FE110 */
	0x00, 0x00, 0x53, 0x45, 0x00, 0x10, 0x53, 0x53, 0x00, 0x11, 0x53, 0x55, 0x8D, 0x00, 0x10, 0x4F, /* FE120 */
	0x8D, 0x00, 0x10, 0x4C, 0x52, 0x00, 0x10, 0x48, 0x53, 0x00, 0x10, 0x48, 0x43, 0x00, 0x01, 0x58, /* FE130 */
	0x00, 0x00, 0x3E, 0xA2, 0x48, 0xA2, 0x52, 0xA2, 0x0C, 0xA2, 0x7A, 0xA2, 0x84, 0xA2, 0x10, 0xA3, /* FE140 */
	0xA6, 0xA3, 0xE8, 0xA2, 0x6E, 0xA4, 0x8C, 0xA4, 0x82, 0xA4, 0x78, 0xA4, 0x96, 0xA4, 0xA0, 0xA4, /* FE150 */
	0xAA, 0xA4, 0x64, 0xA4, 0x40, 0xA5, 0x2C, 0xA5, 0xBA, 0xA3, 0xC4, 0xA3, 0xCE, 0xA3, 0xD8, 0xA3, /* FE160 */
	0x00, 0xA4, 0x28, 0xA4, 0x5A, 0xA4, 0x32, 0xA4, 0x3C, 0xA4, 0x46, 0xA4, 0x50, 0xA4, 0x98, 0xA2, /* FE170 */
	0xE6, 0xA4, 0x7C, 0xA5, 0x86, 0xA5, 0x90, 0xA5, 0x34, 0xA2, 0x20, 0xA2, 0xB6, 0xA2, 0x8E, 0xA2, /* FE180 */
	0xA2, 0xA2, 0xAC, 0xA2, 0xCA, 0xA2, 0xFA, 0xA4, 0x1A, 0xA3, 0x24, 0xA3, 0xF2, 0xA2, 0x2E, 0xA3, /* FE190 */
	0x38, 0xA3, 0x7E, 0xA3, 0x88, 0xA3, 0x9C, 0xA3, 0xE2, 0xA3, 0x1E, 0xA4, 0x0A, 0xA4, 0x0E, 0xA5, /* FE1A0 */
	0x18, 0xA5, 0x9A, 0xA5, 0x22, 0xA5, 0x72, 0xA5, 0xA4, 0xA5, 0xD4, 0xA2, 0x2A, 0xA2, 0xEC, 0xA3, /* FE1B0 */
	0x16, 0xA2, 0xDE, 0xA2, 0xD4, 0xA2, 0x06, 0xA3, 0xFC, 0xA2, 0x4C, 0xA3, 0xB0, 0xA3, 0xF6, 0xA3, /* FE1C0 */
	0x14, 0xA4, 0x36, 0xA5, 0x00, 0x00, 0x53, 0x40, 0x00, 0x53, 0x00, 0x10, 0x59, 0x91, 0x00, 0x11, /* FE1D0 */
	0x45, 0x48, 0x90, 0x00, 0x10, 0x4F, 0x91, 0x00, 0x1D, 0x4F, 0x4C, 0x55, 0x00, 0x12, 0x4F, 0x8D, /* FE1E0 */
	0x91, 0x8D, 0x00, 0x05, 0x90, 0x45, 0x41, 0x40, 0x00, 0x00, 0x09, 0x92, 0x91, 0x00, 0x00, 0x00, /* FE1F0 */
	0x42, 0xA3, 0x6A, 0xA3, 0xD2, 0xA4, 0xAE, 0xA5, 0x48, 0xA2, 0x52, 0xA2, 0x00, 0x00, 0x53, 0x53, /* FE200 */
	0x45, 0x4E, 0x00, 0x53, 0x53, 0x45, 0x4C, 0x00, 0xF2, 0xA2, 0x00, 0x00, 0x54, 0x4E, 0x45, 0x4D, /* FE210 */
	0x00, 0x01, 0x8D, 0x00, 0x10, 0x45, 0x86, 0x00, 0x10, 0x45, 0x85, 0x00, 0x10, 0x45, 0x84, 0x00, /* FE220 */
	0x10, 0x45, 0x93, 0x00, 0x10, 0x45, 0x91, 0x00, 0x00, 0x00, 0xAE, 0xA5, 0x00, 0x00, 0x54, 0x53, /* FE230 */
	0x45, 0x00, 0x10, 0x52, 0x91, 0x00, 0x10, 0x57, 0x91, 0x00, 0x05, 0x90, 0x86, 0x49, 0x4C, 0x48, /* FE240 */
	0x00, 0x00, 0x00, 0x54, 0x53, 0x49, 0x00, 0x54, 0x40, 0x4E, 0x00, 0x54, 0x53, 0x52, 0x55, 0x48, /* FE250 */
	0x00, 0x54, 0x52, 0x4F, 0x50, 0x00, 0x09, 0x50, 0x00, 0x00, 0x00, 0x54, 0x46, 0x4F, 0x52, 0x43, /* FE260 */
	0x00, 0x54, 0x00, 0x01, 0x44, 0x00, 0x00, 0x55, 0x41, 0x00, 0x09, 0x45, 0x00, 0x00, 0x00, 0x57, /* FE270 */
	0x45, 0x49, 0x56, 0x00, 0x59, 0x4C, 0x42, 0x41, 0x00, 0x59, 0x4C, 0x42, 0x49, 0x00, 0x3E, 0xA2, /* FE280 */
	0x48, 0xA2, 0x52, 0xA2, 0x10, 0xA3, 0x42, 0xA3, 0x6A, 0xA3, 0xD2, 0xA4, 0xC0, 0xA2, 0x32, 0xA4, /* FE290 */
	0x3C, 0xA4, 0x46, 0xA4, 0x00, 0x00, 0x59, 0x4C, 0x00, 0x05, 0x8D, 0x45, 0x00, 0x00, 0x00, 0x59, /* FE2A0 */
	0x4C, 0x49, 0x00, 0x10, 0x52, 0x4F, 0x00, 0x09, 0x81, 0x00, 0x00, 0x00, 0x59, 0x4C, 0x4C, 0x41, /* FE2B0 */
	0x00, 0x59, 0x43, 0x00, 0x10, 0x4E, 0x41, 0x00, 0x10, 0x4E, 0x45, 0x00, 0x00, 0x59, 0x52, 0x00, /* FE2C0 */
	0x01, 0x84, 0x00, 0x01, 0x96, 0x00, 0x10, 0x92, 0x8D, 0x00, 0x00, 0x59, 0x54, 0x00, 0x10, 0x84, /* FE2D0 */
	0x49, 0x00, 0x10, 0x90, 0x8D, 0x00, 0x11, 0x96, 0x91, 0x91, 0x00, 0x00, 0x59, 0x42, 0x00, 0x1C, /* FE2E0 */
	0x53, 0x4F, 0x00, 0x09, 0x41, 0x42, 0x00, 0x00, 0x00, 0x59, 0x45, 0x4C, 0x00, 0x09, 0x49, 0x41, /* FE2F0 */
	0x55, 0x44, 0x42, 0x00, 0x00, 0x00, 0x59, 0x52, 0x55, 0x42, 0x00, 0x00, 0x60, 0x9D, 0xE8, 0x9B, /* FE300 */
	0x01, 0x00, 0x00, 0x00, 0x58, 0x9D, 0x65, 0x9D, 0xE8, 0x9B, 0x01, 0x00, 0x00, 0x00, 0x3E, 0x9F, /* FE310 */
	0x6A, 0x9D, 0xE8, 0x9B, 0x01, 0x00, 0x00, 0x00, 0x3E, 0x9F, 0x6F, 0x9D, 0xE8, 0x9B, 0x01, 0x00, /* FE320 */
	0x00, 0x00, 0x3E, 0x9F, 0x74, 0x9D, 0x79, 0x9D, 0x01, 0x00, 0x00, 0x00, 0x3E, 0x9F, 0x50, 0x9D, /* FE330 */
	0xA9, 0x9C, 0x01, 0x06, 0x00, 0x00, 0x4C, 0x9D, 0x08, 0x9D, 0x0B, 0x9D, 0x01, 0x06, 0x00, 0x00, /* FE340 */
	0xFE, 0x9C, 0x50, 0x9D, 0x52, 0x9D, 0x01, 0x06, 0x00, 0x00, 0xEA, 0x9B, 0x7E, 0x9D, 0x83, 0x9D, /* FE350 */
	0x01, 0x00, 0x00, 0x00, 0xEA, 0x9B, 0x88, 0x9D, 0xE8, 0x9B, 0x01, 0x06, 0x00, 0x00, 0xEA, 0x9B, /* FE360 */
	0x8C, 0x9D, 0xE8, 0x9B, 0x01, 0x06, 0x00, 0x00, 0xEA, 0x9B, 0x90, 0x9D, 0xE8, 0x9B, 0x01, 0x00, /* FE370 */
	0x00, 0x00, 0xBA, 0x9E, 0x96, 0x9D, 0xE8, 0x9B, 0x01, 0x00, 0x00, 0x00, 0x3E, 0x9F, 0x9B, 0x9D, /* FE380 */
	0xE8, 0x9B, 0x01, 0x00, 0x00, 0x00, 0xEA, 0x9B, 0xA0, 0x9D, 0xE8, 0x9B, 0x01, 0x00, 0x00, 0x00, /* FE390 */
	0xEA, 0x9B, 0xA5, 0x9D, 0xE8, 0x9B, 0x01, 0x00, 0x00, 0x00, 0x3E, 0x9F, 0xAB, 0x9D, 0x0A, 0x9F, /* FE3A0 */
	0x01, 0x00, 0x00, 0x00, 0xEA, 0x9B, 0xB1, 0x9D, 0xE8, 0x9B, 0x01, 0x00, 0x00, 0x00, 0x3E, 0x9F, /* FE3B0 */
	0xB6, 0x9D, 0xBA, 0x9D, 0x01, 0x00, 0x00, 0x00, 0xEA, 0x9B, 0xC0, 0x9D, 0x0A, 0x9F, 0x01, 0x00, /* FE3C0 */
	0x00, 0x00, 0x3E, 0x9F, 0xC5, 0x9D, 0x0A, 0x9F, 0x01, 0x00, 0x00, 0x00, 0x3E, 0x9F, 0xC9, 0x9D, /* FE3D0 */
	0xE8, 0x9B, 0x01, 0x00, 0x00, 0x00, 0xEA, 0x9B, 0xCE, 0x9D, 0xD2, 0x9D, 0x01, 0x06, 0x00, 0x00, /* FE3E0 */
	0xEA, 0x9B, 0xD7, 0x9D, 0xC4, 0xA1, 0x01, 0x00, 0x00, 0x00, 0xEA, 0x9B, 0xDA, 0x9D, 0xE8, 0x9B, /* FE3F0 */
	0x01, 0x00, 0x00, 0x00, 0xEA, 0x9B, 0xFB, 0x9D, 0x00, 0x9E, 0x01, 0x00, 0x02, 0x00, 0xEA, 0x9B, /* FE400 */
	0xF0, 0x9D, 0xF4, 0x9D, 0x01, 0x06, 0x00, 0x00, 0xE0, 0x9D, 0x1B, 0x9E, 0x20, 0x9E, 0x01, 0x00, /* FE410 */
	0x00, 0x00, 0xEA, 0x9B, 0x29, 0x9E, 0x2E, 0x9E, 0x01, 0x00, 0x02, 0x00, 0x3E, 0x9F, 0x57, 0x9E, /* FE420 */
	0xE8, 0x9B, 0x01, 0x00, 0x00, 0x00, 0x3E, 0x9F, 0x5F, 0x9E, 0xE8, 0x9B, 0x01, 0x00, 0x00, 0x00, /* FE430 */
	0x3E, 0x9F, 0x3A, 0x9E, 0x3E, 0x9E, 0x01, 0x00, 0x00, 0x00, 0x32, 0x9E, 0x65, 0x9E, 0xE8, 0x9B, /* FE440 */
	0x01, 0x00, 0x00, 0x00, 0xEA, 0x9B, 0x6B, 0x9E, 0x6D, 0x9E, 0x00, 0x00, 0x02, 0x00, 0xEA, 0x9B, /* FE450 */
	0x7B, 0x9E, 0x7E, 0x9E, 0x01, 0x00, 0x00, 0x00, 0xEA, 0x9B, 0x87, 0x9E, 0x83, 0x9D, 0x01, 0x00, /* FE460 */
	0x00, 0x00, 0xEA, 0x9B, 0x8B, 0x9E, 0xE8, 0x9B, 0x01, 0x06, 0x00, 0x00, 0xEA, 0x9B, 0x8F, 0x9E, /* FE470 */
	0x94, 0x9E, 0x01, 0x00, 0x00, 0x00, 0xEA, 0x9B, 0x99, 0x9E, 0x9D, 0x9E, 0x01, 0x00, 0x00, 0x00, /* FE480 */
	0xEA, 0x9B, 0xA2, 0x9E, 0xD2, 0x9D, 0x01, 0x00, 0x00, 0x00, 0xEA, 0x9B, 0xAE, 0x9E, 0xB2, 0x9E, /* FE490 */
	0x01, 0x00, 0x00, 0x00, 0xA6, 0x9E, 0xCA, 0x9E, 0xE8, 0x9B, 0x01, 0x00, 0x00, 0x00, 0xBA, 0x9E, /* FE4A0 */
	0xCE, 0x9E, 0xD3, 0x9E, 0x01, 0x00, 0x02, 0x00, 0xEA, 0x9B, 0xE4, 0x9E, 0xE8, 0x9B, 0x01, 0x00, /* FE4B0 */
	0x00, 0x00, 0xBA, 0x9E, 0xDD, 0x9E, 0xE8, 0x9B, 0x01, 0x00, 0x00, 0x00, 0xBA, 0x9E, 0xD9, 0x9E, /* FE4C0 */
	0xE8, 0x9B, 0x01, 0x00, 0x00, 0x00, 0xBA, 0x9E, 0xEA, 0x9E, 0xE8, 0x9B, 0x01, 0x00, 0x00, 0x00, /* FE4D0 */
	0xBA, 0x9E, 0xF0, 0x9E, 0xE8, 0x9B, 0x01, 0x00, 0x00, 0x00, 0x3E, 0x9F, 0xF5, 0x9E, 0xE8, 0x9B, /* FE4E0 */
	0x01, 0x00, 0x00, 0x00, 0x3E, 0x9F, 0xFA, 0x9E, 0xFE, 0x9E, 0x01, 0x00, 0x02, 0x00, 0xEA, 0x9B, /* FE4F0 */
	0x06, 0x9F, 0x0A, 0x9F, 0x01, 0x00, 0x00, 0x00, 0xEA, 0x9B, 0x10, 0x9F, 0x15, 0x9F, 0x01, 0x00, /* FE500 */
	0x00, 0x00, 0xEA, 0x9B, 0x26, 0x9F, 0x2A, 0x9F, 0x01, 0x00, 0x00, 0x00, 0xA6, 0x9E, 0x46, 0x9F, /* FE510 */
	0xE8, 0x9B, 0x01, 0x00, 0x00, 0x00, 0x3E, 0x9F, 0x5E, 0x9F, 0xE8, 0x9B, 0x01, 0x00, 0x00, 0x00, /* FE520 */
	0x4C, 0x9F, 0xBC, 0x9F, 0x63, 0x9F, 0x01, 0x00, 0x00, 0x00, 0xBE, 0x9F, 0xAE, 0x9F, 0x0B, 0x9D, /* FE530 */
	0x01, 0x00, 0x00, 0x00, 0xB2, 0x9F, 0xBC, 0x9F, 0x52, 0x9D, 0x01, 0x00, 0x00, 0x00, 0xEA, 0x9B, /* FE540 */
	0xC2, 0x9F, 0xC5, 0x9F, 0x01, 0x00, 0x00, 0x00, 0xEA, 0x9B, 0xCB, 0x9F, 0xCF, 0x9F, 0x00, 0x00, /* FE550 */
	0x02, 0x00, 0xEA, 0x9B, 0xDE, 0x9F, 0xE2, 0x9F, 0x00, 0x00, 0x02, 0x00, 0xEA, 0x9B, 0xF4, 0x9F, /* FE560 */
	0xE8, 0x9B, 0x01, 0x00, 0x00, 0x00, 0xEA, 0x9B, 0xFA, 0x9F, 0xE8, 0x9B, 0x01, 0x00, 0x02, 0x00, /* FE570 */
	0xEA, 0x9B, 0x00, 0xA0, 0xE8, 0x9B, 0x01, 0x00, 0x02, 0x00, 0xEA, 0x9B, 0x06, 0xA0, 0xE8, 0x9B, /* FE580 */
	0x01, 0x00, 0x02, 0x00, 0xEA, 0x9B, 0x0C, 0xA0, 0xE8, 0x9B, 0x01, 0x00, 0x02, 0x00, 0xEA, 0x9B, /* FE590 */
	0x12, 0xA0, 0xE8, 0x9B, 0x01, 0x00, 0x02, 0x00, 0xEA, 0x9B, 0x18, 0xA0, 0xE8, 0x9B, 0x01, 0x00, /* FE5A0 */
	0x02, 0x00, 0xEA, 0x9B, 0xD6, 0xA0, 0xE8, 0x9B, 0x01, 0x00, 0x00, 0x00, 0x42, 0xA0, 0x22, 0xA0, /* FE5B0 */
	0x25, 0xA0, 0x01, 0x00, 0x00, 0x00, 0x1E, 0xA0, 0xD9, 0xA0, 0xDB, 0xA0, 0x01, 0x00, 0x00, 0x00, /* FE5C0 */
	0x42, 0xA0, 0x13, 0xA1, 0xE8, 0x9B, 0x01, 0x00, 0x00, 0x00, 0xEA, 0x9B, 0x0E, 0xA1, 0xE8, 0x9B, /* FE5D0 */
	0x01, 0x00, 0x00, 0x00, 0x00, 0xA1, 0x1C, 0xA1, 0x21, 0xA1, 0x01, 0x00, 0x00, 0x00, 0x18, 0xA1, /* FE5E0 */
	0x3E, 0xA1, 0x42, 0xA1, 0x01, 0x00, 0x00, 0x00, 0x3A, 0xA1, 0x53, 0xA1, 0xD2, 0x9D, 0x01, 0x00, /* FE5F0 */
	0x00, 0x00, 0xEA, 0x9B, 0x57, 0xA1, 0xE8, 0x9B, 0x01, 0x08, 0x00, 0x00, 0xEA, 0x9B, 0x5B, 0xA1, /* FE600 */
	0xE8, 0x9B, 0x01, 0x00, 0x00, 0x00, 0xEA, 0x9B, 0x61, 0xA1, 0x66, 0xA1, 0x01, 0x00, 0x00, 0x00, /* FE610 */
	0x3E, 0x9F, 0x6B, 0xA1, 0xE8, 0x9B, 0x01, 0x00, 0x00, 0x00, 0xEA, 0x9B, 0x71, 0xA1, 0x73, 0xA1, /* FE620 */
	0x01, 0x00, 0x02, 0x00, 0xEA, 0x9B, 0x77, 0xA1, 0x7A, 0xA1, 0x00, 0x00, 0x02, 0x00, 0xEA, 0x9B, /* FE630 */
	0x7F, 0xA1, 0xE8, 0x9B, 0x01, 0x00, 0x00, 0x00, 0x3E, 0x9F, 0x84, 0xA1, 0x83, 0x9D, 0x01, 0x0F, /* FE640 */
	0x00, 0x00, 0xEA, 0x9B, 0x89, 0xA1, 0xE8, 0x9B, 0x01, 0x0F, 0x00, 0x00, 0xEA, 0x9B, 0xAF, 0xA1, /* FE650 */
	0xB3, 0xA1, 0x01, 0x0F, 0x00, 0x00, 0xEA, 0x9B, 0xBC, 0xA1, 0x7E, 0x9E, 0x01, 0x0F, 0x00, 0x00, /* FE660 */
	0xEA, 0x9B, 0x06, 0xA2, 0xE8, 0x9B, 0x01, 0x00, 0x00, 0x00, 0x3E, 0x9F, 0xC1, 0xA1, 0xC4, 0xA1, /* FE670 */
	0x01, 0x00, 0x00, 0x00, 0xEA, 0x9B, 0xCD, 0xA1, 0xD0, 0xA1, 0x01, 0x00, 0x00, 0x00, 0xEA, 0x9B, /* FE680 */
	0xDB, 0xA1, 0xDE, 0xA1, 0x01, 0x00, 0x00, 0x00, 0xEA, 0x9B, 0xEC, 0xA1, 0xEF, 0xA1, 0x01, 0x00, /* FE690 */
	0x00, 0x00, 0x3E, 0x9F, 0xF9, 0xA1, 0xFD, 0xA1, 0x01, 0x00, 0x00, 0x00, 0x4C, 0x9F, 0xA6, 0xA1, /* FE6A0 */
	0xA9, 0xA1, 0x01, 0x0F, 0x00, 0x00, 0x8E, 0xA1, 0x3E, 0xA2, 0x48, 0xA2, 0x52, 0xA2, 0x16, 0xA2, /* FE6B0 */
	0x0C, 0xA2, 0x20, 0xA2, 0x2A, 0xA2, 0x34, 0xA2, 0x00, 0x00, 0x5C, 0xA2, 0x70, 0xA2, 0x66, 0xA2, /* FE6C0 */
	0xE8, 0xA2, 0xF2, 0xA2, 0x7A, 0xA2, 0x8E, 0xA2, 0x84, 0xA2, 0xD4, 0xA2, 0x98, 0xA2, 0xA2, 0xA2, /* FE6D0 */
	0xAC, 0xA2, 0xB6, 0xA2, 0xC0, 0xA2, 0xCA, 0xA2, 0xDE, 0xA2, 0x00, 0x00, 0xFC, 0xA2, 0x00, 0x00, /* FE6E0 */
	0x06, 0xA3, 0x10, 0xA3, 0x1A, 0xA3, 0x24, 0xA3, 0x00, 0x00, 0x42, 0xA3, 0x2E, 0xA3, 0x38, 0xA3, /* FE6F0 */
	0x00, 0x00, 0x4C, 0xA3, 0x00, 0x00, 0x60, 0xA3, 0x6A, 0xA3, 0x74, 0xA3, 0x7E, 0xA3, 0x88, 0xA3, /* FE700 */
	0x56, 0xA3, 0x00, 0x00, 0x92, 0xA3, 0x9C, 0xA3, 0x00, 0x00, 0xBA, 0xA3, 0xD8, 0xA3, 0xA6, 0xA3, /* FE710 */
	0xCE, 0xA3, 0xB0, 0xA3, 0xC4, 0xA3, 0x00, 0xA4, 0xF6, 0xA3, 0x0A, 0xA4, 0x14, 0xA4, 0xE2, 0xA3, /* FE720 */
	0xEC, 0xA3, 0x00, 0x00, 0x1E, 0xA4, 0x00, 0x00, 0x28, 0xA4, 0x00, 0x00, 0x82, 0xA4, 0x78, 0xA4, /* FE730 */
	0x96, 0xA4, 0x8C, 0xA4, 0xA0, 0xA4, 0xAA, 0xA4, 0x6E, 0xA4, 0x5A, 0xA4, 0x64, 0xA4, 0x32, 0xA4, /* FE740 */
	0x3C, 0xA4, 0x46, 0xA4, 0x50, 0xA4, 0x00, 0x00, 0xBE, 0xA4, 0xB4, 0xA4, 0xDC, 0xA4, 0xD2, 0xA4, /* FE750 */
	0xC8, 0xA4, 0x00, 0x00, 0x2C, 0xA5, 0xE6, 0xA4, 0xFA, 0xA4, 0xF0, 0xA4, 0x04, 0xA5, 0x0E, 0xA5, /* FE760 */
	0x18, 0xA5, 0x22, 0xA5, 0x00, 0x00, 0x36, 0xA5, 0x00, 0x00, 0x40, 0xA5, 0x00, 0x00, 0x4A, 0xA5, /* FE770 */
	0x54, 0xA5, 0x5E, 0xA5, 0x68, 0xA5, 0x86, 0xA5, 0x7C, 0xA5, 0x90, 0xA5, 0x9A, 0xA5, 0xA4, 0xA5, /* FE780 */
	0xAE, 0xA5, 0x72, 0xA5, 0x00, 0x00, 0x00, 0x00, 0x00, 0x00, 0x00, 0x00, 0xB8, 0xA5, 0xCA, 0xA5, /* FE790 */
	0xEC, 0xA5, 0xF0, 0xA5, 0xFA, 0xA5, 0x00, 0x00, 0x00, 0x00, 0x02, 0xA6, 0x06, 0xA6, 0x14, 0xA6, /* FE7A0 */
	0x1A, 0xA6, 0x34, 0xA6, 0x38, 0xA6, 0x00, 0x00, 0x3C, 0xA6, 0x58, 0xA6, 0x64, 0xA6, 0x76, 0xA6, /* FE7B0 */
	0x00, 0x00, 0x7A, 0xA6, 0x00, 0x00, 0x7E, 0xA6, 0x00, 0x00, 0x41, 0x42, 0x00, 0x11, 0x48, 0x4F, /* FE7C0 */
	0x52, 0x00, 0x05, 0x4A, 0x4E, 0x53, 0x00, 0x00, 0x00, 0x41, 0x43, 0x00, 0x05, 0x4B, 0x51, 0x00, /* FE7D0 */
	0x00, 0x00, 0x41, 0x44, 0x00, 0x05, 0x44, 0x48, 0x4D, 0x56, 0x00, 0x00, 0x00, 0x41, 0x00, 0x10, /* FE7E0 */
	0x48, 0x91, 0x00, 0x10, 0x85, 0x91, 0x00, 0x10, 0x94, 0x91, 0x00, 0x10, 0x98, 0x91, 0x00, 0x10, /* FE7F0 */
	0x43, 0x43, 0x00, 0x10, 0x4C, 0x4C, 0x00, 0x10, 0x50, 0x50, 0x00, 0x10, 0x46, 0x46, 0x00, 0x10, /* FE800 */
	0x47, 0x47, 0x00, 0x10, 0x52, 0x52, 0x00, 0x10, 0x54, 0x54, 0x00, 0x10, 0x53, 0x53, 0x00, 0x10, /* FE810 */
	0x44, 0x52, 0x00, 0x10, 0x44, 0x4A, 0x00, 0x10, 0x94, 0x98, 0x00, 0x11, 0x43, 0x48, 0x49, 0x00, /* FE820 */
	0x10, 0x53, 0x91, 0x00, 0x10, 0x53, 0xA7, 0x00, 0x11, 0x4E, 0x4E, 0xA2, 0x00, 0x11, 0x4E, 0x4E, /* FE830 */
	0x45, 0x00, 0x00, 0x41, 0x4E, 0x54, 0x49, 0x00, 0x09, 0x51, 0x47, 0x43, 0x00, 0x00, 0x00, 0x41, /* FE840 */
	0x55, 0x54, 0x4F, 0x00, 0x10, 0x8D, 0x91, 0x00, 0x00, 0x42, 0x45, 0x00, 0x43, 0x49, 0x52, 0x43, /* FE850 */
	0x55, 0x4D, 0x00, 0x00, 0xD6, 0xAA, 0x0C, 0xAC, 0x00, 0x00, 0x43, 0x4F, 0x4D, 0x00, 0x01, 0x94, /* FE860 */
	0x00, 0x00, 0x43, 0x4F, 0x4E, 0x00, 0x01, 0x86, 0x00, 0x10, 0x43, 0x4C, 0x00, 0x10, 0x54, 0x52, /* FE870 */
	0x00, 0x10, 0x85, 0x91, 0x00, 0x00, 0x1C, 0xAB, 0x00, 0x00, 0x43, 0x4F, 0x00, 0x01, 0x45, 0x00, /* FE880 */
	0x10, 0x52, 0x52, 0x00, 0x10, 0x4F, 0x50, 0x00, 0x10, 0x4F, 0x52, 0x00, 0x10, 0x48, 0x91, 0x00, /* FE890 */
	0x11, 0x41, 0x8D, 0x91, 0x00, 0x10, 0x4C, 0x4C, 0x00, 0x00, 0x43, 0x4F, 0x55, 0x4E, 0x54, 0x45, /* FE8A0 */
	0x52, 0x00, 0xAE, 0xAA, 0xB8, 0xAA, 0x00, 0x00, 0x44, 0x45, 0x00, 0x44, 0x45, 0x4C, 0x00, 0x09, /* FE8B0 */
	0x4C, 0x48, 0x91, 0x00, 0x00, 0x00, 0x72, 0xAA, 0x5E, 0xAA, 0x9A, 0xAA, 0xB8, 0xAA, 0x12, 0xAB, /* FE8C0 */
	0x34, 0xAC, 0x00, 0x00, 0x44, 0x49, 0x53, 0x00, 0x44, 0x49, 0x00, 0x01, 0x56, 0x00, 0x10, 0x52, /* FE8D0 */
	0x45, 0x00, 0x00, 0x45, 0x4D, 0x00, 0x45, 0x4E, 0x54, 0x45, 0x52, 0x00, 0x45, 0x4E, 0x00, 0x45, /* FE8E0 */
	0x58, 0x00, 0x45, 0x00, 0x10, 0x46, 0x46, 0x00, 0x10, 0x52, 0x91, 0x00, 0x10, 0x4C, 0x91, 0x00, /* FE8F0 */
	0x1D, 0x4E, 0x45, 0x52, 0x00, 0x10, 0x84, 0x91, 0x00, 0x10, 0x56, 0x41, 0x00, 0x10, 0x56, 0x4F, /* FE900 */
	0x00, 0x10, 0x56, 0x49, 0x00, 0x10, 0x53, 0x54, 0x00, 0x10, 0x53, 0x43, 0x00, 0x00, 0x46, 0x4F, /* FE910 */
	0x52, 0x00, 0x01, 0x47, 0x00, 0x01, 0x53, 0x00, 0x01, 0x42, 0x00, 0x00, 0x46, 0x4F, 0x52, 0x45, /* FE920 */
	0x00, 0x46, 0x49, 0x54, 0x5A, 0x00, 0x48, 0x00, 0x09, 0x4A, 0x59, 0x53, 0x57, 0x91, 0x00, 0x00, /* FE930 */
	0x00, 0x49, 0x4D, 0x00, 0x05, 0x42, 0x50, 0x4D, 0x00, 0x00, 0x00, 0x00, 0x5E, 0xAA, 0xC2, 0xAA, /* FE940 */
	0xB8, 0xAA, 0xAE, 0xAA, 0xD6, 0xAA, 0xEA, 0xAA, 0xF4, 0xAA, 0x58, 0xAB, 0x62, 0xAB, 0x0C, 0xAC, /* FE950 */
	0x16, 0xAC, 0x5C, 0xAC, 0x66, 0xAC, 0x00, 0x00, 0x49, 0x4E, 0x54, 0x45, 0x52, 0x00, 0x49, 0x4E, /* FE960 */
	0x54, 0x52, 0x4F, 0x00, 0xC2, 0xAA, 0xAE, 0xAA, 0xB8, 0xAA, 0xD6, 0xAA, 0xEA, 0xAA, 0xF4, 0xAA, /* FE970 */
	0x1C, 0xAB, 0x00, 0x00, 0x49, 0x4E, 0x00, 0x00, 0x34, 0xAC, 0x00, 0x00, 0x49, 0x52, 0x00, 0x01, /* FE980 */
	0x52, 0x00, 0x00, 0x00, 0x72, 0xAA, 0x5E, 0xAA, 0x62, 0xAB, 0xD6, 0xAA, 0x34, 0xAC, 0x00, 0x00, /* FE990 */
	0x4D, 0x41, 0x4C, 0x00, 0x72, 0xAA, 0x5E, 0xAA, 0xB8, 0xAA, 0xAE, 0xAA, 0x62, 0xAB, 0x8E, 0xAC, /* FE9A0 */
	0xD6, 0xAA, 0x16, 0xAC, 0x34, 0xAC, 0x00, 0x00, 0x4D, 0x49, 0x53, 0x00, 0x4D, 0x43, 0x00, 0x00, /* FE9B0 */
	0xB8, 0xAA, 0xAE, 0xAA, 0x62, 0xAB, 0x8E, 0xAC, 0xD6, 0xAA, 0x34, 0xAC, 0x00, 0x00, 0x4D, 0x49, /* FE9C0 */
	0x43, 0x52, 0x4F, 0x00, 0x4D, 0x55, 0x4C, 0x54, 0x49, 0x00, 0x1C, 0x50, 0x4C, 0x00, 0x00, 0x00, /* FE9D0 */
	0x4D, 0x41, 0x43, 0x00, 0x09, 0x52, 0x48, 0x4B, 0x45, 0x00, 0x00, 0x00, 0x4D, 0x4F, 0x4E, 0x54, /* FE9E0 */
	0x00, 0x00, 0x5E, 0xAA, 0xB8, 0xAA, 0xAE, 0xAA, 0xD6, 0xAA, 0x62, 0xAB, 0x34, 0xAC, 0x00, 0x00, /* FE9F0 */
	0x4E, 0x4F, 0x4E, 0x00, 0x4E, 0x45, 0x4F, 0x00, 0x4F, 0x40, 0x00, 0x4F, 0x42, 0x00, 0x01, 0x8D, /* FEA00 */
	0x00, 0x00, 0xB8, 0xAA, 0xAE, 0xAA, 0xD6, 0xAA, 0x62, 0xAB, 0x58, 0xAB, 0x00, 0x00, 0x4F, 0x56, /* FEA10 */
	0x45, 0x52, 0x00, 0x50, 0x45, 0x52, 0x00, 0x01, 0x8D, 0x00, 0x05, 0x41, 0x45, 0x4F, 0x00, 0x00, /* FEA20 */
	0x00, 0x00, 0x68, 0xAA, 0x72, 0xAA, 0x7C, 0xAA, 0x5E, 0xAA, 0xB8, 0xAA, 0xAE, 0xAA, 0xD6, 0xAA, /* FEA30 */
	0xEA, 0xAA, 0xF4, 0xAA, 0x58, 0xAB, 0x62, 0xAB, 0x9E, 0xAB, 0x16, 0xAC, 0x66, 0xAC, 0x00, 0x00, /* FEA40 */
	0x50, 0x52, 0x45, 0x00, 0x50, 0x52, 0x4F, 0x00, 0x50, 0x4F, 0x53, 0x54, 0x00, 0x50, 0x4F, 0x4C, /* FEA50 */
	0x59, 0x00, 0x68, 0xAA, 0x72, 0xAA, 0x7C, 0xAA, 0x5E, 0xAA, 0xB8, 0xAA, 0xAE, 0xAA, 0xD6, 0xAA, /* FEA60 */
	0xEA, 0xAA, 0xF4, 0xAA, 0x58, 0xAB, 0x62, 0xAB, 0xE4, 0xAB, 0x16, 0xAC, 0x66, 0xAC, 0x84, 0xAC, /* FEA70 */
	0x00, 0x00, 0x52, 0x45, 0x00, 0x10, 0x8D, 0x91, 0x00, 0x10, 0x8D, 0x52, 0x00, 0x10, 0x53, 0x8D, /* FEA80 */
	0x00, 0x10, 0x8D, 0x4C, 0x00, 0x11, 0x41, 0x8D, 0x8D, 0x00, 0x11, 0x41, 0x4C, 0x49, 0x00, 0x11, /* FEA90 */
	0x49, 0x84, 0x8D, 0x00, 0x05, 0x4F, 0x55, 0x00, 0x00, 0x00, 0xB8, 0xAA, 0xAE, 0xAA, 0x62, 0xAB, /* FEAA0 */
	0x58, 0xAB, 0x00, 0x00, 0x53, 0x55, 0x50, 0x45, 0x52, 0x00, 0x53, 0x45, 0x4D, 0x49, 0x00, 0x09, /* FEAB0 */
	0x4E, 0x00, 0x00, 0x00, 0x53, 0x54, 0x00, 0x09, 0x91, 0x52, 0x59, 0x00, 0x00, 0x00, 0x53, 0x55, /* FEAC0 */
	0x42, 0x00, 0x53, 0x55, 0x00, 0x10, 0x53, 0x8D, 0x00, 0x10, 0x52, 0x56, 0x00, 0x10, 0x52, 0x52, /* FEAD0 */
	0x00, 0x10, 0x47, 0x47, 0x00, 0x10, 0x43, 0x43, 0x00, 0x10, 0x50, 0x50, 0x00, 0x00, 0x54, 0x52, /* FEAE0 */
	0x41, 0x4E, 0x53, 0x00, 0x01, 0x8D, 0x00, 0x00, 0x55, 0x4E, 0x44, 0x45, 0x52, 0x00, 0x68, 0xAA, /* FEAF0 */
	0x72, 0xAA, 0x7C, 0xAA, 0x5E, 0xAA, 0x9A, 0xAA, 0xB8, 0xAA, 0xAE, 0xAA, 0xD6, 0xAA, 0xEA, 0xAA, /* FEB00 */
	0xF4, 0xAA, 0xFE, 0xAA, 0x12, 0xAB, 0x1C, 0xAB, 0x62, 0xAB, 0x58, 0xAB, 0xA8, 0xAB, 0xE4, 0xAB, /* FEB10 */
	0x0C, 0xAC, 0x16, 0xAC, 0x34, 0xAC, 0x66, 0xAC, 0x00, 0x00, 0x55, 0x4E, 0x00, 0x01, 0x8D, 0x00, /* FEB20 */
	0x11, 0x49, 0x84, 0x8D, 0x00, 0x09, 0x49, 0x00, 0x00, 0x00, 0x55, 0x50, 0x00, 0x01, 0x48, 0x00, /* FEB30 */
	0x00, 0x55, 0x4C, 0x54, 0x52, 0x41, 0x00, 0x56, 0x4F, 0x4E, 0x00, 0x09, 0x44, 0x4E, 0x00, 0x00, /* FEB40 */
	0x00, 0x56, 0x41, 0x4E, 0x00, 0x1C, 0x44, 0x45, 0x00, 0x09, 0x91, 0x00, 0x00, 0x00, 0xED, 0xA6, /* FEB50 */
	0xEF, 0xA6, 0x01, 0x00, 0x00, 0x00, 0xEA, 0x9B, 0xCA, 0xA6, 0xCD, 0xA6, 0x01, 0x00, 0x00, 0x00, /* FEB60 */
	0xEA, 0x9B, 0xD9, 0xA6, 0xDC, 0xA6, 0x01, 0x00, 0x00, 0x00, 0xEA, 0x9B, 0xE2, 0xA6, 0xE5, 0xA6, /* FEB70 */
	0x01, 0x00, 0x00, 0x00, 0xEA, 0x9B, 0x43, 0xA7, 0x48, 0xA7, 0x01, 0x00, 0x01, 0x00, 0x4C, 0xA8, /* FEB80 */
	0x4F, 0xA7, 0x54, 0xA7, 0x01, 0x00, 0x01, 0x00, 0xEA, 0x9B, 0x59, 0xA7, 0x2A, 0x9C, 0x01, 0x00, /* FEB90 */
	0x00, 0x00, 0xEA, 0x9B, 0x5C, 0xA7, 0xE8, 0x9B, 0x01, 0x00, 0x01, 0x00, 0xEA, 0x9B, 0x6A, 0xA7, /* FEBA0 */
	0x6E, 0xA7, 0x00, 0x00, 0x00, 0x00, 0x64, 0xA7, 0x72, 0xA7, 0x76, 0xA7, 0x01, 0x00, 0x00, 0x00, /* FEBB0 */
	0x64, 0xA7, 0x8A, 0xA7, 0x8D, 0xA7, 0x01, 0x00, 0x00, 0x00, 0x86, 0xA7, 0xAA, 0xA7, 0xE8, 0x9B, /* FEBC0 */
	0x01, 0x00, 0x01, 0x00, 0xA4, 0xA8, 0xB8, 0xA7, 0x2A, 0x9C, 0x01, 0x00, 0x00, 0x00, 0xB2, 0xA7, /* FEBD0 */
	0xBB, 0xA7, 0xBF, 0xA7, 0x01, 0x00, 0x00, 0x00, 0xB2, 0xA7, 0xD4, 0xA7, 0xE8, 0x9B, 0x01, 0x00, /* FEBE0 */
	0x00, 0x00, 0xC6, 0xA7, 0xD8, 0xA7, 0xDB, 0xA7, 0x00, 0x00, 0x00, 0x00, 0xEA, 0x9B, 0xE3, 0xA7, /* FEBF0 */
	0x6E, 0xA7, 0x01, 0x00, 0x00, 0x00, 0xEA, 0x9B, 0xE6, 0xA7, 0xE8, 0x9B, 0x00, 0x00, 0x01, 0x00, /* FEC00 */
	0xEA, 0x9B, 0xEC, 0xA7, 0x0E, 0xA9, 0x01, 0x00, 0x00, 0x00, 0xEA, 0x9B, 0xEF, 0xA7, 0xE8, 0x9B, /* FEC10 */
	0x01, 0x00, 0x00, 0x00, 0xEA, 0x9B, 0xF2, 0xA7, 0xF4, 0xA7, 0x01, 0x00, 0x00, 0x00, 0xEA, 0x9B, /* FEC20 */
	0x1E, 0xA8, 0x22, 0xA8, 0x01, 0x00, 0x00, 0x00, 0xEA, 0x9B, 0x31, 0xA8, 0x2A, 0x9C, 0x01, 0x00, /* FEC30 */
	0x00, 0x00, 0xEA, 0x9B, 0x2C, 0xA8, 0xEC, 0x9B, 0x01, 0x00, 0x00, 0x00, 0xEA, 0x9B, 0x36, 0xA8, /* FEC40 */
	0x38, 0xA8, 0x00, 0x00, 0x04, 0x00, 0xEA, 0x9B, 0x41, 0xA8, 0x44, 0xA8, 0x01, 0x00, 0x00, 0x00, /* FEC50 */
	0xEA, 0x9B, 0x84, 0xA8, 0xE8, 0x9B, 0x01, 0x00, 0x00, 0x00, 0x74, 0xA8, 0x68, 0xA8, 0xE8, 0x9B, /* FEC60 */
	0x01, 0x00, 0x01, 0x00, 0x4C, 0xA8, 0x6E, 0xA8, 0xE8, 0x9B, 0x00, 0x00, 0x01, 0x00, 0xEA, 0x9B, /* FEC70 */
	0x8C, 0xA8, 0x8F, 0xA8, 0x01, 0x00, 0x00, 0x00, 0x88, 0xA8, 0xA0, 0xA8, 0xE8, 0x9B, 0x01, 0x00, /* FEC80 */
	0x00, 0x00, 0x94, 0xA8, 0xBC, 0xA8, 0xE8, 0x9B, 0x01, 0x00, 0x00, 0x00, 0xEA, 0x9B, 0xCE, 0xA8, /* FEC90 */
	0xE8, 0x9B, 0x01, 0x00, 0x01, 0x00, 0xC0, 0xA8, 0xB8, 0xA8, 0xE8, 0x9B, 0x01, 0x00, 0x00, 0x00, /* FECA0 */
	0xA4, 0xA8, 0xD4, 0xA8, 0xDA, 0xA8, 0x01, 0x00, 0x01, 0x00, 0xEA, 0x9B, 0xE0, 0xA8, 0xE4, 0xA8, /* FECB0 */
	0x01, 0x00, 0x00, 0x00, 0xEA, 0x9B, 0xEC, 0xA8, 0x0E, 0xA9, 0x00, 0x00, 0x00, 0x00, 0xEA, 0x9B, /* FECC0 */
	0x04, 0xA9, 0x0E, 0xA9, 0x01, 0x00, 0x00, 0x00, 0xEA, 0x9B, 0x00, 0xA9, 0xE8, 0x9B, 0x01, 0x00, /* FECD0 */
	0x00, 0x00, 0xF2, 0xA8, 0x0B, 0xA9, 0x0E, 0xA9, 0x00, 0x00, 0x00, 0x00, 0xEA, 0x9B, 0x1E, 0xA9, /* FECE0 */
	0xE8, 0x9B, 0x01, 0x00, 0x01, 0x00, 0x12, 0xA9, 0x08, 0xA9, 0xE8, 0x9B, 0x01, 0x00, 0x00, 0x00, /* FECF0 */
	0xEA, 0x9B, 0x23, 0xA9, 0x27, 0xA9, 0x00, 0x00, 0x00, 0x00, 0xEA, 0x9B, 0x50, 0xA9, 0xEC, 0x9B, /* FED00 */
	0x01, 0x00, 0x00, 0x00, 0x32, 0xA9, 0x54, 0xA9, 0xEC, 0x9B, 0x01, 0x00, 0x00, 0x00, 0xEA, 0x9B, /* FED10 */
	0x58, 0xA9, 0x0E, 0xA9, 0x01, 0x00, 0x00, 0x00, 0xEA, 0x9B, 0x5D, 0xA9, 0xE8, 0x9B, 0x01, 0x00, /* FED20 */
	0x01, 0x00, 0xEA, 0x9B, 0x82, 0xA9, 0x85, 0xA9, 0x01, 0x00, 0x00, 0x00, 0x62, 0xA9, 0xBA, 0xA9, /* FED30 */
	0xBF, 0xA9, 0x01, 0x00, 0x01, 0x00, 0xEA, 0x9B, 0xC4, 0xA9, 0xC7, 0xA9, 0x01, 0x00, 0x00, 0x00, /* FED40 */
	0xEA, 0x9B, 0xB4, 0xA9, 0xE8, 0x9B, 0x01, 0x00, 0x01, 0x00, 0xAA, 0xA9, 0xCE, 0xA9, 0xE8, 0x9B, /* FED50 */
	0x01, 0x00, 0x00, 0x00, 0xEA, 0x9B, 0xD2, 0xA9, 0xD5, 0xA9, 0x00, 0x00, 0x00, 0x00, 0xEA, 0x9B, /* FED60 */
	0xEE, 0xA9, 0xF4, 0xA9, 0x01, 0x00, 0x00, 0x00, 0xEA, 0x9B, 0x2A, 0xAA, 0x2D, 0xAA, 0x01, 0x00, /* FED70 */
	0x00, 0x00, 0xFE, 0xA9, 0x3A, 0xAA, 0x3D, 0xAA, 0x01, 0x00, 0x00, 0x00, 0xEA, 0x9B, 0xF8, 0xA9, /* FED80 */
	0xE8, 0x9B, 0x01, 0x00, 0x01, 0x00, 0xEA, 0x9B, 0x41, 0xAA, 0xE8, 0x9B, 0x01, 0x00, 0x01, 0x00, /* FED90 */
	0x32, 0xA9, 0x51, 0xAA, 0x55, 0xAA, 0x01, 0x00, 0x00, 0x00, 0xEA, 0x9B, 0x47, 0xAA, 0x4B, 0xAA, /* FEDA0 */
	0x01, 0x00, 0x00, 0x00, 0xEA, 0x9B, 0x68, 0xAA, 0x72, 0xAA, 0x7C, 0xAA, 0x5E, 0xAA, 0x86, 0xAA, /* FEDB0 */
	0x90, 0xAA, 0x00, 0x00, 0x9A, 0xAA, 0x00, 0x00, 0xA4, 0xAA, 0xAE, 0xAA, 0xB8, 0xAA, 0xC2, 0xAA, /* FEDC0 */
	0xCC, 0xAA, 0x00, 0x00, 0xE0, 0xAA, 0xD6, 0xAA, 0xEA, 0xAA, 0xF4, 0xAA, 0x00, 0x00, 0x08, 0xAB, /* FEDD0 */
	0x12, 0xAB, 0xFE, 0xAA, 0x1C, 0xAB, 0x26, 0xAB, 0x00, 0x00, 0x30, 0xAB, 0x44, 0xAB, 0x3A, 0xAB, /* FEDE0 */
	0x00, 0x00, 0x4E, 0xAB, 0x00, 0x00, 0x58, 0xAB, 0x6C, 0xAB, 0x76, 0xAB, 0x62, 0xAB, 0x80, 0xAB, /* FEDF0 */
	0x00, 0x00, 0x8A, 0xAB, 0xA8, 0xAB, 0x94, 0xAB, 0x9E, 0xAB, 0xB2, 0xAB, 0xBC, 0xAB, 0xC6, 0xAB, /* FEE00 */
	0x00, 0x00, 0xDA, 0xAB, 0xD0, 0xAB, 0x00, 0x00, 0xE4, 0xAB, 0xEE, 0xAB, 0xF8, 0xAB, 0x00, 0x00, /* FEE10 */
	0x02, 0xAC, 0x0C, 0xAC, 0x16, 0xAC, 0x20, 0xAC, 0x2A, 0xAC, 0x00, 0x00, 0x34, 0xAC, 0x00, 0x00, /* FEE20 */
	0x3E, 0xAC, 0x52, 0xAC, 0x48, 0xAC, 0x5C, 0xAC, 0x66, 0xAC, 0x00, 0x00, 0x70, 0xAC, 0x00, 0x00, /* FEE30 */
	0x8E, 0xAC, 0x7A, 0xAC, 0x84, 0xAC, 0x98, 0xAC, 0x00, 0x00, 0xA2, 0xAC, 0xAC, 0xAC, 0x00, 0x00, /* FEE40 */
	0xB6, 0xAC, 0xC4, 0xAC, 0xC8, 0xAC, 0xD4, 0xAC, 0xDE, 0xAC, 0xEA, 0xAC, 0x00, 0x00, 0xF2, 0xAC, /* FEE50 */
	0xF6, 0xAC, 0x00, 0x00, 0x00, 0x00, 0x00, 0x00, 0x02, 0xAD, 0x12, 0xAD, 0x18, 0xAD, 0x20, 0xAD, /* FEE60 */
	0x00, 0x00, 0x2C, 0xAD, 0x30, 0xAD, 0x3C, 0xAD, 0x40, 0xAD, 0x4A, 0xAD, 0x00, 0x00, 0x00, 0x00, /* FEE70 */
	0x00, 0x00, 0x00, 0x00, 0x0A, 0x00, 0x00, 0x00, 0x00, 0x00, 0x00, 0x00, 0x00, 0x00, 0x00, 0x00, /* FEE80 */
	0x00, 0x00, 0x00, 0x00, 0x00, 0x00, 0x00, 0x12, 0x17, 0x00, 0x00, 0x00, 0x00, 0x00, 0x00, 0x00, /* FEE90 */
	0x00, 0x00, 0x00, 0x00, 0x0C, 0x13, 0x08, 0x07, 0x07, 0x0F, 0x0A, 0x08, 0x08, 0x15, 0x07, 0x08, /* FEEA0 */
	0x08, 0x07, 0x06, 0x16, 0x09, 0x00, 0x08, 0x0D, 0x07, 0x17, 0x07, 0x08, 0x07, 0x08, 0x09, 0x00, /* FEEB0 */
	0x00, 0x00, 0x00, 0x00, 0x00, 0x13, 0x10, 0x17, 0x07, 0x0F, 0x18, 0x15, 0x07, 0x0D, 0x09, 0x18, /* FEEC0 */
	0x11, 0x11, 0x11, 0x12, 0x07, 0x07, 0x12, 0x0A, 0x03, 0x10, 0x0E, 0x18, 0x07, 0x1C, 0x08, 0x00, /* FEED0 */
	0x0B, 0x00, 0x09, 0x00, 0x64, 0xAD, 0x0A, 0x00, 0x00, 0x00, 0x00, 0x00, 0x00, 0x00, 0x00, 0x00, /* FEEE0 */
	0x00, 0x00, 0x00, 0x00, 0x00, 0x00, 0x00, 0x00, 0x00, 0x08, 0x0A, 0x00, 0x00, 0x00, 0x00, 0x00, /* FEEF0 */
	0x00, 0x00, 0x00, 0x00, 0x00, 0x00, 0x05, 0x0A, 0x06, 0x05, 0x05, 0x05, 0x08, 0x06, 0x02, 0x0F, /* FEF00 */
	0x05, 0x06, 0x04, 0x06, 0x05, 0x08, 0x05, 0x00, 0x03, 0x0A, 0x05, 0x0F, 0x04, 0x06, 0x06, 0x04, /* FEF10 */
	0x05, 0x00, 0x00, 0x00, 0x00, 0x00, 0x00, 0x08, 0x07, 0x0B, 0x02, 0x07, 0x0A, 0x0D, 0x06, 0x04, /* FEF20 */
	0x07, 0x0D, 0x0B, 0x0B, 0x0A, 0x0A, 0x07, 0x05, 0x0C, 0x08, 0x03, 0x06, 0x05, 0x0A, 0x03, 0x0F, /* FEF30 */
	0x04, 0x00, 0x05, 0x00, 0x06, 0x00, 0xC6, 0xAD, 0x07, 0x00, 0x00, 0x00, 0x00, 0x00, 0x00, 0x00, /* FEF40 */
	0x00, 0x00, 0x00, 0x00, 0x00, 0x00, 0x00, 0x00, 0x00, 0x00, 0x00, 0x00, 0x00, 0x00, 0x00, 0x00, /* FEF50 */
	0x00, 0x00, 0x00, 0x00, 0x00, 0x00, 0x00, 0x00, 0x00, 0x00, 0x01, 0x04, 0x03, 0x00, 0x01, 0x06, /* FEF60 */
	0x07, 0x00, 0x04, 0x06, 0x00, 0x01, 0x03, 0x00, 0x01, 0x07, 0x00, 0x03, 0x03, 0x00, 0x01, 0x00, /* FEF70 */
	0x02, 0x00, 0x03, 0x00, 0x00, 0x00, 0x00, 0x00, 0x00, 0x00, 0x00, 0x00, 0x07, 0x00, 0x00, 0x00, /* FEF80 */
	0x00, 0x00, 0x00, 0x00, 0x03, 0x01, 0x03, 0x00, 0x00, 0x03, 0x00, 0x04, 0x03, 0x00, 0x00, 0x00, /* FEF90 */
	0x02, 0x00, 0x04, 0x00, 0x00, 0x00, 0x06, 0x00, 0x28, 0xAE, /* FEFA0 */
};

const uint16_t prose_rom_lane_sums[6] = {0xCEEF, 0x88A8, 0x68DB, 0x1EA4, 0xE00B, 0xAA75};

const uint16_t prose_dsp_data_rom[512] = {
	0x0000, 0x0000, 0x7FF8, 0x7FF8, 0x7FF8, 0x7FE8, 0x7FD8, 0x7FC0, /* 000 */
	0x7FA8, 0x7F88, 0x7F60, 0x7F38, 0x7F08, 0x7ED8, 0x7EA0, 0x7E60, /* 008 */
	0x7E20, 0x7DD8, 0x7D88, 0x7D38, 0x7CE0, 0x7C88, 0x7C28, 0x7BC8, /* 010 */
	0x7B60, 0x7AF0, 0x7A80, 0x7A08, 0x7988, 0x7908, 0x7888, 0x77F8, /* 018 */
	0x7770, 0x76D8, 0x7640, 0x75A8, 0x7508, 0x7460, 0x73B8, 0x7308, /* 020 */
	0x7258, 0x71A0, 0x70E0, 0x7020, 0x6F60, 0x6E98, 0x6DC8, 0x6CF8, /* 028 */
	0x6C28, 0x6B48, 0x6A70, 0x6990, 0x68A8, 0x67C0, 0x66D0, 0x65E0, /* 030 */
	0x64E8, 0x63F0, 0x62F0, 0x61F0, 0x60F0, 0x5FE0, 0x5ED8, 0x5DC8, /* 038 */
	0x5C68, 0x5BA0, 0x5A80, 0x5968, 0x5840, 0x5720, 0x55F8, 0x54C8, /* 040 */
	0x5398, 0x5268, 0x5130, 0x4FF8, 0x4EC0, 0x4D80, 0x4C40, 0x4AF8, /* 048 */
	0x49B8, 0x4868, 0x4720, 0x45D0, 0x4478, 0x4328, 0x41D0, 0x4070, /* 050 */
	0x3F18, 0x3D68, 0x3C58, 0x3AF0, 0x3990, 0x3828, 0x36B8, 0x3550, /* 058 */
	0x33E0, 0x3270, 0x30F8, 0x2F88, 0x2E10, 0x2C98, 0x2B20, 0x29A0, /* 060 */
	0x2828, 0x26A8, 0x2528, 0x23A8, 0x2220, 0x20A0, 0x1F18, 0x1D90, /* 068 */
	0x1C08, 0x1A80, 0x18F8, 0x1760, 0x15E0, 0x1458, 0x12C8, 0x1138, /* 070 */
	0x0FA8, 0x0E18, 0x0C88, 0x0AF8, 0x0968, 0x07D8, 0x0648, 0x04B8, /* 078 */
	0x0328, 0x0190, 0x0000, 0xFE70, 0xFCD8, 0xFB48, 0xF9B8, 0xF828, /* 080 */
	0xF698, 0xF508, 0xF378, 0xF1E8, 0xF058, 0xEEC8, 0xED38, 0xEBA8, /* 088 */
	0xEA20, 0xE890, 0xE708, 0xE580, 0xE3F8, 0xE270, 0xE0E8, 0xDF60, /* 090 */
	0xDDE0, 0xDC58, 0xDAD8, 0xD958, 0xD7D8, 0xD660, 0xD4E0, 0xD368, /* 098 */
	0xD1F0, 0xD078, 0xCF08, 0xCD90, 0xCC20, 0xCAB0, 0xC948, 0xC7D8, /* 0A0 */
	0xC670, 0xC510, 0xC3A8, 0xC248, 0xC0E8, 0xBF90, 0xBE30, 0xBCD8, /* 0A8 */
	0xBB88, 0xBA30, 0xB8E0, 0xB798, 0xB648, 0xB508, 0xB3C0, 0xB280, /* 0B0 */
	0xB140, 0xB008, 0xAED0, 0xAD98, 0xAC68, 0xAB38, 0xAA08, 0xA8E0, /* 0B8 */
	0xA7C0, 0xA698, 0xA580, 0xA460, 0xA348, 0xA238, 0xA128, 0xA020, /* 0C0 */
	0x9F10, 0x9E10, 0x9D10, 0x9C10, 0x9B18, 0x9A20, 0x9930, 0x9840, /* 0C8 */
	0x9758, 0x9670, 0x9590, 0x94B8, 0x93D8, 0x9308, 0x9238, 0x9168, /* 0D0 */
	0x90A0, 0x8FE0, 0x8F20, 0x8E60, 0x8DA8, 0x8CF8, 0x8C48, 0x8BA0, /* 0D8 */
	0x8AF8, 0x8A58, 0x89C0, 0x8928, 0x8890, 0x8808, 0x8778, 0x86F8, /* 0E0 */
	0x8678, 0x85F8, 0x8580, 0x8510, 0x84A0, 0x8438, 0x83D8, 0x8378, /* 0E8 */
	0x8320, 0x82C8, 0x8278, 0x8228, 0x81E0, 0x81A0, 0x8160, 0x8128, /* 0F0 */
	0x80F8, 0x80C8, 0x80A0, 0x8078, 0x8058, 0x8040, 0x8028, 0x8018, /* 0F8 */
	0x8008, 0x8008, 0x8008, 0x4008, 0x4010, 0x4020, 0x4030, 0x4050, /* 100 */
	0x4088, 0x40E0, 0x4170, 0x4258, 0x43E0, 0x4660, 0x4A80, 0x5150, /* 108 */
	0x5C90, 0x6F18, 0x0088, 0x00C0, 0x0118, 0x0198, 0x0280, 0x03F0, /* 110 */
	0x0658, 0x0A48, 0x10D0, 0x1B90, 0x2D40, 0x4A78, 0x7A98, 0x0000, /* 118 */
	0x0090, 0x0088, 0x0100, 0x00A8, 0x03F8, 0x03F0, 0x03E8, 0x00B0, /* 120 */
	0x02F8, 0x02F0, 0x00B8, 0x02E0, 0x0130, 0x02D0, 0x01B0, 0x02C0, /* 128 */
	0x02B8, 0x02B0, 0x02A8, 0x02A0, 0x0298, 0x0290, 0x0288, 0x0280, /* 130 */
	0x00A0, 0x0098, 0x0268, 0x0260, 0x0128, 0x0120, 0x01A8, 0x01A0, /* 138 */
	0x0238, 0x0230, 0x0228, 0x0220, 0x0218, 0x0210, 0xFE68, 0xFE90, /* 140 */
	0xFEB8, 0xFEE0, 0xFF00, 0xFF18, 0xFF30, 0xFF48, 0xFF60, 0xFF70, /* 148 */
	0xFF80, 0xFF90, 0xFF98, 0xFFA0, 0xFFB0, 0xFFB8, 0x0000, 0x0000, /* 150 */
	0x0000, 0x0000, 0x0000, 0x0000, 0x0000, 0x0000, 0x0000, 0x0000, /* 158 */
	0x0000, 0x0000, 0x0000, 0x0000, 0x0000, 0x0000, 0x0000, 0x0000, /* 160 */
	0x0000, 0x0000, 0x0000, 0x0000, 0x0000, 0x0000, 0x0000, 0x0000, /* 168 */
	0x0000, 0x0000, 0x0000, 0x0000, 0x0000, 0x0000, 0x0000, 0x0000, /* 170 */
	0x0000, 0x0000, 0x0000, 0x0000, 0x0000, 0x0000, 0x0000, 0x0000, /* 178 */
	0x0000, 0x0000, 0x0000, 0x0000, 0x0000, 0x0000, 0x0000, 0x0000, /* 180 */
	0x0000, 0x0000, 0x0000, 0x0000, 0x0000, 0x0000, 0x0000, 0x0000, /* 188 */
	0x0000, 0x0000, 0x0000, 0x0000, 0x0000, 0x0000, 0x0000, 0x0000, /* 190 */
	0x0000, 0x0000, 0x0000, 0x0000, 0x0000, 0x0000, 0x0000, 0x0000, /* 198 */
	0x0000, 0x0000, 0x0000, 0x0000, 0x0000, 0x0000, 0x0000, 0x0000, /* 1A0 */
	0x0000, 0x0000, 0x0000, 0x0000, 0x0000, 0x0000, 0x0000, 0x0000, /* 1A8 */
	0x0000, 0x0000, 0x0000, 0x0000, 0x0000, 0x0000, 0x0000, 0x0000, /* 1B0 */
	0x0000, 0x0000, 0x0000, 0x0000, 0x0000, 0x0000, 0x0000, 0x0000, /* 1B8 */
	0x0000, 0x0000, 0x0000, 0x0000, 0x0000, 0x0000, 0x0000, 0x0000, /* 1C0 */
	0x0000, 0x0000, 0x0000, 0x0000, 0x0000, 0x0000, 0x0000, 0x0000, /* 1C8 */
	0x0000, 0x0000, 0x0000, 0x0000, 0x0000, 0x0000, 0x0000, 0x0000, /* 1D0 */
	0x0000, 0x0000, 0x0000, 0x0000, 0x0000, 0x0000, 0x0000, 0x0000, /* 1D8 */
	0x0000, 0x0000, 0x0000, 0x0000, 0x0000, 0x0000, 0x0000, 0x0000, /* 1E0 */
	0x0000, 0x0000, 0x0000, 0x0000, 0x0000, 0x0000, 0x0000, 0x0000, /* 1E8 */
	0x0000, 0x0000, 0x0000, 0x0000, 0x0000, 0x0000, 0x0000, 0x0000, /* 1F0 */
	0x0000, 0x0000, 0x0000, 0x0000, 0x0000, 0x0000, 0x0000, 0x3120, /* 1F8 */
};
